{"type":"FeatureCollection","name":"Roads 001 ","crs":{"type":"name","properties":{"name":"urn:ogc:def:crs:OGC:1.3:CRS84"}},"features":[{"type":"Feature","properties":{"full_id":"r1471018","osm_id":"1471018","osm_type":"relation","official_name":null,"via":null,"public_transport:version":null,"length":null,"road_marking":null,"lane_markings":null,"highway":null,"operator":null,"wikipedia:en":null,"to":null,"source_ref":null,"name:ml":null,"from":null,"alt_name:ml":null,"wikipedia":"en:State Highway 2 (Kerala)","wikidata":"Q7603283","type":"route","short_name":null,"route":"road","ref":"SH2","network":"IN:SH:KL","name":"Kerala State Highway 2","distance":null,"alt_name":null},"geometry":{"type":"MultiLineString","coordinates":[[[76.96028,8.5041642],[76.9601377,8.5039762],[76.9600565,8.5038423],[76.9600114,8.5037241],[76.9598704,8.5031878],[76.959849,8.5031062],[76.9597899,8.5028942],[76.9596742,8.5024658],[76.9596122,8.5022362],[76.959601,8.5021991],[76.9595624,8.5020709],[76.9595348,8.5019791]],[[76.9607213,8.5047142],[76.9604332,8.5043554],[76.96028,8.5041642]],[[76.9623572,8.5089068],[76.9622549,8.5083534],[76.9622394,8.5082866],[76.9622295,8.5082439],[76.962205,8.5081224],[76.9620865,8.5075113],[76.962019,8.5072064],[76.961985,8.50705],[76.9619681,8.5069768],[76.9619195,8.5067667],[76.9618767,8.5066262],[76.9618158,8.5064567],[76.9618047,8.5064345],[76.9617181,8.5062618],[76.9616917,8.5062091],[76.9615339,8.5059035],[76.9613832,8.5056434],[76.9613462,8.5055875],[76.9612897,8.5055021],[76.9612774,8.5054836],[76.9612345,8.5054187],[76.9612113,8.5053837],[76.961104,8.5052371],[76.9607213,8.5047142]],[[76.9625494,8.5098325],[76.962436,8.5093565],[76.9623572,8.5089068]],[[76.9625452,8.5106858],[76.9625691,8.5105187],[76.9625812,8.5102648],[76.9625872,8.5101216],[76.9625804,8.5100123],[76.9625494,8.5098325]],[[76.9625044,8.511405],[76.9625115,8.5111244],[76.9625156,8.511021],[76.9625452,8.5106858]],[[76.9625044,8.511405],[76.9624782,8.5113813],[76.9624477,8.5113633],[76.9624141,8.5113519],[76.9623789,8.5113476],[76.9623435,8.5113504],[76.9623094,8.5113604]],[[76.9623094,8.5113604],[76.9623031,8.5113631]],[[76.9623031,8.5113631],[76.9622609,8.5113902],[76.9622284,8.5114282],[76.9622084,8.5114739],[76.9622025,8.5115233]],[[76.9622025,8.5115233],[76.9622087,8.511564],[76.9622245,8.511602],[76.9622491,8.5116352]],[[76.9622491,8.5116352],[76.9622752,8.5117793],[76.9622715,8.5118301],[76.9622608,8.5118761],[76.9622015,8.5121453],[76.9621406,8.5123252],[76.962019,8.5126845],[76.9618218,8.5132676]],[[76.9618218,8.5132676],[76.9616824,8.5136991],[76.9616406,8.5138484],[76.9615804,8.5140126],[76.9615215,8.5141682],[76.9614467,8.5143137],[76.9606802,8.5155167],[76.9606613,8.5155464],[76.9605931,8.5156762],[76.9605763,8.5157673],[76.9605704,8.5158522],[76.9605731,8.5160601],[76.9605802,8.5166197],[76.9605838,8.5168578],[76.9606266,8.5186512],[76.9606572,8.5193325]],[[76.9606572,8.5193325],[76.9607151,8.5205724],[76.960731,8.5210919],[76.9607382,8.5213275],[76.9607545,8.5218576]],[[76.9607545,8.5218576],[76.9606482,8.5221975]],[[76.9606482,8.5221975],[76.9605732,8.5224761],[76.9605666,8.5226183],[76.960578,8.5227489],[76.9606717,8.5230567]],[[76.9606717,8.5230567],[76.960763,8.5232358],[76.960824,8.523772],[76.9609701,8.5242675],[76.9611342,8.524763],[76.9611762,8.524932],[76.9611702,8.525122],[76.9611384,8.5253153],[76.9611021,8.5254541],[76.9610724,8.5255449],[76.9609744,8.5257843],[76.9608596,8.5260359],[76.9606437,8.5264374],[76.9606167,8.5265054],[76.9605415,8.5266533],[76.9605138,8.5267117],[76.9603387,8.5270458],[76.9602622,8.5272084],[76.9602269,8.5273106],[76.9601981,8.527447],[76.9601789,8.5275823],[76.9601763,8.5276962],[76.9601741,8.5277931],[76.9601897,8.5279983],[76.9602291,8.5282245],[76.960295,8.5284054],[76.960412,8.5286789],[76.9605534,8.5291288],[76.9605809,8.5292072],[76.9606202,8.5293102],[76.9606438,8.5293666],[76.9607429,8.5295629],[76.9609358,8.5298718],[76.9610059,8.5300035],[76.9611125,8.5302035],[76.9611217,8.5302285],[76.9611846,8.5303845],[76.9612234,8.5305404],[76.9612723,8.5306979],[76.9612984,8.5309043],[76.9613324,8.5310214],[76.9613425,8.5310563],[76.961405,8.5311931],[76.9616125,8.5315575]],[[76.9616125,8.5315575],[76.9616716,8.5316662]],[[76.9616716,8.5316662],[76.9618449,8.5319115]],[[76.9618449,8.5319115],[76.961982,8.5320875],[76.962122,8.5322812],[76.962222,8.5324115],[76.962231,8.5324358],[76.9623222,8.5325421],[76.962414,8.5326465],[76.9626769,8.5328855],[76.9629113,8.5331049],[76.9630163,8.5332148],[76.9631107,8.5333526],[76.9631991,8.5335289],[76.9632816,8.5336127],[76.9633885,8.5337499],[76.9635936,8.5340736],[76.9636624,8.5341633],[76.963761,8.5342498],[76.963962,8.5344006],[76.9640028,8.5344312],[76.9641005,8.5345164],[76.9642019,8.5346511],[76.9642447,8.5347146],[76.9645338,8.5351435],[76.9647134,8.5353933],[76.9648165,8.5355469],[76.9648893,8.5356646],[76.9649435,8.5357874],[76.9649693,8.5359344],[76.9649724,8.5360012],[76.9649881,8.53623],[76.965004,8.5364659],[76.9650047,8.5365562],[76.9650228,8.5367549],[76.9650467,8.5368853],[76.9650795,8.536989],[76.9651201,8.5370661],[76.965209,8.5371355],[76.9653031,8.5371689],[76.9653139,8.5371728],[76.9654422,8.5371846],[76.9655488,8.5371752],[76.9657167,8.5371417],[76.9659805,8.5370724],[76.9662122,8.5370602]],[[76.9662122,8.5370602],[76.9662958,8.5370739],[76.9663608,8.5371094],[76.9664059,8.5371587],[76.9664462,8.5372013],[76.9664988,8.5372894],[76.9665126,8.537363],[76.9665291,8.5374572],[76.9665373,8.5375039],[76.9665413,8.5375173],[76.9665749,8.5375649],[76.9666158,8.537598]],[[76.9666158,8.537598],[76.9666691,8.5376247],[76.9668806,8.5376733],[76.9669843,8.5377061],[76.9670518,8.5377284],[76.9671344,8.5377795],[76.9672167,8.5378391],[76.9673029,8.5379114],[76.9674321,8.5381059],[76.9675569,8.5383955],[76.9676021,8.5385445],[76.9677328,8.5388757],[76.9677896,8.5390291],[76.9678451,8.5391397],[76.9679417,8.5392545],[76.9680495,8.5393385],[76.9682703,8.539495],[76.9684741,8.5395879],[76.9685854,8.5396555],[76.9688786,8.5397839],[76.9690411,8.5398994],[76.969169,8.5399941],[76.9692213,8.5400373],[76.9692871,8.5401179],[76.9693945,8.540266],[76.9695626,8.5405552],[76.9697013,8.5407992],[76.9697954,8.5409225],[76.9698732,8.5410282],[76.9699838,8.5411418],[76.9701512,8.5412933],[76.9701807,8.5413211],[76.9703495,8.5415047],[76.9704495,8.5416275],[76.9705801,8.541805],[76.9707321,8.5420353],[76.9709168,8.5423375],[76.9711384,8.5426916],[76.9716286,8.5434283],[76.9718416,8.5437078],[76.9719578,8.5438655],[76.9720116,8.5439317],[76.9722122,8.5442589],[76.9724317,8.5446497],[76.9725053,8.5447699],[76.972535,8.5448175],[76.9726494,8.5449891],[76.9728032,8.5451938],[76.972915,8.5453345],[76.9731645,8.5457171],[76.9732176,8.5458028],[76.9734252,8.5461376],[76.9736311,8.5464834],[76.973988,8.5471096],[76.9740373,8.54719]],[[76.9740373,8.54719],[76.9740772,8.5473504],[76.9741014,8.5474736],[76.9740906,8.547634],[76.9740212,8.5479717],[76.9739827,8.5481619],[76.9739338,8.5483841],[76.9739078,8.548552],[76.9738864,8.5486603],[76.9738647,8.5487652],[76.9738184,8.5489404],[76.9737711,8.549016],[76.9737246,8.5490872],[76.9736277,8.5492072],[76.9735425,8.5493305],[76.9734859,8.5494157],[76.9734367,8.5495358],[76.973402,8.5496169],[76.9733616,8.5498477],[76.973356,8.5499413],[76.9733614,8.5502036],[76.9734367,8.550369],[76.9734827,8.5504836],[76.9738487,8.5508962],[76.9738975,8.5509523]],[[76.9738975,8.5509523],[76.9739888,8.5510288]],[[76.9739888,8.5510288],[76.9740986,8.5511227]],[[76.9740986,8.5511227],[76.9742692,8.5512654]],[[76.9742692,8.5512654],[76.9744541,8.5514269],[76.9745643,8.5515051],[76.9747031,8.5516],[76.9747842,8.5516497],[76.9748407,8.551686],[76.9749245,8.5517275],[76.9752969,8.5518568],[76.9754918,8.5519316],[76.9756828,8.5520327],[76.9758161,8.5521177],[76.9758834,8.5521862],[76.9759159,8.5522227],[76.9759486,8.5522751],[76.9759904,8.5523685],[76.9760859,8.5525418],[76.9761388,8.5527286],[76.976187,8.552892],[76.9761859,8.5530198],[76.9761491,8.5532373],[76.9761394,8.5533214],[76.9761401,8.5534403],[76.9761401,8.5536313],[76.9761892,8.5540184],[76.9762164,8.5541511],[76.9762567,8.5542668],[76.9762934,8.5543497],[76.9763521,8.55441]],[[76.9763521,8.55441],[76.9763834,8.5544465]],[[76.9763834,8.5544465],[76.9764184,8.5544684]],[[76.9764184,8.5544684],[76.9764456,8.5544891]],[[76.9764456,8.5544891],[76.9765128,8.5545238],[76.9766643,8.55462],[76.9769111,8.5547812],[76.9771799,8.5549774],[76.9773166,8.5550725],[76.9773788,8.5551365],[76.9774243,8.5552053],[76.9774487,8.5552586],[76.9774519,8.5553153],[76.9774198,8.5554289],[76.9773473,8.5556614],[76.9772628,8.5559689],[76.9772625,8.5560145],[76.977262,8.5561162],[76.977279,8.5562362],[76.9773165,8.5563259],[76.9773547,8.5564125],[76.977396,8.5564906],[76.9774541,8.556618],[76.9775984,8.5568058],[76.9781455,8.5575431],[76.978335,8.5578589],[76.9783737,8.5579451],[76.9784165,8.5581253],[76.9784308,8.5582559],[76.9784154,8.5583732],[76.9783641,8.5585098],[76.9783094,8.5586121],[76.978245,8.5586967],[76.9782143,8.5587516],[76.9781459,8.5589565],[76.9781442,8.5591043],[76.9781655,8.5591814],[76.9783055,8.5593269],[76.9783882,8.5594029],[76.9784598,8.5594586],[76.9785423,8.5595221],[76.9786126,8.5595857],[76.9786598,8.559682],[76.9787947,8.5600126],[76.9788823,8.5602042],[76.9790021,8.5603017],[76.9791144,8.5603782],[76.9792738,8.5604869],[76.9793708,8.560543],[76.9794107,8.5605661],[76.9797169,8.5607548]],[[76.9797169,8.5607548],[76.9797771,8.5607855]],[[76.9797771,8.5607855],[76.9798653,8.5608144],[76.9799854,8.5608207],[76.9804516,8.5607064],[76.9807051,8.560737],[76.9807766,8.5607456],[76.9809527,8.5608879],[76.9814408,8.5613708],[76.9821166,8.5618575],[76.9822546,8.5619058],[76.982329,8.561931],[76.9823957,8.5619542]],[[76.9823957,8.5619542],[76.9824122,8.5619593]],[[76.9824122,8.5619593],[76.9824298,8.5619638],[76.9828488,8.5620708],[76.9831642,8.5621575],[76.9833862,8.5621951],[76.9838332,8.5622119],[76.9840872,8.5622358],[76.9845794,8.5623388],[76.9847577,8.5624032],[76.9848751,8.5624824],[76.9849927,8.5625975],[76.9851018,8.5627419],[76.9852024,8.5629847],[76.985453,8.5635891]],[[76.985453,8.5635891],[76.9855728,8.5638934]],[[76.9855728,8.5638934],[76.9856093,8.5640051],[76.9856174,8.5641213],[76.9856204,8.5642078],[76.9855871,8.5643641]],[[76.9855871,8.5643641],[76.9855287,8.5646018],[76.9854276,8.5650328],[76.9853471,8.565267],[76.9852731,8.5654367],[76.9851556,8.5656055],[76.9848849,8.565926],[76.9846917,8.5661548],[76.9846232,8.5663072],[76.9845983,8.5663913],[76.9845763,8.5664811],[76.9845716,8.5665739],[76.9845829,8.56669],[76.9846365,8.5668584],[76.9847109,8.5670461],[76.9847772,8.5673076],[76.9848442,8.5675565],[76.9848852,8.567784],[76.9850578,8.5683589],[76.9851726,8.5685524],[76.9854235,8.5689306],[76.9855936,8.5690546],[76.9857441,8.5691464],[76.9859262,8.5692778],[76.9859875,8.5693522],[76.9860983,8.5694867],[76.9862928,8.5697086],[76.986454,8.5698877],[76.986943,8.5704166],[76.9871481,8.5706547],[76.9872571,8.5707115],[76.9873551,8.5707279],[76.9874668,8.5707154],[76.9877794,8.5706002],[76.988506,8.5703211],[76.9886821,8.5702535],[76.9890823,8.569991],[76.9892658,8.5698794],[76.9896997,8.5696992]],[[76.9896997,8.5696992],[76.9897451,8.5696803],[76.9899381,8.5695973],[76.9900437,8.5695741],[76.9901099,8.5695593],[76.9904045,8.5696469],[76.9905442,8.5697262],[76.9907147,8.5698356],[76.9908815,8.5699445],[76.9909316,8.5699795],[76.9910435,8.5700078],[76.991157,8.5700329],[76.9915328,8.5700994],[76.9918618,8.5701777],[76.9920592,8.5702144],[76.992279,8.5703263],[76.9924114,8.5704748],[76.992527,8.5706431],[76.9927137,8.5707868],[76.992811,8.5709766]],[[76.992811,8.5709766],[76.9929249,8.5714077],[76.992988,8.5716328],[76.9930465,8.5717974],[76.9931088,8.5719729],[76.9931695,8.5721334],[76.9932418,8.5722264],[76.9932892,8.572249],[76.9933368,8.5722543],[76.9934017,8.572243],[76.9935393,8.5722265],[76.9937783,8.5721706],[76.9940402,8.5721038],[76.9942152,8.5721027],[76.9943312,8.5721055],[76.9944725,8.5721242],[76.994631,8.5721503],[76.9947595,8.5722028],[76.9948437,8.5722557],[76.9948962,8.5723019],[76.9949408,8.5724179],[76.9950069,8.5725977],[76.9950674,8.572761],[76.9951065,8.5728454],[76.9951672,8.5729092],[76.9952635,8.5729817],[76.9953546,8.5730321],[76.995441,8.5730702],[76.9955682,8.5731074],[76.9957351,8.573144],[76.9958691,8.57324],[76.9959078,8.5732658],[76.9959398,8.5732875],[76.9960328,8.5733507],[76.9961009,8.5733922],[76.9961912,8.573429],[76.9963422,8.5734992],[76.996486,8.5735512],[76.9965343,8.573588],[76.9965875,8.5737019],[76.9966094,8.5738549],[76.9966329,8.5740236],[76.9966902,8.574346],[76.9967277,8.5744543],[76.9967165,8.5746083],[76.9967063,8.5747116],[76.9966805,8.5748473],[76.9966436,8.5750041],[76.9965849,8.5750839],[76.9965206,8.5751585],[76.996443,8.5752083],[76.996353,8.5752402],[76.9960005,8.5753159],[76.9958825,8.5753814],[76.9958065,8.5754387],[76.9957548,8.5754874],[76.99572,8.5755451],[76.9957079,8.5755882],[76.9957154,8.5756577],[76.9957466,8.5757485],[76.9957683,8.5758451],[76.9958552,8.5760708],[76.9958432,8.5762279],[76.9958259,8.5763907],[76.9958198,8.5766351],[76.995824,8.576823],[76.9958959,8.5769652],[76.9959574,8.5770623],[76.9960356,8.5771864],[76.9960953,8.5772924],[76.9962224,8.5774753],[76.9962458,8.5775181],[76.996324,8.5776587],[76.9963981,8.5777918],[76.9964204,8.5779341],[76.9964666,8.5781526],[76.9964609,8.5783972],[76.9964515,8.5788056],[76.996424,8.5790741],[76.9963497,8.5792001],[76.996274,8.5792665],[76.9962373,8.5793093],[76.9960472,8.579531],[76.995743,8.5798553],[76.9956035,8.579964],[76.9954131,8.5800833],[76.9953326,8.580155],[76.9952548,8.5802584],[76.9951589,8.5804607],[76.9951275,8.5805436],[76.9951017,8.5806017],[76.9950916,8.5806543],[76.9950791,8.580798],[76.9951062,8.5809582],[76.9951723,8.5811936],[76.9952034,8.5813147],[76.9952303,8.5814321],[76.9952225,8.5815556],[76.9951863,8.5816756],[76.9951247,8.5818321],[76.9950435,8.5819815],[76.9950015,8.5820443],[76.9949472,8.5821678],[76.9947359,8.5825154],[76.9947117,8.5826391],[76.994727,8.5827726],[76.9947609,8.5828927],[76.9947881,8.5829874],[76.9948416,8.5830771],[76.9948845,8.5831597],[76.9949306,8.5832208],[76.9950257,8.5832704],[76.9951552,8.5833221],[76.9952688,8.583365],[76.9954424,8.5834127],[76.9955651,8.5834293]],[[76.9955651,8.5834293],[76.9957126,8.5834362],[76.9958351,8.5834373],[76.9959346,8.5834669],[76.99602,8.5835192],[76.9960791,8.5835978],[76.9961163,8.5837512],[76.9961229,8.5838977],[76.9961233,8.5842403],[76.9961288,8.584513],[76.9960954,8.5848173],[76.9960847,8.5850108],[76.9960757,8.5851921],[76.9960415,8.5853989],[76.9959861,8.5855676],[76.9958552,8.5858827],[76.9957779,8.5861148],[76.9957166,8.5863503],[76.9957072,8.5865458],[76.9957137,8.5866493],[76.9957177,8.5866916],[76.9957262,8.5867802],[76.9956964,8.5869435],[76.9956282,8.5871098],[76.9954842,8.5873936],[76.9954667,8.5874817],[76.9954758,8.5875314],[76.9954903,8.5876101],[76.9955285,8.5877421],[76.9956004,8.5879487],[76.9956452,8.5881079],[76.9956936,8.5882865],[76.9957131,8.5883518],[76.9957934,8.5886444],[76.9958265,8.5888818],[76.9958847,8.589181],[76.9959436,8.589601],[76.9959193,8.5897774],[76.9958734,8.5898614],[76.9958566,8.5898923],[76.99576,8.5899889],[76.9954369,8.5902647],[76.9953551,8.5903855],[76.9953177,8.5905011],[76.9952972,8.5906274],[76.9952516,8.591039],[76.9952452,8.5911077],[76.9952407,8.5911559],[76.9952146,8.5914337],[76.9951939,8.5917963],[76.9951929,8.591981],[76.995192,8.5921637],[76.9951831,8.5924093],[76.9951804,8.5926509],[76.9951861,8.5931113],[76.9952079,8.5932955],[76.9952237,8.5934286],[76.9953043,8.5936935],[76.995378,8.5938562],[76.9954381,8.5939505]],[[76.9954381,8.5939505],[76.99553,8.5940374],[76.995684,8.5941163],[76.9958697,8.5941878],[76.9960758,8.5942814],[76.9962053,8.5943555],[76.996284,8.5944451],[76.9963261,8.5945589],[76.99633,8.5946893],[76.9962874,8.5948754],[76.996253,8.5951657],[76.9962408,8.5953049],[76.9962708,8.5954228],[76.9962986,8.5955205],[76.9963249,8.5956515],[76.9963349,8.5957585],[76.9963187,8.5958461],[76.9963105,8.5958907],[76.9962587,8.596028],[76.9962304,8.596101],[76.9961823,8.5961726],[76.9961444,8.5962743],[76.9960294,8.5966884],[76.9959419,8.5969522],[76.9958166,8.5972521],[76.9957732,8.5973398],[76.9957258,8.5974555],[76.9956655,8.5976082],[76.9956438,8.5977308],[76.9956149,8.5978434],[76.995611,8.5979847],[76.9956009,8.598122],[76.9955957,8.5983381],[76.995591,8.5985084],[76.995564,8.5986185],[76.9955028,8.5987751],[76.9954707,8.5988938],[76.9954589,8.5990327],[76.9954569,8.5992442],[76.9954539,8.5993767],[76.9954704,8.5994952],[76.9954905,8.5995717],[76.9955319,8.5996693],[76.9955811,8.5997429],[76.9956577,8.5998176],[76.9957433,8.5998888],[76.9958248,8.6000186],[76.9958494,8.6001675],[76.9958613,8.6002045],[76.9958924,8.6003014],[76.9959132,8.6004569],[76.9959474,8.6006151],[76.9959639,8.6007186],[76.9959708,8.6008585],[76.9959677,8.6010382],[76.9959632,8.6010761],[76.9959627,8.6014836],[76.9959624,8.6016786],[76.9960032,8.6018227],[76.996134,8.6021825],[76.9962124,8.6023213],[76.996295,8.6024371],[76.9964269,8.6025627],[76.9964988,8.6026598],[76.9965471,8.6027792],[76.9966871,8.6032469],[76.9967837,8.603459],[76.9968717,8.6035695],[76.9969333,8.6036331],[76.9970192,8.6036809],[76.9971694,8.6037074],[76.9973759,8.6036965],[76.9975161,8.6037062],[76.9976835,8.6037799],[76.9979976,8.6040081],[76.9982047,8.6042272],[76.9983308,8.6043492],[76.9984086,8.6044791],[76.9984646,8.6045972],[76.9984729,8.6047868],[76.9984595,8.605044],[76.9984354,8.605288],[76.9984122,8.6053873],[76.9983469,8.6055797],[76.9983174,8.6056858],[76.9983286,8.6057796],[76.9983581,8.6058565],[76.9984171,8.6059201],[76.9984944,8.6059616],[76.9985727,8.6059944],[76.9986821,8.6060014],[76.999026,8.6060156],[76.9991193,8.6060544],[76.999173,8.6061128],[76.9991923,8.6062171],[76.999203,8.6065221],[76.9991255,8.6070626],[76.999071,8.6073777],[76.9989487,8.6076693],[76.9988445,8.607787],[76.9987381,8.6078679],[76.9986315,8.6079453],[76.9986125,8.6079591],[76.9983752,8.6081668],[76.9982422,8.6082984],[76.9981304,8.608451],[76.9980953,8.6085748],[76.998084,8.6086958],[76.9981114,8.6088214],[76.9981538,8.6089425],[76.9981833,8.6090565],[76.9981993,8.6091652],[76.9981239,8.6094509]],[[76.9981239,8.6094509],[76.9979931,8.6096592],[76.9978709,8.6097467],[76.9977735,8.609877],[76.9976929,8.6099909],[76.9976441,8.6101014],[76.9976018,8.6102323],[76.9976018,8.6103569],[76.9976227,8.6104939],[76.9976622,8.610632],[76.9977439,8.6108846],[76.997789,8.611125],[76.9978272,8.6115313],[76.9978252,8.6115772],[76.9978212,8.6116713],[76.9977809,8.6118093],[76.9977198,8.6119428],[76.9975642,8.6121682],[76.9973443,8.6125209],[76.9972343,8.612741],[76.9971774,8.6128939],[76.9971695,8.6129857],[76.9971814,8.6130788],[76.9972311,8.6132334],[76.9973008,8.6133713],[76.9974242,8.6135516],[76.9977192,8.6139467],[76.9977809,8.6140661],[76.9978185,8.6141934],[76.9978292,8.6143313],[76.997797,8.6144771],[76.9977332,8.6146133],[76.9976178,8.6148148],[76.9974623,8.6151145],[76.9971265,8.615933],[76.9971082,8.6160692],[76.9971131,8.6161876],[76.9971372,8.6163255],[76.9971887,8.6164272],[76.9972525,8.6165271],[76.9973505,8.616675],[76.9974564,8.6168347],[76.9974672,8.6168618],[76.9975106,8.6169709],[76.9975347,8.6171035],[76.9975342,8.6172988],[76.9974784,8.6176949],[76.9974196,8.6179088],[76.9973169,8.6182827],[76.9972638,8.6185726],[76.9972873,8.6187537],[76.9973226,8.6188227],[76.9973572,8.6188713],[76.9974208,8.6189184],[76.9974558,8.6189443],[76.9977152,8.6191311],[76.9980063,8.6193981],[76.998086,8.6194908],[76.9981248,8.6198243],[76.9981757,8.620246],[76.9982128,8.6206482],[76.9982476,8.6209133],[76.9983045,8.6211609],[76.9983898,8.6215153],[76.9984273,8.621823],[76.9984762,8.6223092],[76.9984708,8.6225107],[76.9984306,8.622813],[76.9983474,8.6230835],[76.9982455,8.6232294],[76.9980846,8.6233991],[76.9980229,8.6234972],[76.9980148,8.62359],[76.9980411,8.6236846],[76.998143,8.6238172],[76.9984998,8.6241752],[76.9986693,8.6242822],[76.9988919,8.6244095],[76.999321,8.6245447],[76.9997255,8.6246552],[77.0000721,8.6247913],[77.0002539,8.6248859],[77.0003349,8.6249876],[77.0003644,8.6251228],[77.0003671,8.6252501],[77.0003349,8.6254092],[77.0002424,8.6257975],[77.0001814,8.6260534],[77.0001446,8.6262395],[77.0001144,8.6263921],[77.000101,8.6265619],[77.0001252,8.626721],[77.0001681,8.6268536],[77.0002781,8.6270869],[77.00038,8.6272407],[77.0005415,8.6274246],[77.0007292,8.6276129],[77.0011337,8.6279674],[77.0012093,8.6280584],[77.0012817,8.6281884],[77.0014534,8.6286038],[77.0015473,8.628793],[77.0016299,8.6288982],[77.0017184,8.6289618],[77.001823,8.6290042],[77.00193,8.6290322],[77.0022017,8.6290581],[77.0025451,8.6290687],[77.0026309,8.6290846],[77.0027376,8.6291713],[77.003001,8.629424],[77.0032156,8.6297688],[77.0033336,8.629896],[77.0034999,8.630018],[77.0037247,8.63011],[77.0039446,8.6301578],[77.0042027,8.6301506],[77.0044835,8.6301505],[77.0045489,8.6301505],[77.0046107,8.6301505],[77.0053062,8.6301504],[77.0056155,8.6301486],[77.005989,8.6300711],[77.0062225,8.6300692],[77.0063869,8.6301131],[77.0066608,8.6302203],[77.0069308,8.6303404],[77.007192,8.6305346],[77.0074248,8.6307173],[77.0076513,8.6309862],[77.0078774,8.6312814],[77.0080976,8.6315234],[77.0084677,8.6318095],[77.0089637,8.6322737],[77.0095116,8.6327316],[77.0096927,8.632888],[77.0100307,8.6331216],[77.0103634,8.6332498],[77.0107368,8.633337],[77.0109423,8.6334054],[77.011087,8.6334708]],[[77.011087,8.6334708],[77.0111693,8.6335353]],[[77.0111693,8.6335353],[77.0111739,8.633539]],[[77.0111739,8.633539],[77.0112482,8.6335976],[77.0114027,8.6337269],[77.0116684,8.6339821],[77.0119334,8.634276],[77.0124091,8.634768]],[[77.0124091,8.634768],[77.0124374,8.6347958]],[[77.0124374,8.6347958],[77.0124958,8.6348532]],[[77.0124958,8.6348532],[77.0125195,8.634876],[77.0126097,8.6349516],[77.013409,8.6357394],[77.0135643,8.6359457],[77.0136352,8.6360624],[77.0136723,8.636263],[77.0136185,8.6366453],[77.0136003,8.6367786],[77.0136113,8.6369571],[77.0137268,8.6371261],[77.0139118,8.637194],[77.0140557,8.637222],[77.0141609,8.6372393],[77.014273,8.6372269],[77.0148577,8.6371102],[77.0150658,8.6370744],[77.0151631,8.6371049],[77.01525,8.637147],[77.0153239,8.637239],[77.0153982,8.637351],[77.0154633,8.6376188],[77.0154876,8.6379902],[77.0155684,8.6382389],[77.0158122,8.6385462],[77.0160144,8.6388149],[77.0161267,8.6390044],[77.0161236,8.6391802],[77.0160441,8.6396515],[77.0159488,8.6400302],[77.0159303,8.6401594],[77.0159697,8.6402519],[77.0161057,8.6403355],[77.0165306,8.6404526],[77.0166977,8.6404819],[77.0168648,8.6405324],[77.0172952,8.6406578],[77.0177324,8.6407202],[77.0179401,8.6407224],[77.0180631,8.6407456],[77.0181979,8.6408723],[77.0184037,8.6412027],[77.0185195,8.6416065],[77.0187212,8.6418765],[77.0188658,8.6419889],[77.0189692,8.6421546],[77.0190362,8.6423738],[77.0191168,8.6425001],[77.0192818,8.6425723],[77.0194069,8.6426088],[77.0194778,8.6426009],[77.0195832,8.6425776],[77.0196797,8.6425697],[77.019815,8.6424814],[77.0199261,8.6423502],[77.0200377,8.6421411],[77.0200794,8.6420536],[77.0201186,8.6419958],[77.0202273,8.6419211],[77.0203358,8.6418857]],[[77.0203358,8.6418857],[77.020457,8.6419232],[77.0205812,8.6419881],[77.0207418,8.6420993],[77.0208102,8.6422384],[77.0208659,8.6424112],[77.0209919,8.6432496],[77.0210001,8.6434052],[77.0210074,8.6435444],[77.0210033,8.6438216],[77.021005,8.6438462],[77.0210247,8.6441291],[77.0210584,8.6443277],[77.0219223,8.6458903],[77.0220687,8.6460477],[77.0221398,8.646115],[77.022177,8.6461737],[77.0222032,8.646226],[77.0222149,8.6462742],[77.0222225,8.6463197],[77.0222115,8.6463883],[77.0220694,8.6465945],[77.0218581,8.64679],[77.0217324,8.6469021],[77.0216892,8.6469531],[77.0216311,8.6472512],[77.0215673,8.6475411],[77.0215346,8.6476118],[77.0214707,8.6477267],[77.0214493,8.6477877],[77.0214487,8.6478451],[77.0214782,8.6479035],[77.0215217,8.6479521],[77.0215775,8.6479751],[77.0217143,8.6480122],[77.0217899,8.6480502],[77.0218462,8.6481112],[77.0218967,8.6481952],[77.0219187,8.6483181],[77.0219106,8.6484321],[77.0218677,8.6485276],[77.0218006,8.6485991],[77.0216585,8.6486973],[77.0214305,8.6488139],[77.021165,8.6490818],[77.0211376,8.6491657],[77.0211537,8.6492214],[77.0211891,8.6492727],[77.0213575,8.6493937],[77.0214064,8.6494318],[77.021452,8.6494901],[77.0214815,8.6495591],[77.0215855,8.6498498],[77.0216204,8.6499108],[77.0216687,8.64994],[77.0217309,8.6499489],[77.0218328,8.6499409],[77.0219804,8.6499117],[77.0220957,8.6498667],[77.0221681,8.6498083],[77.0223344,8.6496625],[77.0224149,8.6496254],[77.022557,8.6495988],[77.022675,8.6496068],[77.0227469,8.649635],[77.0228145,8.649689],[77.0228623,8.6497517],[77.0228977,8.6498375],[77.0229513,8.650108],[77.022983,8.6501813],[77.0230259,8.6502317],[77.0230849,8.6502874],[77.0231713,8.6503625],[77.0232324,8.6504305],[77.0232771,8.6505041],[77.0233075,8.6506082],[77.0233236,8.6507275],[77.0233182,8.6508707],[77.023254,8.6512164],[77.0232109,8.6514488],[77.0232083,8.6515469],[77.0232222,8.6516406],[77.0232437,8.6517202],[77.0232995,8.6518625],[77.0233268,8.6519642],[77.0233456,8.6520782],[77.0233585,8.6523875],[77.0233536,8.6525263],[77.0233295,8.6526218],[77.0232678,8.6528339],[77.0232437,8.6530195],[77.0232571,8.6532104],[77.023241,8.6533033],[77.023219,8.6534402],[77.0232249,8.653526],[77.0232485,8.6536126],[77.0232866,8.6536745],[77.0233778,8.6537646],[77.0235516,8.653891],[77.0236777,8.6539546],[77.0237957,8.6539759],[77.0239593,8.6539732],[77.0241422,8.653945],[77.0242871,8.6539131],[77.0246706,8.6537991],[77.0247725,8.6537726],[77.0248525,8.6537717],[77.0249683,8.6537859],[77.0253111,8.6538804],[77.0254211,8.6538857],[77.025883,8.6538495],[77.0262129,8.653815],[77.0263872,8.6537753],[77.0265294,8.6537355],[77.026634,8.6537116],[77.0267112,8.6537133],[77.0267729,8.6537425],[77.0268164,8.6537912],[77.0268459,8.6538601],[77.0268861,8.65399],[77.0269183,8.6541438],[77.0269773,8.6544456],[77.027009,8.6546892],[77.0270271,8.6548827],[77.0270336,8.6549526],[77.027039,8.6554591],[77.0270492,8.6556862],[77.0270605,8.6558542],[77.0270512,8.6559616],[77.0270196,8.6560554],[77.0269753,8.6561216],[77.0269049,8.656175],[77.0268191,8.6562148],[77.0265669,8.656289],[77.0264757,8.6563474],[77.0264167,8.6564163],[77.0263684,8.6564959],[77.0263518,8.6566143],[77.0263518,8.656715],[77.026376,8.6568105],[77.0264269,8.6569086],[77.0265127,8.6569961],[77.0267139,8.6571234],[77.0267595,8.657187],[77.0267863,8.6572931],[77.0267949,8.6576414],[77.0268292,8.6577995],[77.0268471,8.6578865],[77.0268502,8.6579849],[77.026789,8.6583988],[77.026811,8.6588532],[77.0268292,8.6589716],[77.0268588,8.6590856],[77.0269237,8.6592516],[77.0269634,8.6594223],[77.0270036,8.6595019],[77.0270492,8.6595788],[77.0270867,8.6596212],[77.0271624,8.6596964],[77.0272423,8.6597538],[77.027393,8.6598555],[77.0274789,8.659935],[77.0275406,8.6600199],[77.0275969,8.6601233],[77.0276371,8.6602453],[77.0276505,8.6603513],[77.0276452,8.6604442],[77.0276312,8.6605546],[77.0276049,8.6606987],[77.0275374,8.6609285],[77.0274682,8.6611495],[77.0273984,8.6613059],[77.0273019,8.6615048],[77.0272294,8.6616586],[77.0271409,8.661876],[77.027039,8.6620272],[77.0268673,8.6622446],[77.0267681,8.6623401],[77.0266179,8.6624753],[77.0265562,8.6625495],[77.0265186,8.6626132],[77.0264918,8.6626848],[77.0264645,8.6627713],[77.0264614,8.6627859],[77.0263792,8.6631727],[77.0263497,8.6633318],[77.0263384,8.6634634],[77.0263202,8.6637666],[77.0262048,8.6645542],[77.0261056,8.6650606],[77.0259763,8.6656245],[77.0259554,8.6661212],[77.0259012,8.6664252],[77.0258502,8.6666241],[77.0258105,8.6667417],[77.0257408,8.6668425],[77.0254645,8.6671341],[77.0253921,8.6672296],[77.0252124,8.6675849],[77.0251561,8.6677254],[77.0251314,8.667812],[77.0251234,8.6679234],[77.0251427,8.6680383],[77.0251743,8.6681196],[77.0252553,8.6682584],[77.0253519,8.6683698],[77.025537,8.6685607],[77.0256196,8.6686658],[77.0257086,8.6688365],[77.0257381,8.6689372],[77.0257378,8.6689838],[77.0257376,8.6690158],[77.0257167,8.6690751],[77.025655,8.6691493],[77.0255852,8.669205],[77.0254699,8.6692819],[77.0249871,8.6695603],[77.0249093,8.6696346],[77.024861,8.6697088],[77.0248369,8.6697592],[77.0248128,8.6698281],[77.0248066,8.6698892],[77.0248235,8.6699899],[77.0248745,8.6701278],[77.0249335,8.6702657],[77.0249571,8.6703522],[77.0249683,8.670446],[77.024963,8.6706342],[77.0249415,8.6707694],[77.0249093,8.6708623],[77.0248664,8.6709736],[77.0247806,8.6711009],[77.0246572,8.6712812],[77.0245499,8.6714695],[77.0244989,8.6715808],[77.0244694,8.6716816],[77.0243831,8.672036],[77.0243563,8.6721208],[77.0243085,8.672196],[77.0242495,8.6722623],[77.0241637,8.6723286],[77.0239813,8.6724956],[77.0239089,8.6725805],[77.0238364,8.6727051],[77.0237855,8.6728244],[77.023734,8.6729799],[77.0236353,8.6731903],[77.0234475,8.673535],[77.0234175,8.6736428],[77.0234014,8.6737489],[77.0234014,8.6738788],[77.0234255,8.6739954],[77.0234631,8.6741095],[77.0236052,8.6744568],[77.0236455,8.6745894],[77.0236594,8.6746937],[77.0236589,8.6748121],[77.0236326,8.6749456],[77.0235709,8.6751233],[77.0234851,8.6753142],[77.0234046,8.675468],[77.0233295,8.675574],[77.0232168,8.6757119],[77.0230425,8.6758816],[77.0229352,8.6760142],[77.0228813,8.6760981],[77.022845,8.6761779],[77.0228136,8.6762758],[77.0228006,8.6763712],[77.0228145,8.6764722],[77.0228601,8.6765922],[77.02294,8.6768167],[77.0229728,8.6769475],[77.0229781,8.6770827],[77.0229642,8.6772011],[77.0229272,8.6773214],[77.0228843,8.6774195],[77.0228199,8.6775468],[77.0227421,8.6776581],[77.0225973,8.6778623],[77.0225114,8.6779418],[77.0222539,8.6781168],[77.0221413,8.6782229],[77.0218918,8.6785119],[77.0217497,8.6786471],[77.0215056,8.6788354],[77.0214305,8.678907],[77.0213581,8.6789971],[77.0213125,8.6790873],[77.0212771,8.6791818],[77.0212588,8.6793577],[77.0212459,8.6794343],[77.0212213,8.6795805],[77.0211837,8.6797899],[77.0211998,8.6798721],[77.0212368,8.6799401],[77.021291,8.6799941],[77.0213629,8.680025],[77.0214595,8.6800382],[77.0218189,8.6800356],[77.0219154,8.6800515],[77.0220147,8.6800727],[77.0221354,8.6801284],[77.0222561,8.6802026],[77.0223714,8.6803007],[77.022417,8.6803617],[77.0224331,8.6804174],[77.0224256,8.6804899],[77.0224068,8.6805482],[77.0223666,8.6806198],[77.0223049,8.6806835],[77.0220203,8.6809087],[77.0219482,8.6809831],[77.0219133,8.681052],[77.0218784,8.6811607],[77.0217255,8.6817997],[77.0216799,8.6818819],[77.0215753,8.6819482],[77.021283,8.6821047],[77.0212213,8.6821789],[77.0211778,8.6822681],[77.0211462,8.6823937],[77.0210979,8.6826721],[77.0210813,8.6828886],[77.0210872,8.6829744],[77.0211,8.6830609],[77.0211582,8.6832407]],[[77.0211582,8.6832407],[77.0211939,8.6833764],[77.0211939,8.6834958],[77.0211837,8.6835974],[77.0211462,8.6837062],[77.0210169,8.6840579],[77.020996,8.6841489],[77.020982,8.6842461],[77.0209745,8.6843929],[77.0209686,8.6845351],[77.0209075,8.6848118],[77.0208855,8.684909],[77.0208801,8.6850071],[77.0208265,8.685548],[77.0207814,8.6857213],[77.0207192,8.6859059],[77.0206661,8.6860474],[77.0206071,8.6861747],[77.0205507,8.6862701],[77.0204917,8.6863497],[77.0204274,8.6864053],[77.0202047,8.6865538],[77.0201591,8.6866015],[77.0201404,8.6866599],[77.0201425,8.6867279],[77.0201672,8.6867845],[77.0202122,8.6868445],[77.0202879,8.6869224],[77.0203469,8.6870099],[77.020371,8.6871027],[77.0203737,8.6872087],[77.020363,8.6873015],[77.0203388,8.6874155],[77.0201511,8.688203],[77.0200754,8.6884619],[77.0200594,8.68856],[77.0200653,8.6886856],[77.0200808,8.6887801],[77.0201291,8.6889021],[77.0201752,8.6890515],[77.0201806,8.6891549],[77.020164,8.6892282],[77.020121,8.6893316],[77.0199413,8.6898009],[77.0198963,8.6898761],[77.019789,8.6900325],[77.0197461,8.690112],[77.0197294,8.6901986],[77.0197133,8.6903922],[77.0197321,8.6904903],[77.0197616,8.6905963],[77.019797,8.6907802],[77.0198045,8.6908668],[77.0197911,8.6909516],[77.0197729,8.6910347],[77.0197214,8.6911213],[77.019671,8.6911965],[77.0193679,8.6915226],[77.0193217,8.6915879],[77.0192981,8.6916658],[77.0192955,8.6917506],[77.0193089,8.6918328],[77.0193867,8.6920264],[77.0194403,8.6920953],[77.0195074,8.6921457],[77.0195905,8.6921695],[77.0196897,8.6921563],[77.019944,8.6920944],[77.020017,8.6920979],[77.0200862,8.69215],[77.0204134,8.6925371],[77.020738,8.6928049],[77.0208077,8.6928792],[77.0208694,8.6929587],[77.0210625,8.6932424],[77.0211194,8.6932884],[77.0211912,8.693314],[77.0213334,8.6933352],[77.0216167,8.6933622],[77.0217223,8.6933723],[77.0218811,8.6933812],[77.0219616,8.6934024],[77.0220388,8.6934492],[77.0220984,8.6935244],[77.0221332,8.6936092],[77.0222078,8.6938363],[77.0222673,8.6940838],[77.0223344,8.694349],[77.0225409,8.6949058],[77.0227582,8.6955156],[77.0228145,8.6956057],[77.0228864,8.6957056],[77.0229937,8.6958434],[77.0231122,8.6960353],[77.0231573,8.6961006],[77.0232115,8.6961493],[77.0232753,8.6961722],[77.0233612,8.6961934],[77.0234792,8.696212],[77.0236079,8.6962411],[77.0236884,8.6962756],[77.0237769,8.6963207],[77.0238547,8.6963843],[77.0239191,8.6964771],[77.0239754,8.6965726],[77.0241283,8.6968085],[77.0242356,8.6969862],[77.0242763,8.6970958],[77.0243514,8.6973503],[77.0243992,8.6974581],[77.0244555,8.6975536],[77.0245338,8.6976393],[77.0246432,8.6977312],[77.0247344,8.6978018],[77.0248659,8.6979035],[77.0252822,8.6982226],[77.0254404,8.6983313],[77.0255472,8.6983834],[77.0256437,8.6984126],[77.0257649,8.6984453],[77.0258776,8.6984666],[77.0259793,8.6984928],[77.0261128,8.6985316]],[[77.0261128,8.6985316],[77.0261855,8.6985664],[77.0262794,8.6986433],[77.0264752,8.6988315],[77.0265911,8.6989226],[77.0267037,8.6989836],[77.0269746,8.6991135],[77.027253,8.6992796],[77.0274193,8.6993883],[77.0275701,8.6995563],[77.027621,8.6996385],[77.0276479,8.6997153],[77.0276581,8.6997807],[77.0276634,8.699839],[77.0276527,8.6999345],[77.0276184,8.7000812],[77.0275352,8.7004073],[77.0274971,8.7005761],[77.0274896,8.7007335],[77.0274971,8.7009155],[77.0275191,8.7010622],[77.0275309,8.7011627],[77.0275433,8.701269],[77.0275669,8.7015279],[77.0275964,8.7016234],[77.0276446,8.7017215],[77.0277144,8.7018355],[77.0278839,8.7021175],[77.0279558,8.7022014],[77.0280421,8.7022765],[77.0282621,8.7024754],[77.0283479,8.7025682],[77.0284091,8.7026574],[77.028482,8.7027856],[77.0285969,8.7030196],[77.0287529,8.7033371],[77.0289675,8.7037984],[77.0290823,8.7041103],[77.029174,8.7044029],[77.0292894,8.7048006],[77.0293076,8.704919],[77.029313,8.7050065],[77.0293001,8.7051294],[77.0292245,8.7056163],[77.0292116,8.7057816],[77.0292143,8.7059619],[77.0292379,8.7062393],[77.0292508,8.7064017],[77.0292808,8.7067802],[77.0293162,8.7071788],[77.0293189,8.7074095],[77.0293183,8.7076127],[77.0292974,8.7077701],[77.0292727,8.7078884],[77.0292062,8.708181],[77.029195,8.7082914],[77.0292057,8.7084081],[77.0292304,8.7085628],[77.0292486,8.7087448],[77.0292459,8.7088349],[77.0292304,8.7089393],[77.0291976,8.7090232],[77.0291258,8.7092177],[77.0291064,8.7093148],[77.0290989,8.7094112],[77.0291011,8.7095084],[77.0291097,8.7099971],[77.0291016,8.7101111],[77.0290796,8.7102295],[77.0290292,8.7104452],[77.0289487,8.7106493],[77.0289058,8.7107236],[77.0288253,8.710819],[77.0285625,8.7110921],[77.0285142,8.711161],[77.028482,8.7112485],[77.0284503,8.7113446],[77.0283265,8.7117205],[77.0283206,8.7118176],[77.0283366,8.7119131],[77.0283983,8.7121543],[77.0285164,8.7125096],[77.028541,8.7126219],[77.0285539,8.7127297],[77.0285566,8.7128516],[77.028562,8.7129524],[77.0285705,8.7130461],[77.0286156,8.7131459],[77.0286912,8.7132502],[77.0287851,8.713351],[77.0289085,8.7134862],[77.0289589,8.7136046],[77.0290018,8.7137477],[77.0290367,8.7139148],[77.0290448,8.7140685],[77.029056,8.7143426],[77.0290694,8.714499],[77.0291038,8.7146359],[77.0291472,8.7147561],[77.0292089,8.7148436],[77.0292996,8.7149435],[77.0293564,8.7150213],[77.0293913,8.7151194],[77.0293913,8.715191],[77.0293698,8.7152625],[77.0293216,8.7153235],[77.029225,8.7153977],[77.0290775,8.7155197],[77.0290448,8.7155904],[77.0290238,8.7156973],[77.0289997,8.7160022],[77.0289246,8.716331],[77.0288959,8.7164301],[77.0288514,8.7165323],[77.0288093,8.7166226],[77.0287483,8.7167467],[77.0287095,8.7168258],[77.0286376,8.7169381]],[[77.0286376,8.7169381],[77.028451,8.7171227],[77.0281881,8.7174673]],[[77.0281881,8.7174673],[77.0278662,8.7179074],[77.027772,8.7180345],[77.027657,8.7181407],[77.0273841,8.718362],[77.0269032,8.7189108]],[[77.0269032,8.7189108],[77.0268577,8.7189759],[77.0268255,8.7190527],[77.0268094,8.7191455],[77.0268062,8.719256],[77.0268416,8.7194398],[77.0268894,8.7196589],[77.0269752,8.7199824],[77.0270508,8.7201901],[77.027171,8.7204066],[77.0273057,8.7206355],[77.0275041,8.7208715],[77.0277235,8.7210641],[77.0278657,8.7211622],[77.0279542,8.7212417],[77.0280057,8.7213222],[77.0280588,8.7214538],[77.028209,8.7218886],[77.0282707,8.7220026],[77.0283458,8.7221087],[77.0286001,8.7224168],[77.0286941,8.7225307],[77.0287508,8.7226097],[77.0288628,8.7226789]],[[77.0288628,8.7226789],[77.0288694,8.7228095],[77.0288864,8.7228503],[77.0289351,8.7229674],[77.0290217,8.7231797],[77.0290692,8.7233306],[77.0290781,8.7234555],[77.0290652,8.7235439],[77.0290459,8.7236516],[77.0290137,8.7237656],[77.0289654,8.7239115],[77.0287996,8.7242729],[77.0287648,8.7243763],[77.0287401,8.7244841],[77.0287294,8.7245822],[77.028678,8.7248842],[77.0286521,8.7249755],[77.0284831,8.7253891],[77.028408,8.7256409],[77.0283324,8.7260403],[77.0282471,8.7263462],[77.0281935,8.7264655],[77.0280889,8.7266829],[77.0280427,8.7268622],[77.0280379,8.7270089],[77.0280486,8.7271336],[77.0280862,8.7273191],[77.028113,8.727518],[77.0281098,8.7277],[77.0281012,8.727841],[77.028083,8.7281374],[77.0280749,8.7283336],[77.028083,8.7285086],[77.0281125,8.7286438],[77.0281742,8.7287949],[77.0282493,8.7289275],[77.0283598,8.7290424],[77.0284558,8.7291369],[77.0284966,8.7292094],[77.0285067,8.729288],[77.0284907,8.7293543],[77.0284563,8.7294135],[77.0284134,8.7294798],[77.0283249,8.7296177],[77.02829,8.7297317],[77.0282739,8.7298139],[77.0282627,8.7299137],[77.0282176,8.7303017],[77.0282197,8.7303988],[77.0282439,8.7304943],[77.0282868,8.7305632],[77.0283512,8.7306374],[77.0285228,8.7307832],[77.0285675,8.7308287],[77.0286087,8.7308707],[77.0286521,8.7309751],[77.0286596,8.7310616],[77.0286226,8.7311474],[77.0285502,8.7312243],[77.0280512,8.7316893],[77.0280084,8.7317598],[77.0279789,8.7318526],[77.0279837,8.7319391],[77.0279971,8.7320372],[77.0280454,8.7321486],[77.0281103,8.7322343],[77.0281822,8.7323289],[77.0283029,8.732419],[77.0284209,8.7324985],[77.0285979,8.7326231],[77.0286602,8.7327089],[77.028724,8.732822],[77.028797,8.7330668],[77.0288747,8.7333876],[77.0288903,8.7335192],[77.0288796,8.7336279],[77.0288662,8.7337154],[77.0288131,8.7339019],[77.028783,8.7339991],[77.0287809,8.7340848],[77.0287803,8.7342058],[77.0288098,8.7344206],[77.0288232,8.7345796],[77.0288184,8.7347264],[77.0287916,8.7348934],[77.0287406,8.7350207],[77.0286521,8.7351373],[77.0285582,8.7351983],[77.0283517,8.7353229],[77.0282927,8.7353945],[77.0282498,8.735466],[77.028223,8.7355668],[77.0281479,8.7358425],[77.0280695,8.7360802],[77.0279842,8.7362693],[77.0278448,8.7365503],[77.0277697,8.7366749],[77.027657,8.7367969],[77.027547,8.7369162],[77.0275068,8.7369904],[77.0275009,8.7370664],[77.0275256,8.7371362],[77.0275707,8.7371857],[77.0276382,8.7372184],[77.0278147,8.7372652],[77.0278898,8.7373076],[77.0279542,8.7373659],[77.0279998,8.7374402],[77.0280245,8.7375312],[77.0280186,8.7376072],[77.0279623,8.7378166],[77.0278689,8.7380402],[77.0278523,8.7381162],[77.027855,8.7381825],[77.027885,8.7382364],[77.0279333,8.7383398],[77.0279574,8.7384618],[77.0279521,8.7385572],[77.0279279,8.73865],[77.0278904,8.738711],[77.0278314,8.738764],[77.0277697,8.7388011],[77.0276812,8.7388276],[77.0276087,8.738825],[77.0275363,8.7387958],[77.0274371,8.7387375],[77.027311,8.7386261],[77.0272466,8.7386049],[77.0271742,8.7386129],[77.0271259,8.7386553],[77.0271018,8.7387163],[77.0270803,8.7388303],[77.0270798,8.7389698],[77.0270562,8.7390742],[77.027016,8.7391537],[77.0267559,8.739473],[77.0266887,8.7395699],[77.0266405,8.7396627],[77.0266292,8.7397387],[77.0266292,8.7398076],[77.0266646,8.7398854],[77.0267579,8.74007],[77.0268309,8.7401982],[77.026876,8.7402848],[77.0268974,8.740359],[77.0268792,8.7404315],[77.0268491,8.7404942],[77.0267773,8.740572],[77.02667,8.7406701],[77.0266351,8.7407549],[77.0266346,8.7408441],[77.0266297,8.7410333],[77.0265836,8.7411331],[77.0265305,8.7412056],[77.0264044,8.7413355],[77.0263771,8.7413876],[77.0263696,8.7414813],[77.0263857,8.7415503],[77.0264313,8.7416351],[77.0265654,8.7418392],[77.0265916,8.741947],[77.0265868,8.7420407],[77.0265615,8.7421255],[77.0265171,8.7422024],[77.0264602,8.7422792],[77.0262003,8.7425797],[77.0261088,8.7427131],[77.0260638,8.7428175],[77.0259592,8.7430614],[77.0259055,8.7431647],[77.0258197,8.7433079],[77.0257124,8.7434166],[77.0253262,8.7437559],[77.0246503,8.7442914],[77.0243472,8.7446387],[77.0241433,8.7449436],[77.0240146,8.7453068],[77.0238826,8.7460057],[77.0237069,8.7465542],[77.0236933,8.7466552],[77.0237093,8.7467789],[77.0238884,8.7471958],[77.0239023,8.7472282]],[[77.0239023,8.7472282],[77.0240543,8.7475592],[77.0242125,8.7479542],[77.024234,8.7480629],[77.0242211,8.7481248],[77.0241943,8.7481805],[77.0241514,8.7482282],[77.0239234,8.7484085],[77.023851,8.748488],[77.0238027,8.7485755],[77.0232636,8.7494158],[77.0232448,8.7495404],[77.0232528,8.7496756],[77.0233923,8.7500388],[77.0233837,8.7501254],[77.0231317,8.7505078],[77.0230881,8.7505996],[77.0230601,8.7507085],[77.0230576,8.7508117],[77.0230771,8.7509391],[77.0231257,8.7510459]],[[77.0231257,8.7510459],[77.0230711,8.7512285]],[[77.0227721,8.7516658],[77.0230711,8.7512285]],[[77.0226943,8.7517677],[77.0227332,8.7517168],[77.0227721,8.7516658]],[[77.0226943,8.7517677],[77.0226359,8.7517688],[77.0224884,8.7517726],[77.0223409,8.7518282],[77.0222497,8.7518839],[77.0221773,8.7519475],[77.0221236,8.7520165],[77.0220614,8.7521083],[77.0219761,8.7522763],[77.0219171,8.7523584],[77.0218581,8.75243],[77.0217485,8.7525308],[77.0214262,8.7528118],[77.0212626,8.7529682],[77.0211849,8.7530689],[77.0210534,8.7532545],[77.0209354,8.7533711],[77.020804,8.7534559],[77.0203078,8.7537767],[77.0201388,8.7539172],[77.0200422,8.7540312],[77.0199993,8.7541293],[77.0199805,8.7542194],[77.0199907,8.7543298],[77.0200154,8.7544447],[77.0200476,8.754564],[77.0201087,8.7546559],[77.0203099,8.7548335],[77.0208544,8.7553478],[77.0209381,8.7553938],[77.021032,8.7554123],[77.0211071,8.7553991],[77.0212111,8.7553611],[77.0212734,8.7553249],[77.0213458,8.7552612],[77.0214477,8.7551313],[77.0215362,8.755028],[77.0216274,8.7549484],[77.0217106,8.7549007],[77.0218018,8.7548689],[77.0218822,8.7548663],[77.0222631,8.7548981],[77.0226735,8.754959],[77.0227722,8.7549581],[77.0228693,8.7549299],[77.0229685,8.7548981],[77.0230463,8.7548821],[77.0231241,8.7549166],[77.0231482,8.754967],[77.0231509,8.7550333],[77.0231267,8.7551101],[77.0230624,8.7551764],[77.0230184,8.7552329],[77.0228747,8.7553487],[77.0228044,8.7554299],[77.0227588,8.7555307],[77.0226762,8.7557861],[77.0225763,8.7560821],[77.0225018,8.7563375],[77.0224696,8.7564568],[77.0224732,8.7565621],[77.0225045,8.7566928],[77.0225496,8.7567714],[77.0226279,8.7568571],[77.0228049,8.7570559],[77.0228687,8.7571743],[77.0229283,8.7572972],[77.0229626,8.7574129],[77.022976,8.7575083],[77.0230243,8.7580173],[77.0230136,8.7581127],[77.0229953,8.7581985],[77.0229707,8.7582718],[77.0229304,8.7583619],[77.0228907,8.7584371],[77.0228612,8.7584821],[77.0227781,8.7585855],[77.0226896,8.7586677],[77.0226198,8.7587499],[77.0225689,8.7588268],[77.022526,8.7589195],[77.022475,8.7590441],[77.0223972,8.7592589],[77.022357,8.7593941],[77.022335,8.7595018],[77.0223269,8.759592],[77.0223296,8.7596927],[77.0223457,8.759812],[77.0223886,8.7601062],[77.0224777,8.7604014],[77.0225313,8.7606294],[77.0227324,8.761475],[77.0227722,8.7615881],[77.0228264,8.7616898],[77.0228848,8.7617869],[77.0230082,8.7619778],[77.0232898,8.7623595],[77.0234427,8.7625451],[77.0235523,8.7626776],[77.0236489,8.7628152],[77.0237126,8.7629183],[77.0238207,8.7631367],[77.0239797,8.7634606],[77.0242447,8.7639288],[77.0244062,8.7641524],[77.0245108,8.7642744],[77.0246177,8.7643725],[77.0247683,8.7644785],[77.024956,8.7645819],[77.0251143,8.7646667],[77.0251867,8.764725],[77.0252404,8.7648019],[77.0252827,8.7649044],[77.0253096,8.7650528],[77.0253745,8.7653639],[77.0254437,8.7656121],[77.0254978,8.7657403],[77.0256024,8.7659365],[77.0257044,8.7661565],[77.0257473,8.7662997],[77.025758,8.7664269],[77.0257419,8.766517],[77.0256872,8.766628],[77.0255971,8.7667901],[77.0255488,8.7668749],[77.0255005,8.766973],[77.0254624,8.7670754],[77.0254335,8.767185],[77.0254227,8.7672911],[77.0254168,8.7673882],[77.0254249,8.7675208],[77.0254517,8.7679476],[77.0254415,8.7683064],[77.0254463,8.7691033],[77.0254624,8.7693181],[77.0254603,8.769486],[77.0254463,8.7696044],[77.0254186,8.7697631],[77.0253503,8.7701487],[77.0252505,8.7706196],[77.0251781,8.77089],[77.0251438,8.7710102],[77.0250767,8.7711693],[77.0250043,8.771323],[77.0249587,8.7714264],[77.0249238,8.771551],[77.0249078,8.7716411],[77.0249072,8.7717409],[77.0249072,8.7720087],[77.0248943,8.7723781],[77.0248461,8.7728817],[77.0247892,8.7735302],[77.02472,8.7739792],[77.0246716,8.7742077],[77.0246476,8.7743211],[77.0245344,8.7747258],[77.0244673,8.775081],[77.0244217,8.7755078],[77.0244062,8.7756121],[77.0243552,8.775795],[77.0242737,8.7760603],[77.0241991,8.776303],[77.0241326,8.7765717],[77.024079,8.7767068],[77.0240146,8.7768182],[77.0239261,8.7769454],[77.0238161,8.77707],[77.0235264,8.7773855],[77.0231509,8.7777725],[77.0229712,8.7779315],[77.0225206,8.7783609]],[[77.0225206,8.7783609],[77.0222658,8.7786101],[77.0221102,8.7787718],[77.0220163,8.7788938],[77.0218259,8.7791535],[77.0217508,8.7792357],[77.0216757,8.7792861],[77.0214665,8.7793338],[77.021327,8.7793762],[77.0212117,8.7794478],[77.0211366,8.7795246],[77.02104,8.779636],[77.0209542,8.7797632],[77.0208281,8.7799753],[77.0205653,8.780463],[77.0203615,8.780833],[77.0203185,8.780911],[77.0200744,8.7814491],[77.0197186,8.7821314],[77.0195511,8.7824681],[77.0194736,8.7826791],[77.01942,8.7828699],[77.019398,8.7830969],[77.0194012,8.7832887],[77.0194307,8.7834451],[77.0194736,8.7836095],[77.019479,8.7837473],[77.0194495,8.7838586],[77.0193958,8.7839435],[77.0193288,8.7840203],[77.0192578,8.7840751],[77.0191651,8.7841158],[77.0188916,8.7841953],[77.0187407,8.7842638],[77.0186223,8.7843408],[77.018545,8.7844044],[77.0184639,8.7844891],[77.0183807,8.7845863],[77.0177937,8.7851967],[77.0175777,8.7855627],[77.0173115,8.7861383],[77.0170241,8.7865461],[77.0168332,8.7868169],[77.0161775,8.7876136],[77.0158072,8.7879224],[77.0154716,8.7881359],[77.0152787,8.788357],[77.0151553,8.7886162],[77.0151051,8.7888487],[77.0150666,8.7891346],[77.0149933,8.7893595],[77.0148853,8.7895578],[77.014866,8.7897102],[77.014893,8.7898704],[77.0149586,8.7899733],[77.0150511,8.7901029],[77.0150897,8.7902363],[77.0150743,8.7904422],[77.0150087,8.7907357],[77.0149149,8.7909921],[77.0148807,8.7910858],[77.0147618,8.7913723],[77.014596,8.791582],[77.0144001,8.7918299],[77.014017,8.7922128],[77.0138785,8.7923596],[77.0137353,8.7925529],[77.0134461,8.7929576],[77.0133126,8.7931519],[77.0131034,8.7935124],[77.0130229,8.7936131],[77.012899,8.7936786],[77.0121104,8.7939808],[77.0119173,8.7940974],[77.0118359,8.7941902],[77.0118213,8.7942069],[77.0116228,8.7945303],[77.0112451,8.7949244],[77.010544,8.7955245],[77.0104754,8.7956122],[77.0104316,8.7956682],[77.0103683,8.7958129],[77.0103171,8.7959664],[77.0103013,8.7961273]],[[77.0103013,8.7961273],[77.0103192,8.7963062],[77.0103729,8.7966349],[77.0104372,8.7969212],[77.0104694,8.7971438],[77.0104372,8.797393],[77.0103675,8.7977694],[77.0102817,8.7980663],[77.0102656,8.7982359],[77.0102763,8.7984055],[77.0102924,8.79866],[77.0102543,8.7987944],[77.0101261,8.7989569],[77.0096862,8.7993015],[77.0091176,8.7997945],[77.0089245,8.8000224],[77.0087952,8.8002257],[77.0086777,8.8004465],[77.0086133,8.8006427],[77.0086133,8.8008017],[77.0086777,8.8010668],[77.0087153,8.8012576],[77.0086616,8.8018832],[77.0085811,8.8024292],[77.008608,8.8025564],[77.0086708,8.8026542],[77.0087147,8.8027226],[77.008962,8.8031237],[77.0090908,8.8033622],[77.0092517,8.8037386],[77.0093,8.8040567],[77.0093912,8.8043164],[77.0094234,8.8045126],[77.0094287,8.8047511],[77.0094073,8.8052282],[77.0093053,8.8057266],[77.0093375,8.8059068],[77.0094073,8.806209],[77.0094126,8.806421],[77.0093751,8.8073246],[77.0093751,8.8074123],[77.0093424,8.8075043],[77.0092624,8.8075608],[77.0088601,8.8078311],[77.0087845,8.807992],[77.0087689,8.8081386],[77.0087957,8.8082711],[77.008881,8.8083419],[77.00916,8.8085168],[77.0093155,8.8087077],[77.0094126,8.8088754],[77.009418,8.8089974],[77.0093965,8.8090981],[77.0093107,8.8091776],[77.0091551,8.8092412],[77.0087582,8.8093844],[77.0085114,8.8095381],[77.0083237,8.809713],[77.0080715,8.8099781],[77.0078999,8.8102431],[77.0078355,8.8104552],[77.0077067,8.8117381],[77.0077336,8.8119289],[77.0077872,8.812125],[77.0078623,8.8123106],[77.0078575,8.8125173],[77.007857,8.8125385],[77.0077867,8.8127471],[77.0076424,8.8131375],[77.0076156,8.8133072],[77.0076424,8.8134026],[77.0077282,8.813498],[77.0078564,8.8135953],[77.0080656,8.8137172],[77.0082587,8.8140035],[77.0087201,8.8141996],[77.0092297,8.8145654],[77.0099598,8.8148074],[77.0100411,8.8148903],[77.0101269,8.8150868],[77.0102148,8.8152215],[77.0102542,8.81535],[77.0102902,8.8155271],[77.0103246,8.8157669],[77.010287,8.8159206],[77.0103192,8.8160372],[77.0103782,8.8161432],[77.0104802,8.8162175],[77.0107049,8.81632],[77.0109195,8.8163624],[77.0110751,8.8163306],[77.0114291,8.8162405],[77.0115686,8.8162458],[77.0116925,8.8162758],[77.0118213,8.8163447],[77.0120036,8.816456],[77.0122933,8.8166627],[77.0127064,8.8168801],[77.0128459,8.8169967],[77.0129472,8.8171152],[77.0130706,8.8172689],[77.0132795,8.817704]],[[77.0132795,8.817704],[77.0135046,8.8177166],[77.0141328,8.8177867],[77.0141859,8.8177926],[77.0144613,8.8178416],[77.014834,8.8179175],[77.0154248,8.818118],[77.0154919,8.8181296],[77.0155564,8.8181317],[77.0156407,8.8181048],[77.0156927,8.818074],[77.0159654,8.8177987],[77.016156,8.8177675],[77.0162001,8.8177603],[77.016491,8.8179511],[77.0165473,8.8179709],[77.0166097,8.8179716],[77.0166656,8.8179405],[77.0170846,8.8175708],[77.0176337,8.8174237],[77.0177168,8.8173972],[77.0178993,8.8173998],[77.0180119,8.8174342],[77.0181845,8.8176131],[77.0182331,8.817637],[77.0183082,8.8176482],[77.0185523,8.817584],[77.0187361,8.8175164],[77.0189587,8.8173282],[77.0190231,8.8172805],[77.0193101,8.8171295],[77.0194093,8.8170685],[77.0196426,8.8168273],[77.0197392,8.8167557],[77.0198224,8.8167213],[77.0199082,8.8167027],[77.0199833,8.816716],[77.0200477,8.8167451],[77.0200986,8.8168034],[77.0201898,8.8169678],[77.0202193,8.8170446],[77.0202381,8.8171268],[77.0202435,8.8172249],[77.0202247,8.8174263],[77.0201979,8.8175297],[77.0201362,8.8176384],[77.0199162,8.8179485],[77.019884,8.8180147],[77.0198733,8.8180863],[77.0198787,8.8181658],[77.0199136,8.8182559],[77.0200074,8.818407],[77.0200369,8.8184839],[77.020045,8.8185422],[77.0200396,8.8186323],[77.0199457,8.8189795],[77.0199109,8.8190908],[77.0198694,8.8191597],[77.0198197,8.8192181],[77.0197353,8.8192843],[77.0194629,8.8194221],[77.0193491,8.8194566],[77.019251,8.8194752],[77.0190284,8.8194778],[77.0189345,8.8194752],[77.0188112,8.8195096],[77.0187146,8.819552],[77.0186315,8.8196103],[77.018582,8.819666],[77.018551,8.8197163],[77.0185376,8.8198012],[77.0185429,8.8199204],[77.018559,8.8200291],[77.0185564,8.8201113],[77.0185429,8.8201934],[77.0185069,8.8202676],[77.0183901,8.8204744],[77.0183337,8.8205698],[77.0183176,8.8206361],[77.0183069,8.8207129],[77.018331,8.8209965],[77.018331,8.821145],[77.0183111,8.8212536],[77.0182667,8.8213888],[77.0182023,8.821524],[77.018087,8.8217837],[77.018036,8.8220249],[77.0180038,8.8221972],[77.0180119,8.8223244],[77.0180333,8.8225073],[77.0180601,8.8226054],[77.0181031,8.8226955],[77.0182425,8.822995],[77.0182694,8.8231991],[77.0183341,8.8233773],[77.0183901,8.8234906],[77.0184303,8.823594],[77.0184571,8.8237027],[77.0184759,8.8238352],[77.0184759,8.8239518],[77.0184732,8.8240737],[77.0184786,8.8241851],[77.0185027,8.8243043],[77.0185537,8.8244713],[77.0187736,8.8251472],[77.0188353,8.82533],[77.0189077,8.8254917],[77.0189775,8.8256083],[77.0190472,8.8256932],[77.0191169,8.8257541],[77.0192162,8.8258124],[77.0193852,8.8258654],[77.0194388,8.8259158],[77.019471,8.8259582],[77.0194924,8.8260245],[77.0194817,8.8261013],[77.0194259,8.8261969],[77.0192451,8.8264104],[77.0190864,8.8265979],[77.0190392,8.8266526],[77.0190123,8.8267242],[77.0189989,8.826801],[77.0189989,8.8268514],[77.0190096,8.8269203],[77.019074,8.8271191],[77.0191223,8.8274],[77.0191143,8.8275405],[77.0190847,8.8277022],[77.0190794,8.8277738],[77.0191277,8.8280653],[77.0191277,8.8281501],[77.0191143,8.8282296],[77.0190713,8.8283197],[77.018987,8.8284258],[77.0189587,8.8285212],[77.0189587,8.8285874],[77.0189909,8.8286961],[77.019074,8.8288419],[77.0195219,8.8293455],[77.0196239,8.8294594],[77.0197768,8.8295628],[77.019927,8.8296238],[77.0201818,8.82969],[77.0205305,8.8297404],[77.0206923,8.8297914],[77.0207236,8.8298013],[77.0209838,8.829918],[77.0211876,8.830077],[77.0213405,8.8302705],[77.0215202,8.8305302],[77.0216758,8.830782],[77.0217509,8.8309066],[77.0218126,8.8310126],[77.0220996,8.8316805],[77.0221198,8.8318018],[77.022201,8.8322899],[77.0222068,8.8323245],[77.0222873,8.8326214],[77.0223839,8.8329686],[77.0224295,8.8330772],[77.022467,8.8331647],[77.0225126,8.8332177],[77.0225743,8.8332681],[77.0226467,8.8332999],[77.0227647,8.8333264],[77.0229176,8.8333582],[77.0230598,8.8334059],[77.0231644,8.8334509],[77.0232475,8.8335066],[77.0233629,8.8335994],[77.0234071,8.8336466],[77.023497,8.8337425],[77.0235989,8.8338459],[77.0237034,8.833934],[77.0239637,8.8341533],[77.0243207,8.8346182],[77.0244277,8.8347576],[77.0245135,8.8348424],[77.0246074,8.834914],[77.0249373,8.8351021],[77.0250366,8.8351498],[77.025148,8.8351843],[77.0252699,8.8351764],[77.0254174,8.8351366],[77.0259914,8.834959],[77.0261577,8.8349166],[77.0263267,8.8348954],[77.0264689,8.8348822],[77.0266995,8.8348848],[77.0269383,8.8349246],[77.0271475,8.834967],[77.0273996,8.8350279],[77.0274109,8.8350318],[77.027531,8.835073],[77.0276598,8.8351233],[77.0277858,8.8351976],[77.0279843,8.8353513],[77.0282016,8.8355262],[77.0286307,8.8358548],[77.0289496,8.8361014],[77.0290009,8.8361411],[77.0291457,8.8362763],[77.0292155,8.8363637],[77.0292664,8.8364697],[77.0293013,8.8365917],[77.0293093,8.8367109],[77.0293013,8.8368461],[77.0292155,8.8372065],[77.0291162,8.8375325],[77.028966,8.837893],[77.028907,8.8380255],[77.0288909,8.8380997],[77.0288936,8.8381978],[77.0289177,8.8382693],[77.028966,8.8383329],[77.0290545,8.8384072],[77.0298619,8.8389001],[77.0299504,8.8389611],[77.0300162,8.8390538],[77.0300791,8.8391811],[77.0301354,8.8393454],[77.0301918,8.8394328],[77.0304052,8.8396685],[77.0305566,8.8398357]],[[77.0305566,8.8398357],[77.0306047,8.8399103]],[[77.0306047,8.8399103],[77.0306209,8.8399391],[77.0306209,8.8400318],[77.0305968,8.8400954],[77.0305553,8.8401643],[77.0303688,8.8402995],[77.0303017,8.8403499],[77.0302481,8.840432],[77.030224,8.8404956],[77.0302106,8.8405804],[77.0302159,8.8406759],[77.0302481,8.8407819],[77.0303393,8.8410204],[77.0304224,8.8412112],[77.0304975,8.8413119],[77.0306504,8.8414604],[77.0310608,8.8418486],[77.0312673,8.8420116],[77.0314149,8.8421256],[77.0315141,8.8422396],[77.0316107,8.8423959],[77.0318628,8.8431592],[77.0320237,8.8437184],[77.0320693,8.8439358],[77.0320905,8.8441708],[77.0321042,8.8444579],[77.0321227,8.8446998],[77.0321525,8.8448581],[77.03219,8.8449907],[77.0323993,8.8456161],[77.0324636,8.8457566],[77.0325736,8.8459209],[77.0326648,8.8460481],[77.0327423,8.8461336],[77.0328576,8.8462343],[77.0332707,8.8465285],[77.0334534,8.8467134],[77.033566,8.8468194],[77.0336545,8.846936],[77.0337455,8.847093],[77.0337964,8.8472361],[77.0338477,8.8473918],[77.0338852,8.8475482],[77.0339091,8.8476814],[77.0339144,8.8478536],[77.033904,8.8480809],[77.0338664,8.8485739],[77.0338155,8.8492258],[77.0338045,8.8494968],[77.0338007,8.8497184],[77.0337966,8.8499625],[77.0337189,8.8503495],[77.0336972,8.8504377],[77.0336918,8.8505251],[77.0336999,8.8505914],[77.033727,8.8506649],[77.0337618,8.8507206],[77.033834,8.8507955],[77.0339442,8.8508663],[77.0340371,8.8509194],[77.0343624,8.8511055],[77.034467,8.8511691],[77.0345584,8.8512506],[77.0346604,8.8513699],[77.0348275,8.8516413],[77.0348964,8.8521199],[77.0349846,8.8524386],[77.0351163,8.8527798],[77.0351512,8.8528885],[77.0351697,8.8529793],[77.0351753,8.8530767],[77.0351673,8.8531588],[77.0351509,8.853231],[77.035119,8.8532993],[77.0349176,8.8535968],[77.0349018,8.8536491],[77.0348961,8.8537107],[77.0349015,8.853777],[77.0349659,8.8542858],[77.0349876,8.8543488],[77.0350895,8.8545211],[77.0351458,8.8546059],[77.035178,8.8546933],[77.0351831,8.8547867],[77.0351804,8.854906],[77.0351941,8.8549928],[77.0352236,8.8550723],[77.0352826,8.8551598],[77.0353792,8.8552605],[77.0354999,8.8553956],[77.0357306,8.8557084],[77.0358298,8.8558939],[77.0358888,8.8560661],[77.035929,8.8562225],[77.0359585,8.8563789],[77.0359878,8.8565783],[77.0359797,8.8567559],[77.0359907,8.8568612],[77.0360792,8.8572428],[77.0360873,8.8573992],[77.0360953,8.8580114],[77.0361007,8.8581227],[77.0361222,8.8582049],[77.0361651,8.8582897],[77.0362748,8.8583884],[77.0365295,8.8585837]],[[77.0365295,8.8585837],[77.0366506,8.8586766],[77.0369966,8.8590344],[77.0370824,8.8591139],[77.0371572,8.8591755],[77.0372299,8.8592067],[77.0373157,8.8592226],[77.0374147,8.8592179],[77.0375327,8.8591941],[77.0378254,8.8591165],[77.0379568,8.8590953],[77.0384871,8.859082],[77.0385925,8.8590874],[77.0386783,8.859098],[77.0387802,8.8591271],[77.0389358,8.8591908],[77.039027,8.8592067],[77.0393489,8.8592279],[77.0396654,8.8592809],[77.0397458,8.8592888],[77.0398317,8.8592782],[77.0399092,8.8592444],[77.0400433,8.8591464],[77.0404861,8.8588966],[77.0405907,8.8588462],[77.0406712,8.858825],[77.0407597,8.858833],[77.0408345,8.8588681],[77.0410172,8.8589893],[77.0410816,8.8590158],[77.041154,8.8590158],[77.0412774,8.8589946],[77.0413847,8.8589867],[77.0414863,8.8590006],[77.041559,8.8590317],[77.0416126,8.8590821],[77.0416609,8.8591536],[77.0416955,8.8592603],[77.0417333,8.8595141],[77.0417521,8.8599116],[77.0417411,8.8603628],[77.0417414,8.8605053],[77.0417545,8.8606517],[77.041784,8.8608213],[77.0418353,8.8610406],[77.0419506,8.8613666],[77.0420067,8.8615236],[77.042027,8.8616203],[77.0420311,8.8616395],[77.0420362,8.8617648],[77.0419855,8.8620927],[77.0419801,8.8623683],[77.0419503,8.8630952],[77.0419587,8.8631925],[77.0420055,8.8634296],[77.0419825,8.8639618],[77.0419855,8.8642208],[77.0420174,8.86446],[77.0420824,8.8647959],[77.0421649,8.8651093],[77.0423073,8.865689],[77.0423449,8.8658242],[77.042479,8.8660865],[77.0426021,8.8662065],[77.0428786,8.866447],[77.0434553,8.8672128],[77.0435143,8.867295],[77.0435492,8.8673957],[77.0435599,8.8674991],[77.0435546,8.8678356],[77.0435516,8.8679503],[77.0435653,8.8680158],[77.043635,8.8681722],[77.0442627,8.8691369],[77.0443217,8.8691793],[77.0444129,8.8692084],[77.044488,8.8692217],[77.0450325,8.8692323],[77.0451478,8.8692932],[77.0452068,8.8693701],[77.0452685,8.8695582],[77.0452953,8.8696669],[77.0452792,8.869757],[77.0452307,8.8699061],[77.0452199,8.8699723],[77.0452023,8.8702454],[77.0451639,8.8708435],[77.0451612,8.8709681],[77.0452173,8.8712047],[77.0453272,8.8716684],[77.0453677,8.8717817],[77.0454318,8.8718645],[77.0455367,8.8719248],[77.0456494,8.8719486],[77.0457996,8.8719407],[77.046218,8.8719168],[77.0468537,8.8718903],[77.0475108,8.8717313],[77.0476288,8.8717419],[77.0477039,8.8717817],[77.0477683,8.8718373],[77.0478139,8.8719195],[77.0478515,8.8721739],[77.0478702,8.8722455],[77.0479075,8.8722938],[77.0479668,8.8723303],[77.0484791,8.8726536],[77.048691,8.8728126],[77.0488492,8.8730882],[77.0489598,8.8731749],[77.0491416,8.8732313],[77.0492723,8.8732703],[77.0494045,8.8733664],[77.0495922,8.8736871],[77.0498953,8.8742569],[77.0503271,8.8749486],[77.0503698,8.8752275],[77.0503674,8.8753673],[77.0503537,8.8754474],[77.0502947,8.8756091],[77.0500721,8.8760146],[77.0500023,8.8761285],[77.0499809,8.8762796],[77.0500077,8.8764518],[77.0501018,8.8767824],[77.050252,8.8771056],[77.0502762,8.8772594],[77.0502357,8.8777027],[77.0501796,8.8780068],[77.0501394,8.8781605],[77.050067,8.8783142],[77.0498751,8.8787089],[77.0498497,8.8791728],[77.0499275,8.8801957],[77.0499245,8.8802865],[77.0499034,8.8803733],[77.0496697,8.8806999],[77.0495305,8.8809165],[77.0491655,8.8816354],[77.0487849,8.8821647],[77.0483852,8.8829014],[77.048334,8.8830505],[77.0483128,8.8831691],[77.0482592,8.8838952],[77.0482162,8.8840224],[77.0481489,8.8841184],[77.0474113,8.8849346],[77.0473764,8.8850168],[77.047374,8.8851036],[77.0474194,8.8855097],[77.0474089,8.8855938],[77.0473335,8.8858145],[77.0470763,8.8864259],[77.0470334,8.8878199],[77.0470009,8.8880458],[77.046961,8.8881617],[77.0469017,8.8882498],[77.0468373,8.8883081],[77.0465533,8.8884691],[77.0464567,8.8885539],[77.0463977,8.8886546],[77.046376,8.888801],[77.0463813,8.8888673],[77.0464165,8.8889355],[77.0465291,8.8890918],[77.0468832,8.8894946],[77.047041,8.8897579],[77.0472533,8.8901121],[77.0473228,8.8902797],[77.0474184,8.8904724],[77.0476315,8.8909018],[77.0477147,8.8910767],[77.0477707,8.8911807],[77.0478431,8.891292],[77.0479132,8.8913602],[77.0482404,8.8915802],[77.0483906,8.8916835],[77.0486237,8.8917875],[77.0494098,8.8920492],[77.049641,8.8921583],[77.0497247,8.8922056],[77.0497944,8.8922613],[77.0498631,8.8923194],[77.0499339,8.8923964],[77.0499768,8.8924733],[77.0500079,8.8925553],[77.050032,8.8926692],[77.0500508,8.8931383],[77.050075,8.8932204],[77.0501163,8.8932815],[77.0501715,8.8933238],[77.0509467,8.8936895],[77.0510406,8.8937319],[77.0511237,8.8937451],[77.0512042,8.8937319],[77.0512954,8.893708],[77.0513957,8.8936181],[77.0514654,8.8935651],[77.0515593,8.8935359],[77.0516923,8.8935225],[77.0518087,8.893528],[77.0518881,8.8935649],[77.0519579,8.8936285],[77.0521038,8.8938327],[77.0521805,8.8939094],[77.0522942,8.8939864],[77.0524149,8.8940633],[77.0525142,8.8941269],[77.0526096,8.8941771],[77.0527196,8.8942195],[77.0528333,8.8942514],[77.0531139,8.8942698],[77.0532062,8.8942805],[77.0532856,8.8943228],[77.0533338,8.8943785],[77.0533553,8.8944474],[77.0533553,8.8945216],[77.0533177,8.8947309],[77.0532882,8.894882],[77.0532882,8.8949774],[77.0533,8.8950808],[77.0533483,8.8951842],[77.0534224,8.8952635],[77.0535254,8.895333],[77.0538622,8.8955603],[77.0540017,8.8956451],[77.0540859,8.8957274],[77.0541653,8.8958147],[77.0542351,8.8959048],[77.0542801,8.8959783],[77.0545838,8.8964746],[77.054624,8.8966018],[77.0546481,8.8967104],[77.0547082,8.8970948],[77.0547286,8.8971821],[77.0547619,8.8972564],[77.0547983,8.8973146],[77.0548547,8.897365],[77.0549469,8.8974181],[77.0550515,8.8974525],[77.055426,8.8974789],[77.0555746,8.8974949],[77.0556631,8.8975135],[77.0557328,8.8975453],[77.0557934,8.8976114],[77.0558688,8.8977495],[77.0559742,8.8979295],[77.0561166,8.8982513],[77.0561958,8.8984302],[77.0564559,8.8990132],[77.0565403,8.8991324],[77.0565911,8.8992041],[77.0570954,8.8997129],[77.0571437,8.8998004],[77.0571694,8.8998956],[77.0571667,8.9000149],[77.0571141,8.9003012],[77.0571437,8.9006324],[77.0571526,8.9006778],[77.0571624,8.9007278],[77.0572158,8.9008543],[77.0574133,8.9010811],[77.0574821,8.9011638],[77.0575698,8.9012827],[77.0576186,8.901375],[77.0576577,8.9014919],[77.0576495,8.9016101],[77.0576334,8.901891],[77.0575369,8.9028635],[77.0575044,8.9032678],[77.0574537,8.903897],[77.0574108,8.9042918],[77.0574065,8.9045887],[77.0574119,8.9048564],[77.0574182,8.9050731],[77.0574296,8.9054631],[77.0574215,8.9057386],[77.0574028,8.9059082],[77.0573652,8.9060752],[77.0573277,8.9062156],[77.0572445,8.9063985],[77.057141,8.9065788],[77.0570955,8.9066434],[77.0569414,8.9068622],[77.0568003,8.9070478],[77.056733,8.9071186],[77.0566491,8.9072067],[77.0563111,8.90753],[77.0556376,8.908139],[77.0554687,8.9083254]],[[77.0554687,8.9083254],[77.0551837,8.908824],[77.0547967,8.9094539],[77.0547179,8.9095968],[77.0546669,8.9097108],[77.0546566,8.9097541],[77.0546374,8.9098353],[77.0545221,8.9103573],[77.0544818,8.9104925],[77.0544416,8.9105932],[77.054396,8.9106647],[77.0543662,8.9106987],[77.0543263,8.9107442],[77.0542785,8.9107807],[77.0540554,8.9109509],[77.0539937,8.9110145],[77.0539561,8.9110808],[77.053932,8.9111576],[77.053933,8.9112743],[77.0539525,8.9114871],[77.0539776,8.9117618],[77.0540312,8.9121407],[77.054121,8.9128365],[77.0541331,8.9129303],[77.0541278,8.913031],[77.0541063,8.9130893],[77.0539921,8.9132511],[77.0539561,8.9133199],[77.0539508,8.9133967],[77.0539829,8.9134709],[77.0540269,8.9135161],[77.0542093,8.9135797],[77.0543059,8.9136274],[77.0544185,8.9137175],[77.054735,8.9140195],[77.0549807,8.9142446],[77.0550408,8.9143163],[77.0550826,8.9143957],[77.0551347,8.9146581],[77.0551669,8.9148489],[77.055265,8.9151986],[77.0552919,8.9153629],[77.0552909,8.9156703],[77.0552902,8.9158718],[77.0553321,8.916383],[77.0553428,8.9166003],[77.0553321,8.9167143],[77.0553026,8.9167938],[77.0551417,8.9169819],[77.0549096,8.9171906],[77.0547313,8.9173184],[77.0545998,8.9174377],[77.0544749,8.9175862],[77.0543638,8.9177344],[77.0543247,8.9178061],[77.0542914,8.9178775],[77.0542619,8.9179756],[77.0542512,8.9181001],[77.0542817,8.9182725],[77.0543263,8.918373],[77.0543837,8.9184606],[77.054447,8.9185055],[77.0545247,8.918532],[77.0548906,8.9186143],[77.0550623,8.9186487],[77.0552339,8.9186885],[77.0553804,8.9187254],[77.0555156,8.9187812],[77.0556389,8.9188528],[77.0557596,8.9189296],[77.0559034,8.919062],[77.0560466,8.9191999],[77.0561432,8.91929],[77.0563218,8.9194303],[77.0564693,8.9195336],[77.0567295,8.9196529],[77.0570981,8.9198199],[77.0576077,8.9200558],[77.0579016,8.9201696],[77.0580304,8.9202173],[77.0581146,8.9202863],[77.0581683,8.9203711],[77.0582611,8.9205803],[77.0583952,8.9208559],[77.0590362,8.9219582],[77.0595323,8.9230048],[77.059594,8.9231029],[77.0596596,8.9231984],[77.059732,8.9232964],[77.059791,8.92336],[77.0598703,8.9234155],[77.0601236,8.9235508],[77.0601868,8.9236143],[77.0602389,8.9236753],[77.0602845,8.9237601],[77.0602994,8.923858],[77.0603048,8.9240462],[77.0603101,8.9241548],[77.060337,8.9242581],[77.0603918,8.9243457],[77.0604642,8.9244252],[77.0605542,8.9244913],[77.0608853,8.924661],[77.0618482,8.9252837],[77.0622225,8.9255406],[77.0623486,8.9256254],[77.0624464,8.9256679],[77.0625632,8.9257022],[77.0626893,8.9257155],[77.062818,8.9257155],[77.0629453,8.9256997],[77.0630809,8.9256572],[77.0636119,8.9254055],[77.0640143,8.9252339],[77.0643817,8.9251008],[77.0645251,8.9250585],[77.0646351,8.9250399],[77.0647438,8.9250292],[77.0648484,8.9250504],[77.0649194,8.9250929],[77.064973,8.9251486],[77.0650255,8.9252253],[77.0650523,8.9253392],[77.0650496,8.9254346],[77.0650147,8.9255221],[77.0649343,8.9256599],[77.0648699,8.9258135],[77.0647706,8.9263673],[77.0646796,8.9265872],[77.064599,8.9267621],[77.0643334,8.9277213],[77.0642569,8.9279758],[77.0642274,8.9280606],[77.0641698,8.9281797],[77.0641081,8.9282804],[77.0640262,8.9283733],[77.0639216,8.9284581],[77.0638131,8.9285189],[77.0636566,8.9286014],[77.0635539,8.9286384],[77.06351,8.9286487],[77.0632123,8.9287176],[77.0629789,8.9287812],[77.0627644,8.9288581],[77.0626168,8.9289243],[77.0622333,8.9291575],[77.061662,8.929547],[77.0614608,8.9297219],[77.0610209,8.930008],[77.0603316,8.9304108],[77.0600982,8.9305724],[77.0597925,8.9307923],[77.0596193,8.9309382],[77.0594681,8.9310944],[77.0592347,8.9313382],[77.0589826,8.9316243],[77.0586661,8.9321251],[77.0585802,8.9322338],[77.0584756,8.9323133],[77.0583496,8.9323769],[77.0581806,8.9324325],[77.0580223,8.9324696],[77.05784,8.932504],[77.057679,8.9325226],[77.0575288,8.9325332],[77.0573743,8.9325969],[77.0562226,8.9330181],[77.0558926,8.9331691],[77.0546036,8.9342927],[77.0540419,8.9347298],[77.0536165,8.9350346],[77.0532775,8.9352491],[77.0528993,8.9354531],[77.052667,8.9355566],[77.0520421,8.9357951],[77.0513984,8.9360441],[77.0512712,8.9361129],[77.0511827,8.9361765],[77.0511087,8.9362402],[77.0510271,8.9363461],[77.0509172,8.9364865],[77.0507788,8.9367251],[77.0506758,8.9369475],[77.0506248,8.9371436],[77.0506007,8.9373185],[77.0506034,8.9375119],[77.0506312,8.9377002],[77.0506929,8.9379042],[77.0507884,8.9381081],[77.0509773,8.9383414],[77.0510781,8.9384816],[77.0512857,8.9387653],[77.0514788,8.9390488],[77.0516237,8.9393244],[77.051739,8.9396794],[77.0518034,8.9399073],[77.0518908,8.9403152],[77.0519498,8.9406491],[77.0519965,8.9408241],[77.0520839,8.9409882],[77.0523023,8.9413275],[77.0525492,8.9417652],[77.0527168,8.9420508],[77.0528509,8.9422654],[77.0530176,8.942529],[77.0531047,8.9426349],[77.0534223,8.9430655],[77.0538916,8.943781],[77.054243,8.944091],[77.0548221,8.9445584],[77.0549911,8.9446749],[77.0551925,8.9447534],[77.0554366,8.9447693],[77.0558014,8.9447666],[77.0565095,8.9446845],[77.0566138,8.9447147],[77.0566945,8.9447481],[77.056767,8.9448064],[77.0569118,8.9449733],[77.0570403,8.9451466],[77.0570647,8.9452303],[77.0570432,8.9453416],[77.0569762,8.9454502],[77.056874,8.9455573],[77.0563697,8.9459282],[77.0562919,8.9460236],[77.0562466,8.9461126],[77.0561956,8.9462504],[77.0561578,8.9464767],[77.0561444,8.9466277],[77.056142,8.9467909],[77.056142,8.9469075],[77.0561474,8.9469896],[77.0561688,8.9470903],[77.0562225,8.9471936],[77.0562919,8.9472583],[77.0563834,8.9472996],[77.0564665,8.9473049],[77.0565711,8.9472943],[77.0567428,8.9472625],[77.0568364,8.9472609],[77.0569198,8.947289],[77.0570244,8.9473606],[77.0570781,8.9474136],[77.0571264,8.9474851],[77.0571529,8.9475656],[77.0571422,8.9476637],[77.0570593,8.947962],[77.0570513,8.9480574],[77.0570644,8.9481379],[77.0570995,8.9482323],[77.0571451,8.9482879],[77.0572337,8.9483594],[77.0574134,8.9484442],[77.0575153,8.9484469],[77.0576306,8.9484018],[77.0577004,8.9483197],[77.0578559,8.9480812],[77.0579283,8.9479779],[77.0580276,8.9478799],[77.0581939,8.9477447],[77.0585372,8.9474851],[77.0587545,8.9473182],[77.0591163,8.9469456],[77.0592104,8.9468704],[77.0593124,8.9468095],[77.0594438,8.9467671],[77.0596074,8.9467247],[77.0597174,8.9467194],[77.0598274,8.9467273],[77.0599936,8.9467671],[77.0607688,8.9468757],[77.0609312,8.9469392],[77.0615517,8.9473272],[77.0616727,8.9473791],[77.06178,8.947403],[77.0619222,8.9473685],[77.0623969,8.9472519],[77.062694,8.9471788],[77.0631774,8.9470161],[77.0632928,8.9470055],[77.0634186,8.9470251],[77.0635234,8.9470824],[77.0635959,8.9471406],[77.0636629,8.9472148],[77.0637166,8.947297],[77.0637514,8.9474056],[77.0637729,8.9475434],[77.0637592,8.9476584],[77.063719,8.9477564],[77.0636036,8.9479286],[77.0635339,8.9480267],[77.0634642,8.9481512],[77.0634376,8.9482773],[77.0634373,8.9483791],[77.0634725,8.9484813],[77.063738,8.9489424],[77.063797,8.9490563],[77.0638212,8.9491596],[77.0638319,8.949361],[77.0638426,8.9495067],[77.0639955,8.9507864],[77.0640518,8.9509693],[77.0644729,8.9517111],[77.064548,8.9518939],[77.0645668,8.9520291],[77.0645507,8.9521298],[77.0644727,8.9522686],[77.0643737,8.9523868],[77.0640352,8.9525118],[77.0636814,8.952568],[77.0635232,8.952515],[77.063322,8.9524726],[77.0630406,8.9524874],[77.0627697,8.9525378],[77.0625281,8.9526183],[77.0623111,8.9527233],[77.0620616,8.9529087],[77.061761,8.9531615],[77.0615652,8.9533628],[77.0612945,8.9535049],[77.0611923,8.9535828],[77.0610984,8.9536887],[77.0610394,8.9537841],[77.0609941,8.9538943],[77.06097,8.9539871],[77.0609778,8.9540888],[77.0610022,8.9541831],[77.0610612,8.9542706],[77.0614874,8.9547565],[77.0615735,8.9548535],[77.0616808,8.9549171],[77.0617958,8.9549764],[77.0626624,8.9552641],[77.0628341,8.9553383],[77.0628687,8.9554401],[77.0628717,8.9555053],[77.062858,8.9556202],[77.0626088,8.956059],[77.0625391,8.9561888],[77.0625254,8.9562694],[77.0625498,8.9563557],[77.0626356,8.9564644],[77.0627161,8.9565545],[77.0628333,8.9566427],[77.0629709,8.9566896],[77.0631721,8.9567267],[77.0634457,8.9566896],[77.0636307,8.956679],[77.0637672,8.9567198],[77.0640084,8.9569641]],[[77.0640084,8.9569641],[77.0645853,8.9578091]],[[77.0645853,8.9578091],[77.064673,8.957926],[77.0647304,8.9580037],[77.0647972,8.9580657],[77.0648753,8.9581177],[77.0649557,8.9581654],[77.0654168,8.958344],[77.0656264,8.9584315],[77.0663033,8.9587373],[77.0664092,8.9587784],[77.0665061,8.9587945],[77.0666053,8.9587959],[77.0672823,8.9587387],[77.0673976,8.9587506],[77.0674986,8.9587879],[77.067588,8.9588582],[77.0676611,8.9589684],[77.0677177,8.9590957],[77.067733,8.959205],[77.0677305,8.9593152],[77.0677118,8.9594171],[77.067686,8.9595229],[77.0674998,8.9602876],[77.0674691,8.9603577],[77.067414,8.9604267],[77.0672916,8.9605218],[77.0672369,8.9605803],[77.0671924,8.9606503],[77.0671189,8.9608135],[77.067113,8.9608485],[77.0671169,8.9608811],[77.0671324,8.9609155],[77.0671616,8.9609325],[77.0672029,8.960932],[77.0672467,8.9609106],[77.0672833,8.960881],[77.0673239,8.9608397],[77.0676594,8.9605684],[77.0677034,8.9605099],[77.0677881,8.9603273],[77.0678767,8.9602081],[77.0679759,8.9601445],[77.0680779,8.9600994],[77.0681691,8.9600835],[77.0682412,8.9600873],[77.0682776,8.9601101],[77.0682995,8.9601463],[77.0683065,8.9601843],[77.0683019,8.9602252],[77.0682897,8.960277],[77.0680695,8.9608451],[77.0680216,8.960926],[77.0679249,8.9610798],[77.0678821,8.9611777],[77.0678176,8.9614586],[77.0677959,8.9616637],[77.0678096,8.9618587],[77.0678526,8.9620255],[77.0679169,8.9622085],[77.0680963,8.962758],[77.0681207,8.9628814],[77.0681342,8.9630323],[77.06811,8.963761],[77.0681289,8.963904],[77.068169,8.964034],[77.0684238,8.9644949],[77.0685472,8.9647916],[77.0686009,8.9649876],[77.0686519,8.9651757],[77.0687056,8.9652897],[77.0687859,8.9653984],[77.0688664,8.9655574],[77.0689037,8.9657015],[77.0689067,8.9658619],[77.0688608,8.9661439],[77.0688583,8.9663363],[77.0688798,8.9664555],[77.0689385,8.9665626],[77.0690246,8.9666675],[77.0692929,8.9669245],[77.0693546,8.9670119],[77.0694026,8.967111],[77.0694511,8.9672397],[77.0695504,8.9673749],[77.0696818,8.9675153],[77.0698076,8.9676144],[77.0699552,8.9677044],[77.070157,8.9678137]],[[76.9622491,8.5116352],[76.9622961,8.5116703],[76.9623524,8.5116878],[76.9624114,8.5116855],[76.9624661,8.5116637],[76.9624782,8.5116555]],[[76.9624782,8.5116555],[76.9625096,8.5116257],[76.9625324,8.5115891],[76.9625453,8.511548],[76.9625474,8.5115051]],[[76.9625474,8.5115051],[76.9625373,8.5114594]],[[76.9625373,8.5114594],[76.9625044,8.511405]],[[76.9574202,8.4985517],[76.9574492,8.498557],[76.9574785,8.498554],[76.9575058,8.4985431],[76.957529,8.498525],[76.9575461,8.4985013],[76.9575558,8.4984737]],[[76.9575558,8.4984737],[76.9575575,8.4984467],[76.957552,8.4984201],[76.9575464,8.4984068],[76.9575397,8.4983959]],[[76.9575397,8.4983959],[76.9575104,8.4983674],[76.9574722,8.4983523],[76.957431,8.498353],[76.9573934,8.4983694]],[[76.9573934,8.4983694],[76.9573694,8.4983925]],[[76.9573694,8.4983925],[76.9573553,8.4984186],[76.9573492,8.4984475],[76.9573516,8.498477],[76.9573624,8.4985045],[76.9573807,8.4985279],[76.9573991,8.498542],[76.9574202,8.4985517]],[[76.9574202,8.4985517],[76.9575351,8.4988725]],[[76.9575351,8.4988725],[76.9576342,8.4992898],[76.9577817,8.4996853],[76.9578819,8.4999136],[76.9579649,8.5000524],[76.9580525,8.5001777],[76.9581359,8.5002567],[76.9583861,8.5004859],[76.9589101,8.500959]],[[76.9589101,8.500959],[76.9590085,8.5010784],[76.9594194,8.5019877]],[[76.9594194,8.5019877],[76.9594541,8.5020503]],[[76.9594541,8.5020503],[76.9597068,8.5029425],[76.9598496,8.5034794],[76.9599037,8.5036978],[76.959945,8.5038257],[76.9599872,8.5039028],[76.9600603,8.5039981],[76.9602095,8.5042083],[76.9606237,8.5047433],[76.9606386,8.5047626],[76.9609041,8.5051071],[76.9609142,8.5051203],[76.9610482,8.5053056],[76.9612737,8.5056256],[76.9613107,8.5056813],[76.9615263,8.5060591],[76.9617212,8.5064698],[76.9618121,8.5066628],[76.9618862,8.5070064],[76.9618991,8.5070705],[76.9620319,8.5077299],[76.9620982,8.5079847],[76.9621701,8.508321],[76.9621742,8.5083412],[76.9621861,8.5083998],[76.9622026,8.5085034],[76.962258,8.50885],[76.9622732,8.5089258],[76.9624048,8.5095817],[76.9624452,8.5097643],[76.9624549,8.5098381],[76.9625008,8.5100339],[76.962504,8.5103566],[76.9624586,8.5107841]],[[76.9624586,8.5107841],[76.9624042,8.5110767],[76.9623734,8.5112014],[76.9623094,8.5113604]],[[76.9575397,8.4983959],[76.9576102,8.4980108],[76.9576915,8.4977292],[76.9577754,8.4973638],[76.9578359,8.4971002],[76.9578994,8.496872],[76.9579601,8.4966328],[76.9579797,8.4965573],[76.9580265,8.4963774],[76.9582269,8.4959383],[76.9582362,8.4959013],[76.958258,8.4957608],[76.9582509,8.4956636],[76.9582533,8.4955238],[76.9582457,8.4952304],[76.9582601,8.4950075],[76.9582311,8.4949082]],[[76.9582311,8.4949082],[76.9582008,8.494593],[76.9581775,8.4943477],[76.9581739,8.4943103],[76.9581533,8.4939759],[76.9581361,8.4936605],[76.9581175,8.4934868],[76.9581227,8.4933947],[76.9581746,8.49329],[76.9583657,8.4932666],[76.9587338,8.4931557],[76.9587369,8.4931046],[76.958747,8.4929401],[76.958745,8.492889],[76.9587349,8.4926367],[76.9587302,8.4925169],[76.9587281,8.4924872],[76.9586924,8.4919895],[76.9586669,8.4916342],[76.9586006,8.4912772],[76.9585722,8.4910319],[76.9585698,8.4910108],[76.9585678,8.4909789],[76.9585679,8.4909114],[76.9585821,8.4905276],[76.9585744,8.4904793],[76.958551,8.4904172],[76.9584798,8.4902906],[76.9584225,8.4902527],[76.9583776,8.4902305],[76.9580824,8.4901547],[76.9579948,8.4901161],[76.9579161,8.4900743],[76.9578555,8.49],[76.9578085,8.4899322],[76.9577455,8.4897508],[76.9576912,8.4895941],[76.9576434,8.4894564],[76.9574875,8.488998],[76.9574474,8.4888863],[76.9573178,8.4886789],[76.9572418,8.4885595],[76.9571072,8.4883483],[76.9569834,8.4881762],[76.9566272,8.4876767],[76.9565721,8.4876074],[76.9563943,8.4873672],[76.9562655,8.4871802],[76.9561909,8.4870763]],[[76.9561909,8.4870763],[76.9560975,8.4869656]],[[76.9560975,8.4869656],[76.9557605,8.486571]],[[76.9557605,8.486571],[76.9556071,8.4864116],[76.9555801,8.4863848]],[[76.9554165,8.4862058],[76.9555801,8.4863848]]]}},{"type":"Feature","properties":{"full_id":"r5941390","osm_id":"5941390","osm_type":"relation","official_name":null,"via":null,"public_transport:version":null,"length":null,"road_marking":null,"lane_markings":null,"highway":null,"operator":"ne","wikipedia:en":null,"to":"Ponmudi","source_ref":null,"name:ml":null,"from":"Thiruvananthapuram","alt_name:ml":null,"wikipedia":null,"wikidata":"Q7603306","type":"route","short_name":null,"route":"road","ref":"SH45","network":"IN:SH:KL","name":"Kerala State Highway 45","distance":"61","alt_name":null},"geometry":{"type":"MultiLineString","coordinates":[[[77.0203358,8.6418857],[77.020403,8.6418138],[77.0206531,8.6416779],[77.0208882,8.6415513],[77.0210039,8.6414314],[77.0210579,8.6413577],[77.0211145,8.6412986],[77.02121,8.6411917],[77.0212671,8.6410797],[77.0213238,8.6409657],[77.0215735,8.6404314],[77.0217102,8.6399918],[77.0219274,8.6394634],[77.0220527,8.6393289],[77.0222018,8.6391495],[77.022224,8.639001],[77.0222221,8.6388303],[77.0220221,8.6381045],[77.0219985,8.6376815],[77.0220132,8.6373276],[77.0220579,8.6372271],[77.0222168,8.6370656],[77.0226746,8.6370311],[77.0229005,8.6370093],[77.0232711,8.6370416],[77.0236435,8.6371225],[77.0241572,8.6371338],[77.0246859,8.6371378],[77.0255602,8.6370455],[77.0256775,8.6370022],[77.0259902,8.6368167],[77.0261253,8.6364791],[77.0262624,8.6356296],[77.0264935,8.6352485],[77.0266059,8.6350915],[77.0267091,8.6349471],[77.0267375,8.6349152],[77.0267625,8.634887],[77.0268835,8.6348537],[77.0272989,8.6348451],[77.0276074,8.6347837],[77.0279352,8.6347323],[77.0286612,8.6346964],[77.0293558,8.6346252],[77.0296041,8.6346539],[77.0297082,8.6347346],[77.0300516,8.6351039],[77.0302196,8.6352103],[77.0304713,8.635203],[77.0308134,8.6351144],[77.0312052,8.6350082],[77.0316413,8.6349974],[77.0318016,8.6350342]],[[77.0318016,8.6350342],[77.031899,8.6350615],[77.0319937,8.6351125],[77.0320598,8.635187],[77.0321098,8.6352715],[77.032288,8.635647],[77.032391,8.6361589],[77.0324152,8.6364314],[77.0323943,8.6366721],[77.0323259,8.6368025],[77.032191,8.6369414],[77.0320703,8.6370421],[77.0319244,8.6371208],[77.0316918,8.6371793],[77.0316219,8.6372116],[77.0315667,8.6372756],[77.0315224,8.6373224],[77.0314992,8.6373847],[77.031429,8.6378018],[77.031375,8.6381333],[77.031483,8.6387149],[77.0316658,8.6393918],[77.0320024,8.6399848],[77.0327288,8.6412215],[77.0329573,8.6414799],[77.0332063,8.6415932],[77.0334473,8.6415881],[77.0339379,8.6415038],[77.0341625,8.6414226],[77.035512,8.640893],[77.0356053,8.640857],[77.035673,8.64079],[77.0358836,8.6405284],[77.0359427,8.6404721],[77.0360093,8.6404362],[77.0366371,8.6403671],[77.0369169,8.6403801],[77.0371577,8.6404304],[77.0373378,8.6405098],[77.0375066,8.6406393],[77.0378195,8.6407754],[77.0380131,8.640884],[77.0381227,8.6409406],[77.0382484,8.6409514],[77.0384451,8.6408952],[77.03883,8.6408025],[77.0391523,8.6407861],[77.039397,8.6408353],[77.0397162,8.6408333],[77.0398552,8.6408235],[77.0400012,8.64079],[77.0402075,8.6406692],[77.040829,8.6400742],[77.0415872,8.639523],[77.0417824,8.639393],[77.0420284,8.6393078],[77.0429448,8.6392927],[77.043244,8.6392707],[77.0432837,8.6392643],[77.0439773,8.639152],[77.0441204,8.6391526]],[[77.0441204,8.6391526],[77.0442131,8.6392047],[77.0442723,8.6392892],[77.0442902,8.6394059],[77.0441672,8.6398248],[77.0441813,8.6399054],[77.0442492,8.6399678],[77.044359,8.6399806],[77.0444611,8.6399547],[77.0449568,8.6398198],[77.0450593,8.6398363],[77.0451513,8.6398904],[77.0452327,8.6400267],[77.0452645,8.6401649],[77.0452306,8.6403174],[77.0451275,8.640448],[77.0443773,8.6410723],[77.0437826,8.6416963],[77.0437667,8.6418525],[77.0438288,8.6419847],[77.0441081,8.6423521],[77.0443223,8.6427792],[77.0443559,8.6428365],[77.0444047,8.6428727],[77.0444616,8.642871],[77.0445116,8.6428561],[77.045434,8.6424698],[77.0456495,8.6423879],[77.0457637,8.6423691],[77.0458911,8.6423987],[77.0461574,8.6425029],[77.0466714,8.6427469],[77.0470443,8.6432556],[77.0471599,8.6433583],[77.0473217,8.6433603],[77.0476038,8.6432739],[77.0480145,8.6432651],[77.0482769,8.6432998],[77.0485357,8.6433908],[77.0491527,8.6438697],[77.0492862,8.6441384],[77.0495676,8.6448274],[77.0496286,8.6448955],[77.0497196,8.6449457],[77.0499417,8.6450315],[77.0503283,8.6451043],[77.0514298,8.645104],[77.051541,8.645136],[77.0516308,8.6452058],[77.051707,8.6454126],[77.0517103,8.6455198],[77.0516849,8.6456003],[77.0514264,8.6458609],[77.0513961,8.6459256],[77.0513923,8.6459913],[77.051394,8.6460146],[77.0514152,8.64605],[77.0514514,8.6460882],[77.0515241,8.6460991],[77.0516071,8.6460985],[77.0516836,8.6460699],[77.0517865,8.6459997],[77.0518212,8.6459761],[77.0521872,8.6456499],[77.0524317,8.6455138],[77.0525543,8.6454602],[77.052698,8.6454362],[77.0528082,8.6454435],[77.0529195,8.6454676],[77.0531677,8.6456417],[77.0532694,8.6456777],[77.053379,8.6456834],[77.0534439,8.6456683],[77.0534929,8.645622],[77.0535791,8.6454871],[77.0536657,8.6453453],[77.0537379,8.6452845],[77.0538218,8.6452284],[77.0539435,8.6451791],[77.0540124,8.6451604],[77.054175,8.6451209],[77.0546392,8.6450162],[77.0547226,8.6449974],[77.0547851,8.6450001],[77.0548437,8.6450152],[77.0549402,8.6450695],[77.0549773,8.6451015],[77.0550126,8.6451521],[77.0550421,8.6451878],[77.0550699,8.6452163],[77.0551112,8.6452531]],[[77.0551112,8.6452531],[77.0551548,8.6452568],[77.0552002,8.6452424],[77.0552974,8.6451813],[77.0554242,8.6451185],[77.0555592,8.6450463],[77.0556939,8.6449902],[77.0557866,8.6449661],[77.0558977,8.6449526],[77.0559974,8.6449681],[77.0561664,8.6450448],[77.0563523,8.6451672],[77.0564304,8.6452278],[77.0564651,8.645244],[77.0565155,8.6452615],[77.0565687,8.6452595],[77.0566081,8.6452495],[77.0566437,8.6452329],[77.0567413,8.6451484],[77.0568955,8.645076],[77.057162,8.645034],[77.0572951,8.645021],[77.0573511,8.6450325],[77.0574003,8.6450515],[77.0576798,8.6451653],[77.0579238,8.6452727],[77.058029,8.6453321],[77.0581444,8.6454006],[77.0582711,8.6454694],[77.0585237,8.6455537],[77.0586024,8.6455982],[77.0586721,8.6456598],[77.0587052,8.6457253],[77.0587384,8.6457909],[77.0587574,8.6459095],[77.0587226,8.6461717],[77.0586342,8.6463715],[77.0585269,8.6465338],[77.0584006,8.6466275],[77.0583059,8.6467305],[77.0582364,8.6468584],[77.0581701,8.6470645],[77.0581543,8.6472205],[77.0581751,8.6473007],[77.0582238,8.6473735],[77.0584637,8.647645],[77.0586257,8.6477695],[77.058983,8.6481282],[77.0592468,8.6484129],[77.0595499,8.6486096],[77.0600235,8.6488281],[77.0604151,8.6489295],[77.0606139,8.648981],[77.0608886,8.6490341],[77.0611033,8.6491121],[77.0611817,8.6491779],[77.0612235,8.6492582],[77.0612475,8.649343],[77.0612521,8.6494626],[77.0612484,8.6496078],[77.0612552,8.6497183],[77.0612903,8.6498158],[77.0614166,8.6499404],[77.0616206,8.6501379],[77.0617461,8.6502894],[77.061858,8.6504685],[77.0620104,8.650719],[77.0621054,8.6507953],[77.0621469,8.6508079],[77.0621957,8.6508102],[77.0622653,8.6508059],[77.0623228,8.6507865],[77.0624375,8.6507044],[77.0625477,8.6506222],[77.0626997,8.650489],[77.0628682,8.650403],[77.063073,8.6503304],[77.0632763,8.6502368],[77.0635471,8.6500885],[77.0637873,8.6498852],[77.0639058,8.6497791],[77.0639162,8.6497699],[77.0639448,8.6497166],[77.0640385,8.6496634],[77.0642822,8.6496065],[77.064474,8.6495818],[77.0646026,8.6495762],[77.0646986,8.6495767]],[[77.0646986,8.6495767],[77.0647185,8.6495768],[77.0648327,8.6495861],[77.0649286,8.6495957],[77.0650138,8.6496108],[77.065101,8.6496291],[77.0651829,8.6496492],[77.0652404,8.6496621],[77.0659933,8.6500407],[77.0663341,8.6502094],[77.0665653,8.650277],[77.0667576,8.6502673],[77.0669414,8.6502062],[77.0670408,8.6500885],[77.0670889,8.6500201],[77.0671937,8.6499137],[77.0672763,8.6499211],[77.0673321,8.6499569],[77.0674477,8.6500897],[77.0677342,8.6504944],[77.0678933,8.6506065],[77.0680577,8.6507027],[77.0683605,8.6508553],[77.068602,8.6511086],[77.0687094,8.6512551],[77.0687832,8.651346],[77.068996,8.6515521],[77.069136,8.6516525],[77.0692384,8.6517437],[77.0694459,8.6518779],[77.0695635,8.6519537],[77.0696983,8.652006],[77.0697981,8.6520716],[77.0699355,8.6523355],[77.0700232,8.6526604],[77.070025,8.6528876]],[[77.070025,8.6528876],[77.0700302,8.6529231],[77.0700334,8.6533547],[77.0700472,8.653653],[77.0700537,8.6537946],[77.0702938,8.6544444],[77.0704339,8.6547707],[77.0705201,8.6549219],[77.0706036,8.6550479],[77.0708945,8.655424],[77.0710574,8.6556174],[77.0712243,8.6557696],[77.0714711,8.6559613],[77.0718641,8.6562551],[77.0721952,8.6564892],[77.0722991,8.6566309],[77.0724307,8.656842],[77.0726152,8.6573991],[77.0726469,8.6576383],[77.0727298,8.657829],[77.0729012,8.6579292],[77.0730593,8.6579762],[77.073276,8.6580302],[77.0734734,8.6580372],[77.0735538,8.6580126],[77.0736141,8.6579734],[77.0737014,8.6578919],[77.0739328,8.6576638],[77.0740446,8.657629],[77.0741407,8.6576062],[77.0741929,8.6576041],[77.0742893,8.6576002],[77.0744119,8.6576064],[77.0746374,8.6575928],[77.0748208,8.6575927],[77.0749962,8.6576032],[77.0751471,8.6576463],[77.07517,8.6576529],[77.0752477,8.6576739],[77.0752807,8.6577024],[77.0753765,8.6578249],[77.0756196,8.65823],[77.0758299,8.6585934],[77.0760767,8.6590455],[77.076138,8.6591412],[77.0762273,8.6591682],[77.076585,8.6591081],[77.0768133,8.6590607],[77.0775405,8.6592665],[77.0782469,8.6593579],[77.0789984,8.659169],[77.0793212,8.6591828],[77.0795645,8.6592542],[77.0797623,8.6593369],[77.0798682,8.6595338],[77.0799471,8.660198],[77.0800235,8.6605121],[77.0801074,8.6607917],[77.0801473,8.6611837],[77.0802568,8.6614014],[77.0803755,8.6615827],[77.0805254,8.6616773],[77.0806266,8.6617283],[77.0808591,8.6618993],[77.0809754,8.6620869],[77.0811066,8.662245],[77.0813082,8.662361],[77.0815735,8.6625681],[77.0817816,8.6628234],[77.0818189,8.6629436],[77.0818388,8.6635385],[77.081847,8.6636118],[77.0818887,8.6636697],[77.0819974,8.6637249],[77.0821321,8.6637777],[77.0822145,8.6639111],[77.0822168,8.6640316],[77.08214,8.6641984],[77.0819493,8.6643554],[77.0818232,8.6645616],[77.0817494,8.6647998],[77.0817989,8.6649969],[77.0819002,8.6651443],[77.0820666,8.6652904],[77.082166,8.6654474],[77.0822325,8.6656532],[77.0823236,8.6660614],[77.0824202,8.6663644],[77.0824527,8.6664353],[77.0828999,8.6675049],[77.0830997,8.6677502],[77.0834105,8.6678737],[77.0835799,8.6679354],[77.0837576,8.6681116],[77.0839133,8.6683389],[77.0839319,8.6683888],[77.0839406,8.6684306],[77.0839472,8.6684762],[77.083953,8.6685287],[77.0839618,8.6685762],[77.0839745,8.6686136],[77.0839917,8.6686533],[77.0840101,8.6686832],[77.084029,8.6687103],[77.0840513,8.6687359],[77.0840781,8.6687617],[77.0840976,8.6687779],[77.0841103,8.6687886],[77.0841207,8.6687977],[77.084147,8.6688171],[77.0841791,8.668839],[77.0842117,8.6688618],[77.0842428,8.6688851],[77.0842699,8.6689088],[77.0842836,8.6689223],[77.0842991,8.6689405],[77.0843191,8.6689656],[77.0843388,8.6689945],[77.0843577,8.6690307],[77.0843747,8.6690694],[77.0843854,8.6691086],[77.0843926,8.6691505],[77.0843944,8.6692117],[77.0843873,8.6692645],[77.0843734,8.6693254],[77.0843583,8.6693618],[77.0843369,8.6693979],[77.0843101,8.6694379],[77.0842798,8.6694757],[77.0842415,8.6695227],[77.0841985,8.6695708],[77.08414,8.6696321],[77.0840853,8.669682],[77.084055,8.6697126],[77.0840302,8.6697455],[77.0840078,8.6697796],[77.0840008,8.6698029],[77.0839996,8.6698316],[77.0840026,8.6698579],[77.0840107,8.6698885],[77.084025,8.6699311],[77.0840454,8.6699887],[77.0840737,8.6700525],[77.0840997,8.6701041],[77.0841186,8.6701404],[77.0841309,8.6701658]],[[77.0841309,8.6701658],[77.0842558,8.6701121],[77.084343,8.6700751],[77.08441,8.6700495],[77.0844584,8.6700298],[77.0844913,8.6700207],[77.0845321,8.6700167],[77.0845896,8.6700166],[77.0846403,8.6700214],[77.0846948,8.6700341],[77.0847472,8.6700465],[77.0848076,8.6700682],[77.0848685,8.6701007],[77.0849366,8.6701423],[77.084997,8.6701829],[77.0852106,8.670319],[77.0852954,8.6703785],[77.0853903,8.6704427],[77.0854744,8.6705126],[77.0855361,8.670574],[77.0855776,8.6706114],[77.0856195,8.6706473],[77.0856621,8.6706763],[77.0857043,8.6706972],[77.0857607,8.6707222],[77.0858358,8.6707587],[77.0859055,8.670795],[77.0859567,8.6708242],[77.0860055,8.6708549],[77.0860508,8.6708871],[77.0861062,8.6709298],[77.0861882,8.6710252],[77.0862534,8.6711421],[77.0863475,8.6712184],[77.086485,8.6712804],[77.0866225,8.6713281],[77.0868059,8.6714593],[77.0870593,8.6716311],[77.0871534,8.6716835],[77.0872475,8.671779],[77.0872813,8.6718696],[77.087303,8.6720175],[77.0873132,8.6721558],[77.0873404,8.6722174],[77.0873593,8.6722416],[77.0874266,8.6722888],[77.0875032,8.6723421],[77.0877002,8.6724767],[77.0879894,8.6726294],[77.088361,8.6728101],[77.0884497,8.6728337],[77.0885555,8.6729282],[77.0888592,8.673414],[77.0889411,8.6735185],[77.0892039,8.6738019],[77.0893869,8.6739375],[77.0896168,8.6740583],[77.0897849,8.6741168],[77.0900434,8.674119],[77.0906746,8.6740285],[77.0908965,8.6739807],[77.091091,8.6739874],[77.0914889,8.6740507],[77.0922861,8.6739168],[77.0928389,8.6740415],[77.0935794,8.6743787],[77.0938062,8.6746976],[77.0938233,8.6750802],[77.0939758,8.6754535],[77.0941402,8.6756975],[77.0941563,8.6757148]],[[77.0941563,8.6757148],[77.094215,8.6757778]],[[77.094215,8.6757778],[77.0943502,8.675923],[77.094938,8.6763952],[77.0952534,8.6765002],[77.0959188,8.6765546],[77.0961535,8.6766057],[77.0963757,8.676747],[77.0966181,8.6769544],[77.0968952,8.6772517]],[[77.0968952,8.6772517],[77.097353,8.6776661],[77.0975618,8.6778378],[77.0976947,8.6779842],[77.0979172,8.6782905],[77.0981397,8.6786558],[77.0982027,8.6787664],[77.0983582,8.6790643],[77.0984337,8.6792881],[77.0984655,8.679618],[77.0984655,8.6800893],[77.0983423,8.6813068],[77.0983423,8.6814718],[77.0984138,8.6817506],[77.0985211,8.6819509],[77.0985531,8.6820049],[77.0985886,8.6820648],[77.0986363,8.682218],[77.0986244,8.6823869],[77.0986045,8.6825361],[77.0985052,8.682811],[77.0984853,8.6829799],[77.0984972,8.6830703],[77.0986442,8.6831456],[77.0987777,8.683192],[77.0988294,8.6832206],[77.0992704,8.683362],[77.0994968,8.6834955],[77.0996279,8.6836163]],[[77.0996279,8.6836163],[77.0997074,8.6837508],[77.099789,8.6838287]],[[77.128668,8.7099637],[77.1286014,8.7099858],[77.1285539,8.7100618],[77.1285519,8.7101541],[77.1285758,8.7102739],[77.1286453,8.7104781],[77.1286592,8.7107432],[77.1284764,8.7108099],[77.1282242,8.7108119],[77.1277991,8.7107094],[77.1275666,8.7106588],[77.1271495,8.7106352],[77.1269508,8.710592],[77.1266965,8.7105861],[77.1265654,8.7106136],[77.12648,8.7106764],[77.1263966,8.7107589],[77.1262814,8.7108806],[77.1261066,8.7110456],[77.126047,8.7111084],[77.1259392,8.7113064],[77.1258774,8.7115369],[77.1258142,8.7118076],[77.1257917,8.7119673],[77.1257215,8.7121034],[77.125626,8.7122367],[77.125522,8.7123338],[77.1253479,8.7123866],[77.1251456,8.7123644],[77.1249208,8.7122367],[77.1244348,8.7119701],[77.1239418,8.7115676],[77.123861,8.7115378],[77.1237459,8.7115225],[77.1236194,8.7115142],[77.1234832,8.7115072],[77.1233863,8.7114656],[77.1232627,8.7113948],[77.1231732,8.7113616],[77.1231152,8.7113656],[77.1230323,8.7113976],[77.1229199,8.71146],[77.1228413,8.7115184],[77.1227387,8.7115947],[77.1226193,8.7116947],[77.1225042,8.7117683],[77.1224058,8.7117808],[77.1223173,8.7117669],[77.1221698,8.7116933],[77.1219858,8.7115308],[77.1218805,8.7114323],[77.1218111,8.7113581],[77.1217634,8.7112325],[77.1218191,8.7110989],[77.1219859,8.7109772],[77.122079,8.710795],[77.1220852,8.7106434],[77.1221409,8.7104942],[77.1222613,8.7103315],[77.1224309,8.7101446],[77.1224627,8.7099993],[77.122419,8.7097833],[77.1223134,8.7095589],[77.1222561,8.709422],[77.1221329,8.7093749],[77.1219096,8.7093915],[77.1212376,8.709417],[77.1208935,8.7094301],[77.1199556,8.7094945],[77.1193694,8.7094559],[77.1189943,8.7095202],[77.1187837,8.7096537],[77.1185747,8.7098422],[77.1183954,8.7100661],[77.1183272,8.7101512],[77.1182116,8.7102821],[77.1181262,8.7103292],[77.1180146,8.7103572],[77.1178957,8.7103489],[77.1178123,8.7103371],[77.117715,8.7102841],[77.1176276,8.7102153],[77.1175759,8.7101368],[77.1175422,8.7100308],[77.1175203,8.7096479],[77.1174965,8.7095732],[77.1174448,8.7094711],[77.1173762,8.7094044],[77.1173276,8.7093514],[77.1172124,8.7092944],[77.1170535,8.7092375],[77.1168767,8.7092002],[77.1167793,8.7091962],[77.116684,8.7091923],[77.1165787,8.7091687],[77.1164913,8.7091432],[77.1162569,8.7089999],[77.1159192,8.7088153],[77.1155259,8.7086209],[77.1153831,8.708606],[77.1153014,8.7085443],[77.1152796,8.7084854],[77.1152736,8.708399],[77.1153292,8.7083185],[77.1154027,8.7082576],[77.1156033,8.7081811],[77.1160543,8.7080024],[77.1162688,8.7079317],[77.1170257,8.7076018],[77.1171418,8.7075372],[77.1171925,8.7074899],[77.1172442,8.7073976],[77.1172561,8.7072857],[77.1172303,8.7071207],[77.1171886,8.7069008],[77.1171329,8.7067241],[77.1170038,8.7065591],[77.1168568,8.7064276],[77.1167615,8.7063392],[77.1167476,8.7062567],[77.116764,8.7061981],[77.1171131,8.7057757],[77.117131,8.705703],[77.1171329,8.7056225],[77.1170972,8.7054733],[77.116974,8.7054222],[77.1168161,8.7053997],[77.1167337,8.7053771],[77.1165787,8.7052691],[77.1163642,8.7050158],[77.1160345,8.7046915],[77.1158391,8.7046142],[77.1157484,8.7046191],[77.1156331,8.7046584],[77.1153491,8.7047683],[77.1151961,8.7048155],[77.115065,8.7048135],[77.1149776,8.7047742],[77.1149359,8.7046721],[77.1149299,8.7045582],[77.1149379,8.7044581],[77.1149697,8.7043246],[77.115061,8.7041753],[77.1156221,8.7033345],[77.1156976,8.7032128],[77.1157651,8.7031107],[77.1158326,8.7029457],[77.1158346,8.702879],[77.1158088,8.7027847],[77.1157274,8.7026433],[77.1156921,8.7026114],[77.1155843,8.7025137],[77.1154735,8.7024548],[77.1153777,8.7024038],[77.1151016,8.7022683],[77.1149601,8.7021893],[77.1149328,8.702174],[77.1147721,8.7020946],[77.1144322,8.7019266],[77.1142534,8.70185],[77.1140786,8.701799],[77.1139157,8.7017676],[77.113723,8.7017754],[77.1136109,8.7017787],[77.1135243,8.7017813],[77.1132741,8.7017676],[77.1131946,8.7017303],[77.1131191,8.7016615],[77.1130714,8.7015457],[77.112992,8.7013709],[77.1128807,8.7012433],[77.1127476,8.7010921],[77.1125688,8.7009703],[77.1124159,8.7009055],[77.1123166,8.7008231],[77.1122629,8.7006876],[77.1122631,8.7006775],[77.1122649,8.7005933],[77.1122749,8.7004794],[77.112257,8.7003754],[77.1121755,8.7003066],[77.1120404,8.7002242],[77.111957,8.7001535],[77.1119153,8.7000494],[77.1119252,8.6999414],[77.111953,8.699855],[77.111955,8.6997156],[77.1119074,8.699584],[77.1118398,8.6994377],[77.111669,8.6992777],[77.1114842,8.6991049],[77.1111364,8.6986908],[77.1110283,8.6986133],[77.1108396,8.6985171],[77.1107323,8.6984896],[77.1106283,8.6984719],[77.11049,8.6985093],[77.1100728,8.6986801],[77.1099358,8.698741],[77.1097888,8.6987645],[77.1097232,8.6987253],[77.1096974,8.6986781],[77.1097133,8.6986016],[77.1097848,8.6985191],[77.1098623,8.6984543],[77.1099894,8.6983659],[77.1101702,8.6982422],[77.1102695,8.6981381],[77.1103231,8.6980557],[77.1103648,8.6979594],[77.1103768,8.6978004],[77.1103708,8.6976885],[77.1103172,8.697553],[77.1102258,8.6974096],[77.1100847,8.6972918],[77.109961,8.6972083],[77.1099159,8.6971779],[77.1098485,8.6971309],[77.1097947,8.6970935],[77.1096199,8.6970267],[77.1094749,8.6969698],[77.1092524,8.6969226],[77.109026,8.696888],[77.1088054,8.6968775],[77.1086704,8.6968539],[77.1085472,8.6968029],[77.1084082,8.6967263],[77.1082751,8.6966104],[77.1081857,8.6965201],[77.1080844,8.6963944],[77.1080072,8.6962716],[77.1078927,8.6960896],[77.107695,8.6957719],[77.1075718,8.6955913],[77.1074864,8.6955363],[77.1073692,8.6955304],[77.1071726,8.6955304],[77.1070832,8.6955088],[77.1070107,8.6954686],[77.1069213,8.6952987],[77.1068819,8.6950265],[77.1068763,8.6948571],[77.1068594,8.694696],[77.1067864,8.6945072],[77.1067134,8.6943795],[77.1066064,8.6942272],[77.1064493,8.6941184],[77.1062498,8.6939712],[77.1061206,8.6938352],[77.1060532,8.693713],[77.1060616,8.6935352],[77.1061515,8.6932492],[77.1062049,8.6929993],[77.1061936,8.6927243],[77.1061863,8.6926989],[77.1061487,8.6925688],[77.1060335,8.6922411],[77.105834,8.6918662],[77.1056964,8.6915885],[77.1056262,8.6914219],[77.105629,8.6911748],[77.1056402,8.6909637],[77.1056458,8.6908137],[77.1056346,8.6906693],[77.1054548,8.6902111],[77.1052385,8.6898112],[77.1050165,8.6895585],[77.1048143,8.6892891],[77.1047873,8.6892503],[77.1045361,8.6888892],[77.104303,8.6886337],[77.1039574,8.6882838],[77.1039012,8.688235],[77.1036793,8.6880422],[77.1034742,8.6878284],[77.1033,8.687609],[77.1031034,8.6872674],[77.1029714,8.6870286],[77.1027382,8.6866787],[77.1024942,8.6864426],[77.1021366,8.6860302],[77.102121,8.6860124],[77.1020612,8.6859442],[77.1016479,8.6854725],[77.101241,8.68509],[77.1010582,8.6848544],[77.1009231,8.6846148],[77.1008635,8.6844027],[77.1008595,8.6841553],[77.1008238,8.6839825],[77.1007245,8.6838411],[77.1006172,8.6837783],[77.1004742,8.6837626],[77.1002557,8.6838058],[77.1000967,8.6839],[77.0999299,8.6839118],[77.0998226,8.6838608],[77.099789,8.6838287]],[[77.1290773,8.7099517],[77.128668,8.7099637]],[[77.1290773,8.7099517],[77.1292015,8.7099977],[77.129288,8.7100617],[77.129336,8.7102089],[77.1293216,8.7104557],[77.1292928,8.7105885],[77.12924,8.710973],[77.1290844,8.7114232],[77.1288681,8.7118564],[77.1286855,8.7120869],[77.12859,8.7123312],[77.1284862,8.7126008],[77.1285198,8.7129805],[77.1285085,8.7130727],[77.1284242,8.7131782],[77.1283087,8.7133086],[77.128255,8.7133429]],[[77.128255,8.7133429],[77.1281842,8.7133879]],[[77.1281842,8.7133879],[77.1281199,8.7134289],[77.1280424,8.7134782],[77.1275887,8.7136491],[77.127305,8.7138657],[77.1272432,8.7139546],[77.127233,8.714091],[77.127113,8.7146225],[77.1270314,8.7147507],[77.1268441,8.7150639],[77.1266212,8.7152881],[77.1265795,8.7154747],[77.1265676,8.7157221],[77.1264921,8.7159067],[77.1264544,8.7160304],[77.1264365,8.7161384],[77.1264663,8.7162228],[77.1265656,8.7162974],[77.1267444,8.716376],[77.126921,8.716426],[77.1272138,8.716426],[77.1273523,8.7163936],[77.1274774,8.716374],[77.127545,8.7164231],[77.1275211,8.7165429],[77.1274436,8.7167706],[77.1274933,8.7170298],[77.1275926,8.7172183],[77.1278429,8.71745],[77.1279964,8.7175697],[77.1280138,8.7176522],[77.1279919,8.7177602],[77.1278489,8.7178643],[77.1277674,8.7180371],[77.127684,8.7183041],[77.1274893,8.7185319],[77.1271337,8.7189128],[77.1269338,8.7190166]],[[77.1269338,8.7190166],[77.1269291,8.7190191]],[[77.1269291,8.7190191],[77.1268576,8.7190562]],[[77.1268576,8.7190562],[77.1264901,8.7193212],[77.1261842,8.7195785],[77.1260054,8.7198946],[77.1259678,8.7199569],[77.1257114,8.7203816],[77.1254711,8.7208587],[77.125334,8.7212023],[77.1251532,8.7217599],[77.1251075,8.7219357],[77.1250648,8.7219907],[77.1250181,8.7219975],[77.1249824,8.7219583],[77.1249824,8.7218738],[77.1250181,8.7217109],[77.1250479,8.7215008],[77.125042,8.7213751],[77.1249288,8.7213771],[77.1248711,8.7214497],[77.124818,8.7215846],[77.1246745,8.7219799],[77.1245255,8.7222547],[77.1245712,8.722404],[77.1246546,8.7224884],[77.1250547,8.7228134],[77.1251779,8.722996],[77.1251819,8.7231059],[77.1250627,8.7233789],[77.1249395,8.7236793],[77.1248799,8.7239836],[77.1247776,8.724488],[77.1247608,8.7247907],[77.124845,8.724999],[77.1250417,8.725446],[77.1252777,8.726268],[77.1253957,8.7265401],[77.1255586,8.7267733],[77.125803,8.7270233],[77.1261654,8.7273009],[77.1264688,8.7275259],[77.1266739,8.7277341],[77.1267694,8.7278841],[77.1268228,8.727959],[77.1268105,8.7280626],[77.1265849,8.7287507],[77.126505,8.7290252],[77.1265032,8.7291256],[77.1264408,8.72923],[77.1264017,8.7292785],[77.1263621,8.729285],[77.1263208,8.7292585],[77.1263042,8.7291978],[77.1263791,8.7289898],[77.1263587,8.7287271],[77.1263756,8.7285716],[77.1264552,8.7283473],[77.1264458,8.7282467],[77.1264024,8.7281765],[77.1261624,8.7279914],[77.1260778,8.7279218],[77.1259694,8.727868],[77.1258959,8.7278582],[77.1258383,8.7278759],[77.1258184,8.7279269],[77.125884,8.7280035],[77.1259751,8.7280673],[77.1260747,8.728137],[77.1261064,8.7282725],[77.1260985,8.7283785],[77.1259753,8.728622],[77.1257542,8.7289283],[77.1256306,8.7291088],[77.1250013,8.7298974],[77.1247035,8.7300113],[77.1245125,8.7302445],[77.1243832,8.7304778],[77.1242821,8.7307915],[77.123925,8.7317784],[77.1235793,8.7323906],[77.1232384,8.7327418],[77.1217692,8.7337384],[77.1215195,8.7341512],[77.1210111,8.7346437],[77.1207766,8.734899],[77.1205859,8.7349893],[77.1205422,8.7351699],[77.1204826,8.7353977],[77.1204509,8.7356058],[77.1203595,8.7359946],[77.1200551,8.7368135],[77.1199145,8.7370744],[77.1197755,8.7374004],[77.1196545,8.7375397],[77.1195212,8.7376752],[77.119455,8.7379093],[77.1195016,8.7381312],[77.1194748,8.738319],[77.1194158,8.7384941],[77.1194616,8.7386491],[77.1196881,8.7387865],[77.1198247,8.7389443],[77.1199687,8.7390202],[77.1200743,8.7390772],[77.1202424,8.7391056],[77.1202845,8.7391274],[77.1202664,8.7391816],[77.120213,8.739206],[77.1201554,8.7392119],[77.1200302,8.739202],[77.1197859,8.7391981],[77.1197383,8.7392377],[77.1197422,8.739312],[77.1197998,8.7393395],[77.1199771,8.7394018],[77.1201024,8.7394132],[77.1202538,8.7393673],[77.1204824,8.739248],[77.1205304,8.7392195],[77.121145,8.7388541],[77.1215243,8.7387972],[77.121774,8.7387545],[77.121894,8.7387639],[77.1218844,8.7388209],[77.1217116,8.7388921],[77.1215147,8.7389205],[77.1213947,8.7389775],[77.1211642,8.7391721],[77.121025,8.7394378],[77.1207957,8.7396991],[77.1206209,8.7400721],[77.1205057,8.7403588],[77.1206457,8.7405862],[77.1207352,8.7407209],[77.1207252,8.7408171],[77.120657,8.740969],[77.1204772,8.7412217],[77.1204014,8.7413799],[77.1203875,8.7414491],[77.1203985,8.7414965],[77.1204772,8.7415576],[77.1205811,8.7415196],[77.1206432,8.7414602],[77.1207873,8.7413843],[77.1208833,8.7413653],[77.1209505,8.7414033],[77.1209841,8.7414792],[77.1207788,8.7418418],[77.1207689,8.7419046],[77.1208424,8.7419282],[77.1209159,8.7419046],[77.1209934,8.7417593],[77.1211563,8.7415905],[77.1213351,8.7415021],[77.1215854,8.7413725],[77.1218039,8.7412488],[77.1220045,8.7411566],[77.1223184,8.7410073],[77.1224773,8.7407403],[77.1226243,8.7406107],[77.1227991,8.7404811],[77.1229858,8.7402652],[77.1231254,8.7401414],[77.1232758,8.7400595],[77.1234599,8.7400099],[77.1235133,8.7399646],[77.1235606,8.7398763],[77.1235831,8.7397319],[77.1235887,8.7395848],[77.1235697,8.7394188],[77.1235748,8.739169],[77.1236384,8.7390335],[77.1237298,8.7389648],[77.1238033,8.7389943],[77.1238251,8.7390885],[77.123841,8.739171],[77.1238728,8.7393614],[77.1239165,8.7396834],[77.1239701,8.7399799],[77.1239681,8.7400918],[77.1239009,8.740273],[77.1237425,8.7405008],[77.1236081,8.7407571],[77.1234928,8.7411225],[77.1233632,8.7414309],[77.1233008,8.7417489],[77.1231183,8.7421285],[77.1228879,8.7423231],[77.122598,8.7423586],[77.1225007,8.742443],[77.1224366,8.7425509],[77.1223795,8.7426472],[77.1223405,8.7428261],[77.1223815,8.7432068],[77.1224462,8.7434051],[77.1224318,8.7436376],[77.1224318,8.743685],[77.122451,8.7437183],[77.1225134,8.7437135],[77.1225518,8.7436993],[77.1225614,8.7436044],[77.1225758,8.7433671],[77.1225806,8.7429068],[77.1226094,8.7427075],[77.1226862,8.7426458],[77.1231904,8.7425936],[77.1236465,8.7423041],[77.1240498,8.7417631],[77.1243667,8.7412933],[77.1244867,8.7411984],[77.1246067,8.7412031],[77.1247604,8.7412506],[77.1248804,8.741317],[77.1249572,8.741374],[77.1249764,8.7414736],[77.12489,8.7417394],[77.1247748,8.7420763],[77.1247508,8.7422045],[77.124794,8.7422756],[77.12489,8.7423231],[77.1250869,8.7423278],[77.1252453,8.7423373],[77.1252789,8.7423895],[77.1252741,8.7424749],[77.1251445,8.74266],[77.1251061,8.7428309],[77.1252501,8.7430349],[77.1255334,8.7433244],[77.1256438,8.7433956],[77.125735,8.7433529],[77.1258935,8.743239],[77.1260327,8.74322],[77.1260903,8.7432912],[77.1260471,8.7433861],[77.1257975,8.7435712],[77.1257254,8.7436708],[77.1256342,8.7437278],[77.1255478,8.7436661],[77.125495,8.7435664],[77.125399,8.7434525],[77.1252501,8.7433908],[77.1251397,8.7434051],[77.1248852,8.7436044],[77.1245059,8.7438179],[77.1241746,8.7439603],[77.1238817,8.7441074],[77.1237761,8.7443304],[77.1236321,8.7446674],[77.1236033,8.744824],[77.1236177,8.7450802],[77.1235264,8.74527],[77.1233824,8.7455358],[77.1232624,8.7457114],[77.1230031,8.7458158],[77.1229407,8.745868],[77.1229695,8.7459629],[77.1230559,8.7459534],[77.1231567,8.745868],[77.123272,8.74583],[77.1235697,8.7455643],[77.1238193,8.745346],[77.1239346,8.7451039],[77.1239778,8.7449284],[77.1242274,8.7449141],[77.1243619,8.7449758],[77.1243811,8.7450802],[77.1244339,8.7451894],[77.1245587,8.7452036],[77.1248612,8.7452036],[77.1252501,8.7452511],[77.1254038,8.7452985],[77.1257927,8.7451277],[77.126316,8.7448857],[77.126508,8.7448524],[77.1265705,8.7448762],[77.1265753,8.7449284],[77.1264408,8.745009],[77.1248228,8.7460768],[77.1245107,8.7462429],[77.1244579,8.7463283],[77.1244387,8.74639],[77.1245203,8.7464089],[77.1246163,8.7463757],[77.1248132,8.7462523],[77.1252405,8.7461052],[77.126194,8.7457813],[77.12642,8.745727],[77.1266071,8.7456872],[77.1268156,8.745674],[77.1269249,8.7456607],[77.1270302,8.7456143],[77.1271496,8.7455447],[77.127234,8.7455162],[77.1272977,8.7455149],[77.127344,8.7455414],[77.1273688,8.7455752],[77.1273755,8.7456282],[77.1273554,8.745723],[77.1273172,8.7458788],[77.127293,8.7460213],[77.1272756,8.7461604],[77.1272293,8.7463407],[77.1271455,8.7465283],[77.1270644,8.7467026],[77.1270114,8.7468172],[77.1269437,8.746904],[77.1268605,8.7469862],[77.1268129,8.7470565],[77.1267921,8.7471128],[77.1267928,8.7471685],[77.1268277,8.7472129],[77.1268847,8.7472493],[77.1269712,8.7472566],[77.1270664,8.747242],[77.1272072,8.7472394],[77.1273554,8.7472752],[77.1275277,8.7473024],[77.1276625,8.7473269],[77.1277202,8.747358],[77.127753,8.7473998],[77.1277564,8.7474495],[77.1277343,8.7474793],[77.1277007,8.7474985],[77.127625,8.7474926],[77.1275049,8.7474515],[77.1274131,8.7474283],[77.1273031,8.7474495],[77.1271911,8.7474979],[77.1269906,8.7476165],[77.1268807,8.7476974],[77.1267968,8.7477829],[77.1267251,8.747875],[77.1266828,8.7479207],[77.1266137,8.7479607],[77.1264917,8.7479996],[77.1263583,8.7480254],[77.1262651,8.7480214],[77.1260753,8.7480009],[77.1258876,8.7479896],[77.1257474,8.7479797],[77.1256877,8.7479684],[77.1256643,8.7479399],[77.1256676,8.7478982],[77.1257014,8.7478231],[77.1257407,8.7477484],[77.1258366,8.7475469],[77.1258695,8.7474893],[77.1258802,8.7474283],[77.1258587,8.7473819],[77.1258158,8.7473607],[77.1257756,8.74736],[77.1257253,8.7473826],[77.1256173,8.7474647],[77.1255147,8.7475178],[77.1253672,8.7475436],[77.1252123,8.7475456],[77.125036,8.7475774],[77.1249032,8.7476284],[77.1247698,8.7476868],[77.1246947,8.7477338],[77.1246611,8.7477842],[77.1246497,8.7478465],[77.1246658,8.7479519],[77.1247074,8.7481036],[77.1247315,8.7481938],[77.1247201,8.7482846],[77.1247067,8.7483754],[77.1247081,8.7484297],[77.1247309,8.7484648],[77.1247785,8.7484748],[77.1248348,8.7484681],[77.1249112,8.7484522],[77.1249676,8.7484589],[77.1250125,8.7484893],[77.1250226,8.7485311],[77.1250105,8.7485788],[77.1249615,8.7486232],[77.1248824,8.7486902],[77.1248073,8.7487757],[77.1247557,8.7488618],[77.1247309,8.7489148],[77.1247268,8.7489785],[77.1247369,8.7490275],[77.1247946,8.7490978],[77.1248911,8.74917],[77.1249984,8.7492535],[77.125048,8.7493277],[77.1250742,8.7493735],[77.1250735,8.7494152],[77.1250527,8.7494536],[77.1250045,8.7494908],[77.1249595,8.749504],[77.1248603,8.7495617],[77.1248013,8.7496319],[77.1247664,8.7497148],[77.1247517,8.7498102],[77.1247624,8.7498924],[77.1247993,8.7500746],[77.1248361,8.7502311],[77.1249812,8.7508602],[77.1250581,8.7510784],[77.12501,8.7513252],[77.124962,8.7513964],[77.1248036,8.751553],[77.12477,8.7517523],[77.124746,8.7519184],[77.1247652,8.7519848],[77.124842,8.7519801],[77.1248756,8.7519231],[77.1249572,8.7517903],[77.1252213,8.7516574],[77.1254086,8.7513442],[77.125399,8.7511496],[77.1255094,8.7507368],[77.125687,8.7506276],[77.1259799,8.7503951],[77.1261768,8.7502385],[77.126244,8.7499728],[77.1264024,8.7498209],[77.1265615,8.7497187],[77.1266627,8.7496757],[77.1267586,8.7496465],[77.1268284,8.7496366],[77.1268552,8.7496478],[77.1268659,8.7496671],[77.1268612,8.7496962],[77.1268438,8.7497161],[77.1267995,8.74973],[77.1267352,8.7497492],[77.1266466,8.7497844],[77.1265749,8.7498281],[77.126481,8.7498911],[77.126416,8.7499905],[77.1263771,8.7500607],[77.1262776,8.7504141],[77.1262392,8.7506609],[77.1261095,8.7509598],[77.1260903,8.7511354],[77.1260615,8.7512872],[77.1259223,8.7515672],[77.1257446,8.7517475],[77.125687,8.7519041],[77.1254518,8.7524688],[77.1253365,8.7526776],[77.1252453,8.7528817],[77.1252261,8.7530241],[77.1252933,8.7532091],[77.1253077,8.7534037],[77.1254422,8.7536837],[77.1255238,8.753883],[77.1255718,8.7541724],[77.1255862,8.7544002],[77.1255046,8.7547988],[77.1254326,8.7551168],[77.1253749,8.7553208],[77.1252625,8.7555234],[77.1251192,8.7556264],[77.1247154,8.7557681],[77.1245721,8.7558582],[77.1244939,8.7561801],[77.1244809,8.7563603],[77.1242725,8.7564633],[77.1239989,8.7564376],[77.1239077,8.7563474],[77.123556,8.7564762],[77.1234127,8.7565792],[77.1233736,8.7569912],[77.1233866,8.7571457],[77.1233866,8.7572487],[77.1233866,8.7573774],[77.1231652,8.7575448],[77.1228134,8.7576221],[77.1222403,8.7578023],[77.1217062,8.7579826],[77.1213805,8.7585491],[77.1207846,8.7589315],[77.1203774,8.7591928],[77.1199475,8.7595404],[77.1195567,8.7596949],[77.1192441,8.7597593],[77.1189314,8.7600297],[77.1183192,8.7604417],[77.1181889,8.7606734],[77.1181327,8.7607148],[77.1180717,8.7607121],[77.1180552,8.7606716],[77.1180652,8.7606049],[77.118215,8.7602614],[77.1185667,8.7597078],[77.1186058,8.7593473],[77.1187621,8.7591027],[77.1192701,8.7588581],[77.1194134,8.7586907],[77.1193874,8.7586134],[77.1193092,8.7584847],[77.1190096,8.7583688],[77.1184364,8.7584461],[77.1178111,8.7586006],[77.1171989,8.7588452],[77.1169774,8.7589868],[77.1165866,8.7591671],[77.1160525,8.7592701],[77.1154663,8.7593087],[77.115276,8.7593644],[77.1151146,8.7594117],[77.114932,8.759401],[77.114854,8.7593602],[77.1147949,8.7593028],[77.1147759,8.7592186],[77.114837,8.7591008],[77.1150364,8.7587164],[77.1151015,8.7584332],[77.1149973,8.7581757],[77.1147628,8.7576864],[77.1146716,8.7573517],[77.1146065,8.7570556],[77.1144372,8.7569011],[77.1141766,8.7567594],[77.113877,8.7566951],[77.1136946,8.7567079],[77.1134992,8.7568496],[77.113466,8.7569873],[77.1134341,8.7571199],[77.1133783,8.7572353],[77.1132908,8.7574161],[77.1132126,8.7578152],[77.1130693,8.7582401],[77.1131345,8.7586521],[77.1131605,8.7589482],[77.1130563,8.7590898],[77.1127697,8.7593087],[77.1125743,8.7594632],[77.112418,8.7596434],[77.1122877,8.7597078],[77.1120663,8.7597851],[77.1120011,8.7600168],[77.1120011,8.7601971],[77.1120141,8.7604159],[77.1121358,8.7606892],[77.1121574,8.7607378],[77.1121444,8.7609309],[77.1121184,8.761021],[77.111923,8.7612013],[77.1115191,8.7613944],[77.1112065,8.7614717],[77.1108026,8.7615875],[77.1105161,8.7617163],[77.1103337,8.7618322],[77.1101252,8.7622184],[77.1099559,8.762463],[77.1097735,8.7626047],[77.1094088,8.7627978],[77.1091482,8.7629523],[77.1090701,8.7631325],[77.1090049,8.7633385],[77.1086662,8.7637248],[77.1084969,8.7640209],[77.1083275,8.7644586],[77.1083796,8.7647161],[77.1084448,8.7649479],[77.1085099,8.7654371],[77.1085992,8.7656706],[77.108696,8.7657996],[77.1087835,8.7658749],[77.1088998,8.7659488],[77.1090347,8.7659851],[77.1091743,8.765965],[77.1094348,8.7659392],[77.1094922,8.7659532],[77.109539,8.7659907],[77.1096302,8.766171],[77.1097344,8.7663512],[77.1097784,8.7664271],[77.1098453,8.7664904],[77.1099429,8.7665572],[77.1100123,8.7665748],[77.110112,8.766549],[77.1102046,8.7664988],[77.1105523,8.7662618],[77.1106559,8.7662089]]]}},{"type":"Feature","properties":{"full_id":"r5678227","osm_id":"5678227","osm_type":"relation","official_name":null,"via":null,"public_transport:version":null,"length":null,"road_marking":null,"lane_markings":null,"highway":null,"operator":null,"wikipedia:en":null,"to":null,"source_ref":null,"name:ml":null,"from":null,"alt_name:ml":null,"wikipedia":null,"wikidata":"Q7603308","type":"route","short_name":null,"route":"road","ref":"SH47","network":"IN:SH:KL","name":"Kerala State Highway 47","distance":null,"alt_name":null},"geometry":{"type":"MultiLineString","coordinates":[[[76.8246027,8.6876118],[76.8247935,8.6873237],[76.8248833,8.6872403],[76.8255206,8.6868906],[76.825643,8.6868235],[76.82621,8.6865123],[76.8265271,8.6863715],[76.8268284,8.6863027],[76.8270916,8.6862803],[76.8273303,8.6863074],[76.8273987,8.6863247],[76.8274397,8.6863351],[76.8275534,8.6863639],[76.8279658,8.6865008],[76.8284916,8.6866754],[76.8286547,8.6867295],[76.8288118,8.6867817],[76.8289898,8.6868777],[76.8290603,8.6869157],[76.8291817,8.6869811],[76.8294833,8.6871736],[76.8299218,8.6875242],[76.8301226,8.6876847],[76.8302877,8.6877564],[76.8303539,8.6877697],[76.8304269,8.6877844],[76.830547,8.6877834],[76.8312657,8.6876185],[76.8313134,8.6876075],[76.8314248,8.6875959],[76.8318284,8.6875541],[76.8324979,8.6874995],[76.8326643,8.6875252],[76.8328275,8.6875575],[76.8335884,8.687708],[76.8339036,8.6877703],[76.8341705,8.6878003],[76.8342875,8.6877932],[76.8343408,8.6877898],[76.8343789,8.6877875],[76.8346329,8.6877734],[76.835196,8.6877421],[76.8354585,8.6877518],[76.8358251,8.6877954],[76.8361388,8.6878678],[76.8361998,8.6878793],[76.8363255,8.6879556],[76.8366229,8.6882001],[76.8367631,8.6883142],[76.8369527,8.6884567],[76.8370702,8.6885571],[76.8372022,8.6886699],[76.8374279,8.6888978],[76.8376067,8.6891569],[76.8380197,8.6898278],[76.8381893,8.6900638],[76.8387561,8.6905254],[76.8389489,8.6906427],[76.8390044,8.6906596],[76.8390969,8.6906879],[76.8391699,8.6907102],[76.8396535,8.6908133],[76.8400476,8.6908385],[76.8405536,8.6908224],[76.8410543,8.6907852],[76.8415584,8.6907478],[76.8426192,8.6906691],[76.8427035,8.6906629],[76.8428424,8.6906526],[76.8432762,8.6906893],[76.8438549,8.6908766],[76.8443113,8.6910053],[76.8453245,8.6911823],[76.8460036,8.691326],[76.8461772,8.6913411],[76.8462187,8.6913447],[76.8464067,8.6913511],[76.8466976,8.691342],[76.8473558,8.691296],[76.8477229,8.6912564],[76.8480233,8.6911856],[76.8482182,8.6911046],[76.848245,8.6910848],[76.8485411,8.690866],[76.8490424,8.6904957],[76.8494926,8.6902238],[76.8497002,8.6901321],[76.8499121,8.6900753],[76.8501811,8.6900512],[76.850354,8.6900578],[76.8504546,8.6900617],[76.8506936,8.6901177],[76.850943,8.6902152],[76.8511015,8.690331],[76.8511754,8.6903849],[76.8515681,8.690807],[76.8516739,8.6909122],[76.8517474,8.6909599],[76.8518843,8.6910028],[76.8520274,8.690997],[76.8521735,8.6909543],[76.8522835,8.6909039],[76.8523934,8.6908217],[76.8525356,8.6906228],[76.8526026,8.6905433],[76.8526965,8.6904956],[76.8528092,8.6904664],[76.8529185,8.6905064],[76.8533557,8.6907636],[76.8534556,8.6908164],[76.8535629,8.6908562],[76.8536601,8.6908637],[76.8540671,8.6908535],[76.8542388,8.6908694],[76.8544198,8.6909254],[76.8548919,8.6911694],[76.8550208,8.6912105],[76.8551755,8.691212],[76.8553933,8.6911735],[76.8564672,8.6908208],[76.8570791,8.6907852],[76.8573763,8.6907061],[76.8580831,8.6904375],[76.8583262,8.6903118],[76.8585046,8.690161],[76.859819,8.6890059],[76.8601969,8.6886383],[76.860389,8.6885073],[76.8606068,8.6884292],[76.8607379,8.6884037],[76.8611706,8.6883197],[76.8614004,8.6882645],[76.8619593,8.6881302],[76.8627948,8.6878833],[76.8629478,8.6877857],[76.8632888,8.6874739],[76.86351,8.687349],[76.8638104,8.6871932],[76.8639517,8.6871101],[76.8643739,8.6868155]],[[76.8643739,8.6868155],[76.8649716,8.686338],[76.8654109,8.6858607],[76.8658675,8.6855434],[76.8660355,8.6854052],[76.8661228,8.6852863],[76.8661801,8.685162],[76.8662205,8.6848793],[76.8662727,8.6847672],[76.8663323,8.6847139],[76.8664309,8.6846944],[76.8665228,8.684692],[76.8671393,8.6847365],[76.8673657,8.6847892],[76.8676638,8.6848769],[76.8678341,8.6848763],[76.867998,8.6848503],[76.8681942,8.6847843],[76.868331,8.6847007],[76.8685752,8.6845293],[76.8687182,8.6844559],[76.8690467,8.6843381],[76.8691926,8.6842689],[76.8694405,8.684045],[76.869837,8.6838239],[76.8703353,8.6834962],[76.8704605,8.6834462],[76.8705882,8.6834344],[76.8707026,8.6834766],[76.8709554,8.683636],[76.8712439,8.6838153],[76.8714528,8.6839132],[76.8716817,8.6839805],[76.87184,8.6840076],[76.8720041,8.6839949],[76.8721596,8.6839304],[76.8723153,8.6838383],[76.8727814,8.6834976],[76.8728922,8.6834166],[76.8734407,8.682891],[76.873529,8.6828238],[76.8737377,8.6827212],[76.8745807,8.6825333],[76.8747228,8.6825041],[76.8748489,8.6824962],[76.8749589,8.6825121],[76.8751949,8.6826394],[76.8752834,8.6826765],[76.8753826,8.6826977],[76.8755268,8.682698],[76.8757206,8.6826606],[76.8760101,8.6825608],[76.8761316,8.6825169],[76.8762698,8.6825179],[76.8764272,8.6825703],[76.876841,8.6827412],[76.8771509,8.6828692],[76.8773655,8.6830066],[76.877542,8.6830947],[76.8777454,8.6831506],[76.8783417,8.6832554],[76.8785734,8.6833103],[76.8790318,8.6834751],[76.879331,8.6835598],[76.8796319,8.6836155],[76.8798906,8.6836538],[76.8800862,8.6836436],[76.8802837,8.6836188],[76.8806244,8.6834875],[76.8807639,8.6834417],[76.8809032,8.6834811],[76.8811099,8.6835405],[76.8812946,8.6835605],[76.8814675,8.6835171],[76.8816703,8.6833976],[76.8818162,8.6832435]],[[76.8821832,8.6824641],[76.8820883,8.6825743],[76.8819404,8.6827119],[76.8818723,8.6827838],[76.8818474,8.6828833],[76.8818483,8.683037],[76.8818162,8.6832435]],[[76.8821832,8.6824641],[76.882357,8.6823125],[76.8826732,8.6819222],[76.8827733,8.6818556],[76.8828498,8.6818119],[76.8829438,8.6817923],[76.8832939,8.681749],[76.8837563,8.6817135],[76.8842111,8.6816842],[76.884522,8.6816537],[76.8847006,8.6816217],[76.8848661,8.6815603],[76.8848846,8.6815504],[76.8850429,8.6814658],[76.8856562,8.6810787],[76.8857826,8.6810395],[76.885918,8.6810499],[76.8867698,8.6812402],[76.887306,8.6813501],[76.8879065,8.6814731],[76.8882334,8.6815069],[76.8885988,8.6815127],[76.8890677,8.6815231],[76.8895828,8.6815344],[76.8900188,8.6815562],[76.890639,8.6815308],[76.8909466,8.6814661],[76.8919482,8.6811954],[76.8928367,8.6809343],[76.8930304,8.6808218],[76.8937088,8.6803498],[76.8939679,8.6801977],[76.8944117,8.680095],[76.8946603,8.67974],[76.8954925,8.679429],[76.896714,8.6788411],[76.8969446,8.6787382],[76.8975683,8.6784499],[76.897804,8.6783642],[76.8980292,8.6783154],[76.8983902,8.6782372],[76.8986258,8.6781936],[76.8987525,8.6781795],[76.8988663,8.6781669],[76.8994289,8.6781624],[76.8996499,8.6781642],[76.8997924,8.6781837],[76.8998139,8.6781867],[76.8999995,8.6782784],[76.9001947,8.6784461],[76.9010514,8.6792201],[76.901363,8.6795189],[76.901507,8.6796079],[76.901627,8.679636],[76.9017455,8.679655],[76.9019226,8.6796099],[76.9021134,8.6795425],[76.9028356,8.6792631],[76.9028747,8.6792465],[76.9032488,8.6790538],[76.903909,8.6786693],[76.904527,8.6784232],[76.9048876,8.6782797],[76.9051847,8.6781981],[76.9053134,8.6781928],[76.9055327,8.6782249],[76.9058009,8.6783071],[76.9062227,8.6784473],[76.9064051,8.6784606],[76.9065867,8.6784583],[76.9068231,8.6784367],[76.9071781,8.6784042],[76.9073551,8.6783992],[76.9075148,8.6783946],[76.9081672,8.6784023],[76.9084626,8.6784033],[76.9086906,8.6783725],[76.9088902,8.6783257],[76.9091188,8.6782484],[76.9092301,8.6781796]],[[76.9093391,8.6781072],[76.9092301,8.6781796]],[[76.9096867,8.6778782],[76.9095835,8.6779683],[76.909509,8.678021],[76.9093738,8.6780823],[76.9093391,8.6781072]],[[76.8818162,8.6832435],[76.8819042,8.6830618],[76.8819689,8.6828239],[76.882031,8.6827161],[76.8821469,8.6825835],[76.8821832,8.6824641]],[[76.9092301,8.6781796],[76.9093269,8.6782178],[76.9094054,8.6782748],[76.9094365,8.6783525]],[[76.8241789,8.6881919],[76.8242785,8.6881504],[76.8243642,8.6880385],[76.8244846,8.6877744]],[[76.8244846,8.6877744],[76.8245902,8.6876827],[76.8246027,8.6876118]],[[76.8246027,8.6876118],[76.824528,8.6876108],[76.8244636,8.6876665],[76.8243965,8.687693],[76.8243401,8.6877025],[76.8242552,8.6877168]],[[76.9971695,8.6129857],[76.9968426,8.6130667]],[[76.9968426,8.6130667],[76.9966573,8.6131313]],[[76.9966573,8.6131313],[76.9964563,8.6131864],[76.99638,8.6132471],[76.9963513,8.6133276],[76.9963574,8.6135619],[76.9963629,8.613772],[76.996131,8.6141371],[76.9959722,8.6143387],[76.9958485,8.6145016],[76.9955019,8.6148068],[76.9951299,8.6150405],[76.994981,8.6151182],[76.9949488,8.6151228],[76.9943581,8.6152832],[76.9937315,8.615495],[76.9935934,8.615513],[76.9933241,8.6155148],[76.9931802,8.6155332],[76.9925574,8.6157387],[76.9924228,8.61577],[76.9923229,8.6157932],[76.991847,8.6158779],[76.9912467,8.6158567],[76.9909362,8.6158921],[76.9906324,8.6159568],[76.9898443,8.6161247],[76.9897161,8.6161875],[76.9893146,8.6166692],[76.9888677,8.6172492],[76.9886753,8.6174835],[76.9883103,8.6182515],[76.9880845,8.6185101],[76.9879427,8.6186724],[76.987819,8.6188828],[76.9876981,8.6191914],[76.9876721,8.6192579],[76.9875916,8.6193733],[76.9874519,8.6194713],[76.9872906,8.6195273],[76.9869818,8.6195795],[76.9867856,8.6196127],[76.9865598,8.6196913],[76.9860005,8.6198861],[76.9858563,8.6199601],[76.9857168,8.6200542],[76.9852756,8.6205504],[76.985071,8.6206576],[76.9848491,8.6208069],[76.9845074,8.6209612],[76.9842271,8.6210893],[76.984088,8.6211624],[76.9839253,8.6212144],[76.9833404,8.6213222],[76.9832211,8.6213929],[76.9831567,8.6214549],[76.9830783,8.6215524],[76.9829897,8.6217885],[76.982843,8.6219256],[76.9826991,8.6221058],[76.9823385,8.6227071],[76.9820717,8.6231123],[76.9818774,8.6232516],[76.9816702,8.6233256],[76.9815097,8.6233345],[76.9812485,8.6233238],[76.980937,8.6233172],[76.9805073,8.6233616],[76.9802958,8.6233616],[76.9800681,8.6233084],[76.9797931,8.6231958],[76.9795248,8.6231873],[76.9794156,8.6232153],[76.9792721,8.6232477],[76.9790834,8.6233247],[76.9787811,8.6235674],[76.9786613,8.6237086],[76.9785432,8.6238522],[76.9783198,8.6242528],[76.9782167,8.6244088],[76.9781023,8.6244758],[76.9779152,8.6244864],[76.9776021,8.6244709],[76.9768788,8.6243834],[76.9767737,8.6243805],[76.9764499,8.6243717],[76.9762708,8.6244208],[76.9759188,8.62453],[76.9757595,8.6244989],[76.9755811,8.6244034],[76.975359,8.6243009],[76.9747152,8.6242895],[76.9745188,8.6242245],[76.97435,8.624158],[76.9741852,8.6240445],[76.9740407,8.623917],[76.9739205,8.6237672],[76.9735719,8.6234536],[76.9734206,8.6233492],[76.9731863,8.6231874],[76.9730783,8.6231545],[76.9728158,8.6231363],[76.9726574,8.6231056],[76.9725463,8.6230502],[76.9724067,8.6230225],[76.9723309,8.6230314],[76.9722829,8.6230454],[76.9721753,8.6231041],[76.9720634,8.62324],[76.9718889,8.6233746],[76.9713911,8.6236576],[76.9710618,8.6238568],[76.9709294,8.623908],[76.9701579,8.6239397],[76.9692235,8.6240429],[76.9690435,8.6241025],[76.9689403,8.6242053],[76.9687587,8.6243239],[76.9686372,8.6243952],[76.9684429,8.624408],[76.9679688,8.6244307],[76.9678038,8.6245349],[76.967575,8.6247519],[76.9674059,8.6248589],[76.9672722,8.6248918],[76.9671446,8.6248876],[76.966879,8.624933],[76.9668061,8.6249953],[76.9667519,8.6250876],[76.9667364,8.6251587],[76.9667548,8.6252398],[76.9667775,8.6254232],[76.9668128,8.625687],[76.9667683,8.6260365],[76.9667182,8.6262011],[76.9667079,8.6266109],[76.9666342,8.6267],[76.966523,8.6267426],[76.9663677,8.6267642],[76.9662625,8.626751],[76.9661396,8.6267457],[76.9660654,8.6266655],[76.9659627,8.6264588],[76.9658996,8.6263573],[76.9657233,8.6262143],[76.9655837,8.626119],[76.9653898,8.6259699],[76.9652312,8.625893],[76.9650876,8.6258776],[76.9649462,8.6258948],[76.9643485,8.6260735],[76.9638188,8.6262288],[76.9637021,8.626346],[76.9636199,8.6264599],[76.9635591,8.6266603],[76.9634321,8.6267988],[76.9632707,8.6269149],[76.9629486,8.6271466],[76.9626909,8.627332],[76.9625043,8.627482],[76.9622438,8.6276898],[76.9619443,8.6278691],[76.9613833,8.6283613],[76.9611429,8.6284836],[76.9607462,8.628588],[76.9606133,8.6286966],[76.9602145,8.6292439],[76.9600509,8.6292967],[76.9596725,8.6294175],[76.9595425,8.6294538],[76.9593187,8.6295162],[76.958837,8.6295953],[76.9584424,8.6297654],[76.9573546,8.6303701],[76.956841,8.6305665],[76.9566659,8.6306385],[76.9560907,8.6308429],[76.955876,8.6308938],[76.9556679,8.6309103],[76.9551112,8.6309243],[76.9549093,8.6309823],[76.9544662,8.631176],[76.9536649,8.6314679],[76.9529937,8.6316753],[76.9522388,8.631904],[76.9513749,8.6320273],[76.951233,8.6320618],[76.9502496,8.6323008],[76.9500443,8.6323335],[76.9498937,8.6323018],[76.9496439,8.6322093],[76.9493578,8.6321213],[76.948706,8.6320625],[76.9477642,8.6320063],[76.947589,8.6320447],[76.9473509,8.6321493],[76.9471452,8.6322861],[76.946672,8.632705],[76.9464797,8.6328193],[76.9462038,8.6329067],[76.9455243,8.6331274],[76.9452286,8.6332833],[76.9446115,8.6336007],[76.9438814,8.6339346],[76.9433619,8.6341932],[76.9432369,8.634255],[76.9426841,8.6345967],[76.9421086,8.6349547],[76.9416812,8.6353127],[76.9411502,8.6357701],[76.9409202,8.6359074],[76.9405686,8.6361007]],[[76.9405686,8.6361007],[76.9405135,8.6361262]],[[76.9405135,8.6361262],[76.940509,8.6361283],[76.9402841,8.6362058],[76.9398592,8.6363557],[76.9391599,8.636577],[76.9389546,8.6366753],[76.9385971,8.6369034],[76.9384195,8.6369779],[76.9381011,8.6369773],[76.9379205,8.6370345],[76.9377895,8.6370988],[76.9377503,8.6371254],[76.9377167,8.6371482],[76.9375961,8.6371912],[76.9374268,8.6372426],[76.9366505,8.6372343],[76.9363572,8.6372358],[76.9360641,8.6372325]]]}},{"type":"Feature","properties":{"full_id":"r19347445","osm_id":"19347445","osm_type":"relation","official_name":null,"via":"Nallikuzhy","public_transport:version":null,"length":null,"road_marking":null,"lane_markings":null,"highway":null,"operator":null,"wikipedia:en":null,"to":"Ayyappankuzhi","source_ref":null,"name:ml":null,"from":"Charumoodu","alt_name:ml":null,"wikipedia":null,"wikidata":null,"type":"route","short_name":null,"route":"road","ref":"MDR","network":"IN:MDR:KL","name":"Charumoodu - Ayyappankuzhy Road","distance":"5.2","alt_name":null},"geometry":{"type":"MultiLineString","coordinates":[[[77.0317474,8.6025161],[77.0318119,8.6024822],[77.0319347,8.6024887],[77.0322032,8.6026295],[77.0323168,8.6026655],[77.0324209,8.6026781],[77.0325196,8.6026641],[77.0327342,8.602528],[77.0329347,8.602385],[77.0332738,8.6016863],[77.033306,8.6012195],[77.0334264,8.6010575],[77.0335766,8.6009567],[77.0338831,8.6008748],[77.033958,8.6007855],[77.0337573,8.600527],[77.0337754,8.6003248],[77.0338605,8.6001263],[77.0342931,8.5999518],[77.0347544,8.5999253],[77.0350924,8.6001004],[77.035323,8.6002064],[77.035543,8.6001481],[77.0357146,8.5998776],[77.035709,8.5997788],[77.035701,8.599636],[77.0354005,8.598973],[77.0353981,8.5986842],[77.0356985,8.5979416],[77.0362243,8.597496],[77.0366051,8.5971566],[77.0373937,8.5969338],[77.0379999,8.5966155],[77.0385363,8.5964564],[77.0387022,8.5963332],[77.0387621,8.5962509],[77.0388075,8.5960987],[77.0387987,8.5959775],[77.038727,8.5957533],[77.0386476,8.5955346],[77.0386755,8.5953385]],[[77.0410854,8.610535],[77.040784,8.6100666],[77.0405587,8.6099499],[77.04021,8.6100295],[77.039912,8.6101115],[77.0395931,8.610003],[77.0393917,8.6100266],[77.0389708,8.610056],[77.0382598,8.609703],[77.0373722,8.6095521],[77.036924,8.6095121],[77.0366802,8.609637],[77.0361009,8.6104167],[77.0358458,8.6104933],[77.0351967,8.6105146],[77.034851,8.6107243],[77.0343092,8.6113025],[77.0334883,8.6121353],[77.0333112,8.61213],[77.0330135,8.6119231],[77.0331074,8.6111514],[77.0330377,8.6104964],[77.0330377,8.6096053],[77.0332361,8.6089238],[77.033548,8.6082012],[77.0336894,8.6078736],[77.0336975,8.6075898],[77.0330028,8.606956],[77.0323886,8.6066616],[77.0322034,8.6065047],[77.0317098,8.6065207],[77.0312163,8.6064835],[77.030653,8.6059849],[77.0306101,8.6056455],[77.0304546,8.6052636],[77.0304706,8.605131],[77.0305219,8.6045823],[77.0305618,8.6041498],[77.0307603,8.6038633],[77.0309176,8.6037292],[77.0310715,8.6035981],[77.0313665,8.6031261],[77.0315382,8.602845],[77.0317474,8.6025161]],[[77.0508348,8.6050463],[77.0506521,8.6051998],[77.0502193,8.6053355],[77.0498974,8.6054309],[77.0495574,8.6054935],[77.0485005,8.6054839],[77.0480079,8.6055693],[77.0476551,8.6057109],[77.0473118,8.6058871],[77.0469899,8.6061735],[77.046624,8.606653],[77.0460415,8.6072194],[77.045539,8.6077321],[77.04496,8.6083046],[77.0446908,8.6087098],[77.0444988,8.6091609],[77.0442942,8.6094526],[77.0440628,8.6096289],[77.0434862,8.6098667],[77.0433389,8.6099913],[77.0432202,8.6100992],[77.0430188,8.6102822],[77.0425696,8.6104089],[77.0421838,8.6105372],[77.0419609,8.6106367],[77.0417334,8.6106343],[77.0413086,8.6105933],[77.0410854,8.610535]]]}},{"type":"Feature","properties":{"full_id":"r17394672","osm_id":"17394672","osm_type":"relation","official_name":null,"via":null,"public_transport:version":null,"length":null,"road_marking":null,"lane_markings":null,"highway":null,"operator":null,"wikipedia:en":null,"to":"Koraliyode","source_ref":null,"name:ml":null,"from":"Nedumangad GHS Junction","alt_name:ml":null,"wikipedia":null,"wikidata":null,"type":"route","short_name":null,"route":"road","ref":"MDR","network":"IN:MDR:KL","name":"Nedumangad - Karipur Road","distance":"5.95","alt_name":null},"geometry":{"type":"MultiLineString","coordinates":[[[77.0269822,8.630088],[77.0271053,8.6302436],[77.0272225,8.6302929],[77.0274495,8.6303026],[77.0276919,8.6304202],[77.0279038,8.6306483],[77.0280084,8.6309082],[77.0279843,8.6312052],[77.0279306,8.6313696],[77.0277938,8.6314969],[77.0274854,8.6315897],[77.0272118,8.6316454],[77.0270884,8.631831],[77.0271394,8.6321598],[77.0271984,8.6321996],[77.027429,8.6322473],[77.0275731,8.6323165],[77.0276222,8.6324701],[77.0275632,8.6328493],[77.0276409,8.6332046],[77.0276275,8.6334937],[77.0275551,8.6337111],[77.0275112,8.6339241],[77.0275846,8.6341275],[77.0276973,8.6342654],[77.0279352,8.6347323]],[[77.005266,8.6082026],[77.0053898,8.6079664],[77.0054964,8.6077847],[77.0055514,8.6076846],[77.0055802,8.6076315],[77.0056493,8.6075308],[77.0056949,8.6074698],[77.0057479,8.6074194],[77.0057982,8.6073909],[77.0058753,8.6073511],[77.0059752,8.6073232],[77.0061757,8.6072722],[77.006511,8.6071369],[77.0066136,8.6071084],[77.0066833,8.6070905],[77.0067524,8.6070846],[77.0070488,8.6070846],[77.0072023,8.6071098],[77.0073639,8.6071754],[77.0076288,8.6072901],[77.0077528,8.6073683],[77.0078025,8.6074207],[77.0078326,8.6074764],[77.0078548,8.6075294],[77.0078691,8.6076054],[77.0079185,8.6077462],[77.0079781,8.6079624],[77.0080237,8.6080864],[77.0080579,8.6081646],[77.008131,8.6082972],[77.0081967,8.6084],[77.0083604,8.6085823],[77.0085582,8.6089065],[77.0085893,8.6089451],[77.0086185,8.6089814],[77.0087533,8.6090881],[77.0090078,8.6092119],[77.0090638,8.6092453],[77.0091771,8.6093156],[77.0092832,8.6093921],[77.0093883,8.609468],[77.0094775,8.6095503],[77.0095908,8.6096974],[77.009688,8.6098261],[77.0097117,8.6098542],[77.0097497,8.6098997],[77.0098429,8.6099646],[77.0099663,8.6100283],[77.0102527,8.6101377],[77.0104418,8.6102643],[77.0105604,8.6103187],[77.0106422,8.6103399],[77.0107435,8.6103518],[77.0108716,8.6103465],[77.0109795,8.6103379],[77.0110506,8.6103432],[77.0111056,8.6103624],[77.0111727,8.6103909],[77.0112364,8.6104208],[77.0113812,8.6105288],[77.0116253,8.6107198],[77.0118157,8.6108537],[77.0119626,8.6109538],[77.0120336,8.6110027],[77.0121832,8.6111056],[77.0123032,8.6112217],[77.0123796,8.6113364],[77.0124219,8.6114458],[77.0124569,8.611515],[77.0125249,8.6116494],[77.0125687,8.6117361],[77.0127089,8.6120192],[77.0128584,8.6122937],[77.0129208,8.6123925],[77.0129412,8.6124164],[77.0129677,8.6124475],[77.0130341,8.6125072],[77.0132413,8.6126816],[77.0134612,8.612848],[77.0135853,8.6129229],[77.0137154,8.6129839],[77.0138307,8.6130223],[77.0139266,8.6130442],[77.0141036,8.6130608],[77.014302,8.6130652],[77.0143437,8.6130661],[77.0146012,8.6130966],[77.0148734,8.6131059],[77.0150712,8.6131105],[77.0152442,8.61309],[77.015483,8.6130323],[77.0156566,8.6130018],[77.0160979,8.6130184],[77.0163359,8.6130277],[77.0165109,8.6130104],[77.0165562,8.6129976],[77.0166209,8.6129793],[77.0169153,8.612901],[77.0172894,8.6128016],[77.0175764,8.6127306],[77.0178125,8.6126842],[77.0180364,8.612661],[77.018137,8.6126544],[77.0182564,8.6126557],[77.0183918,8.612678],[77.0184662,8.6126902],[77.0186372,8.6127359],[77.0189034,8.6128593],[77.019112,8.6129706],[77.0192233,8.6130349],[77.0193025,8.6131278],[77.0193507,8.6132013],[77.0194838,8.613371],[77.0196022,8.6135287],[77.0197175,8.6136184],[77.0197631,8.6136641],[77.0198496,8.6137284],[77.0199368,8.6138252],[77.0199844,8.6138955],[77.0200273,8.6139983],[77.0200541,8.6140937],[77.0200709,8.6141766],[77.020097,8.6143715],[77.0201057,8.6145101],[77.0201004,8.6146188],[77.0200762,8.6147415],[77.0200119,8.614943],[77.0199851,8.6150305],[77.0199783,8.615134],[77.0200065,8.6152248],[77.0200595,8.6153713],[77.0200998,8.6155442],[77.0201285,8.615667],[77.0201715,8.615844],[77.0201762,8.6159262],[77.0201703,8.6159761],[77.0201666,8.6160071],[77.020152,8.6161064],[77.020148,8.6162365],[77.0201569,8.6167871],[77.02001,8.6173333],[77.0199858,8.6182389],[77.0200143,8.6183542],[77.0200876,8.6185312],[77.020167,8.6186304],[77.0202297,8.618743],[77.0204105,8.6189577],[77.0205147,8.6190763],[77.0205818,8.6191666],[77.0208125,8.6194335],[77.0209572,8.6195746],[77.0210824,8.6196861],[77.0212138,8.6198065],[77.0213032,8.6198946],[77.0214501,8.620033],[77.0215725,8.6201605],[77.0216982,8.6202469],[77.021876,8.6204067],[77.022047,8.6205054],[77.0220832,8.6205453],[77.0221259,8.6205873],[77.022188,8.6206539],[77.0222485,8.6207498],[77.022276,8.6208391],[77.0223099,8.6209906],[77.022339,8.6210877],[77.022372,8.621189],[77.0224033,8.6212642],[77.0224909,8.621378],[77.0226582,8.6215276],[77.022756,8.6216399],[77.0228221,8.621705],[77.0229663,8.621872],[77.0230639,8.621987],[77.0231215,8.6221072],[77.0231452,8.6222155],[77.0231371,8.6222783],[77.0230969,8.6224908],[77.0230783,8.6225238],[77.0230528,8.622574],[77.0230289,8.6226365],[77.0230119,8.6226706],[77.0229446,8.6227538],[77.0228576,8.6228755],[77.0227538,8.6229979],[77.0227187,8.6230747],[77.0227061,8.62314],[77.0227147,8.6231989],[77.0227275,8.6232799],[77.0227517,8.6233604],[77.0228325,8.6234653],[77.0229621,8.6237438],[77.0230696,8.6238833],[77.0231393,8.6239463],[77.0231896,8.6239814],[77.0232647,8.6240119],[77.0235423,8.6240935],[77.0236912,8.6241518],[77.0238421,8.6242386],[77.0239199,8.6243056],[77.02394,8.6243261],[77.0240077,8.6243951],[77.0241666,8.6245768],[77.0242384,8.6246576],[77.0243912,8.6247969],[77.0244042,8.6248156],[77.0244496,8.6248811],[77.0245689,8.625017],[77.0246132,8.6250952],[77.024636,8.6251423],[77.0246675,8.6252318],[77.024695,8.6253617],[77.0247533,8.6256494],[77.0248358,8.625906],[77.024921,8.6261115],[77.0249719,8.6262163],[77.025031,8.6262985],[77.0251362,8.6264191],[77.0252589,8.6266591],[77.0252918,8.6267467],[77.0253535,8.6269383],[77.0254299,8.6272565],[77.0254635,8.6274739],[77.0254715,8.6275311],[77.0254956,8.627702],[77.0255399,8.627816],[77.0255882,8.6279049],[77.0257277,8.6280759],[77.0259489,8.6282814],[77.0260924,8.6284724],[77.0261662,8.6286275],[77.0262024,8.6287707],[77.0261997,8.628894],[77.0262534,8.629256],[77.026311,8.6294456],[77.0263553,8.6295358],[77.0263982,8.6296233],[77.0264907,8.6297373],[77.0266101,8.629846],[77.026944,8.6300489],[77.0269822,8.630088]],[[77.0028433,8.6077062],[77.0030816,8.608035],[77.003153,8.6080824],[77.0032804,8.6081199],[77.003848,8.6081699],[77.0041886,8.608262],[77.0042189,8.6082666],[77.0049029,8.6084207],[77.0049377,8.6084021],[77.0051298,8.6083722],[77.0051905,8.6083294],[77.0052174,8.6082796],[77.005266,8.6082026]],[[77.0011375,8.6053705],[77.0011724,8.6053813],[77.0012118,8.6053959],[77.0015108,8.6055214],[77.0016836,8.605664],[77.0018016,8.6058073],[77.0018863,8.6060199],[77.0018868,8.606105],[77.0018874,8.6061944],[77.0017478,8.6063912],[77.0015514,8.6066864],[77.0015216,8.6068053],[77.0015495,8.6068628],[77.0016567,8.6069529],[77.0017592,8.6070265],[77.0019454,8.6070489],[77.0021599,8.6070277],[77.0023423,8.6069959],[77.0024406,8.6070258],[77.0026264,8.6071277],[77.0028326,8.6072117]],[[76.9984122,8.6053873],[76.9986811,8.6053312],[76.9990215,8.6053607],[76.9992497,8.6054125],[76.999332,8.6054421],[76.9994031,8.6055124],[76.9995003,8.6055457],[76.9995826,8.6055383],[76.9999687,8.6054534],[77.0001045,8.6054352],[77.0005815,8.6053714],[77.0009899,8.6053824],[77.0011375,8.6053705]]]}},{"type":"Feature","properties":{"full_id":"r5944951","osm_id":"5944951","osm_type":"relation","official_name":null,"via":null,"public_transport:version":null,"length":null,"road_marking":null,"lane_markings":null,"highway":null,"operator":null,"wikipedia:en":null,"to":null,"source_ref":null,"name:ml":null,"from":null,"alt_name:ml":null,"wikipedia":"en:State Highway 3 (Kerala)","wikidata":"Q7603298","type":"route","short_name":null,"route":"road","ref":"SH3","network":"IN:SH:KL","name":"Kerala State Highway 3","distance":null,"alt_name":null},"geometry":{"type":"MultiLineString","coordinates":[[[76.9979976,8.6040081],[76.9983339,8.6039088],[76.9988722,8.6037157],[76.9990783,8.6036746],[77.0001879,8.6034534],[77.0003387,8.6034378],[77.0007306,8.6034392],[77.0012162,8.6033016],[77.001528,8.6032212],[77.0017442,8.603206],[77.0023864,8.6032934],[77.002606,8.6033196],[77.0027942,8.6033154]],[[77.0513982,8.5930287],[77.051131,8.5932561],[77.0509278,8.5934438],[77.0507077,8.5935553],[77.0502717,8.5936019],[77.0499819,8.5936019],[77.0497588,8.5935657],[77.0495713,8.5934988],[77.0493358,8.5932528],[77.0491493,8.5930223],[77.0489482,8.5927756],[77.0487544,8.5925866],[77.0485524,8.5923896],[77.048337,8.5922443],[77.0482693,8.5921986],[77.0481327,8.5921031],[77.0477297,8.5920043],[77.0475299,8.5919714],[77.0472934,8.5920076],[77.0468238,8.592136],[77.0466044,8.5921906],[77.0462542,8.5922777],[77.0459744,8.5923567],[77.0457993,8.5923618],[77.0455681,8.5923238],[77.045269,8.5922099],[77.0449752,8.5921295],[77.0446588,8.5920833],[77.0444257,8.5920866],[77.0441692,8.5921459],[77.0439594,8.5922283],[77.043734,8.5924043],[77.043583,8.5925905],[77.0434798,8.5927387],[77.0433299,8.5929363],[77.04314,8.5930615],[77.0427362,8.5932689],[77.0424044,8.593467],[77.0421375,8.5936016],[77.0418611,8.5937498],[77.041556,8.593916],[77.0412449,8.5940429],[77.0407836,8.594282],[77.0403523,8.5944611],[77.040199,8.594606],[77.0400392,8.5948464],[77.0399226,8.5949782],[77.0396731,8.5951094],[77.0391482,8.5952333],[77.0386755,8.5953385],[77.0384593,8.5953708],[77.0381161,8.5954292],[77.0376025,8.5955337],[77.03724,8.5955689],[77.0369922,8.5956328],[77.0367519,8.5957608],[77.036507,8.5959471],[77.0362126,8.5961008],[77.0359889,8.596166],[77.0354118,8.5962662],[77.0350633,8.5963151],[77.0347877,8.5963267],[77.0345199,8.596317],[77.0344015,8.5963127],[77.0341377,8.5962895],[77.0337868,8.5962708],[77.0335018,8.5962522],[77.0333205,8.596194],[77.0332004,8.5960775],[77.0330449,8.5959658],[77.0328518,8.5958819],[77.0326493,8.595833],[77.0320628,8.5958028],[77.0318085,8.5957702],[77.0316483,8.5957422],[77.0313869,8.595677],[77.0312362,8.595691],[77.0310925,8.5957748],[77.0309865,8.595868],[77.0307793,8.596038],[77.0306751,8.5961435],[77.0304825,8.5963384],[77.0303015,8.5965256],[77.0301552,8.5966551],[77.0300398,8.5967179],[77.0298608,8.5967529],[77.0295452,8.5968251],[77.0291636,8.5968693],[77.0286171,8.5969394],[77.0283181,8.5969298],[77.0280143,8.5969322],[77.0276846,8.5969764],[77.0275221,8.597016],[77.0272392,8.597093],[77.0268951,8.5972894],[77.0265035,8.5973687],[77.0263824,8.5973732],[77.0262299,8.5973846],[77.026179,8.5973856],[77.0259509,8.5973899],[77.0255969,8.5974059],[77.0252321,8.5974271],[77.0251007,8.5974302],[77.0246857,8.5974398],[77.0245723,8.5975119],[77.0242451,8.5976127],[77.0239037,8.5976301],[77.0235186,8.597743],[77.0234325,8.5979284],[77.0234754,8.5982071],[77.0233914,8.5983907],[77.0232621,8.5985424],[77.0230112,8.5986099],[77.0229581,8.5986005],[77.022861,8.5985834],[77.0226733,8.598472],[77.0224533,8.5983765],[77.0221798,8.5983235],[77.0221388,8.5983176],[77.021697,8.5982545],[77.0213827,8.5981499],[77.0208742,8.5979934],[77.0205394,8.5979915],[77.0201175,8.5981154],[77.0196176,8.598253],[77.019224,8.5984508],[77.0189772,8.5984985],[77.0187036,8.5985197],[77.01806,8.5983936],[77.0179472,8.5983648],[77.0173895,8.5982225],[77.0162027,8.5982861],[77.016076,8.5982968],[77.0159579,8.5983539],[77.0155269,8.598671],[77.0152013,8.5987945],[77.0148741,8.5989611],[77.0147973,8.5990002],[77.0145402,8.5991649],[77.0144281,8.5992631],[77.014288,8.5994433],[77.0142268,8.5996345],[77.0142317,8.5998185],[77.0141167,8.6001332],[77.0139085,8.6003753],[77.0137127,8.6005472],[77.0134776,8.6006561],[77.0132793,8.6006828],[77.0131716,8.6006561],[77.0129414,8.6005424],[77.0127578,8.6004552],[77.0126143,8.6004055],[77.0125619,8.6003874],[77.0124039,8.6003799],[77.0122763,8.6004373],[77.0121897,8.6005012],[77.011813,8.600784],[77.0115665,8.6008242],[77.0114958,8.6008088],[77.0113487,8.6007766],[77.010964,8.6006872],[77.0107077,8.6006222],[77.01056,8.6005898],[77.0103819,8.6005089],[77.0102192,8.6003891],[77.009982,8.6002111],[77.0098747,8.6001066],[77.0097535,8.6000365],[77.0096617,8.6000039],[77.0095763,8.6000083],[77.0094851,8.6000587],[77.0094483,8.600099],[77.0093639,8.6001922],[77.0092168,8.6003857],[77.0088349,8.6008286],[77.0087037,8.6009786],[77.008547,8.6010537],[77.0083879,8.6010876],[77.0081399,8.6010962],[77.0078529,8.6012134],[77.0075402,8.6014412],[77.007302,8.6016816],[77.0072116,8.6017728],[77.0069083,8.6021395],[77.0065385,8.6025739],[77.0061333,8.6029038],[77.005862,8.6030994],[77.0057415,8.6031863],[77.0053555,8.6034019],[77.0050058,8.6034618],[77.0049089,8.6034616],[77.0046364,8.603461],[77.0040018,8.6033951],[77.0038776,8.6033312],[77.0037391,8.6032165],[77.0035435,8.6030813],[77.0034361,8.603059],[77.0033253,8.6030676],[77.0032758,8.6030805],[77.0030253,8.6032414],[77.0027942,8.6033154]],[[77.0513982,8.5930287],[77.0515975,8.5929476],[77.0518454,8.5928917],[77.0524224,8.5928544],[77.0527898,8.5928242],[77.0533385,8.5927753],[77.0537201,8.592752],[77.0538307,8.5927147],[77.0539485,8.5926542],[77.0541139,8.5925637],[77.0541525,8.5925382],[77.0547254,8.5921606],[77.0554629,8.5916621],[77.0558986,8.5914037],[77.0560964,8.5913338],[77.0563625,8.5912872],[77.0568524,8.5911871],[77.0571868,8.5910753],[77.0575213,8.5908634],[77.0576231,8.5907544],[77.0576908,8.5906818],[77.0578153,8.5905162],[77.0580135,8.5903371],[77.0582678,8.5901601],[77.0584303,8.5900646],[77.0585952,8.5900297],[77.0588119,8.5900041],[77.059151,8.5899692],[77.059423,8.5899094],[77.059685,8.5898535],[77.0598734,8.5897848],[77.0599566,8.5897081],[77.0600365,8.5896192],[77.0602097,8.5894875],[77.0603821,8.5893877],[77.0606627,8.5893195],[77.0610983,8.5892538],[77.0617118,8.5891252],[77.0620425,8.5890629],[77.0623274,8.5890088],[77.0625557,8.5889848],[77.0626925,8.5890065],[77.0628573,8.5890577],[77.0630716,8.5892044],[77.0632671,8.5893442],[77.0634532,8.5895351],[77.0635827,8.5896935],[77.0637028,8.5897889],[77.0639501,8.589938],[77.0641095,8.5900243],[77.0642728,8.5901126],[77.0645836,8.5903781],[77.0647885,8.5906226],[77.0649675,8.5908182],[77.0651866,8.5909929],[77.0653373,8.5910581],[77.0654957,8.5910967],[77.0658012,8.591086],[77.0661328,8.5910753],[77.0662558,8.5910255],[77.0664254,8.5909626],[77.0665949,8.5908834],[77.0667103,8.5908019],[77.0668587,8.590604],[77.0670391,8.5903758],[77.0671343,8.5902663],[77.067325,8.5901592],[77.067504,8.5900987],[77.0677749,8.5900451],[77.0683213,8.5899124]],[[77.0683213,8.5899124],[77.0686628,8.5898122]],[[77.0686628,8.5898122],[77.0687805,8.5897936],[77.06891,8.5897796],[77.0690961,8.5898052],[77.0692633,8.5899077],[77.069374,8.5899822],[77.0695554,8.5900591],[77.0698615,8.590101],[77.070057,8.5900847],[77.0702431,8.5900498],[77.0704456,8.5900381],[77.0706646,8.590094],[77.0707871,8.5901709],[77.0708695,8.5902035],[77.0709849,8.5901941],[77.0711498,8.5901359],[77.071322,8.5900309]],[[77.071322,8.5900309],[77.0713924,8.5899147],[77.0714936,8.5897633],[77.0715737,8.5896213],[77.0716561,8.5894536],[77.0718926,8.5888576],[77.0721714,8.5882866],[77.0724095,8.5879335],[77.0725026,8.5877803],[77.0727219,8.5874699],[77.0730346,8.5871349],[77.0733587,8.5868552],[77.073735,8.5864043],[77.0740305,8.5859612],[77.0741813,8.5857856],[77.0743083,8.5856973],[77.0745888,8.5855679],[77.0747389,8.5854886],[77.0748786,8.5853876],[77.0750763,8.5851909],[77.0750974,8.585187],[77.0753492,8.5850186],[77.0756647,8.5848918],[77.0758699,8.5848246],[77.0760608,8.5847724],[77.0761585,8.5847103],[77.076417,8.5846576],[77.0766405,8.5845955],[77.0768448,8.5845708],[77.0770639,8.5846115],[77.077221,8.5846387],[77.0774247,8.5846342],[77.0778139,8.58456],[77.0783633,8.5844908],[77.0785441,8.5844554],[77.0786613,8.5844009],[77.0788992,8.584263],[77.0790379,8.5841362],[77.0791756,8.5840034],[77.079279,8.58381],[77.0793673,8.5836352],[77.0794171,8.5835568],[77.0794964,8.5834762],[77.0796573,8.5833552],[77.0797932,8.5832298],[77.0798161,8.583205],[77.0799926,8.5830147],[77.0802621,8.5826742],[77.0805952,8.5822397],[77.0808783,8.5818795],[77.0809051,8.5817738],[77.080963,8.5816749],[77.0810941,8.5814507],[77.0812222,8.5812353],[77.081328,8.5810991],[77.0815811,8.5809058],[77.0818278,8.5807601],[77.0819079,8.5807031],[77.0823048,8.5805473],[77.082845,8.5803134],[77.0830276,8.5802326],[77.0833271,8.5800774],[77.0834836,8.5800057],[77.0835242,8.5799871],[77.0837917,8.5799047],[77.0840304,8.5798731],[77.0842,8.5798524]],[[77.0842463,8.5796161],[77.0842,8.5798524]],[[77.084346,8.5790471],[77.0842463,8.5796161]],[[77.084346,8.5790471],[77.0843867,8.5788388],[77.0844666,8.57865],[77.0845748,8.5785274],[77.0847709,8.5783469],[77.0854759,8.5778777],[77.0856546,8.5776473],[77.0858131,8.5774921],[77.0858788,8.5774081],[77.0859525,8.5772846],[77.0859861,8.5771816],[77.0859941,8.5768912],[77.0861196,8.5768261],[77.0862684,8.5767218],[77.0866844,8.5764404],[77.0871434,8.5760732],[77.0875695,8.5757951],[77.0876657,8.5757492],[77.0877874,8.5757111],[77.08793,8.5757143],[77.0881609,8.5757998],[77.0882054,8.5758172]],[[77.0882054,8.5758172],[77.0882937,8.5758357],[77.0884268,8.575879],[77.0886185,8.5758864],[77.0892305,8.5756364],[77.0893426,8.5755509],[77.0893699,8.5754527],[77.0893907,8.5753576],[77.0894363,8.5752734],[77.08949,8.5751897],[77.0895445,8.5751549],[77.0896598,8.57512],[77.0897262,8.5751054],[77.0897582,8.5750984],[77.0898148,8.5750875],[77.0899001,8.5750724]],[[77.0899001,8.5750724],[77.0899818,8.57507]],[[77.0899818,8.57507],[77.0902301,8.5750789],[77.0904031,8.5750915],[77.0905793,8.5750694],[77.0909157,8.574968],[77.0910278,8.5749616],[77.0910661,8.5749742],[77.091172,8.5750092],[77.091345,8.57512],[77.0915276,8.5751961],[77.091684,8.5752098],[77.0918095,8.5751486],[77.0921936,8.5749605],[77.092383,8.5749331],[77.092497,8.5749528],[77.0926955,8.5751052],[77.0928924,8.5752563],[77.0930334,8.5753228],[77.0932,8.5753608],[77.0934339,8.5754147],[77.0936101,8.5755224],[77.0938472,8.5756016],[77.0940042,8.5756206],[77.0942252,8.5756238],[77.0943703,8.5755749],[77.0945285,8.5755617],[77.0946519,8.5756439],[77.0947859,8.5760673],[77.0949003,8.5761675],[77.0950838,8.5762447],[77.0954138,8.5763302],[77.0957022,8.5763936],[77.0959168,8.5764157],[77.0963878,8.5764633],[77.0968363,8.5764696],[77.0972684,8.576451],[77.0974803,8.5764252],[77.0977174,8.5763365],[77.0979673,8.5762447],[77.0981146,8.5761465],[77.0982769,8.5760108],[77.0983453,8.5759437],[77.0984478,8.5759025],[77.0986095,8.5758941],[77.098733,8.5759057],[77.0996126,8.5760426],[77.0996947,8.5760694],[77.1001652,8.5762229],[77.1003701,8.5762193],[77.100479,8.5761908],[77.1006134,8.5761198],[77.1008778,8.5758286],[77.1013215,8.57534],[77.1013438,8.5752306],[77.1013166,8.5750872],[77.1012736,8.5749707],[77.1011603,8.5747601],[77.101047,8.5744712],[77.1009728,8.5741783],[77.1009655,8.5740523],[77.1009745,8.5739515],[77.1010108,8.573826],[77.1010062,8.5737275],[77.1009967,8.5735866],[77.1009179,8.573443],[77.100791,8.5732615],[77.1006483,8.573042],[77.100569,8.5728628],[77.1005169,8.572706],[77.1004943,8.5725357],[77.1004925,8.5724861],[77.10049,8.5724172],[77.1005758,8.572025],[77.1006415,8.5718189],[77.1006778,8.5717181],[77.1007314,8.571611],[77.1008613,8.5714448],[77.1009723,8.5713216],[77.101081,8.5711491],[77.1011558,8.5709968],[77.1011927,8.5708206],[77.1011965,8.57071],[77.1011943,8.5704502],[77.1011767,8.5702765],[77.1011648,8.5701589],[77.1011308,8.569805],[77.1010986,8.5695287],[77.1010584,8.5692875],[77.1009995,8.5690187],[77.1009632,8.5688888],[77.100893,8.568723],[77.1007888,8.5684721],[77.1007117,8.5682795],[77.1006483,8.5680644],[77.1006279,8.5678785],[77.1006295,8.5677493],[77.1006438,8.5676545],[77.1006846,8.5675805],[77.1007797,8.5675066],[77.1008601,8.5674575],[77.1011422,8.5673498],[77.1014398,8.5672657]],[[77.1014398,8.5672657],[77.1015307,8.56724],[77.1016292,8.5671616],[77.1018603,8.5668839],[77.1020333,8.5666795],[77.1022261,8.5664517],[77.1022794,8.5663888],[77.1024668,8.5661454],[77.1026419,8.5659161],[77.1027302,8.5657772],[77.1027481,8.5656964],[77.1027552,8.5656249],[77.1027311,8.565197],[77.1027295,8.5649103],[77.1027339,8.5646666],[77.1027343,8.5646426],[77.1027664,8.5644573],[77.1028071,8.5643384],[77.1028529,8.5642625],[77.1029073,8.5642118],[77.1031006,8.5640657],[77.1031397,8.5640361],[77.1032085,8.5639393],[77.1032533,8.5637809],[77.1033158,8.5635908],[77.103335,8.5635195],[77.1033783,8.5634451],[77.1034584,8.5633326],[77.1035946,8.5632202],[77.1037291,8.5631188],[77.1038621,8.5629271],[77.1039838,8.562802],[77.1041072,8.5626958],[77.1042353,8.5626103],[77.1043515,8.5625569],[77.1044147,8.5625279],[77.1046203,8.5624341],[77.1047415,8.56236],[77.104844,8.5622887],[77.1049257,8.5621889],[77.1050055,8.5620343],[77.105283,8.5618009],[77.1053928,8.5617179],[77.105528,8.561625],[77.1057075,8.5615078],[77.105834,8.5614603],[77.1059429,8.5614429],[77.1060224,8.5614318],[77.1061464,8.5613811],[77.1062521,8.5612892],[77.1065597,8.5610294],[77.1066008,8.5610054],[77.1067871,8.5608964],[77.1069569,8.5608108],[77.107104,8.5607684],[77.10721,8.5607633],[77.1073062,8.5607728],[77.1074581,8.5608108],[77.1075561,8.5608235],[77.1076351,8.5608162],[77.1077226,8.560757],[77.1077931,8.5606746],[77.1079181,8.5605067],[77.1080206,8.5603451],[77.1081199,8.5602627],[77.1083858,8.5600188],[77.1089401,8.5593693],[77.1091644,8.559119],[77.1093625,8.5589224],[77.1095104,8.5588307],[77.1098083,8.5586977],[77.1102472,8.5584823],[77.1112436,8.5580229],[77.1117434,8.5577979],[77.111916,8.5577249],[77.1119696,8.5577023],[77.1122016,8.5575445],[77.1124835,8.557291],[77.1127847,8.5570091],[77.1129064,8.556895],[77.1130363,8.5567703],[77.1131275,8.5566828],[77.1133229,8.5564673],[77.1135442,8.5561871],[77.1136379,8.5560685],[77.113717,8.5559477],[77.1137906,8.5558115],[77.1138611,8.5555961],[77.1139156,8.5554567],[77.114047,8.5551874],[77.1143866,8.5544777],[77.1146909,8.553898],[77.1148639,8.5537015],[77.1149451,8.5536173],[77.1151266,8.5534291],[77.1153797,8.5532073],[77.1155752,8.5530457],[77.1157257,8.5529507],[77.1158159,8.5528697],[77.1158603,8.5527764],[77.1158923,8.55258],[77.1159521,8.5524047],[77.1159889,8.5522848],[77.1160318,8.5521574],[77.1160685,8.5520477],[77.116075,8.551959],[77.116124,8.5518334],[77.116228,8.551684],[77.116465,8.551326],[77.1165844,8.5509579],[77.1167925,8.5504615],[77.1169768,8.550022],[77.1170921,8.5498208],[77.1171706,8.549664],[77.1172091,8.5495483],[77.1172235,8.549477],[77.1172972,8.5489511],[77.1173068,8.5488529],[77.1172715,8.5487388],[77.1171498,8.5485678],[77.1170569,8.5484759],[77.1169704,8.548346],[77.1169127,8.5481717],[77.1169095,8.5479436],[77.1169351,8.5477472],[77.1170889,8.5473765],[77.1172107,8.5471294],[77.1172844,8.5469456],[77.1173356,8.5467017],[77.1173292,8.5464451],[77.1173474,8.545587],[77.1173587,8.5452241],[77.1173338,8.545],[77.1172857,8.5448276],[77.1172726,8.5446953],[77.1173044,8.5444825],[77.1173225,8.5442742],[77.1173231,8.5442427],[77.1173247,8.5441554],[77.1172794,8.5439717],[77.1172251,8.5437992],[77.1172069,8.5437074],[77.1172228,8.5436178],[77.117259,8.5435125],[77.1172887,8.5434709],[77.1173259,8.5434189],[77.117549,8.5433198],[77.1176283,8.5432705],[77.1176691,8.5432078],[77.1177121,8.5430935],[77.1177099,8.5429815],[77.1177303,8.5427687],[77.117731,8.5426579],[77.1177688,8.5425379],[77.1178891,8.5423066],[77.1179704,8.5421504],[77.1180429,8.5419958],[77.118129,8.541839],[77.1181584,8.5417225],[77.1181607,8.5416261],[77.1181562,8.5414917],[77.1181154,8.5412632],[77.1181018,8.5411131],[77.1181039,8.5410563],[77.1181086,8.5409249],[77.1181222,8.5408219],[77.1181607,8.5407031],[77.118249,8.5404903],[77.1183397,8.5403133],[77.1184846,8.5400714],[77.1185775,8.5399258],[77.1186432,8.5398227],[77.1186545,8.5397689],[77.1186591,8.5396256],[77.118616,8.5394284],[77.1186206,8.5392738],[77.1186523,8.5391327],[77.1187859,8.5387944],[77.1188426,8.5385905],[77.1189717,8.5382746],[77.1190601,8.5381783],[77.1191507,8.5380865],[77.1192889,8.5379476],[77.1194203,8.5377639],[77.119572,8.5375241],[77.1196287,8.537392],[77.1197057,8.5373001],[77.1198167,8.5371881],[77.1199345,8.537029],[77.1199504,8.5368924],[77.119973,8.5366549],[77.1200001,8.5363715],[77.1200365,8.5362046],[77.1201429,8.5359581],[77.1202254,8.5358039],[77.120364,8.5356436],[77.120472,8.5355504],[77.1206415,8.5354008],[77.1207165,8.5353347],[77.1207297,8.5353241],[77.1208226,8.5352076],[77.1211125,8.5348335],[77.1212978,8.5344303],[77.121475,8.5342846],[77.1215427,8.5341799],[77.1215634,8.534148],[77.1216064,8.5340449],[77.1216336,8.533897],[77.1216562,8.533626],[77.1217028,8.5333751],[77.1217756,8.5329017],[77.1218301,8.532683],[77.1219006,8.5325658],[77.1220944,8.5322537],[77.1221265,8.5321619],[77.1221297,8.5320129],[77.1221457,8.5318925],[77.1222102,8.5316819],[77.1223155,8.5314743],[77.122418,8.5313476],[77.1225697,8.5311991],[77.1227224,8.5311163],[77.1229659,8.5310561],[77.1230593,8.5310141],[77.1235862,8.5307771],[77.1236126,8.5307649],[77.1240502,8.5305625],[77.1241279,8.5305196],[77.1243213,8.530413]],[[77.1243213,8.530413],[77.1244795,8.5304535],[77.1248521,8.5304641],[77.125058,8.530505],[77.1254081,8.5305516]],[[77.1254081,8.5305516],[77.1255791,8.5305466],[77.1261424,8.5305042],[77.126464,8.5303332],[77.1267051,8.5301487],[77.1269929,8.5299307],[77.1272045,8.5298092]],[[77.1278821,8.5296461],[77.1272045,8.5298092]],[[77.1329311,8.5197613],[77.1325823,8.5197251],[77.1322342,8.5197107],[77.1320626,8.5196988],[77.1319224,8.5197274],[77.1317241,8.5197992],[77.1315551,8.5198674],[77.1314365,8.5199665],[77.1313518,8.5200521],[77.1313083,8.5201865],[77.131345,8.5203125],[77.1314202,8.5204359],[77.1315433,8.5206252],[77.1315724,8.5206996],[77.1315689,8.5208027],[77.1315149,8.521237],[77.1314871,8.5213553],[77.1314585,8.5214271],[77.1314037,8.5215024],[77.1311629,8.521791],[77.1311167,8.5218738],[77.1311082,8.5219972],[77.1311194,8.5223564],[77.1311097,8.5224497],[77.1310807,8.522574],[77.1308003,8.5231741],[77.1307398,8.5232434],[77.1306646,8.5232998],[77.1303446,8.5234831],[77.1301254,8.5236577],[77.1300079,8.5237739],[77.1299173,8.5239294],[77.1298711,8.5240444],[77.1298455,8.5242591],[77.1298301,8.5243707],[77.129801,8.5244907],[77.1297417,8.5246025],[77.1297275,8.5246293],[77.1297035,8.5246582],[77.1296728,8.5246952],[77.1296185,8.5247481],[77.1291942,8.5249556],[77.128956,8.5251166],[77.1285605,8.5254129],[77.1285392,8.5254311],[77.128417,8.5255356],[77.1282504,8.5257162],[77.1282056,8.5258524],[77.1281316,8.525944],[77.1281927,8.5260906],[77.1282087,8.5262918],[77.1282928,8.5266316],[77.128311,8.5267839],[77.1283744,8.5269363],[77.1285239,8.5271334],[77.1287974,8.5274453],[77.1289679,8.5276398],[77.1290314,8.5277966],[77.1290702,8.5279144],[77.1291083,8.5280302],[77.1291572,8.5283609],[77.1290832,8.528746],[77.1289748,8.5290134],[77.1287414,8.5293127],[77.1285027,8.5294803],[77.1283261,8.5295275],[77.1278821,8.5296461]],[[77.1330934,8.5197636],[77.1330152,8.5197634],[77.1329311,8.5197613]],[[77.1458232,8.5159982],[77.145757,8.5161324],[77.1456962,8.5162133],[77.1456071,8.5162735],[77.1454126,8.5162792],[77.1452058,8.5162842],[77.1448617,8.5161861],[77.1447802,8.5161777],[77.1447323,8.516198],[77.1446915,8.5162404],[77.1445921,8.5171583],[77.1445528,8.5173848],[77.1444115,8.5177444],[77.1443323,8.5178328],[77.1442246,8.5179224],[77.1440947,8.517941],[77.1439511,8.5179089],[77.1438143,8.517897],[77.1436981,8.5179291],[77.1436031,8.5179896],[77.1435391,8.5180982],[77.1435323,8.518247],[77.1435477,8.5184228],[77.143546,8.5186172],[77.1435289,8.5187186],[77.1434947,8.5188133],[77.1434332,8.5188877],[77.1433118,8.5189266],[77.1432007,8.5189452],[77.143052,8.5189215],[77.1429486,8.5189021],[77.1428537,8.5189401],[77.1427443,8.519121],[77.1426605,8.5192748],[77.1424195,8.519498],[77.1421562,8.5196958],[77.1419426,8.519782],[77.14184,8.5197938],[77.1415919,8.5197929],[77.1413802,8.5197921],[77.1412749,8.519804],[77.1411477,8.5198462],[77.1408136,8.5200799],[77.1407357,8.5201962],[77.1406521,8.520353],[77.1406366,8.5203821],[77.1405716,8.5206425],[77.1404554,8.5208402],[77.1403477,8.5209112],[77.1397682,8.5210516],[77.1396451,8.5210718],[77.139493,8.5210617],[77.1392742,8.5210127],[77.1387665,8.5209045],[77.1377114,8.5207982],[77.1374622,8.5207811],[77.1370742,8.5207084],[77.1369343,8.5206704],[77.1363648,8.5205157],[77.1362308,8.5205011],[77.1359956,8.5204666],[77.1358144,8.5204278],[77.1356879,8.5203703],[77.1355699,8.5203365],[77.1353956,8.5203179],[77.1352127,8.5202976],[77.1350862,8.5202773],[77.1349511,8.5202046],[77.1348554,8.5201285],[77.1347836,8.5200575],[77.134693,8.5199967],[77.1345887,8.5199747],[77.1340776,8.5198699],[77.1337355,8.5198183],[77.1330934,8.5197636]],[[77.1458591,8.5159254],[77.1458232,8.5159982]],[[77.1492654,8.5080871],[77.1492062,8.5082031],[77.1490629,8.5083341],[77.1490206,8.5084531],[77.1489867,8.5085941],[77.1489861,8.5086897],[77.1490327,8.5088356],[77.1491221,8.5090532],[77.1491892,8.5091892],[77.1492261,8.5093353],[77.1492249,8.5095204],[77.1490665,8.5101219],[77.1488973,8.5108463],[77.1488634,8.5109539],[77.1487861,8.5110352],[77.1486676,8.511126],[77.14861,8.5112145],[77.148583,8.5113627],[77.1485716,8.5117764],[77.1485105,8.5119533],[77.1483582,8.5122952],[77.14833,8.5123954],[77.1483123,8.5125725],[77.1483389,8.5129263],[77.1483243,8.5130674],[77.148305,8.5131415],[77.1482325,8.5132313],[77.1481213,8.5133041],[77.1478022,8.5133758],[77.1477162,8.513454],[77.1476209,8.5135719],[77.1473888,8.5143704],[77.1473435,8.5144599],[77.1472908,8.5144966],[77.1472317,8.5145377],[77.1467337,8.5147457],[77.1466564,8.5147978],[77.1466104,8.5148748],[77.1464412,8.5153219],[77.1463324,8.5154223],[77.1460624,8.5155656],[77.1459504,8.5157403],[77.1458591,8.5159254]],[[77.1526557,8.5070998],[77.1523329,8.5072079],[77.1517454,8.5073776],[77.1514022,8.5074733],[77.1509622,8.5076454],[77.1507398,8.5076956],[77.1505343,8.507698],[77.1504279,8.5077004],[77.1503433,8.5077315],[77.1501668,8.5078128],[77.1500242,8.5078821],[77.1498961,8.5079156],[77.1494473,8.5079551],[77.1492654,8.5080871]],[[77.1526557,8.5070998],[77.1528182,8.5069924],[77.1529198,8.5068299],[77.1529504,8.5067917],[77.153031,8.5066912],[77.1532292,8.5066243],[77.1534057,8.5066003],[77.1536378,8.5066243],[77.1537073,8.506645],[77.1539182,8.5067079],[77.15412,8.506766],[77.1541977,8.5068217],[77.1543215,8.5068125],[77.1547381,8.5066927],[77.1551057,8.5066496],[77.1553128,8.506546],[77.1554909,8.5064494],[77.1555972,8.5064048],[77.1556972,8.5064059],[77.1558098,8.5064245],[77.1559443,8.5064654],[77.1561262,8.5065598],[77.1562931,8.5066698],[77.1564349,8.5067052],[77.1564763,8.5067195],[77.1567346,8.5067314],[77.1569536,8.5067155],[77.1570144,8.5067047],[77.1572186,8.5066479],[77.1573297,8.5065833],[77.157602,8.5064206],[77.1576556,8.5064038],[77.1578546,8.5063415],[77.1580771,8.5062896],[77.1583059,8.5061819],[77.1585138,8.5060935],[77.1586588,8.5059811],[77.1587579,8.5059381],[77.1591302,8.5057922],[77.1592462,8.5056823],[77.1593671,8.505479],[77.1595122,8.5052997],[77.1597467,8.5051347],[77.159986,8.5049315],[77.1600409,8.5048567],[77.1600754,8.5048096],[77.1601335,8.5046279],[77.1601649,8.5043075],[77.1602036,8.5040852],[77.1602471,8.5039321],[77.1603945,8.503607],[77.1605396,8.5032938],[77.1606266,8.503124],[77.1607306,8.5029925],[77.1609215,8.5027702],[77.161173,8.5025932],[77.1612987,8.5025359],[77.161405,8.5025191],[77.1616274,8.5024952],[77.1617338,8.5024737],[77.1618329,8.502402],[77.1618787,8.5023392],[77.1619707,8.5022131],[77.1621133,8.5019214],[77.1623164,8.5015102],[77.16243,8.5010918],[77.1625388,8.5009268],[77.162696,8.5007523],[77.1629111,8.5005347],[77.1629957,8.5004821],[77.1631118,8.5004462],[77.1633535,8.5004128],[77.163594,8.50039],[77.1642596,8.5001793],[77.1645674,8.5000192],[77.1648041,8.4998808],[77.1649238,8.499775],[77.1651429,8.4994359],[77.165254,8.4993535],[77.1655021,8.4991466],[77.165794,8.4988211],[77.1659564,8.4985637],[77.166066,8.4983342],[77.1661554,8.4982143],[77.166232,8.4981491],[77.1663475,8.4981269],[77.1664725,8.4981477],[77.1665697,8.4981364],[77.1666474,8.498112],[77.1667483,8.4980044],[77.1667941,8.4978784],[77.1668993,8.4975367],[77.1670158,8.497203],[77.1670364,8.4971147],[77.167106,8.4970224],[77.1672324,8.4969113],[77.1673927,8.4968086],[77.1675265,8.4967169],[77.1675789,8.4966311],[77.1676098,8.496524],[77.1675604,8.4963863],[77.1675423,8.4963183],[77.1675578,8.4962505],[77.1676009,8.4962017],[77.1676388,8.4961923],[77.1676928,8.4961887],[77.1678384,8.4961142],[77.1680876,8.4959155],[77.1681991,8.495878],[77.1682858,8.4958269],[77.1683344,8.4957687],[77.1683433,8.4957144]],[[77.1683433,8.4957144],[77.1683033,8.4955641],[77.1683488,8.4954435],[77.1684054,8.4953081],[77.1685021,8.4951211],[77.1686779,8.4949391],[77.1688496,8.4947895],[77.1689318,8.4947267],[77.1690056,8.4947138],[77.1693762,8.4946734],[77.1696564,8.4946303],[77.1697135,8.4946046],[77.1697548,8.4945551],[77.1698082,8.4944321],[77.1698707,8.4943058],[77.1699656,8.4940982],[77.1699784,8.4940032],[77.1699765,8.4938066],[77.1699646,8.4937136],[77.1699817,8.4935563],[77.1700535,8.4934295],[77.1701799,8.4932994],[77.1704158,8.4930221],[77.1705116,8.4927888],[77.1707133,8.4925048],[77.171062,8.4921463],[77.1712705,8.4919705],[77.1713731,8.4917947],[77.1714035,8.4917249],[77.1716226,8.4912221],[77.1716295,8.4912063],[77.1718859,8.4906619],[77.1721013,8.4903238],[77.172726,8.4894887],[77.1728179,8.4892329],[77.1729895,8.4888169],[77.1733279,8.4884152],[77.1738912,8.4879872],[77.1740532,8.4877816],[77.1740846,8.4875951],[77.1741111,8.4874681],[77.174116,8.4874445],[77.1741789,8.4872675],[77.1742756,8.4871432],[77.1743336,8.487081],[77.1748679,8.4866674],[77.1751362,8.4865646],[77.175274,8.4865455],[77.1754263,8.4865742],[77.1755738,8.4866387],[77.1756995,8.48672],[77.1758252,8.4867941],[77.1759364,8.4867893],[77.1760814,8.486763],[77.1765722,8.4864857],[77.1769759,8.4863064],[77.177132,8.486263],[77.1772418,8.4861055],[77.1772732,8.4859597],[77.1772853,8.485766],[77.177262,8.485569],[77.1772756,8.4854265],[77.1773603,8.4852974],[77.1774231,8.4852113],[77.1775754,8.485087],[77.1779259,8.4847881],[77.1781677,8.4846614],[77.1784264,8.4845562],[77.1785714,8.4844318],[77.1787866,8.4841664],[77.1790017,8.4839656],[77.1792072,8.4838173],[77.1794779,8.4837002],[77.1796206,8.4835878],[77.1799397,8.4832937],[77.1800654,8.4832029],[77.1802298,8.4830976],[77.1811268,8.4828056],[77.1813901,8.4827486],[77.1815255,8.4826983],[77.1817673,8.4825645],[77.1819389,8.4824114],[77.1821347,8.4822249],[77.1825384,8.4819571],[77.1826061,8.4818758],[77.1827222,8.4815387],[77.1827633,8.4814502],[77.1828455,8.4813522],[77.1829658,8.4812521],[77.1831105,8.4811456],[77.1831366,8.4810712],[77.1831071,8.480782],[77.1831336,8.480717],[77.1834774,8.480278],[77.1837998,8.479851],[77.1841927,8.4794251],[77.1844043,8.4793053],[77.1846454,8.4792682],[77.1849412,8.4791088],[77.1853931,8.4787805],[77.1854835,8.4786488],[77.185529,8.4784854],[77.1855913,8.4783364],[77.1857519,8.4782279],[77.1858908,8.4781009],[77.1861754,8.4779677],[77.1864985,8.4776622],[77.1866247,8.4775453]],[[77.1866247,8.4775453],[77.186752,8.4774326],[77.1869382,8.4772331],[77.1871341,8.476932],[77.1872303,8.4767842],[77.1872746,8.4766839],[77.1873455,8.4764355],[77.1873811,8.476311],[77.1875074,8.4759443],[77.1877925,8.4753511],[77.1881906,8.474383],[77.1883107,8.4740951],[77.1884279,8.4738477],[77.1885228,8.4737091],[77.188638,8.4736285],[77.1887587,8.4736038],[77.1889135,8.4735415],[77.1890316,8.4734186],[77.189203,8.4731499],[77.1893528,8.472872],[77.1894702,8.4726749],[77.1895755,8.472494],[77.1896231,8.4724043],[77.1896739,8.4723085],[77.1898095,8.4719322],[77.1897708,8.4716951],[77.1897003,8.4715243],[77.1895381,8.471403],[77.1894458,8.4712914],[77.1894151,8.4711359],[77.189504,8.4709431],[77.1895928,8.4708045],[77.1896553,8.4707306],[77.1896626,8.4705606],[77.189504,8.47026],[77.1893706,8.4700369],[77.1892612,8.4698509],[77.1891211,8.4694113],[77.1891074,8.4692355],[77.1891245,8.4689683],[77.1892824,8.4688089],[77.1894704,8.4687379],[77.1896417,8.4686452],[77.1896812,8.4685494],[77.1896681,8.468439],[77.1896127,8.4682843],[77.1894124,8.4677879],[77.1893872,8.4677214]],[[77.1893872,8.4677214],[77.1893451,8.4676104]],[[77.1893451,8.4676104],[77.189341,8.4675997],[77.1893024,8.4675151],[77.188768,8.466144],[77.188743,8.46582],[77.1887714,8.4656691],[77.1888493,8.4652561],[77.1886604,8.4644616],[77.1887451,8.4641739],[77.1887633,8.4640196],[77.1888462,8.463857],[77.1888731,8.4635539],[77.1888769,8.4633085],[77.188891,8.4630941],[77.1889752,8.4628657],[77.1890649,8.4626659],[77.1891832,8.462539],[77.1893542,8.4624024],[77.1895351,8.462295],[77.1897423,8.4621747],[77.1898187,8.4620868],[77.1898675,8.4619488],[77.1899429,8.4618266],[77.1901534,8.4617128],[77.1903277,8.4616575],[77.190575,8.461634],[77.190933,8.46156],[77.1911432,8.461355],[77.1913931,8.4609191],[77.1914688,8.460789],[77.191597,8.4606914],[77.1920278,8.4604605],[77.1922712,8.4603076],[77.1924093,8.460171],[77.1925014,8.4599856],[77.1925836,8.4597676],[77.1927053,8.4596245],[77.1931821,8.4593318],[77.1932013,8.4593184],[77.1936524,8.4590032],[77.1940141,8.4586942],[77.1947183,8.4580548],[77.1949941,8.4577379],[77.1950961,8.457585],[77.1951684,8.4574094],[77.1952628,8.4571719],[77.1952779,8.4568824],[77.1952915,8.4566213],[77.1952724,8.4562602],[77.1952899,8.456107],[77.1953125,8.4558799],[77.1954265,8.4555102],[77.195445,8.4553499],[77.1954082,8.4551922],[77.1952792,8.4549225],[77.1951984,8.4547618],[77.195121,8.4544635],[77.195095,8.4542779],[77.1950628,8.4538497]],[[77.1950628,8.4538497],[77.1952901,8.4537858],[77.1954249,8.4537142],[77.1955433,8.4536231],[77.1955861,8.4535957],[77.195627,8.4535644],[77.19565,8.4534885],[77.1957308,8.4531625],[77.1959295,8.452508],[77.1962832,8.4514372],[77.196395,8.4510696],[77.19652,8.4507996],[77.1967075,8.4505069],[77.1970166,8.4501458],[77.1971678,8.4500678],[77.1973652,8.4500613],[77.197543,8.450078],[77.1977795,8.4502076],[77.1980262,8.4504158],[77.1988582,8.4513331],[77.1991936,8.4516454],[77.1992884,8.4516803],[77.1993876,8.4517169],[77.199699,8.451727],[77.200307,8.45173],[77.200965,8.451879],[77.201371,8.451826],[77.202029,8.451159],[77.202598,8.450692],[77.203491,8.450288],[77.2042284,8.4503159],[77.2044442,8.4502921],[77.20503,8.450141],[77.2053577,8.4502107],[77.20573,8.45029],[77.206265,8.450654],[77.207038,8.451037],[77.207637,8.451159],[77.209106,8.450788],[77.209957,8.450871],[77.210644,8.451002],[77.2110759,8.4510639],[77.211588,8.451015],[77.2132308,8.4507918],[77.214076,8.450677],[77.2147378,8.4506297],[77.215052,8.4506936],[77.215216,8.450682],[77.2157103,8.4505191],[77.216151,8.450452],[77.2168593,8.4504467],[77.216994,8.450426],[77.2170959,8.4503403],[77.2173541,8.4500977],[77.217466,8.4500083],[77.2175607,8.4499444],[77.2177694,8.4498785],[77.2178662,8.4498316],[77.217958,8.449733],[77.2180481,8.4495816],[77.2181515,8.4494582],[77.2183615,8.4494371],[77.2185745,8.4494793],[77.218923,8.449481],[77.2190744,8.4494597],[77.2192256,8.4492897],[77.2194478,8.449079],[77.2197307,8.4488743],[77.2200654,8.4486727],[77.220251,8.4486275],[77.2204275,8.4486185],[77.220604,8.4487238],[77.2207501,8.44879],[77.2209326,8.4488171],[77.2210969,8.448778],[77.221316,8.4487178],[77.2214803,8.4486606],[77.2216811,8.4485222],[77.2218728,8.4483326],[77.2220158,8.4482483],[77.2221284,8.4482061],[77.2222501,8.448164],[77.2227552,8.4480587],[77.2228632,8.4480446],[77.2229904,8.4479576],[77.2231268,8.4478],[77.2232158,8.4476691],[77.2232767,8.4476163],[77.2233722,8.4475335],[77.223504,8.4474735],[77.2237103,8.4472959],[77.2240471,8.4469086],[77.2241271,8.446754],[77.2241541,8.446657]]]}},{"type":"Feature","properties":{"full_id":"r17394626","osm_id":"17394626","osm_type":"relation","official_name":null,"via":null,"public_transport:version":null,"length":null,"road_marking":null,"lane_markings":null,"highway":"secondary","operator":null,"wikipedia:en":null,"to":"Keltron (8th Mile Stone)","source_ref":null,"name:ml":null,"from":"Kallampara","alt_name:ml":null,"wikipedia":null,"wikidata":null,"type":"route","short_name":null,"route":"road","ref":"MDR","network":"IN:MDR:KL","name":"Old Rajapatha (Kallampara - Nettakummipally - Keltron Junction) Road","distance":null,"alt_name":null},"geometry":{"type":"MultiLineString","coordinates":[[[76.9977161,8.6091092],[76.9979997,8.6093472],[76.9981239,8.6094509]],[[76.9975348,8.6089352],[76.9977161,8.6091092]],[[76.9975348,8.6089352],[76.9973379,8.6087775],[76.9969904,8.6084824],[76.996422,8.6080685],[76.9960178,8.6078542],[76.9960186,8.6078524],[76.9959028,8.6077996],[76.9957118,8.6077125],[76.9955626,8.6076197],[76.9954931,8.6075507],[76.9954364,8.6074681],[76.9953363,8.6072272],[76.995305,8.6071243],[76.9952702,8.607012],[76.9952652,8.6069928],[76.9952538,8.6068224],[76.9952159,8.6064286],[76.9952131,8.6063786],[76.995212,8.6063014],[76.9952202,8.6062223],[76.9953216,8.605819],[76.9954322,8.6054845],[76.9954949,8.6051239],[76.9955234,8.6049012],[76.99554,8.6047712],[76.9955323,8.6045138],[76.9955245,8.6044242],[76.9954751,8.6038536],[76.9954429,8.6036514],[76.9953877,8.6034502],[76.9953638,8.6033752],[76.9952967,8.6032095],[76.9950858,8.6026924],[76.9949873,8.6024507],[76.9948252,8.6020693],[76.9946328,8.6015916],[76.9943829,8.600887]],[[76.9943829,8.600887],[76.9943489,8.6007561]],[[76.9943489,8.6007561],[76.9942925,8.6004355],[76.9942578,8.6002974],[76.9942367,8.6002229],[76.9941944,8.6001187],[76.9941628,8.5999864],[76.9939875,8.599252],[76.993944,8.5990445],[76.9937382,8.5985664],[76.993575,8.5983032],[76.9935398,8.5982565],[76.9934763,8.5981722],[76.9932688,8.597917],[76.9932079,8.5978381],[76.993113,8.5976937],[76.9927987,8.5972739],[76.9926449,8.5969698],[76.9924982,8.5966799],[76.9924693,8.596623],[76.9923996,8.5964857],[76.9923279,8.5963446],[76.9920369,8.5959267],[76.9916721,8.595375],[76.9915855,8.5952323],[76.9913824,8.5948977],[76.9911357,8.5943248],[76.9911126,8.5942573],[76.9909408,8.5936602],[76.9909044,8.5934354],[76.9909038,8.5934114]],[[76.9909038,8.5934114],[76.9909012,8.5933125]],[[76.9909012,8.5933125],[76.9908996,8.5932534],[76.9910047,8.5925841],[76.9910872,8.5920513],[76.9910807,8.5918467],[76.9910205,8.5916768],[76.9907924,8.5913545],[76.9901713,8.5906177],[76.9901053,8.5905394],[76.9900017,8.5904033],[76.9898919,8.5902522],[76.9896166,8.5898732],[76.9893748,8.5894967],[76.9892833,8.589259],[76.9892109,8.5890708],[76.988842,8.5884033],[76.9886351,8.5878538],[76.9885322,8.5874389],[76.9883054,8.5866671],[76.9880698,8.5862546],[76.9877347,8.5859044],[76.9875549,8.5857235],[76.9874365,8.5856043]],[[76.9874365,8.5856043],[76.9872485,8.5853205]],[[76.9872485,8.5853205],[76.9871189,8.5851715],[76.9869902,8.5848328],[76.9869744,8.5848176],[76.9867727,8.5846234],[76.9865654,8.5844582],[76.9864345,8.5843767],[76.9863207,8.5843058],[76.9860477,8.5841443],[76.9858314,8.5837836],[76.9857454,8.5837191],[76.9857827,8.583445],[76.9858048,8.5833145],[76.9858052,8.5831884],[76.9856935,8.5830693],[76.9855704,8.5829712],[76.9855245,8.5828691],[76.9854891,8.5826925],[76.9854554,8.5824297],[76.9854787,8.5821468],[76.9855191,8.58199],[76.985658,8.5816838],[76.9858303,8.5812785],[76.985894,8.5810555],[76.9858978,8.5810291],[76.9859033,8.5809913],[76.9859196,8.5808786],[76.985909,8.5804985],[76.9859376,8.5802191],[76.98603,8.5798017],[76.9861301,8.5792251],[76.9862054,8.578778],[76.9862514,8.5784537],[76.9863379,8.5782885],[76.9865047,8.5779214],[76.9866069,8.5775455],[76.9866616,8.5771004],[76.9868431,8.5771345],[76.9873107,8.5771576],[76.9876255,8.5771571],[76.9877192,8.577148],[76.9877637,8.5771223],[76.9877877,8.5770823],[76.9878463,8.5766848],[76.9878914,8.576379],[76.9879245,8.5758599],[76.9879326,8.5757764],[76.9879522,8.5757085],[76.9879846,8.5756678],[76.9880528,8.5756198],[76.9884767,8.5753361],[76.9886902,8.5752475],[76.9888527,8.5749786],[76.9890281,8.5746417],[76.9892733,8.5744269],[76.9896939,8.573731],[76.990101,8.573235],[76.9901186,8.5730211],[76.9901648,8.5728295],[76.9902521,8.572775],[76.9903165,8.5727568],[76.9904001,8.5727447],[76.9904568,8.5727167],[76.9904996,8.5726899],[76.990568,8.5725682],[76.9905589,8.5724886],[76.9901258,8.5716724],[76.9899249,8.5713187],[76.9899187,8.571278],[76.9899469,8.5712241],[76.9901077,8.5710543],[76.9901423,8.5709657],[76.9901565,8.5708922],[76.990134,8.5707331],[76.9900841,8.5705846],[76.989931,8.5702605],[76.9898838,8.57014]],[[76.9898838,8.57014],[76.9897569,8.569836]],[[76.9897569,8.569836],[76.9896997,8.5696992]]]}},{"type":"Feature","properties":{"full_id":"r17357762","osm_id":"17357762","osm_type":"relation","official_name":null,"via":null,"public_transport:version":null,"length":null,"road_marking":"yes","lane_markings":"yes","highway":null,"operator":null,"wikipedia:en":null,"to":"Mannoorkonam","source_ref":null,"name:ml":null,"from":"Kulappada","alt_name:ml":null,"wikipedia":null,"wikidata":null,"type":"route","short_name":null,"route":"road","ref":"MDR","network":"IN:MDR:KL","name":"Kulappada - Panacode - Mannoorkonam Road","distance":"7.6","alt_name":null},"geometry":{"type":"MultiLineString","coordinates":[[[77.0496916,8.6329247],[77.0489089,8.6335626],[77.0482881,8.6338915],[77.0478971,8.6342178],[77.0474117,8.6345929],[77.0465302,8.6357079],[77.0457949,8.6361241],[77.0453975,8.6364467],[77.0449777,8.636668],[77.0448275,8.6368495],[77.0447422,8.6372518],[77.0447242,8.63761],[77.0446219,8.638052],[77.0443214,8.638667],[77.0442769,8.6387745],[77.0441204,8.6391526]],[[77.0498239,8.632819],[77.0496916,8.6329247]],[[77.0557858,8.6294872],[77.0556568,8.6296981],[77.0554729,8.6300255],[77.0549791,8.6303107],[77.0540681,8.6315243],[77.0540245,8.6316881],[77.0540119,8.6325434],[77.0537352,8.6328927],[77.0528309,8.6331446],[77.0527929,8.633168],[77.0527128,8.6332173],[77.0524205,8.6334615],[77.0522815,8.633752],[77.0520717,8.6339235],[77.0517366,8.6339992],[77.0514519,8.6339641],[77.051166,8.6338527],[77.0507754,8.6334967],[77.0502825,8.6328948],[77.0500624,8.6327573],[77.0498239,8.632819]],[[77.0661328,8.5910753],[77.0665043,8.5919462],[77.0667708,8.5926944],[77.0667414,8.592802],[77.0666483,8.5928648],[77.0657374,8.5932096],[77.0654202,8.593338],[77.0653368,8.5934337],[77.0652494,8.5936881],[77.0651715,8.5945544],[77.0648633,8.5973418],[77.064803,8.5975437],[77.064658,8.5978019],[77.064532,8.5979853],[77.064451,8.598299],[77.0644498,8.5983387],[77.0644418,8.5985896],[77.0643857,8.5990804],[77.0640684,8.5996156],[77.0635373,8.6000453],[77.0625645,8.6009698],[77.0623819,8.6011503],[77.0623165,8.6012594],[77.0622938,8.6013625],[77.062275,8.6015439],[77.0620679,8.6019764],[77.0620162,8.6022792],[77.0620353,8.6026814],[77.0617268,8.6036616],[77.0616625,8.6037848],[77.0614924,8.6041372],[77.0614341,8.6044246],[77.0614139,8.6048334],[77.0614169,8.6052875],[77.0613823,8.605517],[77.0613123,8.6057383],[77.0611954,8.6059288],[77.0600586,8.606913],[77.0590415,8.6076182],[77.0588565,8.607739],[77.0581139,8.608861],[77.0576579,8.6093167],[77.0572601,8.6100081],[77.0571214,8.6100936],[77.0569453,8.610081],[77.0564035,8.6099219],[77.055205,8.61034],[77.0550549,8.6103387],[77.0544085,8.610236],[77.0542764,8.610272],[77.0541764,8.6103616],[77.0538794,8.6107635],[77.0535766,8.6114414],[77.0535651,8.6114631],[77.0534695,8.6116495],[77.0534067,8.611772],[77.0533427,8.6120645],[77.0534093,8.6123718],[77.0536086,8.6130178],[77.0539182,8.6138399],[77.0540684,8.6140438],[77.0545688,8.6144409],[77.0547986,8.6147163],[77.0554753,8.6157915],[77.055735,8.6161111],[77.0557655,8.6161486],[77.0562103,8.6164775],[77.057379,8.6172355],[77.0575024,8.6176173],[77.0573951,8.6180204],[77.0574086,8.6187846],[77.0572886,8.6191348],[77.0571745,8.6192221],[77.0566888,8.619458],[77.0565451,8.6195463],[77.0564939,8.6196699],[77.0564839,8.6203334],[77.0561827,8.6208315],[77.0555562,8.6212163],[77.0553789,8.6213252],[77.0551092,8.6217202],[77.0547649,8.6221764],[77.054686,8.622346],[77.0546118,8.6226439],[77.0545563,8.6231109],[77.0546208,8.6232083],[77.0550421,8.6237118],[77.0555935,8.6246628],[77.0556965,8.6248826],[77.0562518,8.6257625],[77.0565647,8.6264595],[77.0568498,8.6268463],[77.0569267,8.6268903],[77.0570079,8.6269161],[77.0572397,8.6269464],[77.0573055,8.6269946],[77.0573813,8.6270996],[77.0574179,8.6272229],[77.057391,8.6278123],[77.0574696,8.6280736],[77.0574381,8.6281777],[77.0573643,8.6282731],[77.0569844,8.6286497],[77.0567929,8.6288395],[77.056455,8.6290555],[77.0557858,8.6294872]]]}},{"type":"Feature","properties":{"full_id":"r15898323","osm_id":"15898323","osm_type":"relation","official_name":null,"via":null,"public_transport:version":null,"length":null,"road_marking":null,"lane_markings":null,"highway":null,"operator":null,"wikipedia:en":null,"to":null,"source_ref":null,"name:ml":null,"from":null,"alt_name:ml":null,"wikipedia":null,"wikidata":null,"type":"route","short_name":null,"route":"road","ref":"ORR","network":"IN:NH","name":"ORR (Outer Ring Road)","distance":null,"alt_name":null,"_proposed":true},"geometry":{"type":"MultiLineString","coordinates":[[[76.7869028,8.7737975],[76.7865915,8.774241],[76.7862147,8.774489],[76.7857732,8.7745845],[76.785502,8.7745622],[76.7852424,8.7744811],[76.7848697,8.774227],[76.7846147,8.773856],[76.7845335,8.7735977],[76.7845114,8.7733279],[76.7846078,8.7728888],[76.7848575,8.7725142],[76.7850675,8.7723421],[76.7853105,8.7722203],[76.7857558,8.7721441],[76.7861986,8.7722333],[76.7921004,8.7761363],[76.7930422,8.776683],[76.794418,8.7773822],[76.7951751,8.7776878],[76.7959736,8.7778591],[76.79679,8.7778854],[76.797598,8.7777659],[76.7984541,8.777467],[76.7992334,8.7770048],[76.8025738,8.7740766],[76.8031786,8.7734026],[76.8046037,8.7715288],[76.8069278,8.7692394],[76.8102794,8.7653103],[76.8109738,8.7645958],[76.8115357,8.7641374],[76.8122193,8.7636913],[76.8129488,8.7633244],[76.8137151,8.7630413],[76.8148673,8.7627873],[76.8159547,8.7627203],[76.8167704,8.7627744],[76.8193862,8.7630924],[76.8204757,8.7630994],[76.8213768,8.7629854],[76.8254011,8.7622632],[76.8264867,8.7621644],[76.8274861,8.7621554],[76.8286636,8.7622454],[76.8299163,8.7624633],[76.8336655,8.7635569],[76.8343717,8.7637273],[76.8353661,8.7638146],[76.83636,8.7637212],[76.8396458,8.7630117],[76.8406067,8.7627398],[76.8415236,8.7623453],[76.8443473,8.7608894],[76.8449398,8.76066],[76.845555,8.7605006],[76.8462753,8.7604068],[76.8483646,8.760356],[76.8498121,8.760224],[76.865127,8.7580398],[76.8662632,8.7578185],[76.8668691,8.7576268],[76.8675382,8.7573445],[76.8723111,8.7549161],[76.8732436,8.7545587],[76.8758251,8.7536883],[76.8768887,8.7534506],[76.87958,8.7530199],[76.880486,8.7529541],[76.8838474,8.7528936],[76.8845664,8.7527904],[76.8851794,8.7526227],[76.8857686,8.7523852],[76.8864078,8.7520412],[76.8899164,8.7499517],[76.8907276,8.7493725],[76.8914227,8.7486599],[76.8919755,8.7478331],[76.8934513,8.7444308],[76.8939462,8.7434644],[76.8944503,8.7426058],[76.9014492,8.732037],[76.9020388,8.7312349],[76.9026835,8.7305992],[76.9035038,8.7300336],[76.9083109,8.7276729],[76.9091387,8.7273008],[76.909942,8.7270121],[76.9131569,8.7261674],[76.913931,8.7259067],[76.9144226,8.7256727],[76.914963,8.7253396],[76.9153925,8.725006],[76.915852,8.7245687],[76.9193795,8.7207961],[76.9282165,8.7107113],[76.9290507,8.7096399],[76.9297039,8.7085547],[76.9305257,8.7068587],[76.9307501,8.7061556],[76.9311892,8.7042157],[76.9315857,8.7032068],[76.9345985,8.6974296],[76.9356706,8.6956221],[76.936854,8.6938242],[76.9375793,8.6930157],[76.9384924,8.6922722],[76.9391894,8.6918475],[76.941289,8.6907628],[76.9419677,8.6903172],[76.9426189,8.6896891],[76.9431318,8.6889447],[76.9434858,8.6881138],[76.943605,8.6876439],[76.9436751,8.6871394],[76.9436793,8.6864168],[76.94346,8.6834589],[76.9435127,8.6827214],[76.9436612,8.682014],[76.9440575,8.6810053],[76.9453457,8.6789294],[76.9456173,8.6783575],[76.9457955,8.6778452],[76.9459943,8.6767803],[76.9461684,8.6737122],[76.9462874,8.6730909],[76.9464782,8.6724877],[76.946697,8.6719911],[76.9470137,8.6714428],[76.9482439,8.6698763],[76.9486751,8.6691863],[76.9489243,8.6686045],[76.9492707,8.667576],[76.949413,8.6670525],[76.9494972,8.666517],[76.949493,8.6656145],[76.9493086,8.6647308],[76.9490367,8.664061],[76.9481046,8.6623029],[76.9478951,8.6617058],[76.9477569,8.6610884],[76.9476852,8.6601882],[76.947742,8.657929],[76.9477214,8.6572064],[76.9475927,8.6564035],[76.9469892,8.6539446],[76.9468546,8.6532342],[76.9468177,8.6522419],[76.9469633,8.6512595],[76.9471811,8.6505701],[76.9474828,8.6499125],[76.9504251,8.6443026],[76.9508877,8.6435252],[76.9513399,8.6429597],[76.9517946,8.6425178],[76.9539327,8.6409886],[76.9544121,8.6405732],[76.9548532,8.6401176],[76.9554465,8.639358],[76.9577761,8.6359766],[76.9583827,8.6349698],[76.9586521,8.6342987],[76.9588293,8.6335979],[76.9589115,8.6328798],[76.9588883,8.6320673],[76.9588051,8.6315315],[76.9586408,8.6309205],[76.9577562,8.6286443]],[[76.9577562,8.6286443],[76.9577229,8.6285602],[76.9573421,8.627598],[76.9569777,8.6265231],[76.9568861,8.6259888],[76.9568595,8.6254473],[76.9568981,8.6249066],[76.9570015,8.6243744],[76.9573537,8.623446],[76.9576809,8.622904],[76.9581434,8.6223471],[76.9608142,8.6198959],[76.9614567,8.6191367],[76.9617736,8.6185887],[76.9620105,8.618002],[76.9621677,8.6173892],[76.9625816,8.6152797],[76.9627914,8.6146619],[76.9630647,8.6140909],[76.9635657,8.613338],[76.9657497,8.6106787],[76.9672967,8.6083379],[76.9676834,8.6078361],[76.9681349,8.6073912],[76.9686548,8.6070067],[76.9706465,8.6059486],[76.9713415,8.6055208],[76.9738065,8.6036696],[76.9745921,8.6029035],[76.9758317,8.6012456],[76.9764959,8.6006312],[76.9771027,8.6002341],[76.9796196,8.5987873],[76.9804257,8.598202],[76.9808783,8.597758],[76.9813278,8.5971905],[76.9828979,8.5946508],[76.9833088,8.5941684],[76.9838436,8.5936797],[76.9845889,8.5931639],[76.991431,8.5888963],[76.9917465,8.5886995],[76.9925535,8.5881149],[76.9929475,8.5877405],[76.9933571,8.587257],[76.9954491,8.584191],[76.9962053,8.5832902],[76.9966907,8.5828609],[76.9969516,8.5826301],[77.000152,8.5802483],[77.0008309,8.5796491],[77.0012793,8.5791217],[77.0016436,8.5785651],[77.001959,8.5779142],[77.0020186,8.5777377],[77.0021615,8.5773148],[77.0023348,8.5763369],[77.0024427,8.5738991],[77.0025534,8.5732764],[77.0027361,8.5726707],[77.0030281,8.5720089],[77.0037624,8.5706571],[77.0041032,8.5701233],[77.0045021,8.5696311],[77.0050486,8.5691012],[77.0087079,8.565907],[77.009375,8.5651675],[77.0109354,8.5631691],[77.0113745,8.5627121],[77.0117913,8.5623629],[77.0123187,8.5620104],[77.0128826,8.5617188],[77.0182938,8.5593705],[77.0191881,8.5589284],[77.0198718,8.5584833],[77.020501,8.5579647],[77.0210677,8.5573791],[77.0215648,8.5567338],[77.0219432,8.5561167],[77.022263,8.5554525],[77.0225314,8.554699],[77.0227008,8.5539961],[77.0228179,8.5531],[77.0232074,8.5483566],[77.0233674,8.5474355],[77.0235625,8.5468336],[77.0237848,8.5463387],[77.0241054,8.5457926],[77.0244294,8.5453568],[77.0250611,8.5447089],[77.0257921,8.5441743],[77.0299132,8.5420716],[77.0304559,8.5417427],[77.0308886,8.5414135],[77.0313487,8.5409774],[77.0317908,8.5404415],[77.033279,8.5380291],[77.0339694,8.5371921],[77.0347351,8.5365553],[77.0380104,8.5342776],[77.0386113,8.5337273],[77.0390708,8.5331678],[77.0395335,8.5323913],[77.0398606,8.5315491],[77.0415785,8.5243],[77.0418218,8.5235615],[77.0421392,8.5229116],[77.0463589,8.5166958],[77.0542891,8.5066897],[77.05491,8.5057048],[77.0586225,8.4992665],[77.0588682,8.4986832],[77.0590874,8.497994],[77.0613081,8.4895094],[77.0651177,8.4794433],[77.0654686,8.4783222],[77.065636,8.4773424],[77.0665112,8.4703459],[77.0665219,8.4652844],[77.06648,8.4643818],[77.0663262,8.463574],[77.0660228,8.4627331],[77.0631134,8.4569048],[77.062803,8.4563529],[77.0624916,8.4559081],[77.0621373,8.4554965],[77.0617434,8.4551221],[77.0602889,8.4540315],[77.0563768,8.4510984],[77.055774,8.4507059],[77.0551999,8.4504224],[77.0529656,8.4496659],[77.0522207,8.4493332],[77.0517553,8.4490518],[77.0513205,8.4487255],[77.0509205,8.4483576],[77.0505594,8.4479519],[77.050192,8.4474359],[77.049927,8.4469623],[77.0495455,8.4459482],[77.0493957,8.4451491],[77.0491455,8.4425402],[77.0489859,8.4417425],[77.0487388,8.4408729],[77.0484549,8.4401102],[77.0481144,8.4393709],[77.0477192,8.438659],[77.0473238,8.4380525],[77.0439251,8.4336632],[77.042543,8.4320233],[77.0411741,8.4305755],[77.0365841,8.4260695],[77.0353243,8.4246458],[77.0285577,8.4159149],[77.022319,8.4069937],[77.0200498,8.4037488],[77.0193924,8.402884],[77.0183986,8.4017084],[77.0180307,8.4011929],[77.0172774,8.3998519],[77.0169612,8.3992011],[77.0167042,8.3984296],[77.0165659,8.3976286],[77.0164821,8.3955514],[77.016491,8.3944668],[77.0168808,8.3890575],[77.0168157,8.3877943],[77.0166234,8.3866354],[77.0164171,8.3858484],[77.0161521,8.385079],[77.0158299,8.3843315],[77.0154971,8.3836889],[77.0150228,8.3829184],[77.0122052,8.3787059],[77.0120971,8.3782696],[77.0121301,8.3779108],[77.012316,8.3775013],[77.0126382,8.3771866],[77.0130529,8.3770094],[77.013504,8.3769937],[77.0139301,8.3771416],[77.0141494,8.3773014],[77.014328,8.3775054],[77.0145122,8.3779157],[77.0145459,8.3781842],[77.0145193,8.3784536],[77.014346,8.3788685]]]}},{"type":"Feature","properties":{"full_id":"r17205911","osm_id":"17205911","osm_type":"relation","official_name":null,"via":null,"public_transport:version":null,"length":null,"road_marking":null,"lane_markings":null,"highway":null,"operator":null,"wikipedia:en":null,"to":"Poovachal","source_ref":null,"name:ml":null,"from":"Nettirachira","alt_name:ml":null,"wikipedia":null,"wikidata":null,"type":"route","short_name":null,"route":"road","ref":"MDR","network":"IN:MDR:KL","name":"Nettirachira - Vellanad - Poovachal Road","distance":"11.8","alt_name":"Nettiracira - Vellanad - Poovachal Road"},"geometry":{"type":"MultiLineString","coordinates":[[[77.0357523,8.576105],[77.0354544,8.5762311],[77.0351825,8.5763763],[77.0350775,8.5764619],[77.0350105,8.5765428],[77.0349473,8.5766469],[77.0349429,8.5766538],[77.0348358,8.5768242],[77.0348173,8.5769631],[77.0348157,8.5775134],[77.0347193,8.5779227],[77.0344981,8.5782688],[77.0343095,8.5785095],[77.034172,8.5785658],[77.033976,8.5786039],[77.0337818,8.578668],[77.0336312,8.578812],[77.0335687,8.5788673],[77.0333933,8.5789259],[77.0332536,8.5789138],[77.0328073,8.5788544],[77.0326821,8.5788808],[77.0325877,8.5789548],[77.0324327,8.5796437],[77.0322532,8.5801805],[77.0321751,8.5803993],[77.0321032,8.5808445],[77.0320519,8.5810984],[77.0319814,8.5813074],[77.0316575,8.5819863],[77.0313962,8.5825588],[77.0311513,8.5830692],[77.0309286,8.583338],[77.0301689,8.5842296],[77.0294684,8.5852196],[77.0293261,8.5854021],[77.0292317,8.5854167],[77.0291128,8.5854037],[77.0289706,8.5853384],[77.0285716,8.5852314],[77.0284292,8.5852326],[77.0280265,8.5854148],[77.0275802,8.5858986],[77.0274085,8.5863569],[77.0270995,8.5869679],[77.0266371,8.5873533],[77.0264547,8.5875172],[77.0264347,8.5876549],[77.0265392,8.5880055],[77.026665,8.5882613],[77.0266618,8.5885125],[77.0266567,8.5887494],[77.0266906,8.5889786],[77.0267044,8.5895078],[77.0266602,8.5896369],[77.0265693,8.589721],[77.0263361,8.5897223],[77.0262155,8.5896922],[77.0257947,8.5896346],[77.0254602,8.5896582],[77.0249795,8.5898874],[77.0243989,8.5902425],[77.0240487,8.5904567],[77.0239667,8.5905069],[77.0237953,8.5907448],[77.0235465,8.5911601],[77.0231075,8.5915762],[77.0226261,8.5918537],[77.0221603,8.5923049],[77.0219668,8.5925183],[77.0217785,8.5927119],[77.0215484,8.592861],[77.020509,8.59311],[77.0202937,8.593206],[77.019892,8.5933851],[77.0195026,8.593707],[77.0192094,8.5941335],[77.0191744,8.5944401],[77.0192242,8.5946599],[77.0195305,8.595075],[77.0197617,8.5953147],[77.0197963,8.595607],[77.0195811,8.5957505],[77.0191101,8.5957877],[77.0183545,8.5958624],[77.0181606,8.5959439],[77.0177649,8.5963446],[77.0174232,8.5966907],[77.0173527,8.597101],[77.0174546,8.5975099],[77.0175206,8.597778],[77.0174903,8.5980252],[77.0173895,8.5982225]],[[77.0362308,8.5759012],[77.0357523,8.576105]],[[77.0363752,8.5758393],[77.0362308,8.5759012]],[[77.0543814,8.5640696],[77.0541557,8.5643472],[77.0538271,8.5647121],[77.0535217,8.5649649],[77.0534555,8.5650197],[77.0530302,8.5652677],[77.0529752,8.5652914],[77.0526392,8.5654365],[77.0522869,8.5655556],[77.0514781,8.5658046],[77.0513334,8.5659168],[77.0510281,8.5661535],[77.0506115,8.566328],[77.0496686,8.5664571],[77.049088,8.5667644],[77.0484627,8.5675559],[77.0483887,8.5676496],[77.0475789,8.5688871],[77.0473496,8.5690131],[77.0469821,8.5695384],[77.0461268,8.5701414],[77.0453103,8.5705535],[77.045078,8.5707313],[77.0448007,8.5709434],[77.044448,8.57113],[77.044285,8.5712414],[77.04404,8.5714892],[77.0438897,8.5715912],[77.0437892,8.5716085],[77.0437154,8.5715992],[77.043639,8.5715594],[77.043588,8.5714905],[77.0435572,8.5713194],[77.0435357,8.571155],[77.0434552,8.5709799],[77.0431821,8.570693],[77.0430286,8.5705147],[77.0428924,8.5704352],[77.0423345,8.5704352],[77.0419331,8.5706011],[77.0415814,8.5710426],[77.0410666,8.5716233],[77.0409211,8.5719299],[77.0406567,8.572681],[77.0405134,8.5728987],[77.0402765,8.5731869],[77.0399992,8.5735941],[77.0398818,8.5736371],[77.0395021,8.5736603],[77.0388154,8.573864],[77.0384614,8.5740337],[77.0380651,8.5742646],[77.0379186,8.5743755],[77.0378068,8.5744414],[77.0377099,8.5745764],[77.0376563,8.5747408],[77.0376001,8.5751629],[77.0375122,8.5752598],[77.0374458,8.5753232],[77.0373242,8.5754011],[77.0371259,8.5755057],[77.0368009,8.5756493],[77.0363752,8.5758393]],[[77.0579136,8.5598957],[77.0574716,8.5599983],[77.0571144,8.5600976],[77.056979,8.5601645],[77.0568645,8.560243],[77.0567455,8.5603747],[77.0566364,8.5605235],[77.0564577,8.5606713],[77.0561035,8.5608447],[77.0559448,8.5609177],[77.0555896,8.5610812],[77.0550836,8.5613909],[77.0550009,8.5614809],[77.0548842,8.561608],[77.0547754,8.5617901],[77.0547204,8.5619569],[77.0546358,8.5623573],[77.0546426,8.5627597],[77.0546516,8.5628938],[77.0546601,8.5630198],[77.0547023,8.5633328],[77.0546339,8.5635326],[77.0543814,8.5640696]],[[77.0667946,8.5509557],[77.0665518,8.5510561],[77.0664357,8.5510649],[77.0663718,8.5510998],[77.0663488,8.5511293],[77.0663412,8.5511627],[77.0663478,8.551208],[77.066412,8.5513305],[77.0664155,8.5513576],[77.0664053,8.5513766],[77.0663718,8.5514501],[77.0663131,8.5515794],[77.0662085,8.5517635],[77.0659732,8.5520485],[77.0657039,8.5522986],[77.0655321,8.5525486],[77.0654872,8.5527038],[77.0653754,8.5528442],[77.06517,8.5530169],[77.0649603,8.5531396],[77.0647516,8.5531875],[77.0646296,8.5532155],[77.0645284,8.5532256],[77.0643799,8.5532975],[77.0642805,8.5534767],[77.0641153,8.5537239],[77.0636692,8.5543264],[77.0631348,8.5549352],[77.0630111,8.5550024],[77.0628451,8.555034],[77.062686,8.5551511],[77.0625794,8.5553975],[77.0623636,8.555697],[77.0621791,8.5559501],[77.0617076,8.5563067],[77.0616793,8.5563156],[77.0615112,8.5563687],[77.0610925,8.5564164],[77.0609186,8.5563963],[77.0607015,8.5563587],[77.0605187,8.5564045],[77.0604315,8.5565293],[77.0602428,8.557204],[77.0601967,8.557369],[77.0601845,8.5575613],[77.0601802,8.5577715],[77.0601036,8.5579863],[77.0599285,8.5582863],[77.0597949,8.5585521],[77.0596342,8.5587661],[77.0594105,8.5588962],[77.0591536,8.5590367],[77.0588994,8.5592407],[77.058317,8.5597238],[77.0579136,8.5598957]],[[77.0757747,8.5468317],[77.0755439,8.5470801],[77.0753961,8.5472224],[77.0752293,8.5473093],[77.0749675,8.547399],[77.0748615,8.5474403],[77.0747493,8.547484],[77.0744549,8.547574],[77.0743042,8.5476431],[77.0741646,8.5477573],[77.0740076,8.5479374],[77.0739093,8.5480334],[77.0738231,8.5481991],[77.0737396,8.548366],[77.0735911,8.5485278],[77.0733467,8.5487437],[77.0731949,8.5489473],[77.073054,8.5490062],[77.0725889,8.5490043],[77.0724156,8.5490566],[77.072217,8.5491285],[77.0721789,8.5491416],[77.0719094,8.5492338],[77.0717701,8.5492131],[77.0716407,8.5491338],[77.0715467,8.5490058],[77.0713583,8.5487492],[77.0711783,8.5486189],[77.0710439,8.5486042],[77.0709173,8.5486345],[77.0707312,8.5486667],[77.0705581,8.5487489],[77.0704056,8.5489554],[77.0703202,8.5490865],[77.0702637,8.5491734],[77.0702211,8.5491974],[77.0701742,8.549201],[77.0701285,8.5491824],[77.0700439,8.5491062],[77.0698514,8.5489527],[77.069692,8.5489278],[77.0695558,8.5489437],[77.0693189,8.549048],[77.0692283,8.5490754],[77.0691144,8.5491098],[77.0689317,8.5492461],[77.0688349,8.5493395],[77.0687501,8.5494717],[77.0686757,8.5496884],[77.0685857,8.5498754],[77.0684806,8.549947],[77.0684028,8.5499999],[77.0678072,8.5503633],[77.0676292,8.5504141],[77.0674582,8.5505059],[77.0673094,8.5506092],[77.0672093,8.5506787],[77.0670652,8.5507772],[77.0670206,8.5508077],[77.0667946,8.5509557]],[[77.0867397,8.5372896],[77.086465,8.5371811],[77.0861519,8.5370859],[77.0859405,8.537039],[77.0856771,8.5370623],[77.0853279,8.5372321],[77.0849731,8.5375468],[77.0841818,8.5379952],[77.0836408,8.5385485],[77.0831906,8.5390088],[77.0826189,8.539641],[77.0821978,8.5399468],[77.0818931,8.5402441],[77.0817129,8.5406975],[77.0815038,8.5412238],[77.0813072,8.5416927],[77.0810932,8.5421327],[77.0810819,8.5426897],[77.0809806,8.5431965],[77.0808273,8.5433617],[77.0806652,8.5435362],[77.0801301,8.5437813],[77.079897,8.5438227],[77.0796908,8.5438593],[77.079336,8.5438871],[77.07906,8.5439484],[77.0787953,8.5438258],[77.0785275,8.5435762],[77.0785025,8.5435529],[77.0780125,8.5434248],[77.077607,8.5434694],[77.0774134,8.5437018],[77.0768737,8.5443496],[77.0763837,8.5453076],[77.0760402,8.5459703],[77.0759219,8.5461665],[77.0758374,8.5463068],[77.0757936,8.5465009],[77.0757747,8.5468317]]]}},{"type":"Feature","properties":{"full_id":"r17394272","osm_id":"17394272","osm_type":"relation","official_name":null,"via":null,"public_transport:version":null,"length":null,"road_marking":null,"lane_markings":null,"highway":"secondary","operator":null,"wikipedia:en":null,"to":"Aruvikkara","source_ref":null,"name:ml":null,"from":"Nedumangad Market","alt_name:ml":null,"wikipedia":null,"wikidata":null,"type":"route","short_name":null,"route":"road","ref":"MDR","network":"IN:MDR:KL","name":"Nedumangad - Aruvikkara Road","distance":null,"alt_name":null},"geometry":{"type":"MultiLineString","coordinates":[[[77.0032758,8.6030805],[77.0031924,8.6028409],[77.0033282,8.6027609],[77.0034382,8.6027105],[77.0036154,8.6026649],[77.0036903,8.6026548],[77.0037574,8.6026389],[77.0039103,8.6025938],[77.0041979,8.6023454],[77.0043495,8.6021166],[77.0046846,8.6018208],[77.0048761,8.6016946],[77.0050835,8.6017104],[77.0052072,8.6018326],[77.0053388,8.6018563],[77.0055144,8.601805],[77.0057258,8.6015368],[77.0058215,8.6012844],[77.0057818,8.6011472],[77.0057457,8.6010911],[77.0055782,8.6009925],[77.005287,8.6010043],[77.0051793,8.6009294],[77.0051753,8.6007795],[77.005279,8.6006335],[77.0052271,8.6003811],[77.0052192,8.6001247],[77.005287,8.5999077],[77.0054226,8.5998328],[77.0057457,8.599746],[77.0059691,8.5996474],[77.0061407,8.5994699],[77.0062843,8.5991425],[77.0065915,8.5987007],[77.0067511,8.5984759],[77.0070423,8.5984522],[77.0073574,8.5984285],[77.0075769,8.5982905],[77.0076806,8.5979749],[77.0077731,8.5978835],[77.0078322,8.597825],[77.0080795,8.5977895],[77.0081002,8.5977687],[77.0082149,8.5976538],[77.0083707,8.5974976],[77.0085343,8.5971781],[77.0088255,8.5967679],[77.0091207,8.5963143],[77.0094877,8.5956989],[77.0096553,8.5955964],[77.0097136,8.5955663],[77.0098388,8.5955017],[77.0101101,8.5950165],[77.0101673,8.59482],[77.0103095,8.5946655],[77.010501,8.5945748],[77.0108042,8.5943933],[77.0111992,8.5942474],[77.0114423,8.5942039],[77.0115103,8.5941921],[77.0117657,8.5940817],[77.0119412,8.5938529],[77.0120928,8.5934466],[77.0122962,8.5930679],[77.0125795,8.5928234],[77.0128508,8.5926104],[77.0128434,8.5924449],[77.0128578,8.5921242],[77.0128593,8.5920903],[77.0130151,8.5919943],[77.0134565,8.5918678],[77.0136432,8.5916298],[77.0139097,8.5913862],[77.0141133,8.591101],[77.0142425,8.5909661],[77.0144092,8.5908961],[77.0145682,8.5908294],[77.0149116,8.5906766],[77.0150746,8.590456],[77.0152721,8.5903117],[77.0163411,8.5895019],[77.0163738,8.5894715],[77.0165073,8.5893478],[77.0167054,8.5891321],[77.0169887,8.5887756],[77.0171581,8.5886028],[77.0173148,8.5884701],[77.0176454,8.5880817],[77.0180959,8.5876808],[77.0187001,8.5871794],[77.0191945,8.5866199],[77.0195207,8.5863314],[77.0196752,8.5861701],[77.0198181,8.5861076],[77.0199331,8.5860573],[77.0201788,8.5860016],[77.0203113,8.5859159],[77.0204305,8.5857373],[77.0205127,8.5856311],[77.0205936,8.5854827],[77.0207202,8.5853968],[77.020877,8.5852481],[77.020997,8.5850414],[77.0211858,8.5847783],[77.0214512,8.5843992],[77.0215067,8.5843386],[77.0217774,8.5840427],[77.0219914,8.5835522]],[[77.0149888,8.576653],[77.014868,8.577686],[77.0155775,8.5778095],[77.0163526,8.5780258],[77.0165193,8.5782514],[77.0164988,8.5792561],[77.0167836,8.5797041],[77.0169183,8.5799159],[77.0171683,8.5804188],[77.0174447,8.5806052],[77.0178265,8.5808627],[77.0181709,8.5813003],[77.018423,8.5817718],[77.0185867,8.5821263],[77.0187962,8.5825799],[77.0189112,8.5826725],[77.0190675,8.5827982],[77.0193569,8.582863],[77.0198251,8.5828281],[77.0202206,8.5830389],[77.0205149,8.583088],[77.0210392,8.5831855],[77.0215888,8.5833582],[77.0218309,8.5834526],[77.0219914,8.5835522]],[[77.0148279,8.57491],[77.0149545,8.5754511],[77.0150918,8.5757736],[77.0150743,8.5759125],[77.0149876,8.5765992],[77.0149888,8.576653]],[[77.0196215,8.5741849],[77.0192246,8.5743589],[77.0190423,8.5745392],[77.0186989,8.5747567],[77.0184039,8.5750007],[77.0181732,8.5752659],[77.0179908,8.5754728],[77.0176851,8.5755842],[77.0173739,8.5756213],[77.0170842,8.5755577],[77.0169555,8.5755258],[77.0167141,8.5756054],[77.016521,8.5756478],[77.0162957,8.5756478],[77.0161294,8.5755948],[77.0159577,8.5755789],[77.0156949,8.5756637],[77.0154588,8.5756903],[77.0152872,8.5756054],[77.0150779,8.5753773],[77.0149546,8.5750962],[77.0148279,8.57491]],[[77.0196215,8.5741849],[77.0197767,8.5741731],[77.0201689,8.5740402],[77.0202007,8.5738815],[77.020214,8.5738151],[77.0201657,8.5736931],[77.0199162,8.5734332],[77.0199054,8.5733325],[77.0201308,8.5729744],[77.0202922,8.5726882],[77.0203314,8.5726593],[77.0203777,8.5726402]],[[77.0203777,8.5726402],[77.0209718,8.5725769]]]}},{"type":"Feature","properties":{"full_id":"r17476798","osm_id":"17476798","osm_type":"relation","official_name":null,"via":null,"public_transport:version":null,"length":"5620","road_marking":null,"lane_markings":null,"highway":null,"operator":null,"wikipedia:en":null,"to":"Attukal","source_ref":null,"name:ml":null,"from":"Kallingal","alt_name:ml":null,"wikipedia":null,"wikidata":null,"type":"route","short_name":null,"route":"road","ref":"MDR","network":"IN:MDR:KL","name":"Anad - Pulippara Road","distance":null,"alt_name":"Attukal - Anad - Kallingal Road"},"geometry":{"type":"MultiLineString","coordinates":[[[77.005266,8.6082026],[77.0054095,8.6082555],[77.0054973,8.6082753],[77.0058446,8.6082838],[77.0059938,8.6083231],[77.0060573,8.6083531],[77.0061422,8.6084789],[77.0061477,8.6085972],[77.006157,8.6087027],[77.0061551,8.6087843],[77.0061518,8.6089331],[77.0061364,8.6090661],[77.0061055,8.6093949],[77.006056,8.6097057],[77.0060417,8.6098641],[77.0060897,8.6100102],[77.0061692,8.6101761],[77.0062141,8.6102951],[77.0062271,8.6103377],[77.0062267,8.6104168],[77.006187,8.6105178],[77.0060256,8.6107284],[77.0058864,8.6108567],[77.0058106,8.6109611],[77.005791,8.6110089],[77.0057851,8.6110537],[77.0058473,8.6112781],[77.0058363,8.6115049],[77.0058407,8.6118351],[77.0058162,8.6123176],[77.0058039,8.6126594],[77.0057929,8.6128458],[77.0058076,8.6130708],[77.0058134,8.6131644],[77.0059811,8.6137032],[77.0060097,8.6139998],[77.0060345,8.6141371],[77.0060547,8.6142274],[77.0060816,8.6142912],[77.0061309,8.6143656],[77.0062208,8.6144279],[77.0063505,8.6145175],[77.0064271,8.6145854],[77.0064795,8.6146674],[77.0065041,8.6148728],[77.006519,8.6149837],[77.0065302,8.6152344],[77.0065201,8.6155281],[77.0065241,8.6156276],[77.0065129,8.615831],[77.006504,8.6159551],[77.0065023,8.6161072],[77.006507,8.6162707],[77.0065106,8.6164349],[77.0065006,8.6167544],[77.0065009,8.6168264],[77.0065204,8.6168858],[77.0065633,8.6170357],[77.0066117,8.6171835],[77.0066776,8.6173561],[77.0067445,8.6175229],[77.006852,8.6177443],[77.0069549,8.6178892],[77.0070743,8.6180552],[77.0076017,8.6188758],[77.007812,8.6191542],[77.0079666,8.6193711],[77.0080668,8.6196503],[77.0081199,8.6198628],[77.0082632,8.6205362],[77.0083311,8.6207603],[77.0083997,8.6209019],[77.0084666,8.6210069],[77.0085474,8.621117],[77.0088323,8.6213867],[77.0089477,8.6215441],[77.0091137,8.6218019],[77.0091903,8.6221195],[77.0093229,8.6227133],[77.0093794,8.6229284],[77.0094446,8.6231141],[77.0096006,8.6232628],[77.0100514,8.6236435],[77.0103352,8.6240002],[77.0105765,8.6243075],[77.0109158,8.624695],[77.011051,8.6248657],[77.0112377,8.6251267],[77.0113289,8.625277],[77.0114133,8.6255833],[77.011849,8.6266394],[77.0119399,8.6270015],[77.0119992,8.6277027],[77.0120272,8.6279861],[77.0120999,8.6283673],[77.0121901,8.6288123],[77.0121861,8.6289064],[77.012212,8.6298251],[77.0122364,8.630159],[77.0123293,8.630643],[77.0123632,8.6309476],[77.0123717,8.6311609],[77.0124688,8.6314274],[77.0125656,8.6317154],[77.012416,8.63183],[77.0122107,8.6320329],[77.0120621,8.6322009],[77.0116515,8.6325648],[77.0114533,8.6327397],[77.0112976,8.6329077],[77.0112339,8.6329427],[77.0112663,8.633262],[77.0112725,8.6334087],[77.0112791,8.6334809],[77.0112695,8.6335284],[77.0112482,8.6335976]]]}}]}