{
"type": "FeatureCollection",
"name": "Residential Roads",
"crs": { "type": "name", "properties": { "name": "urn:ogc:def:crs:OGC:1.3:CRS84" } },
"features": [
{ "type": "Feature", "properties": { "full_id": "w767488082", "osm_id": "767488082", "osm_type": "way", "highway": "residential", "noexit": null, "cutting": null, "noname": null, "tunnel": null, "ford": null, "wheelchair": null, "id": null, "vehicle": null, "bicycle_road": null, "width": null, "name:en": null, "junction": null, "layer": null, "bridge": null, "maxspeed": null, "lanes": null, "_Shape_Le_1_": null, "_SHAPE_Leng_": null, "_OBJECTID_1_": null, "_OBJECTID_": null, "_ID_": null, "sidewalk": null, "motor_vehicle": null, "horse": null, "foot": null, "cycleway": null, "bicycle": null, "access": null, "surface": "asphalt", "lit": null, "oneway": null, "name": "residential road" }, "geometry": { "type": "LineString", "coordinates": [ [ 77.0085893, 8.6089451 ], [ 77.0085216, 8.6090213 ], [ 77.0084693, 8.6090801 ], [ 77.0083699, 8.6092864 ], [ 77.0082772, 8.6094337 ], [ 77.0081978, 8.6095811 ], [ 77.0081613, 8.609735 ], [ 77.008168, 8.6098561 ], [ 77.0081613, 8.610046 ], [ 77.008158, 8.610082 ] ] } },
{ "type": "Feature", "properties": { "full_id": "w1220218802", "osm_id": "1220218802", "osm_type": "way", "highway": "residential", "noexit": null, "cutting": null, "noname": null, "tunnel": null, "ford": null, "wheelchair": null, "id": null, "vehicle": null, "bicycle_road": null, "width": null, "name:en": null, "junction": null, "layer": null, "bridge": null, "maxspeed": null, "lanes": null, "_Shape_Le_1_": null, "_SHAPE_Leng_": null, "_OBJECTID_1_": null, "_OBJECTID_": null, "_ID_": null, "sidewalk": null, "motor_vehicle": null, "horse": null, "foot": null, "cycleway": null, "bicycle": null, "access": null, "surface": null, "lit": null, "oneway": null, "name": null }, "geometry": { "type": "LineString", "coordinates": [ [ 77.0300119, 8.6325178 ], [ 77.030543, 8.6329263 ], [ 77.0307147, 8.6330854 ], [ 77.0308757, 8.6331597 ], [ 77.0313049, 8.6332711 ] ] } },
{ "type": "Feature", "properties": { "full_id": "w1220218803", "osm_id": "1220218803", "osm_type": "way", "highway": "residential", "noexit": null, "cutting": null, "noname": null, "tunnel": null, "ford": null, "wheelchair": null, "id": null, "vehicle": null, "bicycle_road": null, "width": null, "name:en": null, "junction": null, "layer": "0", "bridge": null, "maxspeed": null, "lanes": null, "_Shape_Le_1_": null, "_SHAPE_Leng_": null, "_OBJECTID_1_": null, "_OBJECTID_": null, "_ID_": null, "sidewalk": null, "motor_vehicle": null, "horse": null, "foot": null, "cycleway": null, "bicycle": null, "access": null, "surface": null, "lit": null, "oneway": null, "name": null }, "geometry": { "type": "LineString", "coordinates": [ [ 77.0316964, 8.6302794 ], [ 77.0316642, 8.6302105 ], [ 77.0316696, 8.6295263 ], [ 77.0315462, 8.6288607 ], [ 77.0314443, 8.6280482 ], [ 77.0314175, 8.6279925 ], [ 77.0313584, 8.627787 ], [ 77.0313408, 8.6276822 ], [ 77.0312775, 8.627553 ], [ 77.0312405, 8.627494 ], [ 77.0311324, 8.6273602 ], [ 77.0309846, 8.627152 ] ] } },
{ "type": "Feature", "properties": { "full_id": "w1220218804", "osm_id": "1220218804", "osm_type": "way", "highway": "residential", "noexit": null, "cutting": null, "noname": null, "tunnel": null, "ford": null, "wheelchair": null, "id": null, "vehicle": null, "bicycle_road": null, "width": null, "name:en": null, "junction": null, "layer": null, "bridge": null, "maxspeed": null, "lanes": null, "_Shape_Le_1_": null, "_SHAPE_Leng_": null, "_OBJECTID_1_": null, "_OBJECTID_": null, "_ID_": null, "sidewalk": null, "motor_vehicle": null, "horse": null, "foot": null, "cycleway": null, "bicycle": null, "access": null, "surface": null, "lit": null, "oneway": null, "name": null }, "geometry": { "type": "LineString", "coordinates": [ [ 77.0316964, 8.6302794 ], [ 77.0316696, 8.6303276 ], [ 77.0316481, 8.6304442 ], [ 77.031675, 8.631086 ], [ 77.0316765, 8.6312103 ] ] } },
{ "type": "Feature", "properties": { "full_id": "w1220218805", "osm_id": "1220218805", "osm_type": "way", "highway": "residential", "noexit": null, "cutting": null, "noname": null, "tunnel": null, "ford": null, "wheelchair": null, "id": null, "vehicle": null, "bicycle_road": null, "width": null, "name:en": null, "junction": null, "layer": null, "bridge": null, "maxspeed": null, "lanes": null, "_Shape_Le_1_": null, "_SHAPE_Leng_": null, "_OBJECTID_1_": null, "_OBJECTID_": null, "_ID_": null, "sidewalk": null, "motor_vehicle": null, "horse": null, "foot": null, "cycleway": null, "bicycle": null, "access": null, "surface": null, "lit": null, "oneway": null, "name": null }, "geometry": { "type": "LineString", "coordinates": [ [ 77.0316964, 8.6302794 ], [ 77.0321323, 8.6300856 ], [ 77.0323241, 8.6299191 ] ] } },
{ "type": "Feature", "properties": { "full_id": "w1306285411", "osm_id": "1306285411", "osm_type": "way", "highway": "residential", "noexit": null, "cutting": null, "noname": null, "tunnel": null, "ford": null, "wheelchair": null, "id": null, "vehicle": null, "bicycle_road": null, "width": null, "name:en": null, "junction": null, "layer": null, "bridge": null, "maxspeed": null, "lanes": null, "_Shape_Le_1_": null, "_SHAPE_Leng_": null, "_OBJECTID_1_": null, "_OBJECTID_": null, "_ID_": null, "sidewalk": null, "motor_vehicle": null, "horse": null, "foot": null, "cycleway": null, "bicycle": null, "access": null, "surface": null, "lit": null, "oneway": null, "name": null }, "geometry": { "type": "LineString", "coordinates": [ [ 76.9670305, 8.5915277 ], [ 76.9669826, 8.5917972 ], [ 76.967025, 8.5921681 ], [ 76.9671383, 8.5924551 ], [ 76.9673294, 8.592749 ], [ 76.9673223, 8.592854 ], [ 76.9673577, 8.593043 ], [ 76.9672657, 8.5932389 ], [ 76.9671949, 8.5934489 ], [ 76.9671595, 8.5936659 ], [ 76.9671737, 8.5940088 ], [ 76.9672354, 8.5947584 ] ] } },
{ "type": "Feature", "properties": { "full_id": "w1220218806", "osm_id": "1220218806", "osm_type": "way", "highway": "residential", "noexit": null, "cutting": null, "noname": null, "tunnel": null, "ford": null, "wheelchair": null, "id": null, "vehicle": null, "bicycle_road": null, "width": null, "name:en": null, "junction": null, "layer": null, "bridge": null, "maxspeed": null, "lanes": null, "_Shape_Le_1_": null, "_SHAPE_Leng_": null, "_OBJECTID_1_": null, "_OBJECTID_": null, "_ID_": null, "sidewalk": null, "motor_vehicle": null, "horse": null, "foot": null, "cycleway": null, "bicycle": null, "access": null, "surface": null, "lit": null, "oneway": null, "name": null }, "geometry": { "type": "LineString", "coordinates": [ [ 77.0353555, 8.6314621 ], [ 77.0350873, 8.6311173 ], [ 77.0347278, 8.630815 ], [ 77.034701, 8.6307408 ], [ 77.0347868, 8.6299346 ], [ 77.03476, 8.6294916 ] ] } },
{ "type": "Feature", "properties": { "full_id": "w900681605", "osm_id": "900681605", "osm_type": "way", "highway": "residential", "noexit": null, "cutting": null, "noname": null, "tunnel": null, "ford": null, "wheelchair": null, "id": null, "vehicle": null, "bicycle_road": null, "width": null, "name:en": null, "junction": null, "layer": null, "bridge": null, "maxspeed": null, "lanes": null, "_Shape_Le_1_": null, "_SHAPE_Leng_": null, "_OBJECTID_1_": null, "_OBJECTID_": null, "_ID_": null, "sidewalk": null, "motor_vehicle": null, "horse": null, "foot": null, "cycleway": null, "bicycle": null, "access": null, "surface": null, "lit": null, "oneway": null, "name": null }, "geometry": { "type": "LineString", "coordinates": [ [ 77.0092832, 8.6093921 ], [ 77.0091835, 8.6095602 ], [ 77.0090809, 8.6097545 ] ] } },
{ "type": "Feature", "properties": { "full_id": "w1306280976", "osm_id": "1306280976", "osm_type": "way", "highway": "residential", "noexit": null, "cutting": null, "noname": null, "tunnel": null, "ford": null, "wheelchair": null, "id": null, "vehicle": null, "bicycle_road": null, "width": null, "name:en": null, "junction": null, "layer": null, "bridge": null, "maxspeed": null, "lanes": null, "_Shape_Le_1_": null, "_SHAPE_Leng_": null, "_OBJECTID_1_": null, "_OBJECTID_": null, "_ID_": null, "sidewalk": null, "motor_vehicle": null, "horse": null, "foot": null, "cycleway": null, "bicycle": null, "access": null, "surface": null, "lit": null, "oneway": null, "name": null }, "geometry": { "type": "LineString", "coordinates": [ [ 76.9855817, 8.6070855 ], [ 76.9857525, 8.6069965 ], [ 76.9860498, 8.6068705 ], [ 76.9864037, 8.6068285 ], [ 76.9864745, 8.6066886 ], [ 76.9865736, 8.6063946 ] ] } },
{ "type": "Feature", "properties": { "full_id": "w900681606", "osm_id": "900681606", "osm_type": "way", "highway": "residential", "noexit": null, "cutting": null, "noname": null, "tunnel": null, "ford": null, "wheelchair": null, "id": null, "vehicle": null, "bicycle_road": null, "width": null, "name:en": null, "junction": null, "layer": null, "bridge": null, "maxspeed": null, "lanes": null, "_Shape_Le_1_": null, "_SHAPE_Leng_": null, "_OBJECTID_1_": null, "_OBJECTID_": null, "_ID_": null, "sidewalk": null, "motor_vehicle": null, "horse": null, "foot": null, "cycleway": null, "bicycle": null, "access": null, "surface": null, "lit": null, "oneway": null, "name": null }, "geometry": { "type": "LineString", "coordinates": [ [ 77.0096835, 8.6101782 ], [ 77.0096401, 8.6104998 ] ] } },
{ "type": "Feature", "properties": { "full_id": "w1306280979", "osm_id": "1306280979", "osm_type": "way", "highway": "residential", "noexit": null, "cutting": null, "noname": null, "tunnel": null, "ford": null, "wheelchair": null, "id": null, "vehicle": null, "bicycle_road": null, "width": null, "name:en": null, "junction": null, "layer": null, "bridge": null, "maxspeed": null, "lanes": null, "_Shape_Le_1_": null, "_SHAPE_Leng_": null, "_OBJECTID_1_": null, "_OBJECTID_": null, "_ID_": null, "sidewalk": null, "motor_vehicle": null, "horse": null, "foot": null, "cycleway": null, "bicycle": null, "access": null, "surface": null, "lit": null, "oneway": null, "name": null }, "geometry": { "type": "LineString", "coordinates": [ [ 76.9884769, 8.6051511 ], [ 76.9885213, 8.6052582 ], [ 76.9887327, 8.6055637 ], [ 76.9884481, 8.6058049 ] ] } },
{ "type": "Feature", "properties": { "full_id": "w900798111", "osm_id": "900798111", "osm_type": "way", "highway": "residential", "noexit": null, "cutting": null, "noname": null, "tunnel": null, "ford": null, "wheelchair": null, "id": null, "vehicle": null, "bicycle_road": null, "width": null, "name:en": null, "junction": null, "layer": null, "bridge": null, "maxspeed": null, "lanes": null, "_Shape_Le_1_": null, "_SHAPE_Leng_": null, "_OBJECTID_1_": null, "_OBJECTID_": null, "_ID_": null, "sidewalk": null, "motor_vehicle": null, "horse": null, "foot": null, "cycleway": null, "bicycle": null, "access": null, "surface": null, "lit": null, "oneway": null, "name": null }, "geometry": { "type": "LineString", "coordinates": [ [ 77.0093131, 8.6045843 ], [ 77.0091695, 8.6044465 ], [ 77.0090147, 8.6043205 ], [ 77.0089692, 8.6042484 ], [ 77.0089616, 8.6041899 ], [ 77.0089389, 8.6040009 ] ] } },
{ "type": "Feature", "properties": { "full_id": "w1306280980", "osm_id": "1306280980", "osm_type": "way", "highway": "residential", "noexit": null, "cutting": null, "noname": null, "tunnel": null, "ford": null, "wheelchair": null, "id": null, "vehicle": null, "bicycle_road": null, "width": null, "name:en": null, "junction": null, "layer": null, "bridge": null, "maxspeed": null, "lanes": null, "_Shape_Le_1_": null, "_SHAPE_Leng_": null, "_OBJECTID_1_": null, "_OBJECTID_": null, "_ID_": null, "sidewalk": null, "motor_vehicle": null, "horse": null, "foot": null, "cycleway": null, "bicycle": null, "access": null, "surface": null, "lit": null, "oneway": null, "name": null }, "geometry": { "type": "LineString", "coordinates": [ [ 76.9894, 8.6043407 ], [ 76.9894636, 8.6044437 ], [ 76.9897344, 8.6049054 ] ] } },
{ "type": "Feature", "properties": { "full_id": "w903840894", "osm_id": "903840894", "osm_type": "way", "highway": "residential", "noexit": null, "cutting": null, "noname": null, "tunnel": null, "ford": null, "wheelchair": null, "id": null, "vehicle": null, "bicycle_road": null, "width": null, "name:en": null, "junction": null, "layer": null, "bridge": null, "maxspeed": null, "lanes": null, "_Shape_Le_1_": null, "_SHAPE_Leng_": null, "_OBJECTID_1_": null, "_OBJECTID_": null, "_ID_": null, "sidewalk": null, "motor_vehicle": null, "horse": null, "foot": null, "cycleway": null, "bicycle": null, "access": null, "surface": "asphalt", "lit": null, "oneway": null, "name": null }, "geometry": { "type": "LineString", "coordinates": [ [ 77.0077731, 8.5978835 ], [ 77.0076857, 8.5978414 ], [ 77.0075942, 8.5978414 ], [ 77.0075008, 8.5978303 ], [ 77.0074111, 8.5977878 ], [ 77.0073569, 8.597738 ], [ 77.007314, 8.5977195 ], [ 77.0072673, 8.5976844 ], [ 77.0072224, 8.5976271 ], [ 77.0071664, 8.5975717 ], [ 77.0071085, 8.5975052 ], [ 77.0070188, 8.5974073 ], [ 77.0069441, 8.597291 ], [ 77.0069012, 8.5972005 ], [ 77.0068675, 8.5971469 ], [ 77.0068283, 8.5971155 ], [ 77.0067741, 8.5971155 ], [ 77.0067013, 8.5971506 ], [ 77.0066378, 8.5971672 ], [ 77.0065705, 8.597182 ], [ 77.006408, 8.5971912 ], [ 77.0060662, 8.597206 ], [ 77.005997, 8.5971654 ], [ 77.0059466, 8.5971155 ], [ 77.0059242, 8.5970638 ], [ 77.0058756, 8.5969955 ], [ 77.0058327, 8.5969234 ], [ 77.0057804, 8.5969013 ], [ 77.0056533, 8.5968736 ], [ 77.0055151, 8.5968422 ], [ 77.0053825, 8.5968108 ], [ 77.0053059, 8.5967535 ], [ 77.0052592, 8.5966815 ], [ 77.0051957, 8.5965651 ], [ 77.0051583, 8.5964894 ], [ 77.0050967, 8.5964118 ], [ 77.0049435, 8.5963804 ], [ 77.0047978, 8.5963896 ], [ 77.0046876, 8.5964044 ], [ 77.0045774, 8.5964118 ], [ 77.0044525, 8.5962848 ] ] } },
{ "type": "Feature", "properties": { "full_id": "w1306280981", "osm_id": "1306280981", "osm_type": "way", "highway": "residential", "noexit": null, "cutting": null, "noname": null, "tunnel": null, "ford": null, "wheelchair": null, "id": null, "vehicle": null, "bicycle_road": null, "width": null, "name:en": null, "junction": null, "layer": null, "bridge": null, "maxspeed": null, "lanes": null, "_Shape_Le_1_": null, "_SHAPE_Leng_": null, "_OBJECTID_1_": null, "_OBJECTID_": null, "_ID_": null, "sidewalk": null, "motor_vehicle": null, "horse": null, "foot": null, "cycleway": null, "bicycle": null, "access": null, "surface": null, "lit": null, "oneway": null, "name": null }, "geometry": { "type": "LineString", "coordinates": [ [ 76.9919139, 8.603517 ], [ 76.9917612, 8.6033909 ], [ 76.9915838, 8.6032616 ], [ 76.9915651, 8.6031692 ] ] } },
{ "type": "Feature", "properties": { "full_id": "w1306280982", "osm_id": "1306280982", "osm_type": "way", "highway": "residential", "noexit": null, "cutting": null, "noname": null, "tunnel": null, "ford": null, "wheelchair": null, "id": null, "vehicle": null, "bicycle_road": null, "width": null, "name:en": null, "junction": null, "layer": null, "bridge": null, "maxspeed": null, "lanes": null, "_Shape_Le_1_": null, "_SHAPE_Leng_": null, "_OBJECTID_1_": null, "_OBJECTID_": null, "_ID_": null, "sidewalk": null, "motor_vehicle": null, "horse": null, "foot": null, "cycleway": null, "bicycle": null, "access": null, "surface": null, "lit": null, "oneway": null, "name": null }, "geometry": { "type": "LineString", "coordinates": [ [ 76.9919993, 8.6027054 ], [ 76.9916305, 8.6028183 ] ] } },
{ "type": "Feature", "properties": { "full_id": "w904360003", "osm_id": "904360003", "osm_type": "way", "highway": "residential", "noexit": null, "cutting": null, "noname": null, "tunnel": null, "ford": null, "wheelchair": null, "id": null, "vehicle": null, "bicycle_road": null, "width": null, "name:en": null, "junction": null, "layer": null, "bridge": null, "maxspeed": null, "lanes": null, "_Shape_Le_1_": null, "_SHAPE_Leng_": null, "_OBJECTID_1_": null, "_OBJECTID_": null, "_ID_": null, "sidewalk": null, "motor_vehicle": null, "horse": null, "foot": null, "cycleway": null, "bicycle": null, "access": null, "surface": null, "lit": null, "oneway": null, "name": null }, "geometry": { "type": "LineString", "coordinates": [ [ 76.9778366, 8.5936 ], [ 76.9781965, 8.5935208 ], [ 76.9782799, 8.5935637 ], [ 76.9783131, 8.5938138 ], [ 76.9783086, 8.5938487 ], [ 76.9782795, 8.5940763 ], [ 76.9783038, 8.594192 ], [ 76.9783826, 8.5944706 ], [ 76.9785128, 8.5947724 ], [ 76.9787778, 8.5950929 ], [ 76.9786222, 8.5954058 ], [ 76.9785955, 8.5954685 ], [ 76.9786576, 8.5957818 ], [ 76.9787477, 8.5958708 ], [ 76.9787982, 8.5959596 ], [ 76.9788133, 8.596272 ], [ 76.9788377, 8.5965069 ], [ 76.9785447, 8.5972949 ], [ 76.9783589, 8.5979584 ], [ 76.9782707, 8.5981795 ], [ 76.9782261, 8.5984129 ] ] } },
{ "type": "Feature", "properties": { "full_id": "w987933686", "osm_id": "987933686", "osm_type": "way", "highway": "residential", "noexit": null, "cutting": null, "noname": null, "tunnel": null, "ford": null, "wheelchair": null, "id": null, "vehicle": null, "bicycle_road": null, "width": null, "name:en": null, "junction": null, "layer": null, "bridge": null, "maxspeed": null, "lanes": null, "_Shape_Le_1_": null, "_SHAPE_Leng_": null, "_OBJECTID_1_": null, "_OBJECTID_": null, "_ID_": null, "sidewalk": null, "motor_vehicle": null, "horse": null, "foot": null, "cycleway": null, "bicycle": null, "access": null, "surface": null, "lit": null, "oneway": null, "name": null }, "geometry": { "type": "LineString", "coordinates": [ [ 76.9938159, 8.6101088 ], [ 76.9936889, 8.6098789 ], [ 76.9936068, 8.6097349 ], [ 76.9934762, 8.6095644 ] ] } },
{ "type": "Feature", "properties": { "full_id": "w1236701915", "osm_id": "1236701915", "osm_type": "way", "highway": "residential", "noexit": null, "cutting": null, "noname": null, "tunnel": null, "ford": null, "wheelchair": null, "id": null, "vehicle": null, "bicycle_road": null, "width": null, "name:en": null, "junction": null, "layer": null, "bridge": null, "maxspeed": null, "lanes": null, "_Shape_Le_1_": null, "_SHAPE_Leng_": null, "_OBJECTID_1_": null, "_OBJECTID_": null, "_ID_": null, "sidewalk": null, "motor_vehicle": null, "horse": null, "foot": null, "cycleway": null, "bicycle": null, "access": null, "surface": null, "lit": null, "oneway": null, "name": null }, "geometry": { "type": "LineString", "coordinates": [ [ 76.9932649, 8.6111824 ], [ 76.99335, 8.6114933 ], [ 76.9934389, 8.6115923 ], [ 76.9936983, 8.6115218 ], [ 76.9937432, 8.611559 ], [ 76.9938721, 8.6118907 ], [ 76.9938417, 8.6120744 ], [ 76.9938973, 8.6122578 ] ] } },
{ "type": "Feature", "properties": { "full_id": "w1306280983", "osm_id": "1306280983", "osm_type": "way", "highway": "residential", "noexit": null, "cutting": null, "noname": null, "tunnel": null, "ford": null, "wheelchair": null, "id": null, "vehicle": null, "bicycle_road": null, "width": null, "name:en": null, "junction": null, "layer": null, "bridge": null, "maxspeed": null, "lanes": null, "_Shape_Le_1_": null, "_SHAPE_Leng_": null, "_OBJECTID_1_": null, "_OBJECTID_": null, "_ID_": null, "sidewalk": null, "motor_vehicle": null, "horse": null, "foot": null, "cycleway": null, "bicycle": null, "access": null, "surface": null, "lit": null, "oneway": null, "name": null }, "geometry": { "type": "LineString", "coordinates": [ [ 76.9919704, 8.6025213 ], [ 76.9915838, 8.6026428 ], [ 76.9914156, 8.6027906 ] ] } },
{ "type": "Feature", "properties": { "full_id": "w995184629", "osm_id": "995184629", "osm_type": "way", "highway": "residential", "noexit": null, "cutting": null, "noname": null, "tunnel": null, "ford": null, "wheelchair": null, "id": null, "vehicle": null, "bicycle_road": null, "width": null, "name:en": null, "junction": null, "layer": null, "bridge": null, "maxspeed": null, "lanes": null, "_Shape_Le_1_": null, "_SHAPE_Leng_": null, "_OBJECTID_1_": null, "_OBJECTID_": null, "_ID_": null, "sidewalk": null, "motor_vehicle": null, "horse": null, "foot": null, "cycleway": null, "bicycle": null, "access": null, "surface": null, "lit": null, "oneway": null, "name": null }, "geometry": { "type": "LineString", "coordinates": [ [ 76.9961027, 8.6095906 ], [ 76.996065, 8.6094378 ], [ 76.9960115, 8.6092364 ], [ 76.9959532, 8.6090242 ], [ 76.9958768, 8.6088353 ], [ 76.9958458, 8.608696 ], [ 76.9958365, 8.6086115 ], [ 76.9958185, 8.6084754 ] ] } },
{ "type": "Feature", "properties": { "full_id": "w1236701916", "osm_id": "1236701916", "osm_type": "way", "highway": "residential", "noexit": null, "cutting": null, "noname": null, "tunnel": null, "ford": null, "wheelchair": null, "id": null, "vehicle": null, "bicycle_road": null, "width": null, "name:en": null, "junction": null, "layer": null, "bridge": null, "maxspeed": null, "lanes": null, "_Shape_Le_1_": null, "_SHAPE_Leng_": null, "_OBJECTID_1_": null, "_OBJECTID_": null, "_ID_": null, "sidewalk": null, "motor_vehicle": null, "horse": null, "foot": null, "cycleway": null, "bicycle": null, "access": null, "surface": null, "lit": null, "oneway": null, "name": null }, "geometry": { "type": "LineString", "coordinates": [ [ 76.9945382, 8.6132304 ], [ 76.9945053, 8.6126595 ], [ 76.994695, 8.6125408 ], [ 76.9947588, 8.6122256 ], [ 76.9948181, 8.6121332 ] ] } },
{ "type": "Feature", "properties": { "full_id": "w1306280984", "osm_id": "1306280984", "osm_type": "way", "highway": "residential", "noexit": null, "cutting": null, "noname": null, "tunnel": null, "ford": null, "wheelchair": null, "id": null, "vehicle": null, "bicycle_road": null, "width": null, "name:en": null, "junction": null, "layer": null, "bridge": null, "maxspeed": null, "lanes": null, "_Shape_Le_1_": null, "_SHAPE_Leng_": null, "_OBJECTID_1_": null, "_OBJECTID_": null, "_ID_": null, "sidewalk": null, "motor_vehicle": null, "horse": null, "foot": null, "cycleway": null, "bicycle": null, "access": null, "surface": null, "lit": null, "oneway": null, "name": null }, "geometry": { "type": "LineString", "coordinates": [ [ 76.9958804, 8.60584 ], [ 76.9959124, 8.6056046 ], [ 76.9960001, 8.605334 ] ] } },
{ "type": "Feature", "properties": { "full_id": "w1236701917", "osm_id": "1236701917", "osm_type": "way", "highway": "residential", "noexit": null, "cutting": null, "noname": null, "tunnel": null, "ford": null, "wheelchair": null, "id": null, "vehicle": null, "bicycle_road": null, "width": null, "name:en": null, "junction": null, "layer": null, "bridge": null, "maxspeed": null, "lanes": null, "_Shape_Le_1_": null, "_SHAPE_Leng_": null, "_OBJECTID_1_": null, "_OBJECTID_": null, "_ID_": null, "sidewalk": null, "motor_vehicle": null, "horse": null, "foot": null, "cycleway": null, "bicycle": null, "access": null, "surface": null, "lit": null, "oneway": null, "name": null }, "geometry": { "type": "LineString", "coordinates": [ [ 76.9951754, 8.6109736 ], [ 76.9951249, 8.6113416 ], [ 76.9950969, 8.6115454 ], [ 76.9953726, 8.6115981 ], [ 76.9954334, 8.611755 ], [ 76.9957003, 8.6117638 ], [ 76.9959168, 8.6118488 ], [ 76.9959094, 8.6121039 ], [ 76.9957137, 8.612488 ], [ 76.9956988, 8.6127387 ], [ 76.9957804, 8.6129117 ], [ 76.9958471, 8.6131301 ], [ 76.9959628, 8.613262 ], [ 76.9961377, 8.613284 ], [ 76.9963513, 8.6133276 ] ] } },
{ "type": "Feature", "properties": { "full_id": "w1306280985", "osm_id": "1306280985", "osm_type": "way", "highway": "residential", "noexit": null, "cutting": null, "noname": null, "tunnel": null, "ford": null, "wheelchair": null, "id": null, "vehicle": null, "bicycle_road": null, "width": null, "name:en": null, "junction": null, "layer": null, "bridge": null, "maxspeed": null, "lanes": null, "_Shape_Le_1_": null, "_SHAPE_Leng_": null, "_OBJECTID_1_": null, "_OBJECTID_": null, "_ID_": null, "sidewalk": null, "motor_vehicle": null, "horse": null, "foot": null, "cycleway": null, "bicycle": null, "access": null, "surface": null, "lit": null, "oneway": null, "name": null }, "geometry": { "type": "LineString", "coordinates": [ [ 76.9955245, 8.6044242 ], [ 76.9957645, 8.6044044 ], [ 76.9959371, 8.6044044 ], [ 76.9960973, 8.6045628 ], [ 76.9962883, 8.6046176 ], [ 76.9965409, 8.6046176 ], [ 76.996658, 8.6047151 ], [ 76.9966888, 8.6048857 ], [ 76.9967424, 8.6050549 ] ] } },
{ "type": "Feature", "properties": { "full_id": "w1236701918", "osm_id": "1236701918", "osm_type": "way", "highway": "residential", "noexit": null, "cutting": null, "noname": null, "tunnel": null, "ford": null, "wheelchair": null, "id": null, "vehicle": null, "bicycle_road": null, "width": null, "name:en": null, "junction": null, "layer": null, "bridge": null, "maxspeed": null, "lanes": null, "_Shape_Le_1_": null, "_SHAPE_Leng_": null, "_OBJECTID_1_": null, "_OBJECTID_": null, "_ID_": null, "sidewalk": null, "motor_vehicle": null, "horse": null, "foot": null, "cycleway": null, "bicycle": null, "access": null, "surface": null, "lit": null, "oneway": null, "name": null }, "geometry": { "type": "LineString", "coordinates": [ [ 76.9954334, 8.611755 ], [ 76.9953326, 8.6118518 ], [ 76.9952214, 8.6120423 ] ] } },
{ "type": "Feature", "properties": { "full_id": "w1306280986", "osm_id": "1306280986", "osm_type": "way", "highway": "residential", "noexit": null, "cutting": null, "noname": null, "tunnel": null, "ford": null, "wheelchair": null, "id": null, "vehicle": null, "bicycle_road": null, "width": null, "name:en": null, "junction": null, "layer": null, "bridge": null, "maxspeed": null, "lanes": null, "_Shape_Le_1_": null, "_SHAPE_Leng_": null, "_OBJECTID_1_": null, "_OBJECTID_": null, "_ID_": null, "sidewalk": null, "motor_vehicle": null, "horse": null, "foot": null, "cycleway": null, "bicycle": null, "access": null, "surface": null, "lit": null, "oneway": null, "name": null }, "geometry": { "type": "LineString", "coordinates": [ [ 76.9947925, 8.6028015 ], [ 76.9943534, 8.6027837 ] ] } },
{ "type": "Feature", "properties": { "full_id": "w1236701919", "osm_id": "1236701919", "osm_type": "way", "highway": "residential", "noexit": null, "cutting": null, "noname": null, "tunnel": null, "ford": null, "wheelchair": null, "id": null, "vehicle": null, "bicycle_road": null, "width": null, "name:en": null, "junction": null, "layer": null, "bridge": null, "maxspeed": null, "lanes": null, "_Shape_Le_1_": null, "_SHAPE_Leng_": null, "_OBJECTID_1_": null, "_OBJECTID_": null, "_ID_": null, "sidewalk": null, "motor_vehicle": null, "horse": null, "foot": null, "cycleway": null, "bicycle": null, "access": null, "surface": null, "lit": null, "oneway": null, "name": null }, "geometry": { "type": "LineString", "coordinates": [ [ 76.9906342, 8.6143959 ], [ 76.9907125, 8.6141079 ], [ 76.990797, 8.6136197 ], [ 76.9908326, 8.61335 ], [ 76.9908771, 8.6131152 ], [ 76.9908948, 8.6124511 ], [ 76.9908281, 8.6124115 ], [ 76.9908459, 8.6122092 ], [ 76.9908963, 8.611875 ] ] } },
{ "type": "Feature", "properties": { "full_id": "w1306280987", "osm_id": "1306280987", "osm_type": "way", "highway": "residential", "noexit": null, "cutting": null, "noname": null, "tunnel": null, "ford": null, "wheelchair": null, "id": null, "vehicle": null, "bicycle_road": null, "width": null, "name:en": null, "junction": null, "layer": null, "bridge": null, "maxspeed": null, "lanes": null, "_Shape_Le_1_": null, "_SHAPE_Leng_": null, "_OBJECTID_1_": null, "_OBJECTID_": null, "_ID_": null, "sidewalk": null, "motor_vehicle": null, "horse": null, "foot": null, "cycleway": null, "bicycle": null, "access": null, "surface": null, "lit": null, "oneway": null, "name": null }, "geometry": { "type": "LineString", "coordinates": [ [ 76.9969013, 8.6097175 ], [ 76.996876, 8.6095735 ], [ 76.996884, 8.6094197 ], [ 76.9969055, 8.6092447 ], [ 76.9970342, 8.6092367 ] ] } },
{ "type": "Feature", "properties": { "full_id": "w1236701920", "osm_id": "1236701920", "osm_type": "way", "highway": "residential", "noexit": null, "cutting": null, "noname": null, "tunnel": null, "ford": null, "wheelchair": null, "id": null, "vehicle": null, "bicycle_road": null, "width": null, "name:en": null, "junction": null, "layer": null, "bridge": null, "maxspeed": null, "lanes": null, "_Shape_Le_1_": null, "_SHAPE_Leng_": null, "_OBJECTID_1_": null, "_OBJECTID_": null, "_ID_": null, "sidewalk": null, "motor_vehicle": null, "horse": null, "foot": null, "cycleway": null, "bicycle": null, "access": null, "surface": null, "lit": null, "oneway": null, "name": null }, "geometry": { "type": "LineString", "coordinates": [ [ 76.9860038, 8.6124048 ], [ 76.9857418, 8.6123058 ] ] } },
{ "type": "Feature", "properties": { "full_id": "w1236702915", "osm_id": "1236702915", "osm_type": "way", "highway": "residential", "noexit": null, "cutting": null, "noname": null, "tunnel": null, "ford": null, "wheelchair": null, "id": null, "vehicle": null, "bicycle_road": null, "width": null, "name:en": null, "junction": null, "layer": null, "bridge": null, "maxspeed": null, "lanes": null, "_Shape_Le_1_": null, "_SHAPE_Leng_": null, "_OBJECTID_1_": null, "_OBJECTID_": null, "_ID_": null, "sidewalk": null, "motor_vehicle": null, "horse": null, "foot": null, "cycleway": null, "bicycle": null, "access": null, "surface": null, "lit": null, "oneway": null, "name": null }, "geometry": { "type": "LineString", "coordinates": [ [ 76.9868284, 8.6168068 ], [ 76.986942, 8.6168186 ], [ 76.9871798, 8.6169092 ], [ 76.9872718, 8.6170172 ] ] } },
{ "type": "Feature", "properties": { "full_id": "w932742689", "osm_id": "932742689", "osm_type": "way", "highway": "residential", "noexit": null, "cutting": null, "noname": null, "tunnel": null, "ford": null, "wheelchair": null, "id": null, "vehicle": null, "bicycle_road": null, "width": null, "name:en": null, "junction": null, "layer": null, "bridge": null, "maxspeed": null, "lanes": null, "_Shape_Le_1_": null, "_SHAPE_Leng_": null, "_OBJECTID_1_": null, "_OBJECTID_": null, "_ID_": null, "sidewalk": null, "motor_vehicle": null, "horse": null, "foot": null, "cycleway": null, "bicycle": null, "access": null, "surface": null, "lit": null, "oneway": null, "name": null }, "geometry": { "type": "LineString", "coordinates": [ [ 76.9665929, 8.6060625 ], [ 76.9665161, 8.6062983 ], [ 76.9663632, 8.6064999 ], [ 76.9661486, 8.6068871 ], [ 76.9658804, 8.6070276 ], [ 76.9658375, 8.6071523 ], [ 76.9658563, 8.6074387 ], [ 76.9657651, 8.6077835 ], [ 76.9657704, 8.6080619 ], [ 76.9658428, 8.6082582 ], [ 76.9660655, 8.608343 ], [ 76.9662666, 8.6084783 ], [ 76.9664195, 8.6086082 ], [ 76.9666207, 8.6088177 ], [ 76.9667065, 8.6091413 ] ] } },
{ "type": "Feature", "properties": { "full_id": "w837232081", "osm_id": "837232081", "osm_type": "way", "highway": "residential", "noexit": null, "cutting": null, "noname": null, "tunnel": null, "ford": null, "wheelchair": null, "id": null, "vehicle": null, "bicycle_road": null, "width": null, "name:en": null, "junction": null, "layer": null, "bridge": null, "maxspeed": null, "lanes": null, "_Shape_Le_1_": null, "_SHAPE_Leng_": null, "_OBJECTID_1_": null, "_OBJECTID_": null, "_ID_": null, "sidewalk": null, "motor_vehicle": null, "horse": null, "foot": null, "cycleway": null, "bicycle": null, "access": null, "surface": null, "lit": null, "oneway": null, "name": null }, "geometry": { "type": "LineString", "coordinates": [ [ 77.0313303, 8.6280627 ], [ 77.0311665, 8.6280454 ], [ 77.030924, 8.6280256 ], [ 77.0305643, 8.6279715 ], [ 77.0301435, 8.627879 ], [ 77.0300056, 8.6277869 ] ] } },
{ "type": "Feature", "properties": { "full_id": "w837232082", "osm_id": "837232082", "osm_type": "way", "highway": "residential", "noexit": null, "cutting": null, "noname": null, "tunnel": null, "ford": null, "wheelchair": null, "id": null, "vehicle": null, "bicycle_road": null, "width": null, "name:en": null, "junction": null, "layer": null, "bridge": null, "maxspeed": null, "lanes": null, "_Shape_Le_1_": null, "_SHAPE_Leng_": null, "_OBJECTID_1_": null, "_OBJECTID_": null, "_ID_": null, "sidewalk": null, "motor_vehicle": null, "horse": null, "foot": null, "cycleway": null, "bicycle": null, "access": null, "surface": null, "lit": null, "oneway": "yes", "name": null }, "geometry": { "type": "LineString", "coordinates": [ [ 77.0325808, 8.6272368 ], [ 77.0319441, 8.6276471 ], [ 77.0315915, 8.6278743 ], [ 77.0314175, 8.6279925 ], [ 77.0313303, 8.6280627 ] ] } },
{ "type": "Feature", "properties": { "full_id": "w758322863", "osm_id": "758322863", "osm_type": "way", "highway": "residential", "noexit": null, "cutting": null, "noname": null, "tunnel": null, "ford": null, "wheelchair": null, "id": null, "vehicle": null, "bicycle_road": null, "width": null, "name:en": null, "junction": null, "layer": null, "bridge": null, "maxspeed": null, "lanes": null, "_Shape_Le_1_": null, "_SHAPE_Leng_": null, "_OBJECTID_1_": null, "_OBJECTID_": null, "_ID_": null, "sidewalk": null, "motor_vehicle": null, "horse": null, "foot": null, "cycleway": null, "bicycle": null, "access": null, "surface": "asphalt", "lit": null, "oneway": null, "name": null }, "geometry": { "type": "LineString", "coordinates": [ [ 77.0119342, 8.6125746 ], [ 77.0117931, 8.6125902 ], [ 77.0117515, 8.6126326 ], [ 77.0117033, 8.612744 ], [ 77.0116509, 8.612931 ], [ 77.0116255, 8.6130397 ], [ 77.0116, 8.6131206 ], [ 77.0115638, 8.6131895 ], [ 77.011486, 8.6132664 ], [ 77.0113438, 8.6133871 ], [ 77.0112164, 8.6134574 ], [ 77.0110421, 8.613517 ], [ 77.0109737, 8.6137305 ] ] } },
{ "type": "Feature", "properties": { "full_id": "w837232083", "osm_id": "837232083", "osm_type": "way", "highway": "residential", "noexit": null, "cutting": null, "noname": null, "tunnel": null, "ford": null, "wheelchair": null, "id": null, "vehicle": null, "bicycle_road": null, "width": null, "name:en": null, "junction": null, "layer": null, "bridge": null, "maxspeed": null, "lanes": null, "_Shape_Le_1_": null, "_SHAPE_Leng_": null, "_OBJECTID_1_": null, "_OBJECTID_": null, "_ID_": null, "sidewalk": null, "motor_vehicle": null, "horse": null, "foot": null, "cycleway": null, "bicycle": null, "access": null, "surface": null, "lit": null, "oneway": "yes", "name": null }, "geometry": { "type": "LineString", "coordinates": [ [ 77.032868, 8.62712 ], [ 77.0329246, 8.6270801 ], [ 77.0335898, 8.6266691 ] ] } },
{ "type": "Feature", "properties": { "full_id": "w758322864", "osm_id": "758322864", "osm_type": "way", "highway": "residential", "noexit": null, "cutting": null, "noname": null, "tunnel": null, "ford": null, "wheelchair": null, "id": null, "vehicle": null, "bicycle_road": null, "width": null, "name:en": null, "junction": null, "layer": null, "bridge": null, "maxspeed": null, "lanes": null, "_Shape_Le_1_": null, "_SHAPE_Leng_": null, "_OBJECTID_1_": null, "_OBJECTID_": null, "_ID_": null, "sidewalk": null, "motor_vehicle": null, "horse": null, "foot": null, "cycleway": null, "bicycle": null, "access": null, "surface": "asphalt", "lit": null, "oneway": null, "name": null }, "geometry": { "type": "LineString", "coordinates": [ [ 77.0125249, 8.6116494 ], [ 77.0124698, 8.611746 ], [ 77.0124046, 8.6119431 ], [ 77.0123188, 8.6122136 ], [ 77.0122665, 8.6123144 ], [ 77.0121914, 8.6123435 ], [ 77.0121042, 8.6123648 ], [ 77.0120385, 8.6123953 ], [ 77.0119916, 8.6124311 ], [ 77.0119607, 8.6124722 ], [ 77.0119406, 8.6125133 ], [ 77.0119342, 8.6125746 ], [ 77.0119058, 8.6128474 ], [ 77.0118776, 8.6131086 ], [ 77.0118374, 8.6132054 ], [ 77.0117126, 8.6135926 ], [ 77.0117019, 8.6136205 ] ] } },
{ "type": "Feature", "properties": { "full_id": "w837232084", "osm_id": "837232084", "osm_type": "way", "highway": "residential", "noexit": null, "cutting": null, "noname": null, "tunnel": null, "ford": null, "wheelchair": null, "id": null, "vehicle": null, "bicycle_road": null, "width": null, "name:en": null, "junction": null, "layer": null, "bridge": null, "maxspeed": null, "lanes": null, "_Shape_Le_1_": null, "_SHAPE_Leng_": null, "_OBJECTID_1_": null, "_OBJECTID_": null, "_ID_": null, "sidewalk": null, "motor_vehicle": null, "horse": null, "foot": null, "cycleway": null, "bicycle": null, "access": null, "surface": null, "lit": null, "oneway": "yes", "name": null }, "geometry": { "type": "LineString", "coordinates": [ [ 77.0335077, 8.6266038 ], [ 77.0328037, 8.6270393 ] ] } },
{ "type": "Feature", "properties": { "full_id": "w758860830", "osm_id": "758860830", "osm_type": "way", "highway": "residential", "noexit": null, "cutting": null, "noname": null, "tunnel": null, "ford": null, "wheelchair": null, "id": null, "vehicle": null, "bicycle_road": null, "width": null, "name:en": null, "junction": null, "layer": null, "bridge": null, "maxspeed": null, "lanes": null, "_Shape_Le_1_": null, "_SHAPE_Leng_": null, "_OBJECTID_1_": null, "_OBJECTID_": null, "_ID_": null, "sidewalk": null, "motor_vehicle": null, "horse": null, "foot": null, "cycleway": null, "bicycle": null, "access": null, "surface": null, "lit": null, "oneway": null, "name": null }, "geometry": { "type": "LineString", "coordinates": [ [ 77.0158446, 8.6011826 ], [ 77.0162351, 8.6008666 ] ] } },
{ "type": "Feature", "properties": { "full_id": "w837285279", "osm_id": "837285279", "osm_type": "way", "highway": "residential", "noexit": null, "cutting": null, "noname": null, "tunnel": null, "ford": null, "wheelchair": null, "id": null, "vehicle": null, "bicycle_road": null, "width": null, "name:en": null, "junction": null, "layer": null, "bridge": null, "maxspeed": null, "lanes": null, "_Shape_Le_1_": null, "_SHAPE_Leng_": null, "_OBJECTID_1_": null, "_OBJECTID_": null, "_ID_": null, "sidewalk": null, "motor_vehicle": null, "horse": null, "foot": null, "cycleway": null, "bicycle": null, "access": null, "surface": null, "lit": null, "oneway": null, "name": null }, "geometry": { "type": "LineString", "coordinates": [ [ 77.0010006, 8.6152116 ], [ 77.0012508, 8.6152888 ], [ 77.0013528, 8.6153147 ], [ 77.0015962, 8.6153363 ], [ 77.0018774, 8.6153522 ], [ 77.0021368, 8.6153839 ], [ 77.0022577, 8.6153695 ], [ 77.0024836, 8.6153263 ], [ 77.0025812, 8.6152974 ], [ 77.002641, 8.6152744 ], [ 77.0026512, 8.6152441 ], [ 77.0026512, 8.6152168 ], [ 77.0026512, 8.6151779 ], [ 77.0026657, 8.6151663 ], [ 77.0027984, 8.6151404 ], [ 77.0031656, 8.6150799 ], [ 77.0035707, 8.6149949 ], [ 77.0036129, 8.6149949 ], [ 77.0036304, 8.6150136 ], [ 77.0036377, 8.6150352 ], [ 77.0036479, 8.6150539 ], [ 77.0036654, 8.6150626 ], [ 77.0036858, 8.6150698 ], [ 77.0040078, 8.6149834 ] ] } },
{ "type": "Feature", "properties": { "full_id": "w837285280", "osm_id": "837285280", "osm_type": "way", "highway": "residential", "noexit": null, "cutting": null, "noname": null, "tunnel": null, "ford": null, "wheelchair": null, "id": null, "vehicle": null, "bicycle_road": null, "width": null, "name:en": null, "junction": null, "layer": null, "bridge": null, "maxspeed": null, "lanes": null, "_Shape_Le_1_": null, "_SHAPE_Leng_": null, "_OBJECTID_1_": null, "_OBJECTID_": null, "_ID_": null, "sidewalk": null, "motor_vehicle": null, "horse": null, "foot": null, "cycleway": null, "bicycle": null, "access": null, "surface": null, "lit": null, "oneway": null, "name": null }, "geometry": { "type": "LineString", "coordinates": [ [ 77.0031656, 8.6150799 ], [ 77.0033016, 8.6154219 ], [ 77.0033587, 8.6155997 ], [ 77.0033841, 8.6157315 ], [ 77.0033109, 8.6161441 ] ] } },
{ "type": "Feature", "properties": { "full_id": "w837285281", "osm_id": "837285281", "osm_type": "way", "highway": "residential", "noexit": null, "cutting": null, "noname": null, "tunnel": null, "ford": null, "wheelchair": null, "id": null, "vehicle": null, "bicycle_road": null, "width": null, "name:en": null, "junction": null, "layer": null, "bridge": null, "maxspeed": null, "lanes": null, "_Shape_Le_1_": null, "_SHAPE_Leng_": null, "_OBJECTID_1_": null, "_OBJECTID_": null, "_ID_": null, "sidewalk": null, "motor_vehicle": null, "horse": null, "foot": null, "cycleway": null, "bicycle": null, "access": null, "surface": null, "lit": null, "oneway": null, "name": null }, "geometry": { "type": "LineString", "coordinates": [ [ 77.0010978, 8.613936 ], [ 77.001551, 8.6139902 ], [ 77.0017163, 8.6140352 ], [ 77.0019343, 8.6141394 ], [ 77.0020996, 8.6142696 ], [ 77.0021403, 8.6142957 ], [ 77.0022218, 8.6143217 ], [ 77.0023104, 8.6143028 ], [ 77.0024685, 8.614227 ], [ 77.0026889, 8.6141252 ], [ 77.0028901, 8.6140754 ], [ 77.0031416, 8.6140636 ], [ 77.0033644, 8.6140944 ], [ 77.0035129, 8.6141844 ], [ 77.0036016, 8.6142436 ], [ 77.0038603, 8.6143383 ], [ 77.0040184, 8.614407 ], [ 77.004107, 8.614452 ], [ 77.00421, 8.6145207 ], [ 77.004234, 8.6145799 ], [ 77.0042196, 8.6146391 ], [ 77.0041741, 8.6148025 ], [ 77.0041501, 8.6148949 ], [ 77.0041501, 8.614966 ], [ 77.0041813, 8.6150204 ], [ 77.0042172, 8.6150844 ], [ 77.004222, 8.6151507 ], [ 77.0041956, 8.6152028 ], [ 77.0041405, 8.6152928 ], [ 77.0041046, 8.615352 ], [ 77.0040735, 8.6154846 ], [ 77.0040471, 8.6156907 ] ] } },
{ "type": "Feature", "properties": { "full_id": "w1219517155", "osm_id": "1219517155", "osm_type": "way", "highway": "residential", "noexit": null, "cutting": null, "noname": null, "tunnel": null, "ford": null, "wheelchair": null, "id": null, "vehicle": null, "bicycle_road": null, "width": null, "name:en": null, "junction": null, "layer": null, "bridge": null, "maxspeed": null, "lanes": null, "_Shape_Le_1_": null, "_SHAPE_Leng_": null, "_OBJECTID_1_": null, "_OBJECTID_": null, "_ID_": null, "sidewalk": null, "motor_vehicle": null, "horse": null, "foot": null, "cycleway": null, "bicycle": null, "access": null, "surface": null, "lit": null, "oneway": null, "name": null }, "geometry": { "type": "LineString", "coordinates": [ [ 77.0196206, 8.6006296 ], [ 77.0196574, 8.6005443 ], [ 77.0196829, 8.6004478 ], [ 77.0197022, 8.6003806 ], [ 77.0197048, 8.6003291 ], [ 77.0197698, 8.6002883 ], [ 77.0206614, 8.5999835 ], [ 77.0214219, 8.5999025 ] ] } },
{ "type": "Feature", "properties": { "full_id": "w837285282", "osm_id": "837285282", "osm_type": "way", "highway": "residential", "noexit": null, "cutting": null, "noname": null, "tunnel": null, "ford": null, "wheelchair": null, "id": null, "vehicle": null, "bicycle_road": null, "width": null, "name:en": null, "junction": null, "layer": null, "bridge": null, "maxspeed": null, "lanes": null, "_Shape_Le_1_": null, "_SHAPE_Leng_": null, "_OBJECTID_1_": null, "_OBJECTID_": null, "_ID_": null, "sidewalk": null, "motor_vehicle": null, "horse": null, "foot": null, "cycleway": null, "bicycle": null, "access": null, "surface": null, "lit": null, "oneway": null, "name": null }, "geometry": { "type": "LineString", "coordinates": [ [ 77.0006349, 8.6121102 ], [ 77.0006503, 8.6123157 ], [ 77.0006671, 8.6124057 ], [ 77.0007054, 8.6124909 ], [ 77.0007965, 8.612588 ], [ 77.000842, 8.6126472 ], [ 77.0008659, 8.6126946 ], [ 77.0008803, 8.6127538 ], [ 77.0008468, 8.6128272 ], [ 77.0006695, 8.6129978 ], [ 77.0005401, 8.613057 ] ] } },
{ "type": "Feature", "properties": { "full_id": "w758909542", "osm_id": "758909542", "osm_type": "way", "highway": "residential", "noexit": null, "cutting": null, "noname": null, "tunnel": null, "ford": null, "wheelchair": null, "id": null, "vehicle": null, "bicycle_road": null, "width": null, "name:en": null, "junction": null, "layer": null, "bridge": null, "maxspeed": null, "lanes": null, "_Shape_Le_1_": null, "_SHAPE_Leng_": null, "_OBJECTID_1_": null, "_OBJECTID_": null, "_ID_": null, "sidewalk": null, "motor_vehicle": null, "horse": null, "foot": null, "cycleway": null, "bicycle": null, "access": null, "surface": "concrete", "lit": null, "oneway": null, "name": null }, "geometry": { "type": "LineString", "coordinates": [ [ 77.0013016, 8.6160496 ], [ 77.0013691, 8.6160802 ], [ 77.0014474, 8.6161123 ], [ 77.0015543, 8.6161331 ], [ 77.0016097, 8.616118 ], [ 77.001644, 8.6160934 ], [ 77.0016631, 8.6160387 ], [ 77.0016727, 8.6160009 ], [ 77.0017013, 8.6159575 ], [ 77.0017739, 8.6159367 ], [ 77.0019782, 8.6159311 ], [ 77.0020317, 8.6159499 ], [ 77.0020699, 8.6159802 ], [ 77.0021119, 8.6161538 ], [ 77.0021749, 8.6164691 ], [ 77.0021921, 8.6165881 ], [ 77.0021997, 8.6166353 ], [ 77.0022312, 8.6166674 ], [ 77.0023429, 8.6166655 ] ] } },
{ "type": "Feature", "properties": { "full_id": "w1219517712", "osm_id": "1219517712", "osm_type": "way", "highway": "residential", "noexit": null, "cutting": null, "noname": null, "tunnel": null, "ford": null, "wheelchair": null, "id": null, "vehicle": null, "bicycle_road": null, "width": null, "name:en": null, "junction": null, "layer": null, "bridge": null, "maxspeed": null, "lanes": null, "_Shape_Le_1_": null, "_SHAPE_Leng_": null, "_OBJECTID_1_": null, "_OBJECTID_": null, "_ID_": null, "sidewalk": null, "motor_vehicle": null, "horse": null, "foot": null, "cycleway": null, "bicycle": null, "access": null, "surface": "unpaved", "lit": null, "oneway": null, "name": null }, "geometry": { "type": "LineString", "coordinates": [ [ 77.0096528, 8.5903989 ], [ 77.0101586, 8.590304 ], [ 77.0104268, 8.5903783 ], [ 77.0106414, 8.5905003 ], [ 77.0111779, 8.5907178 ], [ 77.0116178, 8.5907603 ], [ 77.0118138, 8.5907019 ] ] } },
{ "type": "Feature", "properties": { "full_id": "w837285283", "osm_id": "837285283", "osm_type": "way", "highway": "residential", "noexit": null, "cutting": null, "noname": null, "tunnel": null, "ford": null, "wheelchair": null, "id": null, "vehicle": null, "bicycle_road": null, "width": null, "name:en": null, "junction": null, "layer": null, "bridge": null, "maxspeed": null, "lanes": null, "_Shape_Le_1_": null, "_SHAPE_Leng_": null, "_OBJECTID_1_": null, "_OBJECTID_": null, "_ID_": null, "sidewalk": null, "motor_vehicle": null, "horse": null, "foot": null, "cycleway": null, "bicycle": null, "access": null, "surface": null, "lit": null, "oneway": null, "name": null }, "geometry": { "type": "LineString", "coordinates": [ [ 76.9991096, 8.6146882 ], [ 76.9990376, 8.6151367 ], [ 76.9990013, 8.6153406 ], [ 76.9990062, 8.6154156 ], [ 76.9990706, 8.6157876 ], [ 76.9990755, 8.615817 ], [ 76.999092, 8.6158219 ], [ 76.9991151, 8.6158121 ], [ 76.9992042, 8.6157873 ], [ 76.9994138, 8.6157289 ] ] } },
{ "type": "Feature", "properties": { "full_id": "w758909543", "osm_id": "758909543", "osm_type": "way", "highway": "residential", "noexit": null, "cutting": null, "noname": null, "tunnel": null, "ford": null, "wheelchair": null, "id": null, "vehicle": null, "bicycle_road": null, "width": null, "name:en": null, "junction": null, "layer": null, "bridge": null, "maxspeed": null, "lanes": null, "_Shape_Le_1_": null, "_SHAPE_Leng_": null, "_OBJECTID_1_": null, "_OBJECTID_": null, "_ID_": null, "sidewalk": null, "motor_vehicle": null, "horse": null, "foot": null, "cycleway": null, "bicycle": null, "access": null, "surface": "concrete", "lit": null, "oneway": null, "name": null }, "geometry": { "type": "LineString", "coordinates": [ [ 77.001644, 8.6160934 ], [ 77.001709, 8.6161501 ], [ 77.0017376, 8.6161954 ], [ 77.0017701, 8.6163691 ], [ 77.0018216, 8.6166523 ] ] } },
{ "type": "Feature", "properties": { "full_id": "w1219517938", "osm_id": "1219517938", "osm_type": "way", "highway": "residential", "noexit": null, "cutting": null, "noname": null, "tunnel": null, "ford": null, "wheelchair": null, "id": null, "vehicle": null, "bicycle_road": null, "width": null, "name:en": null, "junction": null, "layer": null, "bridge": null, "maxspeed": null, "lanes": null, "_Shape_Le_1_": null, "_SHAPE_Leng_": null, "_OBJECTID_1_": null, "_OBJECTID_": null, "_ID_": null, "sidewalk": null, "motor_vehicle": null, "horse": null, "foot": null, "cycleway": null, "bicycle": null, "access": null, "surface": null, "lit": null, "oneway": null, "name": null }, "geometry": { "type": "LineString", "coordinates": [ [ 77.0096958, 8.5924606 ], [ 77.0094825, 8.5924595 ], [ 77.0092351, 8.5924886 ], [ 77.0089421, 8.5925523 ] ] } },
{ "type": "Feature", "properties": { "full_id": "w837285284", "osm_id": "837285284", "osm_type": "way", "highway": "residential", "noexit": null, "cutting": null, "noname": null, "tunnel": null, "ford": null, "wheelchair": null, "id": null, "vehicle": null, "bicycle_road": null, "width": null, "name:en": null, "junction": null, "layer": null, "bridge": null, "maxspeed": null, "lanes": null, "_Shape_Le_1_": null, "_SHAPE_Leng_": null, "_OBJECTID_1_": null, "_OBJECTID_": null, "_ID_": null, "sidewalk": null, "motor_vehicle": null, "horse": null, "foot": null, "cycleway": null, "bicycle": null, "access": null, "surface": null, "lit": null, "oneway": null, "name": null }, "geometry": { "type": "LineString", "coordinates": [ [ 76.9992042, 8.6157873 ], [ 76.9992356, 8.6161595 ], [ 76.9995953, 8.6160502 ] ] } },
{ "type": "Feature", "properties": { "full_id": "w758909544", "osm_id": "758909544", "osm_type": "way", "highway": "residential", "noexit": null, "cutting": null, "noname": null, "tunnel": null, "ford": null, "wheelchair": null, "id": null, "vehicle": null, "bicycle_road": null, "width": null, "name:en": null, "junction": null, "layer": null, "bridge": null, "maxspeed": null, "lanes": null, "_Shape_Le_1_": null, "_SHAPE_Leng_": null, "_OBJECTID_1_": null, "_OBJECTID_": null, "_ID_": null, "sidewalk": null, "motor_vehicle": null, "horse": null, "foot": null, "cycleway": null, "bicycle": null, "access": null, "surface": "asphalt", "lit": null, "oneway": "no", "name": null }, "geometry": { "type": "LineString", "coordinates": [ [ 77.0118607, 8.6185383 ], [ 77.0117988, 8.6188313 ], [ 77.0117346, 8.6190369 ], [ 77.0117059, 8.6192162 ], [ 77.0116838, 8.6192883 ], [ 77.0116241, 8.6193299 ], [ 77.0115444, 8.6193539 ], [ 77.0114958, 8.6193824 ], [ 77.011467, 8.6194327 ], [ 77.0114515, 8.6194939 ], [ 77.0114449, 8.6195879 ], [ 77.0114714, 8.619706 ], [ 77.0115356, 8.6198788 ], [ 77.011582, 8.6200493 ], [ 77.0116042, 8.6201587 ], [ 77.0114427, 8.6204801 ], [ 77.0113476, 8.6206857 ], [ 77.0112414, 8.6208825 ], [ 77.0109229, 8.6213527 ], [ 77.0108809, 8.6214029 ], [ 77.0108367, 8.6214379 ], [ 77.0107416, 8.621462 ], [ 77.0102152, 8.6216282 ], [ 77.0098746, 8.6217834 ], [ 77.0094477, 8.6218294 ], [ 77.009342, 8.62184 ], [ 77.0091137, 8.6218019 ] ] } },
{ "type": "Feature", "properties": { "full_id": "w1219517994", "osm_id": "1219517994", "osm_type": "way", "highway": "residential", "noexit": null, "cutting": null, "noname": null, "tunnel": null, "ford": null, "wheelchair": null, "id": null, "vehicle": null, "bicycle_road": null, "width": null, "name:en": null, "junction": null, "layer": null, "bridge": null, "maxspeed": null, "lanes": null, "_Shape_Le_1_": null, "_SHAPE_Leng_": null, "_OBJECTID_1_": null, "_OBJECTID_": null, "_ID_": null, "sidewalk": null, "motor_vehicle": null, "horse": null, "foot": null, "cycleway": null, "bicycle": null, "access": null, "surface": null, "lit": null, "oneway": null, "name": null }, "geometry": { "type": "LineString", "coordinates": [ [ 77.0107963, 8.5931995 ], [ 77.0106363, 8.59326 ], [ 77.0101095, 8.5934594 ], [ 77.0098681, 8.5933268 ], [ 77.009616, 8.5932525 ], [ 77.0091975, 8.5930987 ], [ 77.0090207, 8.5930412 ] ] } },
{ "type": "Feature", "properties": { "full_id": "w1219517995", "osm_id": "1219517995", "osm_type": "way", "highway": "residential", "noexit": null, "cutting": null, "noname": null, "tunnel": null, "ford": null, "wheelchair": null, "id": null, "vehicle": null, "bicycle_road": null, "width": null, "name:en": null, "junction": null, "layer": null, "bridge": null, "maxspeed": null, "lanes": null, "_Shape_Le_1_": null, "_SHAPE_Leng_": null, "_OBJECTID_1_": null, "_OBJECTID_": null, "_ID_": null, "sidewalk": null, "motor_vehicle": null, "horse": null, "foot": null, "cycleway": null, "bicycle": null, "access": null, "surface": null, "lit": null, "oneway": null, "name": null }, "geometry": { "type": "LineString", "coordinates": [ [ 77.0106363, 8.59326 ], [ 77.0104419, 8.5928367 ] ] } },
{ "type": "Feature", "properties": { "full_id": "w1219757587", "osm_id": "1219757587", "osm_type": "way", "highway": "residential", "noexit": null, "cutting": null, "noname": null, "tunnel": null, "ford": null, "wheelchair": null, "id": null, "vehicle": null, "bicycle_road": null, "width": null, "name:en": null, "junction": null, "layer": null, "bridge": null, "maxspeed": null, "lanes": null, "_Shape_Le_1_": null, "_SHAPE_Leng_": null, "_OBJECTID_1_": null, "_OBJECTID_": null, "_ID_": null, "sidewalk": null, "motor_vehicle": null, "horse": null, "foot": null, "cycleway": null, "bicycle": null, "access": null, "surface": null, "lit": null, "oneway": null, "name": null }, "geometry": { "type": "LineString", "coordinates": [ [ 76.9589173, 8.5997706 ], [ 76.9588691, 8.5995956 ], [ 76.9587189, 8.599357 ], [ 76.9585579, 8.5990441 ], [ 76.9585043, 8.5988267 ], [ 76.9584453, 8.5985563 ], [ 76.9584835, 8.5982539 ], [ 76.9585365, 8.5978351 ], [ 76.9585794, 8.5972094 ], [ 76.9587242, 8.596483 ], [ 76.9587189, 8.5960322 ], [ 76.9588262, 8.5958201 ], [ 76.9587618, 8.5956133 ], [ 76.9587619, 8.595524 ] ] } },
{ "type": "Feature", "properties": { "full_id": "w1219757589", "osm_id": "1219757589", "osm_type": "way", "highway": "residential", "noexit": null, "cutting": null, "noname": null, "tunnel": null, "ford": null, "wheelchair": null, "id": null, "vehicle": null, "bicycle_road": null, "width": null, "name:en": null, "junction": null, "layer": null, "bridge": null, "maxspeed": null, "lanes": null, "_Shape_Le_1_": null, "_SHAPE_Leng_": null, "_OBJECTID_1_": null, "_OBJECTID_": null, "_ID_": null, "sidewalk": null, "motor_vehicle": null, "horse": null, "foot": null, "cycleway": null, "bicycle": null, "access": null, "surface": null, "lit": null, "oneway": null, "name": null }, "geometry": { "type": "LineString", "coordinates": [ [ 76.9585043, 8.5988267 ], [ 76.9587779, 8.5987419 ], [ 76.9594216, 8.5985881 ], [ 76.959958, 8.5984184 ] ] } },
{ "type": "Feature", "properties": { "full_id": "w761434130", "osm_id": "761434130", "osm_type": "way", "highway": "residential", "noexit": null, "cutting": null, "noname": null, "tunnel": null, "ford": null, "wheelchair": null, "id": null, "vehicle": null, "bicycle_road": null, "width": null, "name:en": null, "junction": null, "layer": null, "bridge": null, "maxspeed": null, "lanes": null, "_Shape_Le_1_": null, "_SHAPE_Leng_": null, "_OBJECTID_1_": null, "_OBJECTID_": null, "_ID_": null, "sidewalk": null, "motor_vehicle": null, "horse": null, "foot": null, "cycleway": null, "bicycle": null, "access": null, "surface": null, "lit": null, "oneway": null, "name": null }, "geometry": { "type": "LineString", "coordinates": [ [ 76.9942717, 8.5884996 ], [ 76.9941379, 8.5886045 ], [ 76.9941076, 8.5885814 ], [ 76.9940433, 8.5886056 ], [ 76.9939462, 8.5887162 ], [ 76.9938541, 8.5888024 ], [ 76.9937222, 8.5889174 ], [ 76.9936043, 8.5889953 ], [ 76.9934638, 8.5890128 ] ] } },
{ "type": "Feature", "properties": { "full_id": "w1219757590", "osm_id": "1219757590", "osm_type": "way", "highway": "residential", "noexit": null, "cutting": null, "noname": null, "tunnel": null, "ford": null, "wheelchair": null, "id": null, "vehicle": null, "bicycle_road": null, "width": null, "name:en": null, "junction": null, "layer": null, "bridge": null, "maxspeed": null, "lanes": null, "_Shape_Le_1_": null, "_SHAPE_Leng_": null, "_OBJECTID_1_": null, "_OBJECTID_": null, "_ID_": null, "sidewalk": null, "motor_vehicle": null, "horse": null, "foot": null, "cycleway": null, "bicycle": null, "access": null, "surface": null, "lit": null, "oneway": null, "name": null }, "geometry": { "type": "LineString", "coordinates": [ [ 76.960999, 8.5977933 ], [ 76.9606666, 8.5984292 ], [ 76.9603823, 8.5991824 ], [ 76.9604627, 8.5992355 ], [ 76.960806, 8.5992991 ], [ 76.9609616, 8.5997394 ] ] } },
{ "type": "Feature", "properties": { "full_id": "w1219757591", "osm_id": "1219757591", "osm_type": "way", "highway": "residential", "noexit": null, "cutting": null, "noname": null, "tunnel": null, "ford": null, "wheelchair": null, "id": null, "vehicle": null, "bicycle_road": null, "width": null, "name:en": null, "junction": null, "layer": null, "bridge": null, "maxspeed": null, "lanes": null, "_Shape_Le_1_": null, "_SHAPE_Leng_": null, "_OBJECTID_1_": null, "_OBJECTID_": null, "_ID_": null, "sidewalk": null, "motor_vehicle": null, "horse": null, "foot": null, "cycleway": null, "bicycle": null, "access": null, "surface": null, "lit": null, "oneway": null, "name": null }, "geometry": { "type": "LineString", "coordinates": [ [ 76.965285, 8.601092 ], [ 76.9656136, 8.6000854 ], [ 76.9658901, 8.6001176 ], [ 76.9661178, 8.5999889 ], [ 76.9662804, 8.5996995 ], [ 76.9665281, 8.5993322 ], [ 76.9666056, 8.5992171 ], [ 76.9668821, 8.5987669 ], [ 76.9667682, 8.5983971 ], [ 76.9666381, 8.5977861 ], [ 76.9666381, 8.5973359 ], [ 76.9663844, 8.5971202 ], [ 76.9663629, 8.5968974 ], [ 76.9664971, 8.5962448 ], [ 76.9664917, 8.5956347 ], [ 76.9663898, 8.5949661 ] ] } },
{ "type": "Feature", "properties": { "full_id": "w1219758621", "osm_id": "1219758621", "osm_type": "way", "highway": "residential", "noexit": null, "cutting": null, "noname": null, "tunnel": null, "ford": null, "wheelchair": null, "id": null, "vehicle": null, "bicycle_road": null, "width": null, "name:en": null, "junction": null, "layer": null, "bridge": null, "maxspeed": null, "lanes": null, "_Shape_Le_1_": null, "_SHAPE_Leng_": null, "_OBJECTID_1_": null, "_OBJECTID_": null, "_ID_": null, "sidewalk": null, "motor_vehicle": null, "horse": null, "foot": null, "cycleway": null, "bicycle": null, "access": null, "surface": null, "lit": null, "oneway": null, "name": null }, "geometry": { "type": "LineString", "coordinates": [ [ 76.9646269, 8.6022197 ], [ 76.9647915, 8.6020521 ], [ 76.9647432, 8.6015482 ], [ 76.96477, 8.6015164 ], [ 76.9648827, 8.6014686 ], [ 76.9649309, 8.6014262 ], [ 76.9650007, 8.6013095 ], [ 76.9650919, 8.6010973 ], [ 76.965285, 8.601092 ] ] } },
{ "type": "Feature", "properties": { "full_id": "w1219758623", "osm_id": "1219758623", "osm_type": "way", "highway": "residential", "noexit": null, "cutting": null, "noname": null, "tunnel": null, "ford": null, "wheelchair": null, "id": null, "vehicle": null, "bicycle_road": null, "width": null, "name:en": null, "junction": null, "layer": null, "bridge": null, "maxspeed": null, "lanes": null, "_Shape_Le_1_": null, "_SHAPE_Leng_": null, "_OBJECTID_1_": null, "_OBJECTID_": null, "_ID_": null, "sidewalk": null, "motor_vehicle": null, "horse": null, "foot": null, "cycleway": null, "bicycle": null, "access": null, "surface": null, "lit": null, "oneway": null, "name": null }, "geometry": { "type": "LineString", "coordinates": [ [ 76.9585794, 8.6056904 ], [ 76.9586223, 8.6060084 ], [ 76.9583227, 8.6069223 ] ] } },
{ "type": "Feature", "properties": { "full_id": "w1219758624", "osm_id": "1219758624", "osm_type": "way", "highway": "residential", "noexit": null, "cutting": null, "noname": null, "tunnel": null, "ford": null, "wheelchair": null, "id": null, "vehicle": null, "bicycle_road": null, "width": null, "name:en": null, "junction": null, "layer": null, "bridge": null, "maxspeed": null, "lanes": null, "_Shape_Le_1_": null, "_SHAPE_Leng_": null, "_OBJECTID_1_": null, "_OBJECTID_": null, "_ID_": null, "sidewalk": null, "motor_vehicle": null, "horse": null, "foot": null, "cycleway": null, "bicycle": null, "access": null, "surface": null, "lit": null, "oneway": null, "name": null }, "geometry": { "type": "LineString", "coordinates": [ [ 76.95762, 8.6056003 ], [ 76.9578767, 8.6056692 ], [ 76.958397, 8.6056374 ], [ 76.9585794, 8.6056904 ] ] } },
{ "type": "Feature", "properties": { "full_id": "w1306280920", "osm_id": "1306280920", "osm_type": "way", "highway": "residential", "noexit": null, "cutting": null, "noname": null, "tunnel": null, "ford": null, "wheelchair": null, "id": null, "vehicle": null, "bicycle_road": null, "width": null, "name:en": null, "junction": null, "layer": null, "bridge": null, "maxspeed": null, "lanes": null, "_Shape_Le_1_": null, "_SHAPE_Leng_": null, "_OBJECTID_1_": null, "_OBJECTID_": null, "_ID_": null, "sidewalk": null, "motor_vehicle": null, "horse": null, "foot": null, "cycleway": null, "bicycle": null, "access": null, "surface": null, "lit": null, "oneway": null, "name": null }, "geometry": { "type": "LineString", "coordinates": [ [ 76.9612475, 8.6199135 ], [ 76.961112, 8.6198424 ], [ 76.9604468, 8.6200334 ], [ 76.9598246, 8.6197788 ], [ 76.9593954, 8.6193757 ], [ 76.9591982, 8.6193864 ] ] } },
{ "type": "Feature", "properties": { "full_id": "w1306280921", "osm_id": "1306280921", "osm_type": "way", "highway": "residential", "noexit": null, "cutting": null, "noname": null, "tunnel": null, "ford": null, "wheelchair": null, "id": null, "vehicle": null, "bicycle_road": null, "width": null, "name:en": null, "junction": null, "layer": null, "bridge": null, "maxspeed": null, "lanes": null, "_Shape_Le_1_": null, "_SHAPE_Leng_": null, "_OBJECTID_1_": null, "_OBJECTID_": null, "_ID_": null, "sidewalk": null, "motor_vehicle": null, "horse": null, "foot": null, "cycleway": null, "bicycle": null, "access": null, "surface": null, "lit": null, "oneway": null, "name": null }, "geometry": { "type": "LineString", "coordinates": [ [ 76.9615626, 8.6171056 ], [ 76.9622278, 8.6168511 ], [ 76.9624638, 8.6166601 ], [ 76.9624853, 8.6163207 ], [ 76.9624638, 8.6158964 ], [ 76.9624283, 8.6152467 ] ] } },
{ "type": "Feature", "properties": { "full_id": "w834882523", "osm_id": "834882523", "osm_type": "way", "highway": "residential", "noexit": null, "cutting": null, "noname": null, "tunnel": null, "ford": null, "wheelchair": null, "id": null, "vehicle": null, "bicycle_road": null, "width": null, "name:en": null, "junction": null, "layer": null, "bridge": null, "maxspeed": null, "lanes": null, "_Shape_Le_1_": null, "_SHAPE_Leng_": null, "_OBJECTID_1_": null, "_OBJECTID_": null, "_ID_": null, "sidewalk": null, "motor_vehicle": null, "horse": null, "foot": null, "cycleway": null, "bicycle": null, "access": null, "surface": "asphalt", "lit": null, "oneway": null, "name": "Kaipadi-Sannagar Road" }, "geometry": { "type": "LineString", "coordinates": [ [ 76.9777963, 8.5859108 ], [ 76.9777975, 8.5859378 ], [ 76.9778025, 8.5859677 ], [ 76.9778126, 8.5860097 ], [ 76.9778318, 8.5860617 ], [ 76.977843, 8.5861117 ], [ 76.9778551, 8.5862026 ], [ 76.9778672, 8.5863036 ], [ 76.9778622, 8.5863725 ], [ 76.9778632, 8.5864195 ], [ 76.9778581, 8.5864785 ], [ 76.977848, 8.5865824 ], [ 76.977849, 8.5866994 ], [ 76.97785, 8.5867374 ], [ 76.9778571, 8.5867783 ], [ 76.9778642, 8.5868213 ], [ 76.9778692, 8.5868403 ], [ 76.9778854, 8.5868773 ], [ 76.9778965, 8.5868979 ], [ 76.9779057, 8.5869388 ], [ 76.9779037, 8.5870032 ], [ 76.9778773, 8.587031 ], [ 76.9778544, 8.5870606 ], [ 76.9777625, 8.5870989 ], [ 76.9777242, 8.5871284 ], [ 76.9776573, 8.5871633 ], [ 76.9775641, 8.587259 ], [ 76.9775324, 8.5873007 ], [ 76.9775042, 8.5873756 ], [ 76.9774725, 8.5875513 ], [ 76.977469, 8.5876679 ], [ 76.9774972, 8.5877967 ], [ 76.9775218, 8.5878559 ], [ 76.97755, 8.5879777 ], [ 76.9775341, 8.5880403 ], [ 76.9774497, 8.5881291 ], [ 76.9774162, 8.5881726 ], [ 76.9773669, 8.5882474 ], [ 76.9773124, 8.5883953 ], [ 76.977286, 8.5885097 ], [ 76.9771941, 8.5887162 ], [ 76.9771675, 8.5887583 ], [ 76.9771622, 8.5888031 ], [ 76.9771515, 8.5888585 ], [ 76.9771515, 8.5889059 ], [ 76.9771568, 8.5889376 ], [ 76.9771835, 8.588985 ], [ 76.9772341, 8.5889929 ], [ 76.9772581, 8.5890166 ], [ 76.9773141, 8.589043 ], [ 76.9773621, 8.5890641 ], [ 76.9774234, 8.5891036 ], [ 76.9774554, 8.5891326 ], [ 76.977506, 8.5891511 ], [ 76.977538, 8.5891721 ], [ 76.9775726, 8.5892064 ], [ 76.9776073, 8.5892222 ], [ 76.9776235, 8.5892282 ], [ 76.9776386, 8.5892382 ], [ 76.9776588, 8.5892482 ], [ 76.977678, 8.5892592 ], [ 76.9776972, 8.5892751 ], [ 76.9777214, 8.5892891 ], [ 76.9777437, 8.5893051 ], [ 76.9777598, 8.5893181 ], [ 76.977773, 8.5893331 ], [ 76.9777891, 8.5893461 ], [ 76.9778033, 8.589363 ], [ 76.9778134, 8.589375 ], [ 76.9778255, 8.589396 ], [ 76.9778356, 8.589411 ], [ 76.9778437, 8.589426 ], [ 76.9778507, 8.5894409 ], [ 76.9778608, 8.5894569 ], [ 76.9778679, 8.5894709 ], [ 76.977876, 8.5894879 ], [ 76.9778851, 8.5895029 ], [ 76.9778942, 8.5895218 ], [ 76.9779053, 8.5895398 ], [ 76.9779164, 8.5895588 ], [ 76.9779285, 8.5895818 ], [ 76.9779406, 8.5896007 ], [ 76.9779517, 8.5896187 ], [ 76.9779608, 8.5896387 ], [ 76.977976, 8.5896637 ], [ 76.977983, 8.5896806 ], [ 76.9779921, 8.5896946 ], [ 76.9779992, 8.5897106 ], [ 76.9780083, 8.5897286 ], [ 76.9780164, 8.5897446 ], [ 76.9780214, 8.5897625 ], [ 76.9780275, 8.5897765 ], [ 76.9780325, 8.5897975 ], [ 76.9780396, 8.5898145 ], [ 76.9780467, 8.5898284 ], [ 76.9780558, 8.5898464 ], [ 76.9780598, 8.5898624 ], [ 76.9780699, 8.5898824 ], [ 76.978079, 8.5898974 ], [ 76.9780881, 8.5899123 ], [ 76.9780941, 8.5899293 ], [ 76.9780992, 8.5899493 ], [ 76.9781042, 8.5899653 ], [ 76.9781854, 8.5900601 ], [ 76.9782606, 8.5901143 ], [ 76.9783521, 8.5901405 ], [ 76.9785045, 8.590251 ], [ 76.978537, 8.5902852 ], [ 76.978598, 8.5903274 ], [ 76.9786305, 8.5903977 ], [ 76.9786509, 8.5904882 ], [ 76.9786509, 8.5905565 ], [ 76.978659, 8.5906028 ], [ 76.9786671, 8.590651 ], [ 76.9786842, 8.5906737 ], [ 76.9787059, 8.5907248 ], [ 76.9787225, 8.5907594 ], [ 76.9787759, 8.590794 ], [ 76.9788209, 8.5908401 ], [ 76.9789192, 8.5909077 ], [ 76.9789742, 8.5909374 ], [ 76.9792309, 8.5910972 ], [ 76.9794142, 8.5912291 ], [ 76.979543, 8.5913162 ] ] } },
{ "type": "Feature", "properties": { "full_id": "w763039872", "osm_id": "763039872", "osm_type": "way", "highway": "residential", "noexit": null, "cutting": null, "noname": null, "tunnel": null, "ford": null, "wheelchair": null, "id": null, "vehicle": null, "bicycle_road": null, "width": null, "name:en": null, "junction": null, "layer": null, "bridge": null, "maxspeed": null, "lanes": null, "_Shape_Le_1_": null, "_SHAPE_Leng_": null, "_OBJECTID_1_": null, "_OBJECTID_": null, "_ID_": null, "sidewalk": null, "motor_vehicle": null, "horse": null, "foot": null, "cycleway": null, "bicycle": null, "access": null, "surface": null, "lit": null, "oneway": null, "name": null }, "geometry": { "type": "LineString", "coordinates": [ [ 76.9457733, 8.6035331 ], [ 76.9457683, 8.6036334 ], [ 76.9458019, 8.60367 ], [ 76.9458692, 8.6037 ], [ 76.9459769, 8.6037266 ], [ 76.9460409, 8.6037765 ], [ 76.9460711, 8.6038597 ], [ 76.9460981, 8.6039528 ], [ 76.946125, 8.6040127 ], [ 76.9461687, 8.6040327 ], [ 76.9462394, 8.604076 ], [ 76.9462663, 8.6041059 ], [ 76.9462899, 8.6041591 ], [ 76.9463, 8.6044386 ], [ 76.9463, 8.6046349 ], [ 76.9462899, 8.6048013 ], [ 76.9462831, 8.6048911 ], [ 76.9462596, 8.6050076 ], [ 76.946236, 8.6050841 ], [ 76.9461856, 8.6051872 ], [ 76.9461418, 8.6052771 ], [ 76.9460981, 8.6053835 ], [ 76.946088, 8.6054601 ], [ 76.9461283, 8.6055466 ], [ 76.946162, 8.605653 ], [ 76.9461721, 8.6057229 ], [ 76.9461923, 8.6058161 ], [ 76.946199, 8.6059458 ], [ 76.946162, 8.6060157 ], [ 76.9460981, 8.6062353 ], [ 76.9460981, 8.6063218 ], [ 76.9461216, 8.6064416 ], [ 76.9461755, 8.606568 ], [ 76.9461889, 8.606608 ], [ 76.9462865, 8.6069307 ], [ 76.9463336, 8.6070871 ], [ 76.946374, 8.6072035 ], [ 76.9463706, 8.60728 ], [ 76.9463471, 8.6073865 ], [ 76.9463303, 8.6075163 ], [ 76.9463303, 8.6076926 ], [ 76.9463538, 8.6078024 ], [ 76.9463504, 8.6078623 ], [ 76.946324, 8.607963 ], [ 76.9463033, 8.6080153 ], [ 76.946273, 8.6080985 ], [ 76.9462125, 8.608225 ], [ 76.9461519, 8.6083081 ], [ 76.9461115, 8.6083714 ], [ 76.9460442, 8.6084945 ], [ 76.945987, 8.6085976 ], [ 76.9459264, 8.6087107 ], [ 76.9459197, 8.6088771 ], [ 76.9459063, 8.608947 ], [ 76.9459063, 8.6090967 ], [ 76.9459332, 8.6092098 ], [ 76.9459466, 8.6093362 ], [ 76.9459567, 8.6094028 ], [ 76.9459635, 8.6094793 ], [ 76.9459601, 8.6095691 ], [ 76.9459732, 8.609649 ], [ 76.9459769, 8.6097621 ], [ 76.9459702, 8.609842 ], [ 76.9459736, 8.6099318 ], [ 76.9459567, 8.6099884 ], [ 76.9459635, 8.6100516 ], [ 76.9459702, 8.6101048 ], [ 76.9460745, 8.6101148 ], [ 76.9461149, 8.6101348 ], [ 76.9461923, 8.6101714 ], [ 76.9462899, 8.6102246 ], [ 76.9463504, 8.6102678 ], [ 76.9464716, 8.6103477 ], [ 76.9466499, 8.6104808 ], [ 76.9467879, 8.6106072 ], [ 76.9469057, 8.610737 ], [ 76.9470302, 8.6108734 ], [ 76.9471278, 8.6109632 ], [ 76.9472018, 8.6110231 ], [ 76.9473869, 8.6111994 ], [ 76.9475316, 8.6113292 ], [ 76.9475989, 8.611419 ], [ 76.9476292, 8.6114789 ], [ 76.9476696, 8.6115654 ], [ 76.9476897, 8.611632 ], [ 76.9477941, 8.6117784 ], [ 76.9478546, 8.6118516 ], [ 76.9479522, 8.6119081 ], [ 76.9480363, 8.6119514 ], [ 76.9482416, 8.6120811 ], [ 76.9483762, 8.6121643 ], [ 76.9485714, 8.6123074 ], [ 76.9486757, 8.6123639 ], [ 76.9487901, 8.6124405 ], [ 76.9488911, 8.612487 ], [ 76.9491132, 8.6125736 ], [ 76.949231, 8.6126135 ], [ 76.9494833, 8.6126767 ], [ 76.949591, 8.6127233 ], [ 76.9496566, 8.6127416 ], [ 76.9499242, 8.6127832 ], [ 76.9500184, 8.6127965 ], [ 76.9501563, 8.6128098 ], [ 76.9503263, 8.6128148 ], [ 76.9504256, 8.6128048 ], [ 76.9505147, 8.6128065 ], [ 76.9506729, 8.6128098 ], [ 76.9508479, 8.6128647 ], [ 76.9509421, 8.6128896 ], [ 76.9510632, 8.6129479 ], [ 76.9511322, 8.6130061 ], [ 76.951192, 8.6130535 ], [ 76.9512214, 8.6130834 ], [ 76.9512635, 8.6131192 ], [ 76.9513173, 8.6131691 ], [ 76.9514028, 8.6132558 ], [ 76.9514438, 8.6133129 ], [ 76.9514609, 8.6133435 ], [ 76.9515082, 8.6134501 ], [ 76.9515404, 8.613517 ], [ 76.9515637, 8.6135664 ], [ 76.9515893, 8.6136246 ], [ 76.9516348, 8.6137245 ], [ 76.9517102, 8.6138798 ], [ 76.9518396, 8.6142715 ], [ 76.9519444, 8.6148333 ], [ 76.9519556, 8.6151903 ], [ 76.9518916, 8.6153594 ], [ 76.9517575, 8.6154666 ], [ 76.9515626, 8.6155603 ], [ 76.9514241, 8.6157046 ], [ 76.9512048, 8.6159638 ], [ 76.9510214, 8.6161109 ], [ 76.9508531, 8.6161971 ], [ 76.9507737, 8.6163039 ], [ 76.9508492, 8.616361 ], [ 76.9509536, 8.6164488 ], [ 76.9510202, 8.6164949 ], [ 76.9511378, 8.6164796 ], [ 76.9512932, 8.6163786 ], [ 76.9516596, 8.6161679 ], [ 76.951977, 8.6160098 ], [ 76.9521302, 8.6159176 ], [ 76.9525343, 8.6157332 ], [ 76.9529495, 8.6154303 ], [ 76.9534233, 8.6151093 ], [ 76.9535276, 8.6150175 ], [ 76.9537054, 8.6149373 ], [ 76.9538175, 8.6149067 ], [ 76.9539528, 8.6149526 ], [ 76.9541809, 8.6150787 ], [ 76.9544882, 8.6152507 ], [ 76.9546216, 8.61535 ], [ 76.9549443, 8.615522 ], [ 76.9551589, 8.6156348 ], [ 76.9553947, 8.6157418 ], [ 76.9555667, 8.6158507 ], [ 76.9557078, 8.6159138 ], [ 76.9557947, 8.616015 ], [ 76.9558604, 8.61608 ], [ 76.9559532, 8.6161717 ], [ 76.9560537, 8.6162998 ], [ 76.9561175, 8.6164183 ], [ 76.9561561, 8.6164851 ], [ 76.9562856, 8.6166552 ], [ 76.9563745, 8.6167699 ], [ 76.956421, 8.6168159 ], [ 76.9564866, 8.6168807 ], [ 76.9565968, 8.6169514 ], [ 76.9566876, 8.6170011 ], [ 76.9568655, 8.6170833 ], [ 76.9573544, 8.6172457 ], [ 76.9575168, 8.6173756 ], [ 76.9575359, 8.6174051 ], [ 76.9576405, 8.6175667 ], [ 76.9579111, 8.6178266 ], [ 76.9580966, 8.6181018 ], [ 76.9582126, 8.6182852 ], [ 76.9582217, 8.618741 ], [ 76.9582995, 8.6189042 ], [ 76.9584621, 8.6190665 ], [ 76.9586884, 8.6194139 ] ] } },
{ "type": "Feature", "properties": { "full_id": "w1306280950", "osm_id": "1306280950", "osm_type": "way", "highway": "residential", "noexit": null, "cutting": null, "noname": null, "tunnel": null, "ford": null, "wheelchair": null, "id": null, "vehicle": null, "bicycle_road": null, "width": null, "name:en": null, "junction": null, "layer": null, "bridge": null, "maxspeed": null, "lanes": null, "_Shape_Le_1_": null, "_SHAPE_Leng_": null, "_OBJECTID_1_": null, "_OBJECTID_": null, "_ID_": null, "sidewalk": null, "motor_vehicle": null, "horse": null, "foot": null, "cycleway": null, "bicycle": null, "access": null, "surface": null, "lit": null, "oneway": null, "name": null }, "geometry": { "type": "LineString", "coordinates": [ [ 76.9656136, 8.6000854 ], [ 76.9652721, 8.6000693 ], [ 76.9651746, 8.5998603 ], [ 76.9650445, 8.5998281 ], [ 76.9646542, 8.5996673 ], [ 76.9642802, 8.5997638 ], [ 76.9640362, 8.5995869 ], [ 76.9636297, 8.5995869 ], [ 76.9632557, 8.5995869 ], [ 76.9630095, 8.5994616 ] ] } },
{ "type": "Feature", "properties": { "full_id": "w1219445127", "osm_id": "1219445127", "osm_type": "way", "highway": "residential", "noexit": null, "cutting": null, "noname": null, "tunnel": null, "ford": null, "wheelchair": null, "id": null, "vehicle": null, "bicycle_road": null, "width": null, "name:en": null, "junction": null, "layer": null, "bridge": null, "maxspeed": null, "lanes": null, "_Shape_Le_1_": null, "_SHAPE_Leng_": null, "_OBJECTID_1_": null, "_OBJECTID_": null, "_ID_": null, "sidewalk": null, "motor_vehicle": null, "horse": null, "foot": null, "cycleway": null, "bicycle": null, "access": null, "surface": null, "lit": null, "oneway": null, "name": null }, "geometry": { "type": "LineString", "coordinates": [ [ 76.9966907, 8.5828609 ], [ 76.9968847, 8.5828042 ], [ 76.9971809, 8.5826454 ], [ 76.9976972, 8.5823906 ], [ 76.9981762, 8.5821984 ] ] } },
{ "type": "Feature", "properties": { "full_id": "w1306280951", "osm_id": "1306280951", "osm_type": "way", "highway": "residential", "noexit": null, "cutting": null, "noname": null, "tunnel": null, "ford": null, "wheelchair": null, "id": null, "vehicle": null, "bicycle_road": null, "width": null, "name:en": null, "junction": null, "layer": null, "bridge": null, "maxspeed": null, "lanes": null, "_Shape_Le_1_": null, "_SHAPE_Leng_": null, "_OBJECTID_1_": null, "_OBJECTID_": null, "_ID_": null, "sidewalk": null, "motor_vehicle": null, "horse": null, "foot": null, "cycleway": null, "bicycle": null, "access": null, "surface": null, "lit": null, "oneway": null, "name": null }, "geometry": { "type": "LineString", "coordinates": [ [ 76.9665281, 8.5993322 ], [ 76.9663942, 8.5988955 ], [ 76.9661503, 8.598783 ], [ 76.9658901, 8.5986704 ], [ 76.9657763, 8.5984936 ], [ 76.9656949, 8.5982202 ], [ 76.9657763, 8.5978665 ], [ 76.9657925, 8.5976735 ], [ 76.9657437, 8.5974484 ], [ 76.9656787, 8.5972876 ], [ 76.9656462, 8.5970625 ], [ 76.9656462, 8.5968374 ], [ 76.9656462, 8.5965802 ], [ 76.9656299, 8.5964354 ] ] } },
{ "type": "Feature", "properties": { "full_id": "w1306280954", "osm_id": "1306280954", "osm_type": "way", "highway": "residential", "noexit": null, "cutting": null, "noname": null, "tunnel": null, "ford": null, "wheelchair": null, "id": null, "vehicle": null, "bicycle_road": null, "width": null, "name:en": null, "junction": null, "layer": null, "bridge": null, "maxspeed": null, "lanes": null, "_Shape_Le_1_": null, "_SHAPE_Leng_": null, "_OBJECTID_1_": null, "_OBJECTID_": null, "_ID_": null, "sidewalk": null, "motor_vehicle": null, "horse": null, "foot": null, "cycleway": null, "bicycle": null, "access": null, "surface": null, "lit": null, "oneway": null, "name": null }, "geometry": { "type": "LineString", "coordinates": [ [ 76.967896, 8.6160638 ], [ 76.9685083, 8.6163249 ], [ 76.9695327, 8.6166947 ], [ 76.9700531, 8.6169037 ], [ 76.9703707, 8.6171543 ], [ 76.9705666, 8.6170273 ], [ 76.9708174, 8.6169307 ], [ 76.9713866, 8.6168715 ], [ 76.9714712, 8.6165762 ], [ 76.9715706, 8.6163979 ], [ 76.9717118, 8.6162123 ], [ 76.9720466, 8.6160043 ], [ 76.9726451, 8.615536 ], [ 76.9728136, 8.6153778 ], [ 76.9729779, 8.6152457 ], [ 76.9731175, 8.6151471 ], [ 76.9732187, 8.6151324 ], [ 76.9733868, 8.6151351 ], [ 76.9735078, 8.6150511 ], [ 76.9736482, 8.614712 ] ] } },
{ "type": "Feature", "properties": { "full_id": "w1306280955", "osm_id": "1306280955", "osm_type": "way", "highway": "residential", "noexit": null, "cutting": null, "noname": null, "tunnel": null, "ford": null, "wheelchair": null, "id": null, "vehicle": null, "bicycle_road": null, "width": null, "name:en": null, "junction": null, "layer": null, "bridge": null, "maxspeed": null, "lanes": null, "_Shape_Le_1_": null, "_SHAPE_Leng_": null, "_OBJECTID_1_": null, "_OBJECTID_": null, "_ID_": null, "sidewalk": null, "motor_vehicle": null, "horse": null, "foot": null, "cycleway": null, "bicycle": null, "access": null, "surface": null, "lit": null, "oneway": null, "name": null }, "geometry": { "type": "LineString", "coordinates": [ [ 76.9724761, 8.6145723 ], [ 76.9723461, 8.6148296 ], [ 76.9718257, 8.6151029 ], [ 76.9716143, 8.6150868 ], [ 76.9713053, 8.6149904 ], [ 76.9708174, 8.6147653 ], [ 76.9705898, 8.6145241 ], [ 76.9702578, 8.6138269 ] ] } },
{ "type": "Feature", "properties": { "full_id": "w1306280956", "osm_id": "1306280956", "osm_type": "way", "highway": "residential", "noexit": null, "cutting": null, "noname": null, "tunnel": null, "ford": null, "wheelchair": null, "id": null, "vehicle": null, "bicycle_road": null, "width": null, "name:en": null, "junction": null, "layer": null, "bridge": null, "maxspeed": null, "lanes": null, "_Shape_Le_1_": null, "_SHAPE_Leng_": null, "_OBJECTID_1_": null, "_OBJECTID_": null, "_ID_": null, "sidewalk": null, "motor_vehicle": null, "horse": null, "foot": null, "cycleway": null, "bicycle": null, "access": null, "surface": null, "lit": null, "oneway": null, "name": null }, "geometry": { "type": "LineString", "coordinates": [ [ 76.9684564, 8.6124372 ], [ 76.9688498, 8.6121445 ], [ 76.9693376, 8.6118229 ], [ 76.9695521, 8.6117789 ], [ 76.9710288, 8.6120802 ], [ 76.9706548, 8.6128037 ] ] } },
{ "type": "Feature", "properties": { "full_id": "w1219450714", "osm_id": "1219450714", "osm_type": "way", "highway": "residential", "noexit": null, "cutting": null, "noname": null, "tunnel": null, "ford": null, "wheelchair": null, "id": null, "vehicle": null, "bicycle_road": null, "width": null, "name:en": null, "junction": null, "layer": null, "bridge": null, "maxspeed": null, "lanes": null, "_Shape_Le_1_": null, "_SHAPE_Leng_": null, "_OBJECTID_1_": null, "_OBJECTID_": null, "_ID_": null, "sidewalk": null, "motor_vehicle": null, "horse": null, "foot": null, "cycleway": null, "bicycle": null, "access": null, "surface": null, "lit": null, "oneway": null, "name": null }, "geometry": { "type": "LineString", "coordinates": [ [ 76.9866997, 8.6011681 ], [ 76.9866836, 8.6005243 ], [ 76.9866192, 8.6003174 ], [ 76.9865173, 8.6001689 ], [ 76.9863939, 8.6000469 ], [ 76.9860989, 8.5998135 ], [ 76.9859895, 8.5997214 ] ] } },
{ "type": "Feature", "properties": { "full_id": "w1306280958", "osm_id": "1306280958", "osm_type": "way", "highway": "residential", "noexit": null, "cutting": null, "noname": null, "tunnel": null, "ford": null, "wheelchair": null, "id": null, "vehicle": null, "bicycle_road": null, "width": null, "name:en": null, "junction": null, "layer": null, "bridge": null, "maxspeed": null, "lanes": null, "_Shape_Le_1_": null, "_SHAPE_Leng_": null, "_OBJECTID_1_": null, "_OBJECTID_": null, "_ID_": null, "sidewalk": null, "motor_vehicle": null, "horse": null, "foot": null, "cycleway": null, "bicycle": null, "access": null, "surface": null, "lit": null, "oneway": null, "name": null }, "geometry": { "type": "LineString", "coordinates": [ [ 76.9740383, 8.619911 ], [ 76.973647, 8.6193154 ], [ 76.9733055, 8.6192511 ], [ 76.9732079, 8.6182382 ], [ 76.9728339, 8.6178845 ], [ 76.9723135, 8.6174182 ], [ 76.9724274, 8.616968 ], [ 76.9724924, 8.6168394 ], [ 76.9725087, 8.6164213 ] ] } },
{ "type": "Feature", "properties": { "full_id": "w1219450715", "osm_id": "1219450715", "osm_type": "way", "highway": "residential", "noexit": null, "cutting": null, "noname": null, "tunnel": null, "ford": null, "wheelchair": null, "id": null, "vehicle": null, "bicycle_road": null, "width": null, "name:en": null, "junction": null, "layer": null, "bridge": null, "maxspeed": null, "lanes": null, "_Shape_Le_1_": null, "_SHAPE_Leng_": null, "_OBJECTID_1_": null, "_OBJECTID_": null, "_ID_": null, "sidewalk": null, "motor_vehicle": null, "horse": null, "foot": null, "cycleway": null, "bicycle": null, "access": null, "surface": null, "lit": null, "oneway": null, "name": null }, "geometry": { "type": "LineString", "coordinates": [ [ 76.9862461, 8.5973759 ], [ 76.9863027, 8.5974691 ], [ 76.986528, 8.5978934 ], [ 76.9867089, 8.5983777 ] ] } },
{ "type": "Feature", "properties": { "full_id": "w1219450716", "osm_id": "1219450716", "osm_type": "way", "highway": "residential", "noexit": null, "cutting": null, "noname": null, "tunnel": null, "ford": null, "wheelchair": null, "id": null, "vehicle": null, "bicycle_road": null, "width": null, "name:en": null, "junction": null, "layer": null, "bridge": null, "maxspeed": null, "lanes": null, "_Shape_Le_1_": null, "_SHAPE_Leng_": null, "_OBJECTID_1_": null, "_OBJECTID_": null, "_ID_": null, "sidewalk": null, "motor_vehicle": null, "horse": null, "foot": null, "cycleway": null, "bicycle": null, "access": null, "surface": null, "lit": null, "oneway": null, "name": null }, "geometry": { "type": "LineString", "coordinates": [ [ 76.9862461, 8.5973759 ], [ 76.9860859, 8.5970802 ] ] } },
{ "type": "Feature", "properties": { "full_id": "w1306280964", "osm_id": "1306280964", "osm_type": "way", "highway": "residential", "noexit": null, "cutting": null, "noname": null, "tunnel": null, "ford": null, "wheelchair": null, "id": null, "vehicle": null, "bicycle_road": null, "width": null, "name:en": null, "junction": null, "layer": null, "bridge": null, "maxspeed": null, "lanes": null, "_Shape_Le_1_": null, "_SHAPE_Leng_": null, "_OBJECTID_1_": null, "_OBJECTID_": null, "_ID_": null, "sidewalk": null, "motor_vehicle": null, "horse": null, "foot": null, "cycleway": null, "bicycle": null, "access": null, "surface": null, "lit": null, "oneway": null, "name": null }, "geometry": { "type": "LineString", "coordinates": [ [ 76.9747852, 8.6041609 ], [ 76.9749353, 8.6043119 ], [ 76.975228, 8.6044566 ], [ 76.9754394, 8.6048425 ], [ 76.9755532, 8.6054535 ], [ 76.9755858, 8.6059198 ], [ 76.9758297, 8.6063378 ], [ 76.9760574, 8.6064664 ] ] } },
{ "type": "Feature", "properties": { "full_id": "w1219450717", "osm_id": "1219450717", "osm_type": "way", "highway": "residential", "noexit": null, "cutting": null, "noname": null, "tunnel": null, "ford": null, "wheelchair": null, "id": null, "vehicle": null, "bicycle_road": null, "width": null, "name:en": null, "junction": null, "layer": null, "bridge": null, "maxspeed": null, "lanes": null, "_Shape_Le_1_": null, "_SHAPE_Leng_": null, "_OBJECTID_1_": null, "_OBJECTID_": null, "_ID_": null, "sidewalk": null, "motor_vehicle": null, "horse": null, "foot": null, "cycleway": null, "bicycle": null, "access": null, "surface": null, "lit": null, "oneway": null, "name": null }, "geometry": { "type": "LineString", "coordinates": [ [ 76.9862461, 8.5973759 ], [ 76.9863463, 8.5972036 ], [ 76.9865147, 8.5969861 ], [ 76.9868767, 8.5967106 ], [ 76.9869481, 8.596579 ], [ 76.9870126, 8.5965226 ], [ 76.9870269, 8.5964818 ], [ 76.9870376, 8.5964102 ], [ 76.9870756, 8.5963976 ], [ 76.9871064, 8.5963996 ], [ 76.986987, 8.5959934 ], [ 76.9869119, 8.5958236 ], [ 76.9865471, 8.5957706 ], [ 76.9864613, 8.5954417 ], [ 76.9864184, 8.595272 ], [ 76.9864505, 8.5948689 ], [ 76.9867939, 8.5949219 ], [ 76.9870406, 8.5949538 ], [ 76.9873196, 8.5948158 ], [ 76.9875127, 8.594784 ], [ 76.987738, 8.5951447 ], [ 76.9878989, 8.5952508 ], [ 76.9880813, 8.5952508 ], [ 76.9883174, 8.5951341 ], [ 76.9883495, 8.5947522 ], [ 76.9886306, 8.5948041 ] ] } },
{ "type": "Feature", "properties": { "full_id": "w1306280965", "osm_id": "1306280965", "osm_type": "way", "highway": "residential", "noexit": null, "cutting": null, "noname": null, "tunnel": null, "ford": null, "wheelchair": null, "id": null, "vehicle": null, "bicycle_road": null, "width": null, "name:en": null, "junction": null, "layer": null, "bridge": null, "maxspeed": null, "lanes": null, "_Shape_Le_1_": null, "_SHAPE_Leng_": null, "_OBJECTID_1_": null, "_OBJECTID_": null, "_ID_": null, "sidewalk": null, "motor_vehicle": null, "horse": null, "foot": null, "cycleway": null, "bicycle": null, "access": null, "surface": null, "lit": null, "oneway": null, "name": null }, "geometry": { "type": "LineString", "coordinates": [ [ 76.9829862, 8.6021957 ], [ 76.9830662, 8.6025754 ], [ 76.9829361, 8.6027844 ], [ 76.9826597, 8.6029773 ], [ 76.9825296, 8.6032024 ], [ 76.9827085, 8.6034597 ], [ 76.9828874, 8.6039099 ], [ 76.9829036, 8.6041189 ], [ 76.9828419, 8.6044269 ] ] } },
{ "type": "Feature", "properties": { "full_id": "w1219451236", "osm_id": "1219451236", "osm_type": "way", "highway": "residential", "noexit": null, "cutting": null, "noname": null, "tunnel": null, "ford": null, "wheelchair": null, "id": null, "vehicle": null, "bicycle_road": null, "width": null, "name:en": null, "junction": null, "layer": null, "bridge": null, "maxspeed": null, "lanes": null, "_Shape_Le_1_": null, "_SHAPE_Leng_": null, "_OBJECTID_1_": null, "_OBJECTID_": null, "_ID_": null, "sidewalk": null, "motor_vehicle": null, "horse": null, "foot": null, "cycleway": null, "bicycle": null, "access": null, "surface": null, "lit": null, "oneway": null, "name": null }, "geometry": { "type": "LineString", "coordinates": [ [ 76.9908744, 8.5973211 ], [ 76.9906977, 8.5970592 ], [ 76.9906897, 8.5970179 ], [ 76.9906948, 8.5969711 ], [ 76.9907369, 8.596937 ], [ 76.9907948, 8.5968874 ], [ 76.9908951, 8.5968185 ], [ 76.9910038, 8.5967296 ], [ 76.9911225, 8.5966776 ], [ 76.9912761, 8.5965674 ], [ 76.9914048, 8.5964348 ], [ 76.9916784, 8.59609 ], [ 76.9920369, 8.5959267 ] ] } },
{ "type": "Feature", "properties": { "full_id": "w1306280966", "osm_id": "1306280966", "osm_type": "way", "highway": "residential", "noexit": null, "cutting": null, "noname": null, "tunnel": null, "ford": null, "wheelchair": null, "id": null, "vehicle": null, "bicycle_road": null, "width": null, "name:en": null, "junction": null, "layer": null, "bridge": null, "maxspeed": null, "lanes": null, "_Shape_Le_1_": null, "_SHAPE_Leng_": null, "_OBJECTID_1_": null, "_OBJECTID_": null, "_ID_": null, "sidewalk": null, "motor_vehicle": null, "horse": null, "foot": null, "cycleway": null, "bicycle": null, "access": null, "surface": null, "lit": null, "oneway": null, "name": null }, "geometry": { "type": "LineString", "coordinates": [ [ 76.9852667, 8.6073775 ], [ 76.9855719, 8.6079849 ] ] } },
{ "type": "Feature", "properties": { "full_id": "w522452656", "osm_id": "522452656", "osm_type": "way", "highway": "residential", "noexit": null, "cutting": null, "noname": null, "tunnel": null, "ford": null, "wheelchair": null, "id": null, "vehicle": null, "bicycle_road": null, "width": null, "name:en": null, "junction": null, "layer": null, "bridge": null, "maxspeed": null, "lanes": null, "_Shape_Le_1_": null, "_SHAPE_Leng_": null, "_OBJECTID_1_": null, "_OBJECTID_": null, "_ID_": null, "sidewalk": null, "motor_vehicle": null, "horse": null, "foot": null, "cycleway": null, "bicycle": null, "access": null, "surface": null, "lit": null, "oneway": null, "name": null }, "geometry": { "type": "LineString", "coordinates": [ [ 76.9544375, 8.6021165 ], [ 76.9545904, 8.6019361 ], [ 76.9547245, 8.6018088 ], [ 76.9548559, 8.6017081 ], [ 76.9550034, 8.601602 ], [ 76.9551241, 8.60148 ], [ 76.9552609, 8.601358 ], [ 76.9553387, 8.6012413 ], [ 76.9554111, 8.6011326 ], [ 76.9554889, 8.6010663 ], [ 76.9555506, 8.6009231 ], [ 76.9556123, 8.6007507 ], [ 76.9556015, 8.6005677 ], [ 76.9556579, 8.6004112 ], [ 76.9558161, 8.6002813 ], [ 76.9559583, 8.6001831 ], [ 76.9560763, 8.6001036 ], [ 76.9562506, 8.5999697 ], [ 76.9563821, 8.5998503 ], [ 76.9564652, 8.5997548 ], [ 76.9565966, 8.5996355 ], [ 76.9567415, 8.5995904 ], [ 76.9568944, 8.5995745 ], [ 76.9570204, 8.5995559 ], [ 76.9570875, 8.5993995 ], [ 76.9570848, 8.5992456 ], [ 76.9570875, 8.5991051 ], [ 76.957058, 8.5989486 ], [ 76.9570594, 8.5989104 ], [ 76.9570633, 8.5988001 ], [ 76.9570848, 8.5986091 ], [ 76.9570365, 8.598397 ], [ 76.9570365, 8.5981583 ], [ 76.9568863, 8.5980522 ], [ 76.956661, 8.5979833 ], [ 76.9565591, 8.5978454 ], [ 76.9565162, 8.5977645 ], [ 76.9564947, 8.597608 ], [ 76.9564786, 8.5974648 ], [ 76.9564624, 8.5973459 ], [ 76.9564191, 8.5972126 ], [ 76.9563782, 8.5970645 ], [ 76.9563713, 8.59683 ], [ 76.9564217, 8.5964553 ] ] } },
{ "type": "Feature", "properties": { "full_id": "w1219451237", "osm_id": "1219451237", "osm_type": "way", "highway": "residential", "noexit": null, "cutting": null, "noname": null, "tunnel": null, "ford": null, "wheelchair": null, "id": null, "vehicle": null, "bicycle_road": null, "width": null, "name:en": null, "junction": null, "layer": null, "bridge": null, "maxspeed": null, "lanes": null, "_Shape_Le_1_": null, "_SHAPE_Leng_": null, "_OBJECTID_1_": null, "_OBJECTID_": null, "_ID_": null, "sidewalk": null, "motor_vehicle": null, "horse": null, "foot": null, "cycleway": null, "bicycle": null, "access": null, "surface": null, "lit": null, "oneway": null, "name": null }, "geometry": { "type": "LineString", "coordinates": [ [ 76.9918877, 8.5985696 ], [ 76.9918877, 8.5984401 ], [ 76.9916838, 8.5979308 ] ] } },
{ "type": "Feature", "properties": { "full_id": "w1219451238", "osm_id": "1219451238", "osm_type": "way", "highway": "residential", "noexit": null, "cutting": null, "noname": null, "tunnel": null, "ford": null, "wheelchair": null, "id": null, "vehicle": null, "bicycle_road": null, "width": null, "name:en": null, "junction": null, "layer": null, "bridge": null, "maxspeed": null, "lanes": null, "_Shape_Le_1_": null, "_SHAPE_Leng_": null, "_OBJECTID_1_": null, "_OBJECTID_": null, "_ID_": null, "sidewalk": null, "motor_vehicle": null, "horse": null, "foot": null, "cycleway": null, "bicycle": null, "access": null, "surface": null, "lit": null, "oneway": null, "name": null }, "geometry": { "type": "LineString", "coordinates": [ [ 76.9962053, 8.5943555 ], [ 76.9963286, 8.5941548 ], [ 76.9965701, 8.5939426 ] ] } },
{ "type": "Feature", "properties": { "full_id": "w1219451239", "osm_id": "1219451239", "osm_type": "way", "highway": "residential", "noexit": null, "cutting": null, "noname": null, "tunnel": null, "ford": null, "wheelchair": null, "id": null, "vehicle": null, "bicycle_road": null, "width": null, "name:en": null, "junction": null, "layer": null, "bridge": null, "maxspeed": null, "lanes": null, "_Shape_Le_1_": null, "_SHAPE_Leng_": null, "_OBJECTID_1_": null, "_OBJECTID_": null, "_ID_": null, "sidewalk": null, "motor_vehicle": null, "horse": null, "foot": null, "cycleway": null, "bicycle": null, "access": null, "surface": null, "lit": null, "oneway": null, "name": null }, "geometry": { "type": "LineString", "coordinates": [ [ 76.9965701, 8.5939426 ], [ 76.9965969, 8.5939426 ], [ 76.996672, 8.5939426 ], [ 76.9970475, 8.5938789 ] ] } },
{ "type": "Feature", "properties": { "full_id": "w1219451240", "osm_id": "1219451240", "osm_type": "way", "highway": "residential", "noexit": null, "cutting": null, "noname": null, "tunnel": null, "ford": null, "wheelchair": null, "id": null, "vehicle": null, "bicycle_road": null, "width": null, "name:en": null, "junction": null, "layer": null, "bridge": null, "maxspeed": null, "lanes": null, "_Shape_Le_1_": null, "_SHAPE_Leng_": null, "_OBJECTID_1_": null, "_OBJECTID_": null, "_ID_": null, "sidewalk": null, "motor_vehicle": null, "horse": null, "foot": null, "cycleway": null, "bicycle": null, "access": null, "surface": null, "lit": null, "oneway": null, "name": null }, "geometry": { "type": "LineString", "coordinates": [ [ 76.9964934, 8.5938995 ], [ 76.9965701, 8.5939426 ] ] } },
{ "type": "Feature", "properties": { "full_id": "w1219451242", "osm_id": "1219451242", "osm_type": "way", "highway": "residential", "noexit": null, "cutting": null, "noname": null, "tunnel": null, "ford": null, "wheelchair": null, "id": null, "vehicle": null, "bicycle_road": null, "width": null, "name:en": null, "junction": null, "layer": null, "bridge": null, "maxspeed": null, "lanes": null, "_Shape_Le_1_": null, "_SHAPE_Leng_": null, "_OBJECTID_1_": null, "_OBJECTID_": null, "_ID_": null, "sidewalk": null, "motor_vehicle": null, "horse": null, "foot": null, "cycleway": null, "bicycle": null, "access": null, "surface": "unpaved", "lit": null, "oneway": null, "name": null }, "geometry": { "type": "LineString", "coordinates": [ [ 77.0072182, 8.5918531 ], [ 77.0072567, 8.5914915 ], [ 77.007262, 8.5913112 ], [ 77.0070474, 8.5909558 ], [ 77.0069241, 8.5908338 ], [ 77.0068168, 8.5907648 ], [ 77.0065485, 8.590664 ], [ 77.0063661, 8.5906216 ], [ 77.0062749, 8.5906216 ], [ 77.0061462, 8.5906693 ], [ 77.0060711, 8.5907118 ], [ 77.0058618, 8.5909346 ], [ 77.0055829, 8.5913165 ], [ 77.0051698, 8.5916931 ], [ 77.0051161, 8.5917886 ], [ 77.0051161, 8.5918575 ], [ 77.0051805, 8.592006 ], [ 77.0051537, 8.5920962 ], [ 77.0048532, 8.5923402 ], [ 77.0046065, 8.5926698 ] ] } },
{ "type": "Feature", "properties": { "full_id": "w1219451243", "osm_id": "1219451243", "osm_type": "way", "highway": "residential", "noexit": null, "cutting": null, "noname": null, "tunnel": null, "ford": null, "wheelchair": null, "id": null, "vehicle": null, "bicycle_road": null, "width": null, "name:en": null, "junction": null, "layer": null, "bridge": null, "maxspeed": null, "lanes": null, "_Shape_Le_1_": null, "_SHAPE_Leng_": null, "_OBJECTID_1_": null, "_OBJECTID_": null, "_ID_": null, "sidewalk": null, "motor_vehicle": null, "horse": null, "foot": null, "cycleway": null, "bicycle": null, "access": null, "surface": null, "lit": null, "oneway": null, "name": null }, "geometry": { "type": "LineString", "coordinates": [ [ 77.0086397, 8.5909963 ], [ 77.0086361, 8.591027 ], [ 77.0086025, 8.5911947 ], [ 77.008522, 8.5914912 ], [ 77.008509, 8.5915398 ], [ 77.0085006, 8.5916079 ], [ 77.0084306, 8.5918531 ] ] } },
{ "type": "Feature", "properties": { "full_id": "w1219451244", "osm_id": "1219451244", "osm_type": "way", "highway": "residential", "noexit": null, "cutting": null, "noname": null, "tunnel": null, "ford": null, "wheelchair": null, "id": null, "vehicle": null, "bicycle_road": null, "width": null, "name:en": null, "junction": null, "layer": null, "bridge": null, "maxspeed": null, "lanes": null, "_Shape_Le_1_": null, "_SHAPE_Leng_": null, "_OBJECTID_1_": null, "_OBJECTID_": null, "_ID_": null, "sidewalk": null, "motor_vehicle": null, "horse": null, "foot": null, "cycleway": null, "bicycle": null, "access": null, "surface": null, "lit": null, "oneway": null, "name": null }, "geometry": { "type": "LineString", "coordinates": [ [ 77.0085146, 8.5906234 ], [ 77.0086336, 8.5908416 ], [ 77.0086493, 8.5909154 ] ] } },
{ "type": "Feature", "properties": { "full_id": "w1219451245", "osm_id": "1219451245", "osm_type": "way", "highway": "residential", "noexit": null, "cutting": null, "noname": null, "tunnel": null, "ford": null, "wheelchair": null, "id": null, "vehicle": null, "bicycle_road": null, "width": null, "name:en": null, "junction": null, "layer": "1", "bridge": "yes", "maxspeed": null, "lanes": null, "_Shape_Le_1_": null, "_SHAPE_Leng_": null, "_OBJECTID_1_": null, "_OBJECTID_": null, "_ID_": null, "sidewalk": null, "motor_vehicle": null, "horse": null, "foot": null, "cycleway": null, "bicycle": null, "access": null, "surface": null, "lit": null, "oneway": null, "name": null }, "geometry": { "type": "LineString", "coordinates": [ [ 77.0086493, 8.5909154 ], [ 77.0086397, 8.5909963 ] ] } },
{ "type": "Feature", "properties": { "full_id": "w1219452640", "osm_id": "1219452640", "osm_type": "way", "highway": "residential", "noexit": null, "cutting": null, "noname": null, "tunnel": null, "ford": null, "wheelchair": null, "id": null, "vehicle": null, "bicycle_road": null, "width": null, "name:en": null, "junction": null, "layer": null, "bridge": null, "maxspeed": null, "lanes": null, "_Shape_Le_1_": null, "_SHAPE_Leng_": null, "_OBJECTID_1_": null, "_OBJECTID_": null, "_ID_": null, "sidewalk": null, "motor_vehicle": null, "horse": null, "foot": null, "cycleway": null, "bicycle": null, "access": null, "surface": null, "lit": null, "oneway": null, "name": null }, "geometry": { "type": "LineString", "coordinates": [ [ 76.9985012, 8.5931511 ], [ 76.9985082, 8.5932272 ], [ 76.9985126, 8.5932629 ], [ 76.9984446, 8.5934533 ], [ 76.9984336, 8.5934858 ], [ 76.9983977, 8.5934925 ], [ 76.9983555, 8.5934909 ], [ 76.9982985, 8.5934853 ], [ 76.998142, 8.5934809 ], [ 76.9974767, 8.5934385 ], [ 76.9971334, 8.5935075 ], [ 76.9968973, 8.5936401 ], [ 76.9965701, 8.5939426 ] ] } },
{ "type": "Feature", "properties": { "full_id": "w848910859", "osm_id": "848910859", "osm_type": "way", "highway": "residential", "noexit": null, "cutting": null, "noname": null, "tunnel": null, "ford": null, "wheelchair": null, "id": null, "vehicle": null, "bicycle_road": null, "width": null, "name:en": null, "junction": null, "layer": "1", "bridge": "yes", "maxspeed": null, "lanes": null, "_Shape_Le_1_": null, "_SHAPE_Leng_": null, "_OBJECTID_1_": null, "_OBJECTID_": null, "_ID_": null, "sidewalk": null, "motor_vehicle": null, "horse": null, "foot": null, "cycleway": null, "bicycle": null, "access": null, "surface": null, "lit": null, "oneway": null, "name": null }, "geometry": { "type": "LineString", "coordinates": [ [ 76.9923118, 8.6013824 ], [ 76.9923075, 8.6014384 ] ] } },
{ "type": "Feature", "properties": { "full_id": "w1219452641", "osm_id": "1219452641", "osm_type": "way", "highway": "residential", "noexit": null, "cutting": null, "noname": null, "tunnel": null, "ford": null, "wheelchair": null, "id": null, "vehicle": null, "bicycle_road": null, "width": null, "name:en": null, "junction": null, "layer": null, "bridge": null, "maxspeed": null, "lanes": null, "_Shape_Le_1_": null, "_SHAPE_Leng_": null, "_OBJECTID_1_": null, "_OBJECTID_": null, "_ID_": null, "sidewalk": null, "motor_vehicle": null, "horse": null, "foot": null, "cycleway": null, "bicycle": null, "access": null, "surface": null, "lit": null, "oneway": null, "name": null }, "geometry": { "type": "LineString", "coordinates": [ [ 76.9985746, 8.5978089 ], [ 76.9984979, 8.5982954 ], [ 76.9977318, 8.5985013 ], [ 76.9976935, 8.598479 ], [ 76.9976401, 8.5984013 ] ] } },
{ "type": "Feature", "properties": { "full_id": "w1219452642", "osm_id": "1219452642", "osm_type": "way", "highway": "residential", "noexit": null, "cutting": null, "noname": null, "tunnel": null, "ford": null, "wheelchair": null, "id": null, "vehicle": null, "bicycle_road": null, "width": null, "name:en": null, "junction": null, "layer": null, "bridge": null, "maxspeed": null, "lanes": null, "_Shape_Le_1_": null, "_SHAPE_Leng_": null, "_OBJECTID_1_": null, "_OBJECTID_": null, "_ID_": null, "sidewalk": null, "motor_vehicle": null, "horse": null, "foot": null, "cycleway": null, "bicycle": null, "access": null, "surface": null, "lit": null, "oneway": null, "name": null }, "geometry": { "type": "LineString", "coordinates": [ [ 76.9984979, 8.5982954 ], [ 76.9985024, 8.598399 ], [ 76.9985047, 8.5984523 ], [ 76.9985138, 8.5984793 ], [ 76.9985351, 8.5985002 ], [ 76.9985708, 8.598506 ], [ 76.9988764, 8.5985235 ] ] } },
{ "type": "Feature", "properties": { "full_id": "w1219453876", "osm_id": "1219453876", "osm_type": "way", "highway": "residential", "noexit": null, "cutting": null, "noname": null, "tunnel": null, "ford": null, "wheelchair": null, "id": null, "vehicle": null, "bicycle_road": null, "width": null, "name:en": null, "junction": null, "layer": null, "bridge": null, "maxspeed": null, "lanes": null, "_Shape_Le_1_": null, "_SHAPE_Leng_": null, "_OBJECTID_1_": null, "_OBJECTID_": null, "_ID_": null, "sidewalk": null, "motor_vehicle": null, "horse": null, "foot": null, "cycleway": null, "bicycle": null, "access": null, "surface": "asphalt", "lit": null, "oneway": "no", "name": null }, "geometry": { "type": "LineString", "coordinates": [ [ 77.001612, 8.6026024 ], [ 77.0017945, 8.6026735 ], [ 77.0019107, 8.6025123 ], [ 77.0022776, 8.6024755 ] ] } },
{ "type": "Feature", "properties": { "full_id": "w1219504600", "osm_id": "1219504600", "osm_type": "way", "highway": "residential", "noexit": null, "cutting": null, "noname": null, "tunnel": null, "ford": null, "wheelchair": null, "id": null, "vehicle": null, "bicycle_road": null, "width": null, "name:en": null, "junction": null, "layer": null, "bridge": null, "maxspeed": null, "lanes": null, "_Shape_Le_1_": null, "_SHAPE_Leng_": null, "_OBJECTID_1_": null, "_OBJECTID_": null, "_ID_": null, "sidewalk": null, "motor_vehicle": null, "horse": null, "foot": null, "cycleway": null, "bicycle": null, "access": null, "surface": null, "lit": null, "oneway": null, "name": null }, "geometry": { "type": "LineString", "coordinates": [ [ 77.0020488, 8.6000977 ], [ 77.0023064, 8.6000471 ], [ 77.0023535, 8.5999839 ], [ 77.0024073, 8.5998322 ], [ 77.0024494, 8.5996857 ], [ 77.0024631, 8.5995581 ], [ 77.0024631, 8.5994416 ], [ 77.0024751, 8.599335 ], [ 77.0025087, 8.5988646 ] ] } },
{ "type": "Feature", "properties": { "full_id": "w848081712", "osm_id": "848081712", "osm_type": "way", "highway": "residential", "noexit": null, "cutting": null, "noname": null, "tunnel": null, "ford": null, "wheelchair": null, "id": null, "vehicle": null, "bicycle_road": null, "width": null, "name:en": null, "junction": null, "layer": null, "bridge": null, "maxspeed": null, "lanes": null, "_Shape_Le_1_": null, "_SHAPE_Leng_": null, "_OBJECTID_1_": null, "_OBJECTID_": null, "_ID_": null, "sidewalk": null, "motor_vehicle": null, "horse": null, "foot": null, "cycleway": null, "bicycle": null, "access": null, "surface": null, "lit": null, "oneway": null, "name": null }, "geometry": { "type": "LineString", "coordinates": [ [ 77.0144011, 8.6124017 ], [ 77.0154392, 8.6125979 ] ] } },
{ "type": "Feature", "properties": { "full_id": "w1219504601", "osm_id": "1219504601", "osm_type": "way", "highway": "residential", "noexit": null, "cutting": null, "noname": null, "tunnel": null, "ford": null, "wheelchair": null, "id": null, "vehicle": null, "bicycle_road": null, "width": null, "name:en": null, "junction": null, "layer": null, "bridge": null, "maxspeed": null, "lanes": null, "_Shape_Le_1_": null, "_SHAPE_Leng_": null, "_OBJECTID_1_": null, "_OBJECTID_": null, "_ID_": null, "sidewalk": null, "motor_vehicle": null, "horse": null, "foot": null, "cycleway": null, "bicycle": null, "access": null, "surface": null, "lit": null, "oneway": null, "name": null }, "geometry": { "type": "LineString", "coordinates": [ [ 77.0023064, 8.6000471 ], [ 77.0023715, 8.6001366 ], [ 77.0024095, 8.6001923 ], [ 77.0024505, 8.6002712 ], [ 77.0024498, 8.6003222 ], [ 77.0024216, 8.6003596 ], [ 77.0022097, 8.6005154 ], [ 77.0021755, 8.6005577 ], [ 77.0021613, 8.6005958 ], [ 77.0021531, 8.6008606 ], [ 77.0021639, 8.6009936 ], [ 77.0021534, 8.6010615 ], [ 77.0021556, 8.6011027 ], [ 77.0023036, 8.6013216 ] ] } },
{ "type": "Feature", "properties": { "full_id": "w598073418", "osm_id": "598073418", "osm_type": "way", "highway": "residential", "noexit": null, "cutting": null, "noname": null, "tunnel": null, "ford": null, "wheelchair": null, "id": null, "vehicle": null, "bicycle_road": null, "width": null, "name:en": null, "junction": null, "layer": null, "bridge": null, "maxspeed": null, "lanes": null, "_Shape_Le_1_": null, "_SHAPE_Leng_": null, "_OBJECTID_1_": null, "_OBJECTID_": null, "_ID_": null, "sidewalk": null, "motor_vehicle": null, "horse": null, "foot": null, "cycleway": null, "bicycle": null, "access": null, "surface": null, "lit": null, "oneway": null, "name": null }, "geometry": { "type": "LineString", "coordinates": [ [ 76.9949472, 8.5821678 ], [ 76.9949868, 8.5823072 ], [ 76.995087, 8.5824269 ], [ 76.9951728, 8.5825131 ], [ 76.9953968, 8.582582 ], [ 76.9957039, 8.5826908 ], [ 76.9958809, 8.5827425 ] ] } },
{ "type": "Feature", "properties": { "full_id": "w848081713", "osm_id": "848081713", "osm_type": "way", "highway": "residential", "noexit": null, "cutting": null, "noname": null, "tunnel": null, "ford": null, "wheelchair": null, "id": null, "vehicle": null, "bicycle_road": null, "width": null, "name:en": null, "junction": null, "layer": null, "bridge": null, "maxspeed": null, "lanes": null, "_Shape_Le_1_": null, "_SHAPE_Leng_": null, "_OBJECTID_1_": null, "_OBJECTID_": null, "_ID_": null, "sidewalk": null, "motor_vehicle": null, "horse": null, "foot": null, "cycleway": null, "bicycle": null, "access": null, "surface": null, "lit": null, "oneway": null, "name": null }, "geometry": { "type": "LineString", "coordinates": [ [ 77.0183918, 8.612678 ], [ 77.0184647, 8.6125449 ] ] } },
{ "type": "Feature", "properties": { "full_id": "w1219504602", "osm_id": "1219504602", "osm_type": "way", "highway": "residential", "noexit": null, "cutting": null, "noname": null, "tunnel": null, "ford": null, "wheelchair": null, "id": null, "vehicle": null, "bicycle_road": null, "width": null, "name:en": null, "junction": null, "layer": null, "bridge": null, "maxspeed": null, "lanes": null, "_Shape_Le_1_": null, "_SHAPE_Leng_": null, "_OBJECTID_1_": null, "_OBJECTID_": null, "_ID_": null, "sidewalk": null, "motor_vehicle": null, "horse": null, "foot": null, "cycleway": null, "bicycle": null, "access": null, "surface": null, "lit": null, "oneway": null, "name": null }, "geometry": { "type": "LineString", "coordinates": [ [ 77.0041337, 8.597687 ], [ 77.0040263, 8.5973422 ], [ 77.0036937, 8.5966208 ] ] } },
{ "type": "Feature", "properties": { "full_id": "w848081714", "osm_id": "848081714", "osm_type": "way", "highway": "residential", "noexit": null, "cutting": null, "noname": null, "tunnel": null, "ford": null, "wheelchair": null, "id": null, "vehicle": null, "bicycle_road": null, "width": null, "name:en": null, "junction": null, "layer": null, "bridge": null, "maxspeed": null, "lanes": null, "_Shape_Le_1_": null, "_SHAPE_Leng_": null, "_OBJECTID_1_": null, "_OBJECTID_": null, "_ID_": null, "sidewalk": null, "motor_vehicle": null, "horse": null, "foot": null, "cycleway": null, "bicycle": null, "access": null, "surface": null, "lit": null, "oneway": null, "name": null }, "geometry": { "type": "LineString", "coordinates": [ [ 77.0184647, 8.6125449 ], [ 77.0185478, 8.612415 ] ] } },
{ "type": "Feature", "properties": { "full_id": "w1219504603", "osm_id": "1219504603", "osm_type": "way", "highway": "residential", "noexit": null, "cutting": null, "noname": null, "tunnel": null, "ford": null, "wheelchair": null, "id": null, "vehicle": null, "bicycle_road": null, "width": null, "name:en": null, "junction": null, "layer": null, "bridge": null, "maxspeed": null, "lanes": null, "_Shape_Le_1_": null, "_SHAPE_Leng_": null, "_OBJECTID_1_": null, "_OBJECTID_": null, "_ID_": null, "sidewalk": null, "motor_vehicle": null, "horse": null, "foot": null, "cycleway": null, "bicycle": null, "access": null, "surface": "unpaved", "lit": null, "oneway": null, "name": null }, "geometry": { "type": "LineString", "coordinates": [ [ 77.0012706, 8.5977471 ], [ 77.0013268, 8.5978988 ], [ 77.0013854, 8.5980667 ], [ 77.001452, 8.5981855 ], [ 77.001521, 8.5983207 ], [ 77.0015842, 8.5983991 ] ] } },
{ "type": "Feature", "properties": { "full_id": "w618490368", "osm_id": "618490368", "osm_type": "way", "highway": "residential", "noexit": null, "cutting": null, "noname": null, "tunnel": null, "ford": null, "wheelchair": null, "id": null, "vehicle": null, "bicycle_road": null, "width": null, "name:en": null, "junction": null, "layer": null, "bridge": null, "maxspeed": null, "lanes": null, "_Shape_Le_1_": null, "_SHAPE_Leng_": null, "_OBJECTID_1_": null, "_OBJECTID_": null, "_ID_": null, "sidewalk": null, "motor_vehicle": null, "horse": null, "foot": null, "cycleway": null, "bicycle": null, "access": null, "surface": null, "lit": null, "oneway": null, "name": null }, "geometry": { "type": "LineString", "coordinates": [ [ 77.0351523, 8.627088 ], [ 77.0350754, 8.6271121 ], [ 77.0350003, 8.627128 ], [ 77.0349252, 8.6271837 ], [ 77.0348836, 8.6272526 ], [ 77.0348742, 8.6273163 ], [ 77.0348018, 8.6274011 ], [ 77.0347053, 8.6275655 ], [ 77.0346141, 8.6276583 ], [ 77.0345738, 8.6277379 ], [ 77.0345443, 8.6278095 ], [ 77.0344907, 8.6278811 ], [ 77.0343649, 8.6280043 ] ] } },
{ "type": "Feature", "properties": { "full_id": "w848081715", "osm_id": "848081715", "osm_type": "way", "highway": "residential", "noexit": null, "cutting": null, "noname": null, "tunnel": null, "ford": null, "wheelchair": null, "id": null, "vehicle": null, "bicycle_road": null, "width": null, "name:en": null, "junction": null, "layer": null, "bridge": null, "maxspeed": null, "lanes": null, "_Shape_Le_1_": null, "_SHAPE_Leng_": null, "_OBJECTID_1_": null, "_OBJECTID_": null, "_ID_": null, "sidewalk": null, "motor_vehicle": null, "horse": null, "foot": null, "cycleway": null, "bicycle": null, "access": null, "surface": null, "lit": null, "oneway": null, "name": null }, "geometry": { "type": "LineString", "coordinates": [ [ 77.0185478, 8.612415 ], [ 77.018749, 8.6122532 ], [ 77.0188509, 8.6121339 ], [ 77.0189019, 8.6120357 ], [ 77.0189368, 8.6119058 ], [ 77.018977, 8.6117944 ], [ 77.019036, 8.6117254 ], [ 77.0191165, 8.6116698 ], [ 77.0193123, 8.6115584 ], [ 77.0194357, 8.6114311 ], [ 77.0196878, 8.6111632 ], [ 77.0197092, 8.6111367 ] ] } },
{ "type": "Feature", "properties": { "full_id": "w1219506607", "osm_id": "1219506607", "osm_type": "way", "highway": "residential", "noexit": null, "cutting": null, "noname": null, "tunnel": null, "ford": null, "wheelchair": null, "id": null, "vehicle": null, "bicycle_road": null, "width": null, "name:en": null, "junction": null, "layer": null, "bridge": null, "maxspeed": null, "lanes": null, "_Shape_Le_1_": null, "_SHAPE_Leng_": null, "_OBJECTID_1_": null, "_OBJECTID_": null, "_ID_": null, "sidewalk": null, "motor_vehicle": null, "horse": null, "foot": null, "cycleway": null, "bicycle": null, "access": null, "surface": null, "lit": null, "oneway": null, "name": null }, "geometry": { "type": "LineString", "coordinates": [ [ 77.0069023, 8.6001326 ], [ 77.006897, 8.6004244 ], [ 77.0070579, 8.6007533 ], [ 77.0071223, 8.6013262 ], [ 77.007176, 8.6015172 ], [ 77.007302, 8.6016816 ] ] } },
{ "type": "Feature", "properties": { "full_id": "w618501266", "osm_id": "618501266", "osm_type": "way", "highway": "residential", "noexit": null, "cutting": null, "noname": null, "tunnel": null, "ford": null, "wheelchair": null, "id": null, "vehicle": null, "bicycle_road": null, "width": null, "name:en": null, "junction": null, "layer": null, "bridge": null, "maxspeed": null, "lanes": null, "_Shape_Le_1_": null, "_SHAPE_Leng_": null, "_OBJECTID_1_": null, "_OBJECTID_": null, "_ID_": null, "sidewalk": null, "motor_vehicle": null, "horse": null, "foot": null, "cycleway": null, "bicycle": null, "access": null, "surface": null, "lit": null, "oneway": null, "name": null }, "geometry": { "type": "LineString", "coordinates": [ [ 77.0338553, 8.6256295 ], [ 77.0334047, 8.6257542 ], [ 77.0333414, 8.6257295 ], [ 77.0332277, 8.6256852 ], [ 77.0330771, 8.6254703 ] ] } },
{ "type": "Feature", "properties": { "full_id": "w848083102", "osm_id": "848083102", "osm_type": "way", "highway": "residential", "noexit": null, "cutting": null, "noname": null, "tunnel": null, "ford": null, "wheelchair": null, "id": null, "vehicle": null, "bicycle_road": null, "width": null, "name:en": null, "junction": null, "layer": null, "bridge": null, "maxspeed": null, "lanes": null, "_Shape_Le_1_": null, "_SHAPE_Leng_": null, "_OBJECTID_1_": null, "_OBJECTID_": null, "_ID_": null, "sidewalk": null, "motor_vehicle": null, "horse": null, "foot": null, "cycleway": null, "bicycle": null, "access": null, "surface": null, "lit": null, "oneway": null, "name": null }, "geometry": { "type": "LineString", "coordinates": [ [ 77.0202937, 8.593206 ], [ 77.0199708, 8.5930441 ], [ 77.0196998, 8.5929987 ], [ 77.0195123, 8.5928916 ], [ 77.0193288, 8.5927679 ], [ 77.0190246, 8.5931636 ], [ 77.0186328, 8.5935387 ], [ 77.0183035, 8.5939343 ], [ 77.0177408, 8.5947215 ], [ 77.0169363, 8.5957395 ], [ 77.0165195, 8.5961351 ], [ 77.0161397, 8.5964286 ] ] } },
{ "type": "Feature", "properties": { "full_id": "w1219506608", "osm_id": "1219506608", "osm_type": "way", "highway": "residential", "noexit": null, "cutting": null, "noname": null, "tunnel": null, "ford": null, "wheelchair": null, "id": null, "vehicle": null, "bicycle_road": null, "width": null, "name:en": null, "junction": null, "layer": null, "bridge": null, "maxspeed": null, "lanes": null, "_Shape_Le_1_": null, "_SHAPE_Leng_": null, "_OBJECTID_1_": null, "_OBJECTID_": null, "_ID_": null, "sidewalk": null, "motor_vehicle": null, "horse": null, "foot": null, "cycleway": null, "bicycle": null, "access": null, "surface": null, "lit": null, "oneway": null, "name": null }, "geometry": { "type": "LineString", "coordinates": [ [ 77.0108241, 8.5994313 ], [ 77.0116926, 8.5997021 ], [ 77.0117999, 8.5997445 ] ] } },
{ "type": "Feature", "properties": { "full_id": "w618501269", "osm_id": "618501269", "osm_type": "way", "highway": "residential", "noexit": null, "cutting": null, "noname": null, "tunnel": null, "ford": null, "wheelchair": null, "id": null, "vehicle": null, "bicycle_road": null, "width": null, "name:en": null, "junction": null, "layer": null, "bridge": null, "maxspeed": null, "lanes": null, "_Shape_Le_1_": null, "_SHAPE_Leng_": null, "_OBJECTID_1_": null, "_OBJECTID_": null, "_ID_": null, "sidewalk": null, "motor_vehicle": null, "horse": null, "foot": null, "cycleway": null, "bicycle": null, "access": null, "surface": null, "lit": null, "oneway": null, "name": null }, "geometry": { "type": "LineString", "coordinates": [ [ 77.0348772, 8.6257117 ], [ 77.0346546, 8.6258788 ], [ 77.0345425, 8.6258961 ], [ 77.0344427, 8.6258099 ], [ 77.0341217, 8.6256003 ], [ 77.0340015, 8.6256054 ], [ 77.0338553, 8.6256295 ] ] } },
{ "type": "Feature", "properties": { "full_id": "w1219510080", "osm_id": "1219510080", "osm_type": "way", "highway": "residential", "noexit": null, "cutting": null, "noname": null, "tunnel": null, "ford": null, "wheelchair": null, "id": null, "vehicle": null, "bicycle_road": null, "width": null, "name:en": null, "junction": null, "layer": null, "bridge": null, "maxspeed": null, "lanes": null, "_Shape_Le_1_": null, "_SHAPE_Leng_": null, "_OBJECTID_1_": null, "_OBJECTID_": null, "_ID_": null, "sidewalk": null, "motor_vehicle": null, "horse": null, "foot": null, "cycleway": null, "bicycle": null, "access": null, "surface": null, "lit": null, "oneway": null, "name": null }, "geometry": { "type": "LineString", "coordinates": [ [ 77.0128999, 8.6020094 ], [ 77.0113224, 8.6013411 ] ] } },
{ "type": "Feature", "properties": { "full_id": "w619162423", "osm_id": "619162423", "osm_type": "way", "highway": "residential", "noexit": null, "cutting": null, "noname": null, "tunnel": null, "ford": null, "wheelchair": null, "id": null, "vehicle": null, "bicycle_road": null, "width": null, "name:en": null, "junction": null, "layer": null, "bridge": null, "maxspeed": null, "lanes": null, "_Shape_Le_1_": null, "_SHAPE_Leng_": null, "_OBJECTID_1_": null, "_OBJECTID_": null, "_ID_": null, "sidewalk": null, "motor_vehicle": null, "horse": null, "foot": null, "cycleway": null, "bicycle": null, "access": null, "surface": null, "lit": null, "oneway": null, "name": null }, "geometry": { "type": "LineString", "coordinates": [ [ 77.0340252, 8.6260776 ], [ 77.0339706, 8.6261838 ], [ 77.0339343, 8.6262146 ], [ 77.0336873, 8.62637 ], [ 77.0335552, 8.6265106 ], [ 77.0335077, 8.6266038 ], [ 77.0335898, 8.6266691 ], [ 77.0338285, 8.6266107 ], [ 77.0340136, 8.6264543 ], [ 77.0340636, 8.6263811 ], [ 77.0339814, 8.6262587 ], [ 77.0339539, 8.626233 ], [ 77.0339343, 8.6262146 ] ] } },
{ "type": "Feature", "properties": { "full_id": "w1219510081", "osm_id": "1219510081", "osm_type": "way", "highway": "residential", "noexit": null, "cutting": null, "noname": null, "tunnel": null, "ford": null, "wheelchair": null, "id": null, "vehicle": null, "bicycle_road": null, "width": null, "name:en": null, "junction": null, "layer": null, "bridge": null, "maxspeed": null, "lanes": null, "_Shape_Le_1_": null, "_SHAPE_Leng_": null, "_OBJECTID_1_": null, "_OBJECTID_": null, "_ID_": null, "sidewalk": null, "motor_vehicle": null, "horse": null, "foot": null, "cycleway": null, "bicycle": null, "access": null, "surface": null, "lit": null, "oneway": null, "name": null }, "geometry": { "type": "LineString", "coordinates": [ [ 77.0113224, 8.6013411 ], [ 77.0113561, 8.6012945 ], [ 77.0113861, 8.6012587 ], [ 77.0114205, 8.6012218 ], [ 77.0114454, 8.6011901 ], [ 77.0114775, 8.6011463 ], [ 77.011512, 8.6010966 ], [ 77.0115235, 8.6010639 ], [ 77.0115235, 8.6010288 ], [ 77.0115232, 8.6009792 ], [ 77.0114958, 8.6008088 ] ] } },
{ "type": "Feature", "properties": { "full_id": "w1219510488", "osm_id": "1219510488", "osm_type": "way", "highway": "residential", "noexit": null, "cutting": null, "noname": null, "tunnel": null, "ford": null, "wheelchair": null, "id": null, "vehicle": null, "bicycle_road": null, "width": null, "name:en": null, "junction": null, "layer": null, "bridge": null, "maxspeed": null, "lanes": null, "_Shape_Le_1_": null, "_SHAPE_Leng_": null, "_OBJECTID_1_": null, "_OBJECTID_": null, "_ID_": null, "sidewalk": null, "motor_vehicle": null, "horse": null, "foot": null, "cycleway": null, "bicycle": null, "access": null, "surface": "unpaved", "lit": null, "oneway": null, "name": null }, "geometry": { "type": "LineString", "coordinates": [ [ 77.0194366, 8.6045571 ], [ 77.0195135, 8.6052134 ], [ 77.0196959, 8.6056377 ], [ 77.0197603, 8.6058446 ], [ 77.0198247, 8.6061946 ], [ 77.01983, 8.6063166 ], [ 77.019771, 8.6064651 ], [ 77.0196101, 8.6067409 ], [ 77.0195082, 8.607022 ], [ 77.0194921, 8.607128 ], [ 77.0194813, 8.6075895 ], [ 77.0194384, 8.6077645 ], [ 77.0193955, 8.607844 ], [ 77.0193043, 8.6079289 ], [ 77.0191663, 8.6080291 ], [ 77.0189366, 8.6079734 ], [ 77.018535, 8.6079395 ], [ 77.0182395, 8.6080314 ], [ 77.0180972, 8.6081304 ], [ 77.0177485, 8.6082471 ], [ 77.0175071, 8.6082736 ], [ 77.0173354, 8.6082312 ], [ 77.0170994, 8.60821 ], [ 77.0165468, 8.6082047 ], [ 77.0162303, 8.6080456 ], [ 77.0160814, 8.6079713 ] ] } },
{ "type": "Feature", "properties": { "full_id": "w1219515929", "osm_id": "1219515929", "osm_type": "way", "highway": "residential", "noexit": null, "cutting": null, "noname": null, "tunnel": null, "ford": null, "wheelchair": null, "id": null, "vehicle": null, "bicycle_road": null, "width": null, "name:en": null, "junction": null, "layer": null, "bridge": null, "maxspeed": null, "lanes": null, "_Shape_Le_1_": null, "_SHAPE_Leng_": null, "_OBJECTID_1_": null, "_OBJECTID_": null, "_ID_": null, "sidewalk": null, "motor_vehicle": null, "horse": null, "foot": null, "cycleway": null, "bicycle": null, "access": null, "surface": null, "lit": null, "oneway": null, "name": null }, "geometry": { "type": "LineString", "coordinates": [ [ 77.0155986, 8.5951563 ], [ 77.0154407, 8.5951581 ], [ 77.0151449, 8.5951712 ], [ 77.0151099, 8.5951744 ], [ 77.0150616, 8.5951929 ], [ 77.0150477, 8.5952268 ], [ 77.0150204, 8.5952633 ], [ 77.0150076, 8.5953131 ], [ 77.0149319, 8.5953198 ], [ 77.0148563, 8.5953146 ], [ 77.0147791, 8.5953164 ], [ 77.0147339, 8.595312 ], [ 77.0147032, 8.5952852 ], [ 77.0146786, 8.5952535 ], [ 77.0146637, 8.5952036 ], [ 77.0146002, 8.5951193 ], [ 77.0141389, 8.5947958 ], [ 77.0137552, 8.5946445 ] ] } },
{ "type": "Feature", "properties": { "full_id": "w1219515930", "osm_id": "1219515930", "osm_type": "way", "highway": "residential", "noexit": null, "cutting": null, "noname": null, "tunnel": null, "ford": null, "wheelchair": null, "id": null, "vehicle": null, "bicycle_road": null, "width": null, "name:en": null, "junction": null, "layer": null, "bridge": null, "maxspeed": null, "lanes": null, "_Shape_Le_1_": null, "_SHAPE_Leng_": null, "_OBJECTID_1_": null, "_OBJECTID_": null, "_ID_": null, "sidewalk": null, "motor_vehicle": null, "horse": null, "foot": null, "cycleway": null, "bicycle": null, "access": null, "surface": null, "lit": null, "oneway": null, "name": null }, "geometry": { "type": "LineString", "coordinates": [ [ 77.0114423, 8.5942039 ], [ 77.0115237, 8.5942804 ], [ 77.0116817, 8.5943987 ], [ 77.0118856, 8.5945525 ], [ 77.012127, 8.5947965 ], [ 77.012398, 8.594747 ], [ 77.0126255, 8.5947084 ], [ 77.0129965, 8.5946573 ], [ 77.0132956, 8.5946048 ], [ 77.0137552, 8.5946445 ] ] } },
{ "type": "Feature", "properties": { "full_id": "w666063983", "osm_id": "666063983", "osm_type": "way", "highway": "residential", "noexit": null, "cutting": null, "noname": null, "tunnel": null, "ford": null, "wheelchair": null, "id": null, "vehicle": null, "bicycle_road": null, "width": null, "name:en": "Thekkada - Shahul Hameed Road - Chiramukku", "junction": null, "layer": null, "bridge": null, "maxspeed": null, "lanes": null, "_Shape_Le_1_": null, "_SHAPE_Leng_": null, "_OBJECTID_1_": null, "_OBJECTID_": null, "_ID_": null, "sidewalk": null, "motor_vehicle": null, "horse": null, "foot": null, "cycleway": null, "bicycle": null, "access": null, "surface": null, "lit": null, "oneway": null, "name": "Thekkada - Shahul Hameed Road - Chiramukku" }, "geometry": { "type": "LineString", "coordinates": [ [ 76.9636199, 8.6264599 ], [ 76.9636327, 8.6260182 ], [ 76.9636327, 8.6258676 ], [ 76.9636327, 8.6258537 ], [ 76.9635764, 8.6258007 ], [ 76.9633725, 8.6257344 ], [ 76.9632208, 8.6257019 ], [ 76.9630265, 8.6256602 ], [ 76.9629682, 8.6256317 ], [ 76.96283, 8.625564 ], [ 76.9626691, 8.6254433 ], [ 76.9625494, 8.6254943 ], [ 76.9621919, 8.6256613 ], [ 76.9616592, 8.6259276 ], [ 76.9612482, 8.6262701 ], [ 76.961086, 8.626575 ], [ 76.9609192, 8.6269349 ], [ 76.9608145, 8.627137 ], [ 76.9607453, 8.6272134 ], [ 76.9602397, 8.6276199 ], [ 76.959832, 8.6281025 ], [ 76.9595343, 8.6283757 ], [ 76.9594028, 8.6287826 ], [ 76.9593279, 8.6292879 ], [ 76.9593187, 8.6295162 ] ] } },
{ "type": "Feature", "properties": { "full_id": "w666064232", "osm_id": "666064232", "osm_type": "way", "highway": "residential", "noexit": null, "cutting": null, "noname": null, "tunnel": null, "ford": null, "wheelchair": null, "id": null, "vehicle": null, "bicycle_road": null, "width": null, "name:en": "Chiramukku - Zion Kunnu - Kanyakulangara Rd", "junction": null, "layer": null, "bridge": null, "maxspeed": null, "lanes": null, "_Shape_Le_1_": null, "_SHAPE_Leng_": null, "_OBJECTID_1_": null, "_OBJECTID_": null, "_ID_": null, "sidewalk": null, "motor_vehicle": null, "horse": null, "foot": null, "cycleway": null, "bicycle": null, "access": null, "surface": null, "lit": null, "oneway": null, "name": "Chiramukku - Zion Kunnu - Kanyakulangara Road" }, "geometry": { "type": "LineString", "coordinates": [ [ 76.9371404, 8.6257383 ], [ 76.937457, 8.6258484 ], [ 76.9379881, 8.6259253 ], [ 76.9383493, 8.6260146 ], [ 76.9384709, 8.6260447 ], [ 76.9387874, 8.6260553 ], [ 76.9392729, 8.6260394 ], [ 76.9399756, 8.62592 ], [ 76.9403779, 8.6260022 ], [ 76.94084, 8.625933 ], [ 76.9413328, 8.6257901 ], [ 76.9416909, 8.6254073 ], [ 76.9419538, 8.6251449 ], [ 76.9420701, 8.6250904 ], [ 76.9422179, 8.6251351 ], [ 76.9427069, 8.6254206 ], [ 76.9429019, 8.6253234 ], [ 76.9430963, 8.6251417 ], [ 76.9433459, 8.6250543 ], [ 76.9437697, 8.6247779 ], [ 76.944036, 8.6246154 ], [ 76.9444039, 8.6246127 ], [ 76.9446909, 8.6246127 ], [ 76.9448733, 8.6244191 ], [ 76.945104, 8.6241141 ], [ 76.9452301, 8.6239497 ], [ 76.9454446, 8.6238118 ], [ 76.9455814, 8.6237826 ], [ 76.9456995, 8.6238118 ], [ 76.9461125, 8.6239258 ], [ 76.9464263, 8.6238489 ], [ 76.9467267, 8.6237985 ], [ 76.946826, 8.6238038 ], [ 76.9471773, 8.6237985 ], [ 76.947754, 8.623902 ], [ 76.9483629, 8.6235784 ], [ 76.9487143, 8.6234061 ], [ 76.9489181, 8.6231064 ], [ 76.9495699, 8.6225893 ], [ 76.9497898, 8.6226768 ], [ 76.9500419, 8.6228492 ], [ 76.9502646, 8.6230056 ], [ 76.9502887, 8.6231329 ], [ 76.9501197, 8.6240319 ], [ 76.9503611, 8.6251961 ], [ 76.950919, 8.624976 ], [ 76.9513767, 8.6249147 ], [ 76.9516915, 8.6248725 ], [ 76.9522709, 8.6248434 ], [ 76.9524717, 8.6248995 ], [ 76.9527456, 8.624976 ], [ 76.9530487, 8.6251802 ], [ 76.9533008, 8.6253048 ], [ 76.9539848, 8.6250423 ], [ 76.9545279, 8.6246616 ], [ 76.9551811, 8.6237965 ], [ 76.955976, 8.6233639 ], [ 76.9567322, 8.6226496 ], [ 76.9569681, 8.6223831 ], [ 76.9571406, 8.6220967 ], [ 76.9576767, 8.6217356 ], [ 76.9577486, 8.6217523 ], [ 76.9580896, 8.6211036 ], [ 76.9588906, 8.6203786 ], [ 76.9589584, 8.6202629 ], [ 76.9589523, 8.6199704 ], [ 76.9588456, 8.6196654 ], [ 76.9586884, 8.6194139 ] ] } },
{ "type": "Feature", "properties": { "full_id": "w365910893", "osm_id": "365910893", "osm_type": "way", "highway": "residential", "noexit": null, "cutting": null, "noname": null, "tunnel": null, "ford": null, "wheelchair": null, "id": null, "vehicle": null, "bicycle_road": null, "width": null, "name:en": null, "junction": null, "layer": null, "bridge": null, "maxspeed": null, "lanes": null, "_Shape_Le_1_": null, "_SHAPE_Leng_": null, "_OBJECTID_1_": null, "_OBJECTID_": null, "_ID_": null, "sidewalk": null, "motor_vehicle": null, "horse": null, "foot": null, "cycleway": null, "bicycle": null, "access": null, "surface": null, "lit": null, "oneway": null, "name": null }, "geometry": { "type": "LineString", "coordinates": [ [ 77.0355252, 8.6278654 ], [ 77.0351851, 8.627753 ], [ 77.0351789, 8.6272808 ], [ 77.0351523, 8.627088 ], [ 77.0351327, 8.6269458 ], [ 77.0351666, 8.6265315 ], [ 77.0352313, 8.6263243 ], [ 77.0352581, 8.6261546 ], [ 77.0348772, 8.6257117 ] ] } },
{ "type": "Feature", "properties": { "full_id": "w365911681", "osm_id": "365911681", "osm_type": "way", "highway": "residential", "noexit": null, "cutting": null, "noname": null, "tunnel": null, "ford": null, "wheelchair": null, "id": null, "vehicle": null, "bicycle_road": null, "width": null, "name:en": null, "junction": null, "layer": null, "bridge": null, "maxspeed": null, "lanes": null, "_Shape_Le_1_": null, "_SHAPE_Leng_": null, "_OBJECTID_1_": null, "_OBJECTID_": null, "_ID_": null, "sidewalk": null, "motor_vehicle": null, "horse": null, "foot": null, "cycleway": null, "bicycle": null, "access": null, "surface": null, "lit": null, "oneway": null, "name": null }, "geometry": { "type": "LineString", "coordinates": [ [ 77.0340015, 8.6256054 ], [ 77.034027, 8.6260088 ], [ 77.0340252, 8.6260776 ] ] } },
{ "type": "Feature", "properties": { "full_id": "w365911682", "osm_id": "365911682", "osm_type": "way", "highway": "residential", "noexit": null, "cutting": null, "noname": null, "tunnel": null, "ford": null, "wheelchair": null, "id": null, "vehicle": null, "bicycle_road": null, "width": null, "name:en": null, "junction": null, "layer": null, "bridge": null, "maxspeed": null, "lanes": null, "_Shape_Le_1_": null, "_SHAPE_Leng_": null, "_OBJECTID_1_": null, "_OBJECTID_": null, "_ID_": null, "sidewalk": null, "motor_vehicle": null, "horse": null, "foot": null, "cycleway": null, "bicycle": null, "access": null, "surface": null, "lit": null, "oneway": null, "name": null }, "geometry": { "type": "LineString", "coordinates": [ [ 77.0326336, 8.6270419 ], [ 77.0323694, 8.6268812 ], [ 77.0323077, 8.6267911 ], [ 77.0321092, 8.6264834 ], [ 77.0320453, 8.626253 ], [ 77.032018, 8.6261546 ], [ 77.0319847, 8.6259693 ], [ 77.0319804, 8.6259451 ], [ 77.032026, 8.6256958 ], [ 77.0320877, 8.6255023 ], [ 77.0321575, 8.6252397 ], [ 77.032356, 8.6249321 ], [ 77.0324895, 8.6247434 ], [ 77.0325249, 8.6246934 ], [ 77.0328575, 8.6244362 ], [ 77.0330587, 8.6242691 ], [ 77.0332545, 8.6241524 ], [ 77.0338231, 8.6241206 ], [ 77.0339411, 8.6241206 ], [ 77.0339438, 8.6244468 ], [ 77.0338929, 8.6245502 ], [ 77.033622, 8.6246192 ], [ 77.0333725, 8.6245449 ], [ 77.0332652, 8.6246112 ], [ 77.0331177, 8.6247465 ], [ 77.0329702, 8.6248207 ], [ 77.0327985, 8.6247969 ] ] } },
{ "type": "Feature", "properties": { "full_id": "w365911683", "osm_id": "365911683", "osm_type": "way", "highway": "residential", "noexit": null, "cutting": null, "noname": null, "tunnel": null, "ford": null, "wheelchair": null, "id": null, "vehicle": null, "bicycle_road": null, "width": null, "name:en": null, "junction": null, "layer": null, "bridge": null, "maxspeed": null, "lanes": null, "_Shape_Le_1_": null, "_SHAPE_Leng_": null, "_OBJECTID_1_": null, "_OBJECTID_": null, "_ID_": null, "sidewalk": null, "motor_vehicle": null, "horse": null, "foot": null, "cycleway": null, "bicycle": null, "access": null, "surface": null, "lit": null, "oneway": null, "name": null }, "geometry": { "type": "LineString", "coordinates": [ [ 77.0324895, 8.6247434 ], [ 77.0326469, 8.6248679 ], [ 77.0329004, 8.625062 ], [ 77.0329943, 8.6252079 ], [ 77.0330771, 8.6254703 ] ] } },
{ "type": "Feature", "properties": { "full_id": "w365911684", "osm_id": "365911684", "osm_type": "way", "highway": "residential", "noexit": null, "cutting": null, "noname": null, "tunnel": null, "ford": null, "wheelchair": null, "id": null, "vehicle": null, "bicycle_road": null, "width": null, "name:en": null, "junction": null, "layer": null, "bridge": null, "maxspeed": null, "lanes": null, "_Shape_Le_1_": null, "_SHAPE_Leng_": null, "_OBJECTID_1_": null, "_OBJECTID_": null, "_ID_": null, "sidewalk": null, "motor_vehicle": null, "horse": null, "foot": null, "cycleway": null, "bicycle": null, "access": null, "surface": null, "lit": null, "oneway": "yes", "name": null }, "geometry": { "type": "LineString", "coordinates": [ [ 77.0313303, 8.6280627 ], [ 77.0314443, 8.6280482 ], [ 77.0316318, 8.6279194 ], [ 77.0322272, 8.6275336 ], [ 77.0326194, 8.6272862 ] ] } },
{ "type": "Feature", "properties": { "full_id": "w801705276", "osm_id": "801705276", "osm_type": "way", "highway": "residential", "noexit": null, "cutting": null, "noname": null, "tunnel": null, "ford": null, "wheelchair": null, "id": null, "vehicle": null, "bicycle_road": null, "width": null, "name:en": null, "junction": null, "layer": null, "bridge": null, "maxspeed": null, "lanes": null, "_Shape_Le_1_": null, "_SHAPE_Leng_": null, "_OBJECTID_1_": null, "_OBJECTID_": null, "_ID_": null, "sidewalk": null, "motor_vehicle": null, "horse": null, "foot": null, "cycleway": null, "bicycle": null, "access": "no", "surface": "asphalt", "lit": null, "oneway": null, "name": null }, "geometry": { "type": "LineString", "coordinates": [ [ 76.9802618, 8.5904941 ], [ 76.9803487, 8.5905391 ], [ 76.980472, 8.5906061 ], [ 76.9805459, 8.5906975 ], [ 76.9806815, 8.5907828 ], [ 76.9808109, 8.5909107 ], [ 76.9809156, 8.5909656 ], [ 76.9810389, 8.5910082 ], [ 76.9810327, 8.5911483 ], [ 76.9810759, 8.5912641 ], [ 76.9811252, 8.5913738 ], [ 76.9811744, 8.5915139 ], [ 76.9812114, 8.5916175 ], [ 76.9813742, 8.5915755 ], [ 76.9814875, 8.5916175 ], [ 76.9816432, 8.5917295 ], [ 76.981806, 8.5920234 ], [ 76.9819617, 8.5926323 ], [ 76.9820042, 8.5927443 ], [ 76.9822307, 8.5927933 ], [ 76.9825067, 8.5928213 ], [ 76.9828819, 8.5928633 ], [ 76.9833332, 8.592989 ], [ 76.9832824, 8.5930747 ], [ 76.9833067, 8.5931651 ], [ 76.9836818, 8.5933042 ], [ 76.9838658, 8.5934442 ], [ 76.9837667, 8.5935772 ], [ 76.9833208, 8.5939971 ], [ 76.9834766, 8.5941386 ], [ 76.9837266, 8.5943868 ], [ 76.9838562, 8.5945126 ], [ 76.9838811, 8.594548 ], [ 76.9838345, 8.5946622 ], [ 76.9836954, 8.594718 ], [ 76.9835574, 8.5947869 ], [ 76.9834954, 8.5948412 ], [ 76.9833607, 8.594845 ], [ 76.9832227, 8.5947471 ] ] } },
{ "type": "Feature", "properties": { "full_id": "w365911686", "osm_id": "365911686", "osm_type": "way", "highway": "residential", "noexit": null, "cutting": null, "noname": null, "tunnel": null, "ford": null, "wheelchair": null, "id": null, "vehicle": null, "bicycle_road": null, "width": null, "name:en": null, "junction": "roundabout", "layer": null, "bridge": null, "maxspeed": null, "lanes": null, "_Shape_Le_1_": null, "_SHAPE_Leng_": null, "_OBJECTID_1_": null, "_OBJECTID_": null, "_ID_": null, "sidewalk": null, "motor_vehicle": null, "horse": null, "foot": null, "cycleway": null, "bicycle": null, "access": null, "surface": null, "lit": null, "oneway": "yes", "name": null }, "geometry": { "type": "LineString", "coordinates": [ [ 77.032868, 8.62712 ], [ 77.0328428, 8.6270742 ], [ 77.0328037, 8.6270393 ], [ 77.0327481, 8.627018 ], [ 77.0326885, 8.6270189 ], [ 77.0326336, 8.6270419 ], [ 77.0325841, 8.6270956 ], [ 77.0325651, 8.6271658 ], [ 77.0325808, 8.6272368 ], [ 77.0325976, 8.6272635 ], [ 77.0326194, 8.6272862 ], [ 77.0326682, 8.6273142 ], [ 77.0327238, 8.6273232 ], [ 77.032779, 8.627312 ], [ 77.0328266, 8.627282 ], [ 77.0328615, 8.6272348 ], [ 77.032876, 8.627178 ], [ 77.032868, 8.62712 ] ] } },
{ "type": "Feature", "properties": { "full_id": "w365911687", "osm_id": "365911687", "osm_type": "way", "highway": "residential", "noexit": null, "cutting": null, "noname": null, "tunnel": null, "ford": null, "wheelchair": null, "id": null, "vehicle": null, "bicycle_road": null, "width": null, "name:en": null, "junction": null, "layer": null, "bridge": null, "maxspeed": null, "lanes": null, "_Shape_Le_1_": null, "_SHAPE_Leng_": null, "_OBJECTID_1_": null, "_OBJECTID_": null, "_ID_": null, "sidewalk": null, "motor_vehicle": null, "horse": null, "foot": null, "cycleway": null, "bicycle": null, "access": null, "surface": null, "lit": null, "oneway": null, "name": null }, "geometry": { "type": "LineString", "coordinates": [ [ 77.0328266, 8.627282 ], [ 77.0331123, 8.6274103 ], [ 77.0331995, 8.627719 ], [ 77.03336, 8.6278514 ], [ 77.0335537, 8.6278925 ], [ 77.0335442, 8.6280202 ], [ 77.0335442, 8.628174 ], [ 77.0335388, 8.6285187 ], [ 77.0335147, 8.6287495 ], [ 77.0335254, 8.6289802 ], [ 77.0335522, 8.6290465 ], [ 77.0337239, 8.6290571 ], [ 77.0338741, 8.6290491 ], [ 77.0339304, 8.6291844 ], [ 77.0339304, 8.6292772 ], [ 77.0338875, 8.6293514 ], [ 77.0337722, 8.6293992 ], [ 77.0336166, 8.6293806 ], [ 77.0335227, 8.6294177 ], [ 77.0335066, 8.6294734 ], [ 77.0335978, 8.6294814 ], [ 77.0336988, 8.629428 ], [ 77.0337949, 8.6295088 ], [ 77.0338923, 8.6296207 ] ] } },
{ "type": "Feature", "properties": { "full_id": "w801706001", "osm_id": "801706001", "osm_type": "way", "highway": "residential", "noexit": null, "cutting": null, "noname": null, "tunnel": null, "ford": null, "wheelchair": null, "id": null, "vehicle": null, "bicycle_road": null, "width": null, "name:en": null, "junction": null, "layer": null, "bridge": null, "maxspeed": null, "lanes": null, "_Shape_Le_1_": null, "_SHAPE_Leng_": null, "_OBJECTID_1_": null, "_OBJECTID_": null, "_ID_": null, "sidewalk": null, "motor_vehicle": null, "horse": null, "foot": null, "cycleway": null, "bicycle": null, "access": "no", "surface": "asphalt", "lit": null, "oneway": null, "name": null }, "geometry": { "type": "LineString", "coordinates": [ [ 76.9897601, 8.5949402 ], [ 76.989672, 8.5948894 ], [ 76.9895426, 8.594865 ], [ 76.9894378, 8.5948468 ], [ 76.9893392, 8.5948468 ], [ 76.9892283, 8.5948224 ], [ 76.9890619, 8.5947919 ], [ 76.9889633, 8.5947736 ], [ 76.9888278, 8.5947554 ], [ 76.9887723, 8.5947736 ], [ 76.9886799, 8.5947858 ], [ 76.9886306, 8.5948041 ] ] } },
{ "type": "Feature", "properties": { "full_id": "w365911688", "osm_id": "365911688", "osm_type": "way", "highway": "residential", "noexit": null, "cutting": null, "noname": null, "tunnel": null, "ford": null, "wheelchair": null, "id": null, "vehicle": null, "bicycle_road": null, "width": null, "name:en": null, "junction": null, "layer": null, "bridge": null, "maxspeed": null, "lanes": null, "_Shape_Le_1_": null, "_SHAPE_Leng_": null, "_OBJECTID_1_": null, "_OBJECTID_": null, "_ID_": null, "sidewalk": null, "motor_vehicle": null, "horse": null, "foot": null, "cycleway": null, "bicycle": null, "access": null, "surface": null, "lit": null, "oneway": null, "name": null }, "geometry": { "type": "LineString", "coordinates": [ [ 77.0335442, 8.6280202 ], [ 77.0336515, 8.6280653 ], [ 77.0336541, 8.6282483 ], [ 77.0337373, 8.6284922 ], [ 77.0338473, 8.6289563 ], [ 77.0338741, 8.6290491 ] ] } },
{ "type": "Feature", "properties": { "full_id": "w801707700", "osm_id": "801707700", "osm_type": "way", "highway": "residential", "noexit": null, "cutting": null, "noname": null, "tunnel": null, "ford": null, "wheelchair": null, "id": null, "vehicle": null, "bicycle_road": null, "width": null, "name:en": null, "junction": null, "layer": null, "bridge": null, "maxspeed": null, "lanes": null, "_Shape_Le_1_": null, "_SHAPE_Leng_": null, "_OBJECTID_1_": null, "_OBJECTID_": null, "_ID_": null, "sidewalk": null, "motor_vehicle": null, "horse": null, "foot": null, "cycleway": null, "bicycle": null, "access": "no", "surface": "asphalt", "lit": null, "oneway": null, "name": null }, "geometry": { "type": "LineString", "coordinates": [ [ 77.015351, 8.6001847 ], [ 77.0163743, 8.5999162 ], [ 77.016553, 8.5999101 ], [ 77.0166824, 8.6000381 ], [ 77.016664, 8.6002391 ], [ 77.016664, 8.6004341 ], [ 77.0165962, 8.6005803 ], [ 77.016436, 8.6007083 ], [ 77.0163189, 8.6007936 ], [ 77.0162351, 8.6008666 ] ] } },
{ "type": "Feature", "properties": { "full_id": "w365911690", "osm_id": "365911690", "osm_type": "way", "highway": "residential", "noexit": null, "cutting": null, "noname": null, "tunnel": null, "ford": null, "wheelchair": null, "id": null, "vehicle": null, "bicycle_road": null, "width": null, "name:en": null, "junction": null, "layer": null, "bridge": null, "maxspeed": null, "lanes": null, "_Shape_Le_1_": null, "_SHAPE_Leng_": null, "_OBJECTID_1_": null, "_OBJECTID_": null, "_ID_": null, "sidewalk": null, "motor_vehicle": null, "horse": null, "foot": null, "cycleway": null, "bicycle": null, "access": null, "surface": null, "lit": null, "oneway": null, "name": null }, "geometry": { "type": "LineString", "coordinates": [ [ 77.0338741, 8.6290491 ], [ 77.0343193, 8.6288927 ], [ 77.0345715, 8.6287309 ], [ 77.0346333, 8.6286621 ], [ 77.0347254, 8.6285595 ], [ 77.0348263, 8.6284471 ], [ 77.0349684, 8.6282456 ], [ 77.0350999, 8.6280069 ], [ 77.035167, 8.627807 ], [ 77.0351851, 8.627753 ] ] } },
{ "type": "Feature", "properties": { "full_id": "w365911691", "osm_id": "365911691", "osm_type": "way", "highway": "residential", "noexit": null, "cutting": null, "noname": null, "tunnel": null, "ford": null, "wheelchair": null, "id": null, "vehicle": null, "bicycle_road": null, "width": null, "name:en": null, "junction": null, "layer": null, "bridge": null, "maxspeed": null, "lanes": null, "_Shape_Le_1_": null, "_SHAPE_Leng_": null, "_OBJECTID_1_": null, "_OBJECTID_": null, "_ID_": null, "sidewalk": null, "motor_vehicle": null, "horse": null, "foot": null, "cycleway": null, "bicycle": null, "access": null, "surface": null, "lit": null, "oneway": null, "name": null }, "geometry": { "type": "LineString", "coordinates": [ [ 77.0335537, 8.6278925 ], [ 77.0337856, 8.6279566 ], [ 77.0338864, 8.628052 ], [ 77.034065, 8.6282372 ], [ 77.0342442, 8.6281289 ], [ 77.0343649, 8.6280043 ] ] } },
{ "type": "Feature", "properties": { "full_id": "w801862054", "osm_id": "801862054", "osm_type": "way", "highway": "residential", "noexit": null, "cutting": null, "noname": null, "tunnel": null, "ford": null, "wheelchair": null, "id": null, "vehicle": null, "bicycle_road": null, "width": null, "name:en": null, "junction": null, "layer": null, "bridge": null, "maxspeed": null, "lanes": null, "_Shape_Le_1_": null, "_SHAPE_Leng_": null, "_OBJECTID_1_": null, "_OBJECTID_": null, "_ID_": null, "sidewalk": null, "motor_vehicle": null, "horse": null, "foot": null, "cycleway": null, "bicycle": null, "access": null, "surface": null, "lit": null, "oneway": null, "name": null }, "geometry": { "type": "LineString", "coordinates": [ [ 76.9727998, 8.5927045 ], [ 76.9731711, 8.5925024 ], [ 76.974275, 8.5922336 ] ] } },
{ "type": "Feature", "properties": { "full_id": "w801862297", "osm_id": "801862297", "osm_type": "way", "highway": "residential", "noexit": null, "cutting": null, "noname": null, "tunnel": null, "ford": null, "wheelchair": null, "id": null, "vehicle": null, "bicycle_road": null, "width": null, "name:en": null, "junction": null, "layer": null, "bridge": null, "maxspeed": null, "lanes": null, "_Shape_Le_1_": null, "_SHAPE_Leng_": null, "_OBJECTID_1_": null, "_OBJECTID_": null, "_ID_": null, "sidewalk": null, "motor_vehicle": null, "horse": null, "foot": null, "cycleway": null, "bicycle": null, "access": null, "surface": null, "lit": null, "oneway": null, "name": null }, "geometry": { "type": "LineString", "coordinates": [ [ 76.9773129, 8.6006837 ], [ 76.9775301, 8.6002623 ], [ 76.9778119, 8.5996294 ], [ 76.9778471, 8.5995668 ], [ 76.9778647, 8.5995146 ], [ 76.9778928, 8.5994729 ], [ 76.977913, 8.5994396 ], [ 76.9779291, 8.5994016 ], [ 76.9779433, 8.5993797 ], [ 76.9779513, 8.5993417 ], [ 76.9779655, 8.5993237 ], [ 76.9779877, 8.5992898 ], [ 76.9780059, 8.5992618 ], [ 76.978018, 8.5992379 ], [ 76.9780321, 8.5992119 ], [ 76.9780443, 8.5991779 ], [ 76.9780564, 8.599152 ], [ 76.9780725, 8.59912 ], [ 76.9780887, 8.599096 ], [ 76.9780988, 8.5990541 ], [ 76.9781251, 8.5990261 ], [ 76.9781453, 8.5989902 ], [ 76.9781756, 8.5989442 ], [ 76.9781917, 8.5988983 ], [ 76.9781958, 8.5988683 ], [ 76.9782099, 8.5988284 ], [ 76.9782119, 8.5987944 ], [ 76.9782119, 8.5987485 ], [ 76.9782119, 8.5987145 ], [ 76.9782099, 8.5986686 ], [ 76.9782099, 8.5986326 ], [ 76.9782281, 8.5985807 ], [ 76.9782261, 8.5985388 ], [ 76.9782261, 8.5984908 ], [ 76.9782261, 8.5984409 ], [ 76.9782261, 8.5984129 ] ] } },
{ "type": "Feature", "properties": { "full_id": "w390008189", "osm_id": "390008189", "osm_type": "way", "highway": "residential", "noexit": null, "cutting": null, "noname": null, "tunnel": null, "ford": null, "wheelchair": null, "id": null, "vehicle": null, "bicycle_road": null, "width": null, "name:en": null, "junction": null, "layer": null, "bridge": null, "maxspeed": null, "lanes": null, "_Shape_Le_1_": null, "_SHAPE_Leng_": null, "_OBJECTID_1_": null, "_OBJECTID_": null, "_ID_": null, "sidewalk": null, "motor_vehicle": null, "horse": null, "foot": null, "cycleway": null, "bicycle": null, "access": null, "surface": "asphalt", "lit": null, "oneway": null, "name": null }, "geometry": { "type": "LineString", "coordinates": [ [ 76.9867151, 8.6142389 ], [ 76.9867541, 8.6141501 ], [ 76.9867586, 8.6140871 ], [ 76.9867343, 8.6139116 ], [ 76.9867313, 8.6137781 ], [ 76.9867525, 8.6137451 ], [ 76.986789, 8.6137211 ], [ 76.9868299, 8.6137136 ], [ 76.9868997, 8.6136926 ], [ 76.9869392, 8.6136536 ], [ 76.9869604, 8.6135801 ], [ 76.9869377, 8.6134511 ], [ 76.9868937, 8.6133085 ], [ 76.9868572, 8.613196 ], [ 76.9868421, 8.613109 ], [ 76.9868557, 8.6130355 ], [ 76.9868815, 8.6129785 ], [ 76.9869483, 8.6129065 ], [ 76.9870515, 8.61286 ], [ 76.9873534, 8.612806 ], [ 76.9874991, 8.612764 ], [ 76.9875446, 8.612725 ], [ 76.9875446, 8.612692 ], [ 76.9873079, 8.6122764 ], [ 76.9872897, 8.6121849 ], [ 76.9872965, 8.6121539 ], [ 76.9873434, 8.6121539 ], [ 76.9874293, 8.6121539 ], [ 76.9875768, 8.612134 ], [ 76.9879201, 8.6119617 ], [ 76.988124, 8.6119099 ], [ 76.9883157, 8.611894 ], [ 76.9884539, 8.6118543 ], [ 76.9885853, 8.6117482 ], [ 76.9886483, 8.611715 ], [ 76.988769, 8.6116938 ], [ 76.9888991, 8.6117124 ], [ 76.9890882, 8.6117548 ], [ 76.9892988, 8.6117548 ], [ 76.9893537, 8.6117429 ], [ 76.9894637, 8.6117575 ], [ 76.9897199, 8.611841 ], [ 76.9898929, 8.6118834 ], [ 76.9899559, 8.6118755 ], [ 76.9901665, 8.6118927 ], [ 76.9903488, 8.6118821 ], [ 76.9904642, 8.6118105 ], [ 76.9906466, 8.611719 ], [ 76.9908263, 8.6116355 ], [ 76.9909188, 8.6115559 ], [ 76.9911226, 8.6113903 ], [ 76.9914096, 8.6113479 ], [ 76.9915276, 8.6111967 ], [ 76.9917019, 8.611157 ], [ 76.9922169, 8.6110005 ], [ 76.9927851, 8.6106648 ], [ 76.9930967, 8.6104807 ], [ 76.9938159, 8.6101088 ], [ 76.9940175, 8.6100255 ], [ 76.9943662, 8.6099142 ], [ 76.9944586, 8.6098672 ], [ 76.9945953, 8.6097826 ], [ 76.9946591, 8.60977 ], [ 76.9947545, 8.6097885 ], [ 76.9948149, 8.6097987 ], [ 76.9949716, 8.6097931 ], [ 76.9950324, 8.6097811 ], [ 76.9953819, 8.609712 ], [ 76.9959148, 8.6095916 ], [ 76.9961027, 8.6095906 ], [ 76.996538, 8.6096268 ], [ 76.9969013, 8.6097175 ], [ 76.9969808, 8.6097373 ], [ 76.9970054, 8.6097435 ] ] } },
{ "type": "Feature", "properties": { "full_id": "w390008192", "osm_id": "390008192", "osm_type": "way", "highway": "residential", "noexit": null, "cutting": null, "noname": null, "tunnel": null, "ford": null, "wheelchair": null, "id": null, "vehicle": null, "bicycle_road": null, "width": null, "name:en": null, "junction": null, "layer": null, "bridge": null, "maxspeed": null, "lanes": null, "_Shape_Le_1_": null, "_SHAPE_Leng_": null, "_OBJECTID_1_": null, "_OBJECTID_": null, "_ID_": null, "sidewalk": null, "motor_vehicle": null, "horse": null, "foot": null, "cycleway": null, "bicycle": null, "access": null, "surface": null, "lit": null, "oneway": null, "name": null }, "geometry": { "type": "LineString", "coordinates": [ [ 76.9903356, 8.6092867 ], [ 76.9905164, 8.6096519 ], [ 76.9906413, 8.6099073 ], [ 76.9906851, 8.6101147 ], [ 76.9908045, 8.6107767 ], [ 76.9912686, 8.6109734 ], [ 76.9917019, 8.611157 ] ] } },
{ "type": "Feature", "properties": { "full_id": "w390008194", "osm_id": "390008194", "osm_type": "way", "highway": "residential", "noexit": null, "cutting": null, "noname": null, "tunnel": null, "ford": null, "wheelchair": null, "id": null, "vehicle": null, "bicycle_road": null, "width": null, "name:en": null, "junction": null, "layer": null, "bridge": null, "maxspeed": null, "lanes": null, "_Shape_Le_1_": null, "_SHAPE_Leng_": null, "_OBJECTID_1_": null, "_OBJECTID_": null, "_ID_": null, "sidewalk": null, "motor_vehicle": null, "horse": null, "foot": null, "cycleway": null, "bicycle": null, "access": null, "surface": null, "lit": null, "oneway": null, "name": null }, "geometry": { "type": "LineString", "coordinates": [ [ 76.9843594, 8.6095345 ], [ 76.9845864, 8.6092844 ], [ 76.9849584, 8.6093739 ], [ 76.9850193, 8.6094072 ], [ 76.9852504, 8.6095417 ], [ 76.9857458, 8.6097344 ], [ 76.9866191, 8.6103375 ], [ 76.9874962, 8.6108122 ], [ 76.9884127, 8.6107994 ], [ 76.9884511, 8.6107989 ], [ 76.9889001, 8.6106812 ], [ 76.9894837, 8.6103136 ], [ 76.990106, 8.6101174 ], [ 76.9904048, 8.6100606 ], [ 76.9906851, 8.6101147 ] ] } },
{ "type": "Feature", "properties": { "full_id": "w390008196", "osm_id": "390008196", "osm_type": "way", "highway": "residential", "noexit": null, "cutting": null, "noname": null, "tunnel": null, "ford": null, "wheelchair": null, "id": null, "vehicle": null, "bicycle_road": null, "width": null, "name:en": null, "junction": null, "layer": null, "bridge": null, "maxspeed": null, "lanes": null, "_Shape_Le_1_": null, "_SHAPE_Leng_": null, "_OBJECTID_1_": null, "_OBJECTID_": null, "_ID_": null, "sidewalk": null, "motor_vehicle": null, "horse": null, "foot": null, "cycleway": null, "bicycle": null, "access": null, "surface": null, "lit": null, "oneway": null, "name": null }, "geometry": { "type": "LineString", "coordinates": [ [ 76.9859227, 8.6139408 ], [ 76.9858011, 8.6134562 ], [ 76.9858423, 8.6130244 ], [ 76.9858494, 8.6129497 ], [ 76.9860038, 8.6124048 ], [ 76.9860425, 8.6122681 ], [ 76.9862536, 8.6118665 ], [ 76.9863617, 8.6116608 ], [ 76.9863754, 8.6114438 ], [ 76.9864042, 8.6109864 ], [ 76.9864873, 8.6105686 ], [ 76.986539, 8.6104249 ], [ 76.9866191, 8.6103375 ] ] } },
{ "type": "Feature", "properties": { "full_id": "w390008201", "osm_id": "390008201", "osm_type": "way", "highway": "residential", "noexit": null, "cutting": null, "noname": null, "tunnel": null, "ford": null, "wheelchair": null, "id": null, "vehicle": null, "bicycle_road": null, "width": null, "name:en": null, "junction": null, "layer": null, "bridge": null, "maxspeed": null, "lanes": null, "_Shape_Le_1_": null, "_SHAPE_Leng_": null, "_OBJECTID_1_": null, "_OBJECTID_": null, "_ID_": null, "sidewalk": null, "motor_vehicle": null, "horse": null, "foot": null, "cycleway": null, "bicycle": null, "access": null, "surface": "asphalt", "lit": null, "oneway": null, "name": null }, "geometry": { "type": "LineString", "coordinates": [ [ 76.9723309, 8.6230314 ], [ 76.9720306, 8.622242 ], [ 76.9720172, 8.6220034 ], [ 76.9720118, 8.6217196 ], [ 76.9719797, 8.6209983 ], [ 76.9719957, 8.6208922 ], [ 76.9720601, 8.6208498 ], [ 76.9723176, 8.6208392 ], [ 76.9726234, 8.6206482 ], [ 76.9733798, 8.6205024 ], [ 76.9739591, 8.6200303 ], [ 76.9740383, 8.619911 ], [ 76.9741174, 8.6197917 ], [ 76.9740584, 8.6191579 ], [ 76.9741281, 8.6189139 ], [ 76.9749274, 8.6183623 ], [ 76.9751178, 8.6178902 ], [ 76.9754531, 8.6174368 ], [ 76.9758206, 8.6166916 ], [ 76.9760083, 8.6163601 ], [ 76.9760292, 8.6163588 ], [ 76.9760915, 8.6163548 ], [ 76.9761505, 8.6164529 ], [ 76.9762562, 8.6166401 ], [ 76.9763919, 8.6166942 ], [ 76.9766226, 8.6166412 ], [ 76.9768559, 8.6164847 ], [ 76.9772958, 8.6159968 ], [ 76.9776713, 8.615782 ], [ 76.9779073, 8.6163177 ], [ 76.9783123, 8.6165351 ], [ 76.978528, 8.61656 ], [ 76.9790714, 8.6166226 ], [ 76.97955, 8.6166841 ], [ 76.9797205, 8.6165712 ], [ 76.9797417, 8.6165553 ], [ 76.9801631, 8.6162381 ], [ 76.9807156, 8.6159729 ], [ 76.9814049, 8.6157448 ], [ 76.9817831, 8.6157714 ], [ 76.9820969, 8.6159066 ], [ 76.9825395, 8.6159172 ], [ 76.9828828, 8.6157475 ], [ 76.9830235, 8.6155781 ], [ 76.9831698, 8.6153736 ], [ 76.9832932, 8.6150049 ], [ 76.9836553, 8.6150262 ], [ 76.9839691, 8.6149333 ], [ 76.9843044, 8.6147477 ], [ 76.9844734, 8.6143207 ], [ 76.9850109, 8.6143542 ], [ 76.9852164, 8.6143022 ], [ 76.9852807, 8.6140502 ], [ 76.9859227, 8.6139408 ] ] } },
{ "type": "Feature", "properties": { "full_id": "w390009971", "osm_id": "390009971", "osm_type": "way", "highway": "residential", "noexit": null, "cutting": null, "noname": null, "tunnel": null, "ford": null, "wheelchair": null, "id": null, "vehicle": null, "bicycle_road": null, "width": null, "name:en": null, "junction": null, "layer": null, "bridge": null, "maxspeed": null, "lanes": null, "_Shape_Le_1_": null, "_SHAPE_Leng_": null, "_OBJECTID_1_": null, "_OBJECTID_": null, "_ID_": null, "sidewalk": null, "motor_vehicle": null, "horse": null, "foot": null, "cycleway": null, "bicycle": null, "access": null, "surface": "asphalt", "lit": null, "oneway": "no", "name": null }, "geometry": { "type": "LineString", "coordinates": [ [ 77.0070123, 8.6056169 ], [ 77.0072625, 8.6058068 ], [ 77.0077174, 8.6055933 ], [ 77.0080806, 8.606019 ] ] } },
{ "type": "Feature", "properties": { "full_id": "w390009972", "osm_id": "390009972", "osm_type": "way", "highway": "residential", "noexit": null, "cutting": null, "noname": null, "tunnel": null, "ford": null, "wheelchair": null, "id": null, "vehicle": null, "bicycle_road": null, "width": null, "name:en": null, "junction": null, "layer": null, "bridge": null, "maxspeed": null, "lanes": null, "_Shape_Le_1_": null, "_SHAPE_Leng_": null, "_OBJECTID_1_": null, "_OBJECTID_": null, "_ID_": null, "sidewalk": null, "motor_vehicle": null, "horse": null, "foot": null, "cycleway": null, "bicycle": null, "access": null, "surface": "asphalt", "lit": null, "oneway": "no", "name": null }, "geometry": { "type": "LineString", "coordinates": [ [ 77.0077174, 8.6055933 ], [ 77.0077201, 8.6054634 ], [ 77.0081787, 8.6052247 ] ] } },
{ "type": "Feature", "properties": { "full_id": "w441555944", "osm_id": "441555944", "osm_type": "way", "highway": "residential", "noexit": null, "cutting": null, "noname": null, "tunnel": null, "ford": null, "wheelchair": null, "id": null, "vehicle": null, "bicycle_road": null, "width": null, "name:en": null, "junction": null, "layer": null, "bridge": null, "maxspeed": null, "lanes": null, "_Shape_Le_1_": null, "_SHAPE_Leng_": null, "_OBJECTID_1_": null, "_OBJECTID_": null, "_ID_": null, "sidewalk": null, "motor_vehicle": null, "horse": null, "foot": null, "cycleway": null, "bicycle": null, "access": null, "surface": null, "lit": null, "oneway": null, "name": null }, "geometry": { "type": "LineString", "coordinates": [ [ 76.9708493, 8.6074051 ], [ 76.9707025, 8.6073315 ], [ 76.9706237, 8.6073059 ], [ 76.9705172, 8.6072568 ], [ 76.9703218, 8.6071864 ], [ 76.9701053, 8.6071571 ], [ 76.9700152, 8.6071297 ], [ 76.9699173, 8.607112 ], [ 76.9698089, 8.6070767 ], [ 76.9696953, 8.6070353 ], [ 76.9695206, 8.6069715 ], [ 76.9694267, 8.6069277 ], [ 76.9693502, 8.6068826 ], [ 76.9692811, 8.6068201 ], [ 76.9692309, 8.6067659 ], [ 76.969192, 8.6067354 ], [ 76.9691129, 8.6067076 ], [ 76.9690601, 8.6066985 ], [ 76.9689839, 8.6067016 ], [ 76.9689184, 8.6067063 ], [ 76.9688545, 8.6067171 ], [ 76.9687923, 8.6067262 ], [ 76.968732, 8.6067195 ], [ 76.9686797, 8.6066917 ], [ 76.9686368, 8.6066539 ], [ 76.968559, 8.6065902 ], [ 76.9684624, 8.6065292 ], [ 76.9684007, 8.6064709 ], [ 76.9683417, 8.6064019 ], [ 76.9682559, 8.6063303 ], [ 76.9682049, 8.606272 ], [ 76.968162, 8.6062057 ], [ 76.9680869, 8.6061394 ], [ 76.9679609, 8.6060678 ], [ 76.9678268, 8.6060148 ], [ 76.9676926, 8.6059882 ], [ 76.9675666, 8.6059882 ], [ 76.9674512, 8.6059962 ], [ 76.9673386, 8.6060254 ], [ 76.967242, 8.6060678 ], [ 76.9671374, 8.6060917 ], [ 76.967006, 8.6061182 ], [ 76.9668933, 8.6061367 ], [ 76.9667941, 8.6061367 ], [ 76.9667029, 8.6061235 ], [ 76.9665929, 8.6060625 ], [ 76.9665312, 8.6059909 ], [ 76.9664776, 8.6059034 ], [ 76.9664186, 8.6058636 ], [ 76.9663033, 8.6058318 ], [ 76.9662174, 8.6058318 ], [ 76.9661209, 8.6058318 ], [ 76.9660404, 8.6057999 ], [ 76.9658017, 8.6056461 ], [ 76.9657266, 8.6055984 ], [ 76.9656247, 8.6055639 ], [ 76.9655764, 8.6055533 ], [ 76.9654342, 8.6055427 ], [ 76.9653403, 8.6055321 ], [ 76.965225, 8.6055082 ], [ 76.965094, 8.6054284 ], [ 76.9649701, 8.6052946 ], [ 76.9649336, 8.6052034 ], [ 76.9649505, 8.6048545 ], [ 76.9649679, 8.6045794 ], [ 76.9649693, 8.6044495 ], [ 76.9647878, 8.6043811 ], [ 76.9646886, 8.6043281 ], [ 76.9646001, 8.6042565 ], [ 76.9645357, 8.6041583 ], [ 76.9644928, 8.6040523 ], [ 76.9644472, 8.6039356 ], [ 76.9644123, 8.6038215 ], [ 76.9643763, 8.6036571 ], [ 76.9643801, 8.6035033 ], [ 76.9644203, 8.6033707 ], [ 76.964482, 8.6032328 ], [ 76.9645364, 8.6030957 ], [ 76.9645866, 8.602896 ], [ 76.9646186, 8.6027762 ], [ 76.9646403, 8.6026759 ], [ 76.9646591, 8.6025618 ], [ 76.9646859, 8.6024107 ], [ 76.9646725, 8.6023682 ], [ 76.9646457, 8.6022993 ], [ 76.9646269, 8.6022197 ], [ 76.964592, 8.6021083 ], [ 76.9645491, 8.6020818 ], [ 76.9644767, 8.6020394 ], [ 76.9644123, 8.6020022 ], [ 76.9643345, 8.6019598 ], [ 76.9642648, 8.6019174 ], [ 76.9641521, 8.6018723 ], [ 76.9641012, 8.6018484 ], [ 76.9639563, 8.6018007 ], [ 76.9638598, 8.6017662 ], [ 76.9637766, 8.6017476 ], [ 76.9636613, 8.6017185 ], [ 76.9635835, 8.6016548 ], [ 76.963495, 8.6016124 ], [ 76.9634306, 8.6015594 ], [ 76.9633957, 8.6014586 ], [ 76.9633823, 8.6013711 ], [ 76.9633636, 8.6012623 ], [ 76.9634092, 8.6011377 ], [ 76.9634306, 8.6010926 ], [ 76.9634655, 8.6010051 ], [ 76.963495, 8.6009096 ], [ 76.9635084, 8.6008115 ], [ 76.9635084, 8.6007134 ], [ 76.9635084, 8.6006497 ], [ 76.9634843, 8.6005648 ], [ 76.9633904, 8.60048 ], [ 76.9633206, 8.6004349 ], [ 76.9632643, 8.6004057 ], [ 76.9631731, 8.600358 ], [ 76.9631436, 8.6003049 ], [ 76.9630605, 8.6002492 ], [ 76.9630229, 8.6001829 ], [ 76.962988, 8.600106 ], [ 76.9629478, 8.6000609 ], [ 76.9629398, 8.5999734 ], [ 76.9629398, 8.5998912 ], [ 76.9629559, 8.5997772 ], [ 76.9629773, 8.5996472 ], [ 76.9629988, 8.5995518 ], [ 76.9630095, 8.5994616 ], [ 76.9630041, 8.5993688 ], [ 76.9629746, 8.5992786 ], [ 76.9629612, 8.5991354 ], [ 76.9629746, 8.5990532 ], [ 76.9629478, 8.5989763 ], [ 76.9629478, 8.5988702 ], [ 76.9629317, 8.5987747 ], [ 76.9629129, 8.5986925 ], [ 76.9629374, 8.5985233 ] ] } },
{ "type": "Feature", "properties": { "full_id": "w443763902", "osm_id": "443763902", "osm_type": "way", "highway": "residential", "noexit": null, "cutting": null, "noname": null, "tunnel": null, "ford": null, "wheelchair": null, "id": null, "vehicle": null, "bicycle_road": null, "width": null, "name:en": null, "junction": null, "layer": null, "bridge": null, "maxspeed": null, "lanes": null, "_Shape_Le_1_": null, "_SHAPE_Leng_": null, "_OBJECTID_1_": null, "_OBJECTID_": null, "_ID_": null, "sidewalk": null, "motor_vehicle": null, "horse": null, "foot": null, "cycleway": null, "bicycle": null, "access": null, "surface": null, "lit": null, "oneway": null, "name": null }, "geometry": { "type": "LineString", "coordinates": [ [ 76.9715826, 8.5991148 ], [ 76.9717865, 8.5990193 ], [ 76.9719099, 8.5989768 ], [ 76.972044, 8.5989981 ], [ 76.9721727, 8.5989981 ], [ 76.9723068, 8.5989981 ], [ 76.9724463, 8.5990299 ], [ 76.9724999, 8.599067 ], [ 76.9725321, 8.599136 ], [ 76.9725683, 8.5991466 ], [ 76.9726072, 8.5991492 ], [ 76.9726501, 8.5991214 ], [ 76.972681, 8.5991002 ], [ 76.9727373, 8.5990511 ], [ 76.9727708, 8.5990219 ], [ 76.9728218, 8.5989795 ], [ 76.9728419, 8.598941 ], [ 76.9728781, 8.5989066 ], [ 76.9728996, 8.5988482 ], [ 76.9729304, 8.5988111 ], [ 76.9729586, 8.5987581 ], [ 76.9729787, 8.5987222 ], [ 76.9730055, 8.5986254 ], [ 76.9729868, 8.5985671 ], [ 76.9729868, 8.5985194 ], [ 76.9729653, 8.5984478 ], [ 76.9729385, 8.5983682 ], [ 76.9729224, 8.5983125 ], [ 76.9729036, 8.5982621 ], [ 76.9728982, 8.5981613 ], [ 76.9728956, 8.5980871 ], [ 76.9729358, 8.5980234 ], [ 76.9729573, 8.5979757 ], [ 76.9730002, 8.5978882 ], [ 76.9730645, 8.5977582 ], [ 76.9730726, 8.5977078 ], [ 76.9730914, 8.5975858 ], [ 76.9730806, 8.5974904 ], [ 76.9731075, 8.5973578 ], [ 76.9731477, 8.5972676 ], [ 76.9731799, 8.5971721 ], [ 76.9732362, 8.597066 ], [ 76.9732791, 8.597013 ], [ 76.9732889, 8.5969076 ] ] } },
{ "type": "Feature", "properties": { "full_id": "w1063572358", "osm_id": "1063572358", "osm_type": "way", "highway": "residential", "noexit": null, "cutting": null, "noname": null, "tunnel": null, "ford": null, "wheelchair": null, "id": null, "vehicle": null, "bicycle_road": null, "width": null, "name:en": null, "junction": null, "layer": null, "bridge": null, "maxspeed": null, "lanes": null, "_Shape_Le_1_": null, "_SHAPE_Leng_": null, "_OBJECTID_1_": null, "_OBJECTID_": null, "_ID_": null, "sidewalk": null, "motor_vehicle": null, "horse": null, "foot": null, "cycleway": null, "bicycle": null, "access": null, "surface": null, "lit": null, "oneway": null, "name": null }, "geometry": { "type": "LineString", "coordinates": [ [ 76.9950324, 8.6097811 ], [ 76.9949609, 8.6095523 ], [ 76.9948965, 8.6092977 ], [ 76.9948751, 8.6092023 ], [ 76.9948697, 8.6091678 ], [ 76.9948778, 8.609136 ], [ 76.9949153, 8.6090962 ], [ 76.9949421, 8.609075 ], [ 76.9949529, 8.6090432 ], [ 76.9949529, 8.6089609 ], [ 76.9949529, 8.6088867 ], [ 76.9949368, 8.608831 ], [ 76.9948885, 8.6087249 ], [ 76.994867, 8.6086533 ], [ 76.9947919, 8.6084862 ], [ 76.9947678, 8.6084544 ], [ 76.9947088, 8.6084412 ], [ 76.9946095, 8.6084332 ], [ 76.9944808, 8.6083563 ], [ 76.9943306, 8.6082714 ], [ 76.9942689, 8.608237 ], [ 76.9942113, 8.6082388 ], [ 76.9941233, 8.6081546 ], [ 76.9940025, 8.6080392 ], [ 76.9939431, 8.6079297 ] ] } },
{ "type": "Feature", "properties": { "full_id": "w845015273", "osm_id": "845015273", "osm_type": "way", "highway": "residential", "noexit": null, "cutting": null, "noname": null, "tunnel": null, "ford": null, "wheelchair": null, "id": null, "vehicle": null, "bicycle_road": null, "width": null, "name:en": null, "junction": null, "layer": null, "bridge": null, "maxspeed": null, "lanes": null, "_Shape_Le_1_": null, "_SHAPE_Leng_": null, "_OBJECTID_1_": null, "_OBJECTID_": null, "_ID_": null, "sidewalk": null, "motor_vehicle": null, "horse": null, "foot": null, "cycleway": null, "bicycle": null, "access": null, "surface": "asphalt", "lit": null, "oneway": null, "name": null }, "geometry": { "type": "LineString", "coordinates": [ [ 76.9686797, 8.6066917 ], [ 76.9687235, 8.6070515 ], [ 76.9687879, 8.6073406 ], [ 76.968745, 8.6075262 ], [ 76.968655, 8.6078854 ], [ 76.9686806, 8.6082184 ], [ 76.9688469, 8.6088098 ], [ 76.9689676, 8.609372 ], [ 76.968753, 8.6097433 ], [ 76.9684151, 8.6100668 ], [ 76.9683266, 8.610271 ], [ 76.9682987, 8.6105639 ], [ 76.9682949, 8.6106044 ], [ 76.968289, 8.6106662 ], [ 76.9682944, 8.6111568 ], [ 76.9682193, 8.6117323 ], [ 76.968348, 8.6121539 ], [ 76.9684564, 8.6124372 ], [ 76.9685358, 8.6126445 ], [ 76.9684017, 8.6130476 ], [ 76.9683748, 8.6131961 ], [ 76.9685197, 8.6136099 ], [ 76.9688013, 8.614005 ], [ 76.9690186, 8.6143418 ], [ 76.9690642, 8.6148669 ], [ 76.9689703, 8.615262 ], [ 76.9685894, 8.6155325 ], [ 76.9681039, 8.6158481 ], [ 76.967896, 8.6160638 ], [ 76.9677231, 8.6162432 ], [ 76.9675246, 8.616588 ], [ 76.9673046, 8.6170123 ], [ 76.9670498, 8.617495 ], [ 76.9667682, 8.6179909 ], [ 76.9664222, 8.6185504 ], [ 76.9661379, 8.6191312 ], [ 76.9659609, 8.6196563 ], [ 76.9658348, 8.6201044 ], [ 76.9658498, 8.6203668 ], [ 76.9658509, 8.6203855 ], [ 76.9660521, 8.6208311 ], [ 76.9664112, 8.6210523 ], [ 76.9665952, 8.6211898 ], [ 76.9666851, 8.621974 ], [ 76.966799, 8.6223807 ], [ 76.9668433, 8.6225389 ], [ 76.9670391, 8.6230083 ], [ 76.9672644, 8.623353 ], [ 76.9672725, 8.6235015 ], [ 76.9672215, 8.6236341 ], [ 76.9670364, 8.6238622 ], [ 76.9666046, 8.6242494 ], [ 76.9663015, 8.6245251 ], [ 76.9659555, 8.624732 ], [ 76.9658428, 8.6249866 ], [ 76.9659743, 8.6256416 ], [ 76.9660896, 8.6261295 ], [ 76.9662625, 8.626751 ] ] } },
{ "type": "Feature", "properties": { "full_id": "w1306285466", "osm_id": "1306285466", "osm_type": "way", "highway": "residential", "noexit": null, "cutting": null, "noname": null, "tunnel": null, "ford": null, "wheelchair": null, "id": null, "vehicle": null, "bicycle_road": null, "width": null, "name:en": null, "junction": null, "layer": null, "bridge": null, "maxspeed": null, "lanes": null, "_Shape_Le_1_": null, "_SHAPE_Leng_": null, "_OBJECTID_1_": null, "_OBJECTID_": null, "_ID_": null, "sidewalk": null, "motor_vehicle": null, "horse": null, "foot": null, "cycleway": null, "bicycle": null, "access": null, "surface": null, "lit": null, "oneway": null, "name": null }, "geometry": { "type": "LineString", "coordinates": [ [ 76.9827072, 8.5892537 ], [ 76.9828674, 8.5895515 ], [ 76.983039, 8.5897856 ], [ 76.983175, 8.5899495 ] ] } },
{ "type": "Feature", "properties": { "full_id": "w1306285467", "osm_id": "1306285467", "osm_type": "way", "highway": "residential", "noexit": null, "cutting": null, "noname": null, "tunnel": null, "ford": null, "wheelchair": null, "id": null, "vehicle": null, "bicycle_road": null, "width": null, "name:en": null, "junction": null, "layer": null, "bridge": null, "maxspeed": null, "lanes": null, "_Shape_Le_1_": null, "_SHAPE_Leng_": null, "_OBJECTID_1_": null, "_OBJECTID_": null, "_ID_": null, "sidewalk": null, "motor_vehicle": null, "horse": null, "foot": null, "cycleway": null, "bicycle": null, "access": null, "surface": null, "lit": null, "oneway": null, "name": null }, "geometry": { "type": "LineString", "coordinates": [ [ 76.9874797, 8.5931733 ], [ 76.9873947, 8.59297 ], [ 76.9871157, 8.5924926 ], [ 76.9867402, 8.5920471 ], [ 76.9867617, 8.5914424 ], [ 76.9867617, 8.5908801 ], [ 76.9867188, 8.5902648 ], [ 76.9866437, 8.5897768 ], [ 76.9866306, 8.5889246 ] ] } },
{ "type": "Feature", "properties": { "full_id": "w1306285468", "osm_id": "1306285468", "osm_type": "way", "highway": "residential", "noexit": null, "cutting": null, "noname": null, "tunnel": null, "ford": null, "wheelchair": null, "id": null, "vehicle": null, "bicycle_road": null, "width": null, "name:en": null, "junction": null, "layer": null, "bridge": null, "maxspeed": null, "lanes": null, "_Shape_Le_1_": null, "_SHAPE_Leng_": null, "_OBJECTID_1_": null, "_OBJECTID_": null, "_ID_": null, "sidewalk": null, "motor_vehicle": null, "horse": null, "foot": null, "cycleway": null, "bicycle": null, "access": null, "surface": null, "lit": null, "oneway": null, "name": null }, "geometry": { "type": "LineString", "coordinates": [ [ 76.984518, 8.5949371 ], [ 76.9841975, 8.5948052 ], [ 76.9839604, 8.5945896 ] ] } },
{ "type": "Feature", "properties": { "full_id": "w1306285469", "osm_id": "1306285469", "osm_type": "way", "highway": "residential", "noexit": null, "cutting": null, "noname": null, "tunnel": null, "ford": null, "wheelchair": null, "id": null, "vehicle": null, "bicycle_road": null, "width": null, "name:en": null, "junction": null, "layer": null, "bridge": null, "maxspeed": null, "lanes": null, "_Shape_Le_1_": null, "_SHAPE_Leng_": null, "_OBJECTID_1_": null, "_OBJECTID_": null, "_ID_": null, "sidewalk": null, "motor_vehicle": null, "horse": null, "foot": null, "cycleway": null, "bicycle": null, "access": null, "surface": null, "lit": null, "oneway": null, "name": null }, "geometry": { "type": "LineString", "coordinates": [ [ 76.9839604, 8.5945896 ], [ 76.9841009, 8.5943703 ], [ 76.9844436, 8.5940054 ] ] } },
{ "type": "Feature", "properties": { "full_id": "w1306285470", "osm_id": "1306285470", "osm_type": "way", "highway": "residential", "noexit": null, "cutting": null, "noname": null, "tunnel": null, "ford": null, "wheelchair": null, "id": null, "vehicle": null, "bicycle_road": null, "width": null, "name:en": null, "junction": null, "layer": null, "bridge": null, "maxspeed": null, "lanes": null, "_Shape_Le_1_": null, "_SHAPE_Leng_": null, "_OBJECTID_1_": null, "_OBJECTID_": null, "_ID_": null, "sidewalk": null, "motor_vehicle": null, "horse": null, "foot": null, "cycleway": null, "bicycle": null, "access": null, "surface": null, "lit": null, "oneway": null, "name": null }, "geometry": { "type": "LineString", "coordinates": [ [ 76.9904392, 8.5932163 ], [ 76.9905704, 8.5930124 ], [ 76.9905597, 8.5926836 ], [ 76.9904417, 8.5923759 ], [ 76.9903773, 8.5921956 ], [ 76.9901734, 8.5918031 ], [ 76.989637, 8.5914954 ], [ 76.9889993, 8.5912151 ], [ 76.9886173, 8.5910689 ], [ 76.9883955, 8.5908861 ], [ 76.9883462, 8.5907033 ], [ 76.9890486, 8.590679 ], [ 76.9892828, 8.590484 ], [ 76.9895416, 8.5903865 ], [ 76.9897634, 8.5903743 ], [ 76.9898919, 8.5902522 ], [ 76.9902071, 8.5899722 ] ] } },
{ "type": "Feature", "properties": { "full_id": "w1306285471", "osm_id": "1306285471", "osm_type": "way", "highway": "residential", "noexit": null, "cutting": null, "noname": null, "tunnel": null, "ford": null, "wheelchair": null, "id": null, "vehicle": null, "bicycle_road": null, "width": null, "name:en": null, "junction": null, "layer": null, "bridge": null, "maxspeed": null, "lanes": null, "_Shape_Le_1_": null, "_SHAPE_Leng_": null, "_OBJECTID_1_": null, "_OBJECTID_": null, "_ID_": null, "sidewalk": null, "motor_vehicle": null, "horse": null, "foot": null, "cycleway": null, "bicycle": null, "access": null, "surface": null, "lit": null, "oneway": null, "name": null }, "geometry": { "type": "LineString", "coordinates": [ [ 76.9846684, 8.588408 ], [ 76.9847228, 8.5887292 ], [ 76.9847352, 8.5893507 ], [ 76.9846489, 8.5897163 ], [ 76.9847475, 8.5900697 ] ] } },
{ "type": "Feature", "properties": { "full_id": "w188316240", "osm_id": "188316240", "osm_type": "way", "highway": "residential", "noexit": null, "cutting": null, "noname": null, "tunnel": null, "ford": null, "wheelchair": null, "id": null, "vehicle": null, "bicycle_road": null, "width": null, "name:en": null, "junction": null, "layer": null, "bridge": null, "maxspeed": null, "lanes": null, "_Shape_Le_1_": null, "_SHAPE_Leng_": null, "_OBJECTID_1_": null, "_OBJECTID_": null, "_ID_": null, "sidewalk": null, "motor_vehicle": null, "horse": null, "foot": null, "cycleway": null, "bicycle": null, "access": null, "surface": null, "lit": null, "oneway": null, "name": null }, "geometry": { "type": "LineString", "coordinates": [ [ 77.0327412, 8.6206127 ], [ 77.0325119, 8.6205048 ], [ 77.0317072, 8.6201069 ], [ 77.0307363, 8.6197781 ], [ 77.0305115, 8.6197301 ], [ 77.0304947, 8.6197369 ], [ 77.0303225, 8.6198066 ], [ 77.0302951, 8.6198177 ], [ 77.0301119, 8.6198919 ], [ 77.0292938, 8.6201226 ], [ 77.0283223, 8.6203298 ], [ 77.0273076, 8.6205048 ], [ 77.0270802, 8.6206439 ], [ 77.0267588, 8.620982 ], [ 77.0264293, 8.6212775 ], [ 77.0261282, 8.6213879 ], [ 77.024498, 8.6214989 ], [ 77.0237416, 8.6216607 ], [ 77.0233673, 8.6218211 ], [ 77.0231779, 8.6218563 ], [ 77.02314, 8.6218984 ], [ 77.0230639, 8.621987 ] ] } },
{ "type": "Feature", "properties": { "full_id": "w242833414", "osm_id": "242833414", "osm_type": "way", "highway": "residential", "noexit": null, "cutting": null, "noname": null, "tunnel": null, "ford": null, "wheelchair": null, "id": null, "vehicle": null, "bicycle_road": null, "width": null, "name:en": null, "junction": null, "layer": null, "bridge": null, "maxspeed": null, "lanes": null, "_Shape_Le_1_": null, "_SHAPE_Leng_": null, "_OBJECTID_1_": null, "_OBJECTID_": null, "_ID_": null, "sidewalk": null, "motor_vehicle": null, "horse": null, "foot": null, "cycleway": null, "bicycle": null, "access": null, "surface": null, "lit": null, "oneway": null, "name": null }, "geometry": { "type": "LineString", "coordinates": [ [ 77.0007984, 8.6011499 ], [ 77.0008188, 8.6014084 ], [ 77.0008134, 8.6019044 ], [ 77.0007356, 8.6021271 ], [ 77.00069, 8.6024242 ], [ 77.0006437, 8.6025195 ], [ 77.000797, 8.6027292 ], [ 77.0010282, 8.6029499 ], [ 77.0012216, 8.6028912 ], [ 77.0013831, 8.6027633 ], [ 77.0015463, 8.6026773 ], [ 77.001612, 8.6026024 ] ] } },
{ "type": "Feature", "properties": { "full_id": "w242834668", "osm_id": "242834668", "osm_type": "way", "highway": "residential", "noexit": null, "cutting": null, "noname": null, "tunnel": null, "ford": null, "wheelchair": null, "id": null, "vehicle": null, "bicycle_road": null, "width": null, "name:en": null, "junction": null, "layer": null, "bridge": null, "maxspeed": null, "lanes": null, "_Shape_Le_1_": null, "_SHAPE_Leng_": null, "_OBJECTID_1_": null, "_OBJECTID_": null, "_ID_": null, "sidewalk": null, "motor_vehicle": null, "horse": null, "foot": null, "cycleway": null, "bicycle": null, "access": null, "surface": "asphalt", "lit": null, "oneway": null, "name": null }, "geometry": { "type": "LineString", "coordinates": [ [ 77.0022539, 8.6080185 ], [ 77.0021041, 8.6080128 ], [ 77.0019245, 8.6080091 ], [ 77.0017225, 8.6080017 ], [ 77.0014494, 8.6080313 ], [ 77.0012773, 8.6080202 ], [ 77.0011165, 8.6079832 ], [ 77.0009893, 8.6079204 ], [ 77.0009588, 8.6078274 ], [ 77.0009817, 8.6077887 ], [ 77.0010238, 8.6077178 ], [ 77.0011869, 8.6075598 ], [ 77.0012926, 8.6074497 ], [ 77.0013858, 8.6073433 ], [ 77.0014772, 8.6072595 ], [ 77.0015271, 8.6072137 ], [ 77.0015555, 8.6071876 ], [ 77.0015778, 8.6071759 ], [ 77.0016739, 8.6071251 ], [ 77.0017592, 8.6070265 ] ] } },
{ "type": "Feature", "properties": { "full_id": "w285244589", "osm_id": "285244589", "osm_type": "way", "highway": "residential", "noexit": null, "cutting": null, "noname": null, "tunnel": null, "ford": null, "wheelchair": null, "id": null, "vehicle": null, "bicycle_road": null, "width": null, "name:en": null, "junction": null, "layer": null, "bridge": null, "maxspeed": null, "lanes": null, "_Shape_Le_1_": null, "_SHAPE_Leng_": null, "_OBJECTID_1_": null, "_OBJECTID_": null, "_ID_": null, "sidewalk": null, "motor_vehicle": null, "horse": null, "foot": null, "cycleway": null, "bicycle": null, "access": null, "surface": null, "lit": null, "oneway": null, "name": null }, "geometry": { "type": "LineString", "coordinates": [ [ 76.9959632, 8.6010761 ], [ 76.9961182, 8.601065 ], [ 76.9963903, 8.6010807 ], [ 76.9964924, 8.6010956 ], [ 76.9965298, 8.6011101 ], [ 76.9965802, 8.6011297 ], [ 76.9966567, 8.601162 ], [ 76.9967607, 8.601164 ], [ 76.9969509, 8.6011335 ], [ 76.9970984, 8.6011 ], [ 76.9971909, 8.6010514 ], [ 76.9974859, 8.6008157 ], [ 76.9976921, 8.6006851 ], [ 76.9977709, 8.600636 ], [ 76.9978952, 8.6005585 ], [ 76.9979655, 8.6004914 ], [ 76.9980086, 8.6003971 ], [ 76.9980811, 8.6003015 ], [ 76.9981272, 8.6002741 ], [ 76.998207, 8.6002266 ], [ 76.9983336, 8.6001602 ], [ 76.9985479, 8.6000869 ], [ 76.9987395, 8.599977 ], [ 76.9988287, 8.5999201 ], [ 76.9989919, 8.5996905 ], [ 76.9991769, 8.5994284 ], [ 76.9992092, 8.5993579 ], [ 76.9991975, 8.5992408 ] ] } },
{ "type": "Feature", "properties": { "full_id": "w285244590", "osm_id": "285244590", "osm_type": "way", "highway": "residential", "noexit": null, "cutting": null, "noname": null, "tunnel": null, "ford": null, "wheelchair": null, "id": null, "vehicle": null, "bicycle_road": null, "width": null, "name:en": null, "junction": null, "layer": null, "bridge": null, "maxspeed": null, "lanes": null, "_Shape_Le_1_": null, "_SHAPE_Leng_": null, "_OBJECTID_1_": null, "_OBJECTID_": null, "_ID_": null, "sidewalk": null, "motor_vehicle": null, "horse": null, "foot": null, "cycleway": null, "bicycle": null, "access": null, "surface": null, "lit": null, "oneway": "no", "name": null }, "geometry": { "type": "LineString", "coordinates": [ [ 76.9959639, 8.6007186 ], [ 76.9962801, 8.6005939 ], [ 76.9967685, 8.6003128 ], [ 76.9970904, 8.6001219 ], [ 76.9974713, 8.5999787 ], [ 76.9980077, 8.5996922 ], [ 76.998512, 8.599496 ], [ 76.9986747, 8.5994323 ], [ 76.9990001, 8.599305 ], [ 76.9991975, 8.5992408 ], [ 76.9993917, 8.5991777 ], [ 76.9995601, 8.5991311 ], [ 76.9997911, 8.5991909 ], [ 77.000158, 8.5996439 ], [ 77.0007572, 8.6004378 ], [ 77.0009985, 8.6005193 ], [ 77.0013317, 8.6007595 ], [ 77.0014629, 8.6011341 ], [ 77.0015596, 8.6013302 ], [ 77.0016924, 8.6014265 ], [ 77.0018163, 8.6014229 ], [ 77.0020726, 8.6013745 ], [ 77.0023036, 8.6013216 ], [ 77.0023971, 8.6013123 ], [ 77.0025267, 8.6013667 ], [ 77.0029294, 8.6017185 ], [ 77.0031047, 8.6018752 ], [ 77.0032287, 8.6020249 ], [ 77.003282, 8.6021594 ], [ 77.0032511, 8.6022767 ], [ 77.0031534, 8.6023788 ], [ 77.0029859, 8.6023973 ], [ 77.0026909, 8.6024185 ], [ 77.0022776, 8.6024755 ], [ 77.0022191, 8.6027471 ], [ 77.0023832, 8.6031718 ], [ 77.0023845, 8.6032214 ], [ 77.0023864, 8.6032934 ] ] } },
{ "type": "Feature", "properties": { "full_id": "w1306285485", "osm_id": "1306285485", "osm_type": "way", "highway": "residential", "noexit": null, "cutting": null, "noname": null, "tunnel": null, "ford": null, "wheelchair": null, "id": null, "vehicle": null, "bicycle_road": null, "width": null, "name:en": null, "junction": null, "layer": null, "bridge": null, "maxspeed": null, "lanes": null, "_Shape_Le_1_": null, "_SHAPE_Leng_": null, "_OBJECTID_1_": null, "_OBJECTID_": null, "_ID_": null, "sidewalk": null, "motor_vehicle": null, "horse": null, "foot": null, "cycleway": null, "bicycle": null, "access": null, "surface": null, "lit": null, "oneway": null, "name": null }, "geometry": { "type": "LineString", "coordinates": [ [ 76.9942662, 8.5879752 ], [ 76.9944123, 8.5878568 ], [ 76.9944871, 8.5876029 ], [ 76.9944917, 8.5874828 ], [ 76.9945057, 8.5873766 ], [ 76.9945057, 8.5872057 ], [ 76.9945711, 8.5867855 ] ] } },
{ "type": "Feature", "properties": { "full_id": "w1306285487", "osm_id": "1306285487", "osm_type": "way", "highway": "residential", "noexit": null, "cutting": null, "noname": null, "tunnel": null, "ford": null, "wheelchair": null, "id": null, "vehicle": null, "bicycle_road": null, "width": null, "name:en": null, "junction": null, "layer": null, "bridge": null, "maxspeed": null, "lanes": null, "_Shape_Le_1_": null, "_SHAPE_Leng_": null, "_OBJECTID_1_": null, "_OBJECTID_": null, "_ID_": null, "sidewalk": null, "motor_vehicle": null, "horse": null, "foot": null, "cycleway": null, "bicycle": null, "access": null, "surface": null, "lit": null, "oneway": null, "name": null }, "geometry": { "type": "LineString", "coordinates": [ [ 76.9927598, 8.5906169 ], [ 76.992974, 8.5902903 ], [ 76.9930113, 8.5900271 ], [ 76.9932308, 8.5897131 ], [ 76.9934877, 8.58957 ], [ 76.9936091, 8.5895238 ], [ 76.9936043, 8.5889953 ] ] } },
{ "type": "Feature", "properties": { "full_id": "w1306285489", "osm_id": "1306285489", "osm_type": "way", "highway": "residential", "noexit": null, "cutting": null, "noname": null, "tunnel": null, "ford": null, "wheelchair": null, "id": null, "vehicle": null, "bicycle_road": null, "width": null, "name:en": null, "junction": null, "layer": "1", "bridge": "yes", "maxspeed": null, "lanes": null, "_Shape_Le_1_": null, "_SHAPE_Leng_": null, "_OBJECTID_1_": null, "_OBJECTID_": null, "_ID_": null, "sidewalk": null, "motor_vehicle": null, "horse": null, "foot": null, "cycleway": null, "bicycle": null, "access": null, "surface": "concrete", "lit": null, "oneway": null, "name": null }, "geometry": { "type": "LineString", "coordinates": [ [ 76.994807, 8.5933972 ], [ 76.9952079, 8.5932955 ] ] } },
{ "type": "Feature", "properties": { "full_id": "w1306285490", "osm_id": "1306285490", "osm_type": "way", "highway": "residential", "noexit": null, "cutting": null, "noname": null, "tunnel": null, "ford": null, "wheelchair": null, "id": null, "vehicle": null, "bicycle_road": null, "width": null, "name:en": null, "junction": null, "layer": null, "bridge": null, "maxspeed": null, "lanes": null, "_Shape_Le_1_": null, "_SHAPE_Leng_": null, "_OBJECTID_1_": null, "_OBJECTID_": null, "_ID_": null, "sidewalk": null, "motor_vehicle": null, "horse": null, "foot": null, "cycleway": null, "bicycle": null, "access": null, "surface": null, "lit": null, "oneway": null, "name": null }, "geometry": { "type": "LineString", "coordinates": [ [ 76.9932909, 8.5955726 ], [ 76.9930864, 8.5953214 ], [ 76.9931596, 8.5951526 ], [ 76.9934272, 8.594976 ] ] } },
{ "type": "Feature", "properties": { "full_id": "w1306285491", "osm_id": "1306285491", "osm_type": "way", "highway": "residential", "noexit": null, "cutting": null, "noname": null, "tunnel": null, "ford": null, "wheelchair": null, "id": null, "vehicle": null, "bicycle_road": null, "width": null, "name:en": null, "junction": null, "layer": null, "bridge": null, "maxspeed": null, "lanes": null, "_Shape_Le_1_": null, "_SHAPE_Leng_": null, "_OBJECTID_1_": null, "_OBJECTID_": null, "_ID_": null, "sidewalk": null, "motor_vehicle": null, "horse": null, "foot": null, "cycleway": null, "bicycle": null, "access": null, "surface": null, "lit": null, "oneway": null, "name": null }, "geometry": { "type": "LineString", "coordinates": [ [ 76.9941634, 8.5969284 ], [ 76.9943711, 8.5969454 ], [ 76.9943549, 8.5973795 ] ] } },
{ "type": "Feature", "properties": { "full_id": "w1306285492", "osm_id": "1306285492", "osm_type": "way", "highway": "residential", "noexit": null, "cutting": null, "noname": null, "tunnel": null, "ford": null, "wheelchair": null, "id": null, "vehicle": null, "bicycle_road": null, "width": null, "name:en": null, "junction": null, "layer": null, "bridge": null, "maxspeed": null, "lanes": null, "_Shape_Le_1_": null, "_SHAPE_Leng_": null, "_OBJECTID_1_": null, "_OBJECTID_": null, "_ID_": null, "sidewalk": null, "motor_vehicle": null, "horse": null, "foot": null, "cycleway": null, "bicycle": null, "access": null, "surface": null, "lit": null, "oneway": null, "name": null }, "geometry": { "type": "LineString", "coordinates": [ [ 76.992158, 8.5986941 ], [ 76.9922733, 8.5985533 ], [ 76.9922489, 8.598296 ], [ 76.9923628, 8.5980307 ], [ 76.9924034, 8.5978137 ] ] } },
{ "type": "Feature", "properties": { "full_id": "w149547461", "osm_id": "149547461", "osm_type": "way", "highway": "residential", "noexit": null, "cutting": null, "noname": null, "tunnel": null, "ford": null, "wheelchair": null, "id": null, "vehicle": null, "bicycle_road": null, "width": null, "name:en": null, "junction": null, "layer": null, "bridge": null, "maxspeed": null, "lanes": null, "_Shape_Le_1_": null, "_SHAPE_Leng_": null, "_OBJECTID_1_": null, "_OBJECTID_": null, "_ID_": null, "sidewalk": null, "motor_vehicle": null, "horse": null, "foot": null, "cycleway": null, "bicycle": null, "access": null, "surface": null, "lit": null, "oneway": "yes", "name": null }, "geometry": { "type": "LineString", "coordinates": [ [ 77.0011375, 8.6053705 ], [ 77.0011724, 8.6053813 ], [ 77.0012118, 8.6053959 ], [ 77.0015108, 8.6055214 ], [ 77.0016836, 8.605664 ], [ 77.0018016, 8.6058073 ], [ 77.0018863, 8.6060199 ], [ 77.0018868, 8.606105 ], [ 77.0018874, 8.6061944 ], [ 77.0017478, 8.6063912 ], [ 77.0015514, 8.6066864 ], [ 77.0015216, 8.6068053 ], [ 77.0015495, 8.6068628 ], [ 77.0016567, 8.6069529 ], [ 77.0017592, 8.6070265 ], [ 77.0019454, 8.6070489 ], [ 77.0021599, 8.6070277 ], [ 77.0023423, 8.6069959 ], [ 77.0024406, 8.6070258 ], [ 77.0026264, 8.6071277 ], [ 77.0028326, 8.6072117 ] ] } },
{ "type": "Feature", "properties": { "full_id": "w1306285493", "osm_id": "1306285493", "osm_type": "way", "highway": "residential", "noexit": null, "cutting": null, "noname": null, "tunnel": null, "ford": null, "wheelchair": null, "id": null, "vehicle": null, "bicycle_road": null, "width": null, "name:en": null, "junction": null, "layer": null, "bridge": null, "maxspeed": null, "lanes": null, "_Shape_Le_1_": null, "_SHAPE_Leng_": null, "_OBJECTID_1_": null, "_OBJECTID_": null, "_ID_": null, "sidewalk": null, "motor_vehicle": null, "horse": null, "foot": null, "cycleway": null, "bicycle": null, "access": null, "surface": null, "lit": null, "oneway": null, "name": null }, "geometry": { "type": "LineString", "coordinates": [ [ 76.9895169, 8.5986534 ], [ 76.9894193, 8.5981367 ] ] } },
{ "type": "Feature", "properties": { "full_id": "w149705970", "osm_id": "149705970", "osm_type": "way", "highway": "residential", "noexit": null, "cutting": null, "noname": null, "tunnel": null, "ford": null, "wheelchair": null, "id": null, "vehicle": null, "bicycle_road": null, "width": null, "name:en": null, "junction": null, "layer": null, "bridge": null, "maxspeed": null, "lanes": null, "_Shape_Le_1_": null, "_SHAPE_Leng_": null, "_OBJECTID_1_": null, "_OBJECTID_": null, "_ID_": null, "sidewalk": null, "motor_vehicle": null, "horse": null, "foot": null, "cycleway": null, "bicycle": null, "access": null, "surface": "asphalt", "lit": "yes", "oneway": null, "name": "Pazhavadi Ganapathy Temple Road" }, "geometry": { "type": "LineString", "coordinates": [ [ 76.9977735, 8.609877 ], [ 76.9978346, 8.6098882 ], [ 76.9979813, 8.6099159 ], [ 76.9982598, 8.6098174 ], [ 76.9985495, 8.6097272 ], [ 76.9985971, 8.6097138 ], [ 76.9988124, 8.609653 ], [ 76.9991503, 8.6096052 ], [ 76.9994892, 8.6095826 ], [ 76.9998707, 8.6095649 ], [ 77.0001159, 8.6094676 ], [ 77.0004324, 8.6093986 ], [ 77.0004866, 8.6093895 ], [ 77.0005169, 8.6093844 ], [ 77.0007007, 8.6093536 ], [ 77.0011713, 8.6094085 ] ] } },
{ "type": "Feature", "properties": { "full_id": "w847469607", "osm_id": "847469607", "osm_type": "way", "highway": "residential", "noexit": null, "cutting": null, "noname": null, "tunnel": null, "ford": null, "wheelchair": null, "id": null, "vehicle": null, "bicycle_road": null, "width": null, "name:en": null, "junction": null, "layer": null, "bridge": null, "maxspeed": null, "lanes": null, "_Shape_Le_1_": null, "_SHAPE_Leng_": null, "_OBJECTID_1_": null, "_OBJECTID_": null, "_ID_": null, "sidewalk": null, "motor_vehicle": null, "horse": null, "foot": null, "cycleway": null, "bicycle": null, "access": null, "surface": null, "lit": null, "oneway": null, "name": null }, "geometry": { "type": "LineString", "coordinates": [ [ 76.9564217, 8.5964553 ], [ 76.9563204, 8.5962435 ], [ 76.956256, 8.5960632 ], [ 76.9562185, 8.5959571 ], [ 76.9561702, 8.595851 ], [ 76.9561273, 8.5957131 ], [ 76.9560951, 8.5955699 ], [ 76.9560709, 8.5954214 ], [ 76.9560709, 8.5952569 ], [ 76.9560897, 8.5950952 ], [ 76.9561528, 8.5949339 ] ] } },
{ "type": "Feature", "properties": { "full_id": "w1306285494", "osm_id": "1306285494", "osm_type": "way", "highway": "residential", "noexit": null, "cutting": null, "noname": null, "tunnel": null, "ford": null, "wheelchair": null, "id": null, "vehicle": null, "bicycle_road": null, "width": null, "name:en": null, "junction": null, "layer": "1", "bridge": "yes", "maxspeed": null, "lanes": null, "_Shape_Le_1_": null, "_SHAPE_Leng_": null, "_OBJECTID_1_": null, "_OBJECTID_": null, "_ID_": null, "sidewalk": null, "motor_vehicle": null, "horse": null, "foot": null, "cycleway": null, "bicycle": null, "access": null, "surface": null, "lit": null, "oneway": null, "name": null }, "geometry": { "type": "LineString", "coordinates": [ [ 76.9904049, 8.5932696 ], [ 76.9904392, 8.5932163 ] ] } },
{ "type": "Feature", "properties": { "full_id": "w149706107", "osm_id": "149706107", "osm_type": "way", "highway": "residential", "noexit": null, "cutting": null, "noname": null, "tunnel": null, "ford": null, "wheelchair": null, "id": null, "vehicle": null, "bicycle_road": null, "width": null, "name:en": null, "junction": null, "layer": null, "bridge": null, "maxspeed": null, "lanes": null, "_Shape_Le_1_": null, "_SHAPE_Leng_": null, "_OBJECTID_1_": null, "_OBJECTID_": null, "_ID_": null, "sidewalk": null, "motor_vehicle": null, "horse": null, "foot": null, "cycleway": null, "bicycle": null, "access": null, "surface": "asphalt", "lit": null, "oneway": null, "name": "Temple Road" }, "geometry": { "type": "LineString", "coordinates": [ [ 76.9989487, 8.6076693 ], [ 76.9992869, 8.6076104 ], [ 76.9995718, 8.6076461 ], [ 76.9997408, 8.6077762 ], [ 76.999818, 8.6079498 ], [ 76.9999319, 8.6082955 ], [ 76.9999342, 8.6084608 ], [ 76.9998795, 8.6085172 ], [ 76.9998398, 8.6085582 ], [ 76.999814, 8.6085849 ], [ 76.9998042, 8.608757 ], [ 76.9997944, 8.6089307 ], [ 76.999836, 8.6090492 ], [ 76.9998707, 8.6095649 ], [ 76.999868, 8.6096929 ], [ 76.9998559, 8.6099541 ], [ 76.9998613, 8.6100019 ], [ 76.999922, 8.6100152 ] ] } },
{ "type": "Feature", "properties": { "full_id": "w1306285495", "osm_id": "1306285495", "osm_type": "way", "highway": "residential", "noexit": null, "cutting": null, "noname": null, "tunnel": null, "ford": null, "wheelchair": null, "id": null, "vehicle": null, "bicycle_road": null, "width": null, "name:en": null, "junction": null, "layer": null, "bridge": null, "maxspeed": null, "lanes": null, "_Shape_Le_1_": null, "_SHAPE_Leng_": null, "_OBJECTID_1_": null, "_OBJECTID_": null, "_ID_": null, "sidewalk": null, "motor_vehicle": null, "horse": null, "foot": null, "cycleway": null, "bicycle": null, "access": null, "surface": null, "lit": null, "oneway": null, "name": null }, "geometry": { "type": "LineString", "coordinates": [ [ 76.9904022, 8.5932738 ], [ 76.9904049, 8.5932696 ] ] } },
{ "type": "Feature", "properties": { "full_id": "w149706213", "osm_id": "149706213", "osm_type": "way", "highway": "residential", "noexit": null, "cutting": null, "noname": null, "tunnel": null, "ford": null, "wheelchair": null, "id": null, "vehicle": null, "bicycle_road": null, "width": null, "name:en": null, "junction": null, "layer": null, "bridge": null, "maxspeed": null, "lanes": null, "_Shape_Le_1_": null, "_SHAPE_Leng_": null, "_OBJECTID_1_": null, "_OBJECTID_": null, "_ID_": null, "sidewalk": null, "motor_vehicle": null, "horse": null, "foot": null, "cycleway": null, "bicycle": null, "access": null, "surface": null, "lit": null, "oneway": null, "name": null }, "geometry": { "type": "LineString", "coordinates": [ [ 77.0026264, 8.6071277 ], [ 77.0025232, 8.6073391 ], [ 77.0024017, 8.6075972 ], [ 77.002376, 8.6077427 ], [ 77.0023151, 8.6078773 ], [ 77.0022539, 8.6080185 ], [ 77.0022332, 8.6080914 ], [ 77.0022936, 8.6083044 ], [ 77.0022755, 8.6085113 ], [ 77.0022715, 8.6086243 ], [ 77.0022659, 8.6087825 ] ] } },
{ "type": "Feature", "properties": { "full_id": "w1306285496", "osm_id": "1306285496", "osm_type": "way", "highway": "residential", "noexit": null, "cutting": null, "noname": null, "tunnel": null, "ford": null, "wheelchair": null, "id": null, "vehicle": null, "bicycle_road": null, "width": null, "name:en": null, "junction": null, "layer": null, "bridge": null, "maxspeed": null, "lanes": null, "_Shape_Le_1_": null, "_SHAPE_Leng_": null, "_OBJECTID_1_": null, "_OBJECTID_": null, "_ID_": null, "sidewalk": null, "motor_vehicle": null, "horse": null, "foot": null, "cycleway": null, "bicycle": null, "access": null, "surface": null, "lit": null, "oneway": null, "name": null }, "geometry": { "type": "LineString", "coordinates": [ [ 76.9879198, 8.5935936 ], [ 76.9875234, 8.5932776 ], [ 76.9875111, 8.5932483 ] ] } },
{ "type": "Feature", "properties": { "full_id": "w150789955", "osm_id": "150789955", "osm_type": "way", "highway": "residential", "noexit": null, "cutting": null, "noname": null, "tunnel": null, "ford": null, "wheelchair": null, "id": null, "vehicle": null, "bicycle_road": null, "width": null, "name:en": null, "junction": null, "layer": null, "bridge": null, "maxspeed": null, "lanes": null, "_Shape_Le_1_": null, "_SHAPE_Leng_": null, "_OBJECTID_1_": null, "_OBJECTID_": null, "_ID_": null, "sidewalk": null, "motor_vehicle": null, "horse": null, "foot": null, "cycleway": null, "bicycle": null, "access": null, "surface": null, "lit": null, "oneway": null, "name": null }, "geometry": { "type": "LineString", "coordinates": [ [ 77.0155986, 8.5951563 ], [ 77.015633, 8.5954161 ], [ 77.0157092, 8.5956819 ], [ 77.0156418, 8.5957923 ], [ 77.0157213, 8.5958857 ], [ 77.0158932, 8.5961352 ], [ 77.0161397, 8.5964286 ], [ 77.0164079, 8.5967495 ], [ 77.0166847, 8.597178 ], [ 77.0167762, 8.5974005 ], [ 77.0171048, 8.5974393 ], [ 77.0173486, 8.5974889 ], [ 77.0174546, 8.5975099 ] ] } },
{ "type": "Feature", "properties": { "full_id": "w1306285497", "osm_id": "1306285497", "osm_type": "way", "highway": "residential", "noexit": null, "cutting": null, "noname": null, "tunnel": null, "ford": null, "wheelchair": null, "id": null, "vehicle": null, "bicycle_road": null, "width": null, "name:en": null, "junction": null, "layer": "1", "bridge": "yes", "maxspeed": null, "lanes": null, "_Shape_Le_1_": null, "_SHAPE_Leng_": null, "_OBJECTID_1_": null, "_OBJECTID_": null, "_ID_": null, "sidewalk": null, "motor_vehicle": null, "horse": null, "foot": null, "cycleway": null, "bicycle": null, "access": null, "surface": null, "lit": null, "oneway": null, "name": null }, "geometry": { "type": "LineString", "coordinates": [ [ 76.9875111, 8.5932483 ], [ 76.9874797, 8.5931733 ] ] } },
{ "type": "Feature", "properties": { "full_id": "w151570327", "osm_id": "151570327", "osm_type": "way", "highway": "residential", "noexit": null, "cutting": null, "noname": null, "tunnel": null, "ford": null, "wheelchair": null, "id": null, "vehicle": null, "bicycle_road": null, "width": null, "name:en": null, "junction": null, "layer": null, "bridge": null, "maxspeed": null, "lanes": null, "_Shape_Le_1_": null, "_SHAPE_Leng_": null, "_OBJECTID_1_": null, "_OBJECTID_": null, "_ID_": null, "sidewalk": null, "motor_vehicle": null, "horse": null, "foot": null, "cycleway": null, "bicycle": null, "access": null, "surface": null, "lit": null, "oneway": null, "name": null }, "geometry": { "type": "LineString", "coordinates": [ [ 77.0082149, 8.5976538 ], [ 77.0082729, 8.5976861 ], [ 77.0084229, 8.5977813 ], [ 77.0086777, 8.597942 ], [ 77.0088359, 8.5979722 ], [ 77.0089154, 8.5979096 ], [ 77.008981, 8.5978942 ], [ 77.0090529, 8.5979679 ], [ 77.0091784, 8.5981965 ], [ 77.0094211, 8.5986157 ], [ 77.0096001, 8.5990647 ], [ 77.0096632, 8.5993628 ], [ 77.0097023, 8.5996234 ], [ 77.009536, 8.5996924 ], [ 77.0095168, 8.5997146 ], [ 77.0094126, 8.5998356 ], [ 77.0093912, 8.6000424 ], [ 77.0093639, 8.6001922 ] ] } },
{ "type": "Feature", "properties": { "full_id": "w1306285499", "osm_id": "1306285499", "osm_type": "way", "highway": "residential", "noexit": null, "cutting": null, "noname": null, "tunnel": null, "ford": null, "wheelchair": null, "id": null, "vehicle": null, "bicycle_road": null, "width": null, "name:en": null, "junction": null, "layer": "1", "bridge": "yes", "maxspeed": null, "lanes": null, "_Shape_Le_1_": null, "_SHAPE_Leng_": null, "_OBJECTID_1_": null, "_OBJECTID_": null, "_ID_": null, "sidewalk": null, "motor_vehicle": null, "horse": null, "foot": null, "cycleway": null, "bicycle": null, "access": null, "surface": null, "lit": null, "oneway": null, "name": null }, "geometry": { "type": "LineString", "coordinates": [ [ 76.9839604, 8.5945896 ], [ 76.9838811, 8.594548 ] ] } },
{ "type": "Feature", "properties": { "full_id": "w151570455", "osm_id": "151570455", "osm_type": "way", "highway": "residential", "noexit": null, "cutting": null, "noname": null, "tunnel": null, "ford": null, "wheelchair": null, "id": null, "vehicle": null, "bicycle_road": null, "width": null, "name:en": null, "junction": null, "layer": null, "bridge": null, "maxspeed": null, "lanes": null, "_Shape_Le_1_": null, "_SHAPE_Leng_": null, "_OBJECTID_1_": null, "_OBJECTID_": null, "_ID_": null, "sidewalk": null, "motor_vehicle": null, "horse": null, "foot": null, "cycleway": null, "bicycle": null, "access": null, "surface": null, "lit": null, "oneway": null, "name": "Mukkolakkal Road" }, "geometry": { "type": "LineString", "coordinates": [ [ 77.0068062, 8.605128 ], [ 77.0073644, 8.6048229 ], [ 77.0073982, 8.6043522 ], [ 77.0076452, 8.6039968 ], [ 77.0080285, 8.6034452 ], [ 77.0084014, 8.6031535 ], [ 77.0091385, 8.6027088 ], [ 77.0094261, 8.6025353 ], [ 77.0096191, 8.6024189 ], [ 77.0101539, 8.6017545 ], [ 77.0104087, 8.6013169 ], [ 77.01056, 8.6005898 ] ] } },
{ "type": "Feature", "properties": { "full_id": "w1306285500", "osm_id": "1306285500", "osm_type": "way", "highway": "residential", "noexit": null, "cutting": null, "noname": null, "tunnel": null, "ford": null, "wheelchair": null, "id": null, "vehicle": null, "bicycle_road": null, "width": null, "name:en": null, "junction": null, "layer": null, "bridge": null, "maxspeed": null, "lanes": null, "_Shape_Le_1_": null, "_SHAPE_Leng_": null, "_OBJECTID_1_": null, "_OBJECTID_": null, "_ID_": null, "sidewalk": null, "motor_vehicle": null, "horse": null, "foot": null, "cycleway": null, "bicycle": null, "access": null, "surface": null, "lit": null, "oneway": null, "name": null }, "geometry": { "type": "LineString", "coordinates": [ [ 76.9828001, 8.5984205 ], [ 76.9829218, 8.5981527 ] ] } },
{ "type": "Feature", "properties": { "full_id": "w151570456", "osm_id": "151570456", "osm_type": "way", "highway": "residential", "noexit": null, "cutting": null, "noname": null, "tunnel": null, "ford": null, "wheelchair": null, "id": null, "vehicle": null, "bicycle_road": null, "width": null, "name:en": null, "junction": null, "layer": null, "bridge": null, "maxspeed": null, "lanes": null, "_Shape_Le_1_": null, "_SHAPE_Leng_": null, "_OBJECTID_1_": null, "_OBJECTID_": null, "_ID_": null, "sidewalk": null, "motor_vehicle": null, "horse": null, "foot": null, "cycleway": null, "bicycle": null, "access": null, "surface": null, "lit": null, "oneway": null, "name": null }, "geometry": { "type": "LineString", "coordinates": [ [ 77.01056, 8.6005898 ], [ 77.010687, 8.5999905 ], [ 77.0108241, 8.5994313 ], [ 77.0108957, 8.5990888 ], [ 77.011024, 8.5987706 ], [ 77.011171, 8.5984038 ], [ 77.01132, 8.5981491 ], [ 77.0114738, 8.5980015 ], [ 77.0118314, 8.5977135 ], [ 77.0120171, 8.5976444 ], [ 77.0125105, 8.5975656 ], [ 77.0126151, 8.59738 ], [ 77.013374, 8.5972203 ], [ 77.0134091, 8.5972129 ], [ 77.0140367, 8.5971439 ], [ 77.0145651, 8.5969503 ], [ 77.0150023, 8.5969689 ], [ 77.0153708, 8.5968747 ], [ 77.0161397, 8.5964286 ] ] } },
{ "type": "Feature", "properties": { "full_id": "w857782765", "osm_id": "857782765", "osm_type": "way", "highway": "residential", "noexit": null, "cutting": null, "noname": null, "tunnel": null, "ford": null, "wheelchair": null, "id": null, "vehicle": null, "bicycle_road": null, "width": null, "name:en": null, "junction": null, "layer": null, "bridge": null, "maxspeed": null, "lanes": null, "_Shape_Le_1_": null, "_SHAPE_Leng_": null, "_OBJECTID_1_": null, "_OBJECTID_": null, "_ID_": null, "sidewalk": null, "motor_vehicle": null, "horse": null, "foot": null, "cycleway": null, "bicycle": null, "access": null, "surface": null, "lit": null, "oneway": null, "name": null }, "geometry": { "type": "LineString", "coordinates": [ [ 76.9959627, 8.6014836 ], [ 76.9960884, 8.6015083 ], [ 76.9962814, 8.6014861 ], [ 76.9963941, 8.6014723 ], [ 76.9964867, 8.6014523 ], [ 76.9965391, 8.6014279 ], [ 76.9965477, 8.6014015 ], [ 76.9965494, 8.6013316 ], [ 76.9965374, 8.6012043 ], [ 76.9965298, 8.6011101 ] ] } },
{ "type": "Feature", "properties": { "full_id": "w151570599", "osm_id": "151570599", "osm_type": "way", "highway": "residential", "noexit": null, "cutting": null, "noname": null, "tunnel": null, "ford": null, "wheelchair": null, "id": null, "vehicle": null, "bicycle_road": null, "width": null, "name:en": null, "junction": null, "layer": null, "bridge": null, "maxspeed": null, "lanes": null, "_Shape_Le_1_": null, "_SHAPE_Leng_": null, "_OBJECTID_1_": null, "_OBJECTID_": null, "_ID_": null, "sidewalk": null, "motor_vehicle": null, "horse": null, "foot": null, "cycleway": null, "bicycle": null, "access": null, "surface": "asphalt", "lit": null, "oneway": null, "name": null }, "geometry": { "type": "LineString", "coordinates": [ [ 77.0022128, 8.6111239 ], [ 77.0021384, 8.6107568 ], [ 77.0019614, 8.6101495 ], [ 77.0019614, 8.6096403 ], [ 77.0017952, 8.6091076 ] ] } },
{ "type": "Feature", "properties": { "full_id": "w857783590", "osm_id": "857783590", "osm_type": "way", "highway": "residential", "noexit": null, "cutting": null, "noname": null, "tunnel": null, "ford": null, "wheelchair": null, "id": null, "vehicle": null, "bicycle_road": null, "width": null, "name:en": null, "junction": null, "layer": null, "bridge": null, "maxspeed": null, "lanes": null, "_Shape_Le_1_": null, "_SHAPE_Leng_": null, "_OBJECTID_1_": null, "_OBJECTID_": null, "_ID_": null, "sidewalk": null, "motor_vehicle": null, "horse": null, "foot": null, "cycleway": null, "bicycle": null, "access": null, "surface": null, "lit": null, "oneway": null, "name": null }, "geometry": { "type": "LineString", "coordinates": [ [ 77.0001446, 8.6262395 ], [ 77.0002594, 8.6262257 ], [ 77.0004184, 8.6261948 ], [ 77.0005745, 8.6261611 ], [ 77.0007165, 8.6260966 ], [ 77.0008868, 8.6260461 ], [ 77.0010912, 8.6259731 ], [ 77.0012133, 8.6258552 ], [ 77.0013802, 8.6256995 ], [ 77.0015294, 8.6256768 ], [ 77.001759, 8.6256995 ], [ 77.0019588, 8.6256904 ], [ 77.0020966, 8.6255996 ], [ 77.002239, 8.6254316 ], [ 77.0023744, 8.6253022 ], [ 77.0025857, 8.6251524 ], [ 77.0029416, 8.6249866 ], [ 77.0029875, 8.6249163 ], [ 77.0030932, 8.6248186 ], [ 77.0032263, 8.6247051 ], [ 77.0033687, 8.6246597 ], [ 77.0035272, 8.6246484 ], [ 77.003658, 8.6246552 ], [ 77.0037246, 8.6245893 ], [ 77.0039129, 8.6244236 ], [ 77.0040231, 8.6243033 ], [ 77.0041104, 8.6242284 ], [ 77.0043194, 8.6241693 ], [ 77.0044778, 8.6241898 ], [ 77.0045903, 8.6241466 ], [ 77.0046248, 8.6240218 ], [ 77.0047297, 8.6238879 ], [ 77.0048201, 8.6238172 ] ] } },
{ "type": "Feature", "properties": { "full_id": "w154145259", "osm_id": "154145259", "osm_type": "way", "highway": "residential", "noexit": null, "cutting": null, "noname": null, "tunnel": null, "ford": null, "wheelchair": null, "id": null, "vehicle": null, "bicycle_road": null, "width": null, "name:en": null, "junction": null, "layer": null, "bridge": null, "maxspeed": null, "lanes": null, "_Shape_Le_1_": null, "_SHAPE_Leng_": null, "_OBJECTID_1_": null, "_OBJECTID_": null, "_ID_": null, "sidewalk": null, "motor_vehicle": null, "horse": null, "foot": null, "cycleway": null, "bicycle": null, "access": null, "surface": null, "lit": null, "oneway": null, "name": null }, "geometry": { "type": "LineString", "coordinates": [ [ 77.0057479, 8.6074194 ], [ 77.0057677, 8.6072986 ], [ 77.0059521, 8.606901 ], [ 77.006304, 8.6064868 ], [ 77.0066046, 8.6062003 ], [ 77.006787, 8.6059988 ], [ 77.0069481, 8.6057901 ], [ 77.0070123, 8.6056169 ], [ 77.0069396, 8.6054103 ], [ 77.0068253, 8.605252 ], [ 77.0068062, 8.605128 ], [ 77.0067971, 8.6050694 ], [ 77.0067801, 8.6046269 ], [ 77.0067162, 8.6041778 ], [ 77.0066998, 8.6038395 ], [ 77.0067371, 8.6036949 ], [ 77.0068572, 8.6034788 ], [ 77.0071576, 8.6030439 ], [ 77.0074044, 8.6027257 ], [ 77.0077155, 8.6023438 ], [ 77.0079871, 8.6020461 ], [ 77.0080966, 8.6019855 ], [ 77.0084894, 8.6018584 ], [ 77.0086714, 8.6018103 ], [ 77.0087893, 8.6018651 ], [ 77.0088717, 8.6018953 ], [ 77.0089803, 8.6018983 ], [ 77.0090676, 8.6018383 ], [ 77.0091216, 8.601718 ], [ 77.009112, 8.6015576 ], [ 77.009068, 8.60138 ], [ 77.0090419, 8.601168 ], [ 77.0090283, 8.6011325 ], [ 77.0090012, 8.6010615 ], [ 77.00896, 8.6009539 ], [ 77.0088349, 8.6008286 ] ] } },
{ "type": "Feature", "properties": { "full_id": "w736486614", "osm_id": "736486614", "osm_type": "way", "highway": "residential", "noexit": null, "cutting": null, "noname": null, "tunnel": null, "ford": null, "wheelchair": null, "id": null, "vehicle": null, "bicycle_road": null, "width": null, "name:en": null, "junction": null, "layer": null, "bridge": null, "maxspeed": "20", "lanes": "1", "_Shape_Le_1_": null, "_SHAPE_Leng_": null, "_OBJECTID_1_": null, "_OBJECTID_": null, "_ID_": null, "sidewalk": null, "motor_vehicle": null, "horse": null, "foot": null, "cycleway": null, "bicycle": null, "access": null, "surface": "concrete", "lit": null, "oneway": null, "name": null }, "geometry": { "type": "LineString", "coordinates": [ [ 77.0062271, 8.6103377 ], [ 77.0055457, 8.6103609 ] ] } },
{ "type": "Feature", "properties": { "full_id": "w736486615", "osm_id": "736486615", "osm_type": "way", "highway": "residential", "noexit": null, "cutting": null, "noname": null, "tunnel": null, "ford": null, "wheelchair": null, "id": null, "vehicle": null, "bicycle_road": null, "width": null, "name:en": null, "junction": null, "layer": null, "bridge": null, "maxspeed": "20", "lanes": "1", "_Shape_Le_1_": null, "_SHAPE_Leng_": null, "_OBJECTID_1_": null, "_OBJECTID_": null, "_ID_": null, "sidewalk": null, "motor_vehicle": null, "horse": null, "foot": null, "cycleway": null, "bicycle": null, "access": null, "surface": "concrete", "lit": null, "oneway": null, "name": null }, "geometry": { "type": "LineString", "coordinates": [ [ 77.0060897, 8.6100102 ], [ 77.006013, 8.6100048 ], [ 77.0057417, 8.6099683 ], [ 77.005498, 8.6099495 ], [ 77.0054458, 8.6099497 ], [ 77.0053764, 8.6099565 ], [ 77.0053507, 8.6099703 ], [ 77.0053368, 8.6099957 ], [ 77.0053259, 8.6101887 ], [ 77.00532, 8.6102189 ], [ 77.0052745, 8.6102559 ], [ 77.0052049, 8.6102728 ], [ 77.0051523, 8.6102808 ] ] } },
{ "type": "Feature", "properties": { "full_id": "w1031914309", "osm_id": "1031914309", "osm_type": "way", "highway": "residential", "noexit": null, "cutting": null, "noname": null, "tunnel": null, "ford": null, "wheelchair": null, "id": null, "vehicle": null, "bicycle_road": null, "width": null, "name:en": null, "junction": null, "layer": null, "bridge": null, "maxspeed": null, "lanes": null, "_Shape_Le_1_": null, "_SHAPE_Leng_": null, "_OBJECTID_1_": null, "_OBJECTID_": null, "_ID_": null, "sidewalk": null, "motor_vehicle": null, "horse": null, "foot": null, "cycleway": null, "bicycle": null, "access": null, "surface": null, "lit": null, "oneway": null, "name": null }, "geometry": { "type": "LineString", "coordinates": [ [ 76.9814428, 8.5997771 ], [ 76.9814587, 8.5996733 ], [ 76.9814764, 8.5995403 ], [ 76.9814941, 8.5994983 ], [ 76.9815437, 8.5994633 ], [ 76.9815968, 8.5994633 ], [ 76.9817737, 8.5995158 ], [ 76.9819011, 8.5995298 ], [ 76.981979, 8.5995123 ], [ 76.982071, 8.5994738 ], [ 76.9821736, 8.5994108 ], [ 76.9822232, 8.5993688 ], [ 76.9822409, 8.5992848 ], [ 76.9822338, 8.5991204 ], [ 76.9822197, 8.5989559 ], [ 76.9822586, 8.5987949 ], [ 76.9823294, 8.5986584 ], [ 76.9824886, 8.598501 ], [ 76.9826408, 8.5983855 ], [ 76.9827222, 8.5983575 ], [ 76.9828001, 8.5984205 ], [ 76.9829487, 8.5986654 ], [ 76.9829806, 8.5987529 ], [ 76.9829841, 8.5988264 ], [ 76.9829392, 8.5990082 ], [ 76.9832099, 8.5991596 ] ] } },
{ "type": "Feature", "properties": { "full_id": "w736699058", "osm_id": "736699058", "osm_type": "way", "highway": "residential", "noexit": null, "cutting": null, "noname": null, "tunnel": null, "ford": null, "wheelchair": null, "id": null, "vehicle": null, "bicycle_road": null, "width": null, "name:en": null, "junction": null, "layer": null, "bridge": null, "maxspeed": null, "lanes": null, "_Shape_Le_1_": null, "_SHAPE_Leng_": null, "_OBJECTID_1_": null, "_OBJECTID_": null, "_ID_": null, "sidewalk": null, "motor_vehicle": null, "horse": null, "foot": null, "cycleway": null, "bicycle": null, "access": null, "surface": null, "lit": null, "oneway": null, "name": null }, "geometry": { "type": "LineString", "coordinates": [ [ 76.9973931, 8.6049157 ], [ 76.9973789, 8.6048726 ], [ 76.9973347, 8.6047711 ], [ 76.9972709, 8.6046591 ], [ 76.9971984, 8.6045384 ], [ 76.9971524, 8.6044806 ], [ 76.9971311, 8.6044491 ], [ 76.9971011, 8.6044386 ], [ 76.9970639, 8.6044386 ], [ 76.9970391, 8.6044456 ] ] } },
{ "type": "Feature", "properties": { "full_id": "w1031914310", "osm_id": "1031914310", "osm_type": "way", "highway": "residential", "noexit": null, "cutting": null, "noname": null, "tunnel": null, "ford": null, "wheelchair": null, "id": null, "vehicle": null, "bicycle_road": null, "width": null, "name:en": null, "junction": null, "layer": null, "bridge": null, "maxspeed": null, "lanes": null, "_Shape_Le_1_": null, "_SHAPE_Leng_": null, "_OBJECTID_1_": null, "_OBJECTID_": null, "_ID_": null, "sidewalk": null, "motor_vehicle": null, "horse": null, "foot": null, "cycleway": null, "bicycle": null, "access": null, "surface": null, "lit": null, "oneway": null, "name": null }, "geometry": { "type": "LineString", "coordinates": [ [ 76.9820569, 8.5964853 ], [ 76.9823117, 8.5965903 ], [ 76.9825807, 8.5967407 ], [ 76.9827505, 8.5968807 ], [ 76.9829558, 8.5971012 ], [ 76.9831505, 8.5972412 ], [ 76.9833345, 8.5973392 ], [ 76.9834194, 8.5973601 ], [ 76.9834725, 8.5973357 ], [ 76.9835008, 8.5972587 ], [ 76.9835008, 8.5971082 ], [ 76.9835008, 8.5969122 ], [ 76.9835433, 8.5967967 ], [ 76.9836106, 8.5967163 ], [ 76.9836601, 8.5966603 ], [ 76.9837274, 8.5966323 ], [ 76.9838264, 8.5966288 ], [ 76.9843009, 8.5965999 ] ] } },
{ "type": "Feature", "properties": { "full_id": "w737049441", "osm_id": "737049441", "osm_type": "way", "highway": "residential", "noexit": null, "cutting": null, "noname": null, "tunnel": null, "ford": null, "wheelchair": null, "id": null, "vehicle": null, "bicycle_road": null, "width": null, "name:en": null, "junction": null, "layer": null, "bridge": null, "maxspeed": null, "lanes": null, "_Shape_Le_1_": null, "_SHAPE_Leng_": null, "_OBJECTID_1_": null, "_OBJECTID_": null, "_ID_": null, "sidewalk": null, "motor_vehicle": null, "horse": null, "foot": null, "cycleway": null, "bicycle": null, "access": null, "surface": "asphalt", "lit": "no", "oneway": null, "name": null }, "geometry": { "type": "LineString", "coordinates": [ [ 76.9979391, 8.6105818 ], [ 76.9987761, 8.61043 ], [ 76.9993619, 8.6103238 ], [ 76.9997124, 8.6102946 ] ] } },
{ "type": "Feature", "properties": { "full_id": "w867681685", "osm_id": "867681685", "osm_type": "way", "highway": "residential", "noexit": null, "cutting": null, "noname": null, "tunnel": null, "ford": null, "wheelchair": null, "id": null, "vehicle": null, "bicycle_road": null, "width": null, "name:en": null, "junction": null, "layer": null, "bridge": null, "maxspeed": null, "lanes": null, "_Shape_Le_1_": null, "_SHAPE_Leng_": null, "_OBJECTID_1_": null, "_OBJECTID_": null, "_ID_": null, "sidewalk": null, "motor_vehicle": null, "horse": null, "foot": null, "cycleway": null, "bicycle": null, "access": null, "surface": null, "lit": null, "oneway": null, "name": null }, "geometry": { "type": "LineString", "coordinates": [ [ 76.9908564, 8.5977185 ], [ 76.9910121, 8.5977986 ], [ 76.9912432, 8.598013 ], [ 76.9913023, 8.5980285 ], [ 76.9914361, 8.5979319 ], [ 76.9916238, 8.5978915 ], [ 76.9916626, 8.5978968 ], [ 76.9916838, 8.5979308 ] ] } },
{ "type": "Feature", "properties": { "full_id": "w737203877", "osm_id": "737203877", "osm_type": "way", "highway": "residential", "noexit": null, "cutting": null, "noname": null, "tunnel": null, "ford": null, "wheelchair": null, "id": null, "vehicle": null, "bicycle_road": null, "width": null, "name:en": null, "junction": null, "layer": null, "bridge": null, "maxspeed": null, "lanes": null, "_Shape_Le_1_": null, "_SHAPE_Leng_": null, "_OBJECTID_1_": null, "_OBJECTID_": null, "_ID_": null, "sidewalk": null, "motor_vehicle": null, "horse": null, "foot": null, "cycleway": null, "bicycle": null, "access": null, "surface": "ground", "lit": null, "oneway": null, "name": null }, "geometry": { "type": "LineString", "coordinates": [ [ 76.993575, 8.5983032 ], [ 76.9936793, 8.5982707 ], [ 76.9938311, 8.5982314 ], [ 76.9940038, 8.5981991 ], [ 76.9940926, 8.5981852 ], [ 76.994165, 8.5981806 ], [ 76.9942117, 8.598176 ], [ 76.9943331, 8.5981298 ], [ 76.9944148, 8.5980952 ], [ 76.9944592, 8.598056 ], [ 76.9944919, 8.5980167 ] ] } },
{ "type": "Feature", "properties": { "full_id": "w867681686", "osm_id": "867681686", "osm_type": "way", "highway": "residential", "noexit": null, "cutting": null, "noname": null, "tunnel": null, "ford": null, "wheelchair": null, "id": null, "vehicle": null, "bicycle_road": null, "width": null, "name:en": null, "junction": null, "layer": null, "bridge": null, "maxspeed": null, "lanes": null, "_Shape_Le_1_": null, "_SHAPE_Leng_": null, "_OBJECTID_1_": null, "_OBJECTID_": null, "_ID_": null, "sidewalk": null, "motor_vehicle": null, "horse": null, "foot": null, "cycleway": null, "bicycle": null, "access": null, "surface": null, "lit": null, "oneway": null, "name": null }, "geometry": { "type": "LineString", "coordinates": [ [ 76.9935398, 8.5982565 ], [ 76.9933603, 8.5983027 ], [ 76.9931485, 8.598361 ], [ 76.9929193, 8.5985035 ] ] } },
{ "type": "Feature", "properties": { "full_id": "w1031914312", "osm_id": "1031914312", "osm_type": "way", "highway": "residential", "noexit": null, "cutting": null, "noname": null, "tunnel": null, "ford": null, "wheelchair": null, "id": null, "vehicle": null, "bicycle_road": null, "width": null, "name:en": null, "junction": null, "layer": null, "bridge": null, "maxspeed": null, "lanes": null, "_Shape_Le_1_": null, "_SHAPE_Leng_": null, "_OBJECTID_1_": null, "_OBJECTID_": null, "_ID_": null, "sidewalk": null, "motor_vehicle": null, "horse": null, "foot": null, "cycleway": null, "bicycle": null, "access": null, "surface": null, "lit": null, "oneway": null, "name": null }, "geometry": { "type": "LineString", "coordinates": [ [ 76.9783086, 8.5938487 ], [ 76.9786993, 8.5938935 ], [ 76.9790815, 8.5939257 ], [ 76.9793783, 8.5940382 ], [ 76.9797889, 8.594199 ], [ 76.9801263, 8.5943156 ], [ 76.9803662, 8.5944523 ], [ 76.9804556, 8.5945608 ], [ 76.980541, 8.5946854 ], [ 76.9806386, 8.5948141 ], [ 76.9807483, 8.5949065 ], [ 76.9808418, 8.5949427 ], [ 76.9809475, 8.5949226 ], [ 76.9810492, 8.5948864 ], [ 76.9813622, 8.5946412 ], [ 76.9815248, 8.5944643 ], [ 76.98172, 8.5943638 ], [ 76.9819476, 8.5942955 ], [ 76.9821306, 8.5942553 ], [ 76.9821794, 8.5943076 ], [ 76.9822078, 8.594392 ], [ 76.9822136, 8.5944624 ] ] } },
{ "type": "Feature", "properties": { "full_id": "w737206744", "osm_id": "737206744", "osm_type": "way", "highway": "residential", "noexit": null, "cutting": null, "noname": null, "tunnel": null, "ford": null, "wheelchair": null, "id": null, "vehicle": null, "bicycle_road": null, "width": null, "name:en": null, "junction": null, "layer": null, "bridge": null, "maxspeed": null, "lanes": null, "_Shape_Le_1_": null, "_SHAPE_Leng_": null, "_OBJECTID_1_": null, "_OBJECTID_": null, "_ID_": null, "sidewalk": null, "motor_vehicle": null, "horse": null, "foot": null, "cycleway": null, "bicycle": null, "access": null, "surface": "asphalt", "lit": null, "oneway": null, "name": "Kochu kattakkal - Kunnam Road" }, "geometry": { "type": "LineString", "coordinates": [ [ 76.993113, 8.5976937 ], [ 76.9932349, 8.5976219 ], [ 76.993315, 8.5975732 ], [ 76.9933659, 8.5975001 ], [ 76.9933828, 8.5974544 ], [ 76.9933998, 8.5973858 ], [ 76.9934105, 8.5973523 ], [ 76.9934337, 8.5973325 ], [ 76.9934614, 8.5973173 ], [ 76.9935153, 8.5973127 ], [ 76.9937109, 8.5973142 ], [ 76.9939698, 8.5973005 ], [ 76.9940144, 8.5972899 ], [ 76.9940653, 8.5972746 ], [ 76.9940826, 8.5972645 ], [ 76.9941146, 8.5972457 ], [ 76.9941377, 8.597203 ], [ 76.9941546, 8.5971162 ], [ 76.9941634, 8.5969284 ], [ 76.9941685, 8.5968207 ], [ 76.9941746, 8.5966455 ], [ 76.9941885, 8.5965892 ], [ 76.9942162, 8.5965465 ], [ 76.9942578, 8.5965085 ], [ 76.9943148, 8.5964384 ], [ 76.9944119, 8.5962495 ], [ 76.9944458, 8.5961642 ], [ 76.994475, 8.5961231 ], [ 76.9945012, 8.5960926 ], [ 76.9945182, 8.5960637 ], [ 76.9945182, 8.5960363 ], [ 76.9945074, 8.5960058 ], [ 76.9944658, 8.5959814 ], [ 76.9944227, 8.5959631 ], [ 76.994378, 8.5959372 ], [ 76.994358, 8.5959068 ], [ 76.9943472, 8.5958763 ], [ 76.9943487, 8.5958382 ], [ 76.9943965, 8.5956082 ], [ 76.9944149, 8.5955027 ], [ 76.9944504, 8.5954072 ], [ 76.9944731, 8.5953598 ], [ 76.9945629, 8.5951726 ], [ 76.9946556, 8.5950007 ], [ 76.9946738, 8.594967 ], [ 76.9947446, 8.5948329 ], [ 76.9947816, 8.5947659 ], [ 76.9948263, 8.5947263 ], [ 76.9948679, 8.5947126 ], [ 76.9949418, 8.5946897 ], [ 76.9949911, 8.5946775 ], [ 76.9950527, 8.5946562 ], [ 76.9950758, 8.5946395 ], [ 76.9950851, 8.5946227 ], [ 76.9950897, 8.5946029 ] ] } },
{ "type": "Feature", "properties": { "full_id": "w1031914313", "osm_id": "1031914313", "osm_type": "way", "highway": "residential", "noexit": null, "cutting": null, "noname": null, "tunnel": null, "ford": null, "wheelchair": null, "id": null, "vehicle": null, "bicycle_road": null, "width": null, "name:en": null, "junction": null, "layer": null, "bridge": null, "maxspeed": null, "lanes": null, "_Shape_Le_1_": null, "_SHAPE_Leng_": null, "_OBJECTID_1_": null, "_OBJECTID_": null, "_ID_": null, "sidewalk": null, "motor_vehicle": null, "horse": null, "foot": null, "cycleway": null, "bicycle": null, "access": null, "surface": null, "lit": null, "oneway": null, "name": null }, "geometry": { "type": "LineString", "coordinates": [ [ 76.9833332, 8.592989 ], [ 76.9834716, 8.592859 ], [ 76.9836228, 8.5927472 ], [ 76.9837343, 8.5927237 ], [ 76.9840213, 8.592786 ] ] } },
{ "type": "Feature", "properties": { "full_id": "w737206745", "osm_id": "737206745", "osm_type": "way", "highway": "residential", "noexit": null, "cutting": null, "noname": null, "tunnel": null, "ford": null, "wheelchair": null, "id": null, "vehicle": null, "bicycle_road": null, "width": null, "name:en": null, "junction": null, "layer": null, "bridge": null, "maxspeed": null, "lanes": null, "_Shape_Le_1_": null, "_SHAPE_Leng_": null, "_OBJECTID_1_": null, "_OBJECTID_": null, "_ID_": null, "sidewalk": null, "motor_vehicle": null, "horse": null, "foot": null, "cycleway": null, "bicycle": null, "access": null, "surface": "ground", "lit": null, "oneway": null, "name": null }, "geometry": { "type": "LineString", "coordinates": [ [ 76.9946556, 8.5950007 ], [ 76.9950389, 8.5951622 ], [ 76.9951283, 8.5952044 ], [ 76.995171, 8.5952245 ], [ 76.9952543, 8.5952566 ], [ 76.9953316, 8.5952707 ] ] } },
{ "type": "Feature", "properties": { "full_id": "w1031914314", "osm_id": "1031914314", "osm_type": "way", "highway": "residential", "noexit": null, "cutting": null, "noname": null, "tunnel": null, "ford": null, "wheelchair": null, "id": null, "vehicle": null, "bicycle_road": null, "width": null, "name:en": null, "junction": null, "layer": null, "bridge": null, "maxspeed": null, "lanes": null, "_Shape_Le_1_": null, "_SHAPE_Leng_": null, "_OBJECTID_1_": null, "_OBJECTID_": null, "_ID_": null, "sidewalk": null, "motor_vehicle": null, "horse": null, "foot": null, "cycleway": null, "bicycle": null, "access": null, "surface": null, "lit": null, "oneway": null, "name": null }, "geometry": { "type": "LineString", "coordinates": [ [ 77.0035664, 8.5959855 ], [ 77.003542, 8.5960217 ], [ 77.0036314, 8.5962387 ], [ 77.0036721, 8.5963473 ], [ 77.0036639, 8.5964156 ], [ 77.0036273, 8.596488 ], [ 77.0036937, 8.5966208 ], [ 77.0033742, 8.5967099 ], [ 77.0030851, 8.5967671 ], [ 77.0029227, 8.5968437 ], [ 77.0028055, 8.5969621 ], [ 77.0025417, 8.597116 ], [ 77.0023785, 8.5972343 ], [ 77.0022561, 8.5972374 ], [ 77.0021159, 8.5973699 ], [ 77.0020363, 8.5974547 ], [ 77.0019177, 8.5975348 ], [ 77.0019361, 8.5975894 ], [ 77.0019845, 8.5976618 ], [ 77.0021272, 8.5977864 ], [ 77.0021272, 8.5978587 ], [ 77.0020825, 8.5979552 ], [ 77.0019239, 8.5982848 ], [ 77.0018019, 8.5985019 ], [ 77.0017044, 8.5985381 ], [ 77.0013344, 8.5984617 ], [ 77.0012572, 8.5984416 ], [ 77.0013182, 8.5988436 ] ] } },
{ "type": "Feature", "properties": { "full_id": "w737206746", "osm_id": "737206746", "osm_type": "way", "highway": "residential", "noexit": null, "cutting": null, "noname": null, "tunnel": null, "ford": null, "wheelchair": null, "id": null, "vehicle": null, "bicycle_road": null, "width": null, "name:en": null, "junction": null, "layer": null, "bridge": null, "maxspeed": null, "lanes": null, "_Shape_Le_1_": null, "_SHAPE_Leng_": null, "_OBJECTID_1_": null, "_OBJECTID_": null, "_ID_": null, "sidewalk": null, "motor_vehicle": null, "horse": null, "foot": null, "cycleway": null, "bicycle": null, "access": null, "surface": "ground", "lit": null, "oneway": null, "name": null }, "geometry": { "type": "LineString", "coordinates": [ [ 76.9951283, 8.5952044 ], [ 76.9951669, 8.5950637 ] ] } },
{ "type": "Feature", "properties": { "full_id": "w1031914315", "osm_id": "1031914315", "osm_type": "way", "highway": "residential", "noexit": null, "cutting": null, "noname": null, "tunnel": null, "ford": null, "wheelchair": null, "id": null, "vehicle": null, "bicycle_road": null, "width": null, "name:en": null, "junction": null, "layer": null, "bridge": null, "maxspeed": null, "lanes": null, "_Shape_Le_1_": null, "_SHAPE_Leng_": null, "_OBJECTID_1_": null, "_OBJECTID_": null, "_ID_": null, "sidewalk": null, "motor_vehicle": null, "horse": null, "foot": null, "cycleway": null, "bicycle": null, "access": null, "surface": "asphalt", "lit": null, "oneway": null, "name": null }, "geometry": { "type": "LineString", "coordinates": [ [ 77.004364, 8.5961273 ], [ 77.0042791, 8.5961588 ], [ 77.0039889, 8.5962358 ], [ 77.0037411, 8.5962848 ], [ 77.0036721, 8.5963473 ] ] } },
{ "type": "Feature", "properties": { "full_id": "w1306285462", "osm_id": "1306285462", "osm_type": "way", "highway": "residential", "noexit": null, "cutting": null, "noname": null, "tunnel": null, "ford": null, "wheelchair": null, "id": null, "vehicle": null, "bicycle_road": null, "width": null, "name:en": null, "junction": null, "layer": "1", "bridge": null, "maxspeed": null, "lanes": null, "_Shape_Le_1_": null, "_SHAPE_Leng_": null, "_OBJECTID_1_": null, "_OBJECTID_": null, "_ID_": null, "sidewalk": null, "motor_vehicle": null, "horse": null, "foot": null, "cycleway": null, "bicycle": null, "access": null, "surface": null, "lit": null, "oneway": null, "name": null }, "geometry": { "type": "LineString", "coordinates": [ [ 76.9796565, 8.6002067 ], [ 76.9797075, 8.6000702 ], [ 76.9798151, 8.5998494 ], [ 76.9799033, 8.5997769 ], [ 76.9803368, 8.5995949 ], [ 76.9805957, 8.5994089 ], [ 76.9808842, 8.5991366 ], [ 76.9812154, 8.5987867 ], [ 76.9813584, 8.5985579 ], [ 76.9814422, 8.598439 ], [ 76.9820868, 8.5981537 ], [ 76.9825561, 8.5981096 ], [ 76.9829218, 8.5981527 ] ] } },
{ "type": "Feature", "properties": { "full_id": "w737206747", "osm_id": "737206747", "osm_type": "way", "highway": "residential", "noexit": null, "cutting": null, "noname": null, "tunnel": null, "ford": null, "wheelchair": null, "id": null, "vehicle": null, "bicycle_road": null, "width": null, "name:en": null, "junction": null, "layer": null, "bridge": null, "maxspeed": null, "lanes": null, "_Shape_Le_1_": null, "_SHAPE_Leng_": null, "_OBJECTID_1_": null, "_OBJECTID_": null, "_ID_": null, "sidewalk": null, "motor_vehicle": null, "horse": null, "foot": null, "cycleway": null, "bicycle": null, "access": null, "surface": "ground", "lit": null, "oneway": null, "name": null }, "geometry": { "type": "LineString", "coordinates": [ [ 76.9951283, 8.5952044 ], [ 76.9950795, 8.595323 ] ] } },
{ "type": "Feature", "properties": { "full_id": "w1049852292", "osm_id": "1049852292", "osm_type": "way", "highway": "residential", "noexit": null, "cutting": null, "noname": null, "tunnel": null, "ford": null, "wheelchair": null, "id": null, "vehicle": null, "bicycle_road": null, "width": null, "name:en": null, "junction": null, "layer": null, "bridge": null, "maxspeed": null, "lanes": null, "_Shape_Le_1_": null, "_SHAPE_Leng_": null, "_OBJECTID_1_": null, "_OBJECTID_": null, "_ID_": null, "sidewalk": null, "motor_vehicle": null, "horse": null, "foot": null, "cycleway": null, "bicycle": null, "access": null, "surface": null, "lit": null, "oneway": null, "name": null }, "geometry": { "type": "LineString", "coordinates": [ [ 77.0323259, 8.6368025 ], [ 77.0324841, 8.636905 ], [ 77.0326475, 8.6370459 ], [ 77.0327876, 8.6371544 ], [ 77.0328553, 8.6371913 ], [ 77.032909, 8.6371844 ], [ 77.0330001, 8.637099 ], [ 77.0331939, 8.6369235 ], [ 77.0332967, 8.6368543 ], [ 77.0334087, 8.6368081 ], [ 77.0334975, 8.6367688 ], [ 77.0335722, 8.636755 ], [ 77.0336562, 8.6367781 ], [ 77.0338104, 8.6368381 ], [ 77.0339878, 8.6369258 ], [ 77.0344011, 8.6370897 ], [ 77.0345599, 8.6371636 ] ] } },
{ "type": "Feature", "properties": { "full_id": "w1300162915", "osm_id": "1300162915", "osm_type": "way", "highway": "residential", "noexit": null, "cutting": null, "noname": null, "tunnel": null, "ford": null, "wheelchair": null, "id": null, "vehicle": null, "bicycle_road": null, "width": null, "name:en": null, "junction": null, "layer": null, "bridge": null, "maxspeed": null, "lanes": null, "_Shape_Le_1_": null, "_SHAPE_Leng_": null, "_OBJECTID_1_": null, "_OBJECTID_": null, "_ID_": null, "sidewalk": null, "motor_vehicle": null, "horse": null, "foot": null, "cycleway": null, "bicycle": null, "access": null, "surface": null, "lit": null, "oneway": null, "name": null }, "geometry": { "type": "LineString", "coordinates": [ [ 76.9698912, 8.5978417 ], [ 76.9702934, 8.5978696 ] ] } },
{ "type": "Feature", "properties": { "full_id": "w1306285463", "osm_id": "1306285463", "osm_type": "way", "highway": "residential", "noexit": null, "cutting": null, "noname": null, "tunnel": null, "ford": null, "wheelchair": null, "id": null, "vehicle": null, "bicycle_road": null, "width": null, "name:en": null, "junction": null, "layer": null, "bridge": null, "maxspeed": null, "lanes": null, "_Shape_Le_1_": null, "_SHAPE_Leng_": null, "_OBJECTID_1_": null, "_OBJECTID_": null, "_ID_": null, "sidewalk": null, "motor_vehicle": null, "horse": null, "foot": null, "cycleway": null, "bicycle": null, "access": null, "surface": null, "lit": null, "oneway": null, "name": null }, "geometry": { "type": "LineString", "coordinates": [ [ 76.9829922, 8.5980498 ], [ 76.9831073, 8.5978815 ], [ 76.9832287, 8.5975952 ], [ 76.9833345, 8.5973392 ] ] } },
{ "type": "Feature", "properties": { "full_id": "w823186508", "osm_id": "823186508", "osm_type": "way", "highway": "residential", "noexit": null, "cutting": null, "noname": null, "tunnel": null, "ford": null, "wheelchair": null, "id": null, "vehicle": null, "bicycle_road": null, "width": null, "name:en": null, "junction": null, "layer": null, "bridge": null, "maxspeed": null, "lanes": null, "_Shape_Le_1_": null, "_SHAPE_Leng_": null, "_OBJECTID_1_": null, "_OBJECTID_": null, "_ID_": null, "sidewalk": null, "motor_vehicle": null, "horse": null, "foot": null, "cycleway": null, "bicycle": null, "access": null, "surface": null, "lit": null, "oneway": null, "name": null }, "geometry": { "type": "LineString", "coordinates": [ [ 76.9896396, 8.6072233 ], [ 76.9896286, 8.6068252 ], [ 76.9900471, 8.6066131 ], [ 76.9909805, 8.6063319 ], [ 76.9910985, 8.6063266 ], [ 76.9912862, 8.6065388 ], [ 76.9914686, 8.606682 ], [ 76.9916188, 8.6066343 ], [ 76.9919246, 8.6064645 ], [ 76.9920265, 8.606438 ], [ 76.9921875, 8.6066778 ] ] } },
{ "type": "Feature", "properties": { "full_id": "w737206748", "osm_id": "737206748", "osm_type": "way", "highway": "residential", "noexit": null, "cutting": null, "noname": null, "tunnel": null, "ford": null, "wheelchair": null, "id": null, "vehicle": null, "bicycle_road": null, "width": null, "name:en": null, "junction": null, "layer": null, "bridge": null, "maxspeed": null, "lanes": null, "_Shape_Le_1_": null, "_SHAPE_Leng_": null, "_OBJECTID_1_": null, "_OBJECTID_": null, "_ID_": null, "sidewalk": null, "motor_vehicle": null, "horse": null, "foot": null, "cycleway": null, "bicycle": null, "access": null, "surface": "ground", "lit": null, "oneway": null, "name": null }, "geometry": { "type": "LineString", "coordinates": [ [ 76.9944731, 8.5953598 ], [ 76.9946709, 8.5954174 ], [ 76.9948844, 8.5954657 ], [ 76.9949697, 8.5954858 ] ] } },
{ "type": "Feature", "properties": { "full_id": "w853923874", "osm_id": "853923874", "osm_type": "way", "highway": "residential", "noexit": null, "cutting": null, "noname": null, "tunnel": null, "ford": null, "wheelchair": null, "id": null, "vehicle": null, "bicycle_road": null, "width": null, "name:en": null, "junction": null, "layer": null, "bridge": null, "maxspeed": null, "lanes": null, "_Shape_Le_1_": null, "_SHAPE_Leng_": null, "_OBJECTID_1_": null, "_OBJECTID_": null, "_ID_": null, "sidewalk": null, "motor_vehicle": null, "horse": null, "foot": null, "cycleway": null, "bicycle": null, "access": null, "surface": null, "lit": null, "oneway": null, "name": null }, "geometry": { "type": "LineString", "coordinates": [ [ 76.9922981, 8.6015606 ], [ 76.9922061, 8.6017141 ], [ 76.9920854, 8.6021575 ], [ 76.9920106, 8.6023735 ], [ 76.9919704, 8.6025213 ], [ 76.9919993, 8.6027054 ], [ 76.9920106, 8.6027772 ], [ 76.9920292, 8.6030729 ], [ 76.992099, 8.6031659 ], [ 76.9921324, 8.603358 ], [ 76.9920899, 8.603445 ], [ 76.9919139, 8.603517 ], [ 76.9918957, 8.603616 ], [ 76.9918714, 8.603865 ], [ 76.9919928, 8.6044231 ], [ 76.9919563, 8.6044801 ], [ 76.9918896, 8.6045251 ], [ 76.9917834, 8.6045851 ], [ 76.9917288, 8.6046661 ], [ 76.9919633, 8.6052159 ], [ 76.992099, 8.6055783 ], [ 76.9920474, 8.6056593 ], [ 76.9919139, 8.6057613 ], [ 76.9917561, 8.6058783 ], [ 76.9917045, 8.6059473 ], [ 76.9916832, 8.6060163 ], [ 76.9917105, 8.6060943 ], [ 76.9918319, 8.6063164 ], [ 76.9919246, 8.6064645 ] ] } },
{ "type": "Feature", "properties": { "full_id": "w1049857381", "osm_id": "1049857381", "osm_type": "way", "highway": "residential", "noexit": null, "cutting": null, "noname": null, "tunnel": null, "ford": null, "wheelchair": null, "id": null, "vehicle": null, "bicycle_road": null, "width": null, "name:en": null, "junction": null, "layer": null, "bridge": null, "maxspeed": null, "lanes": null, "_Shape_Le_1_": null, "_SHAPE_Leng_": null, "_OBJECTID_1_": null, "_OBJECTID_": null, "_ID_": null, "sidewalk": null, "motor_vehicle": null, "horse": null, "foot": null, "cycleway": null, "bicycle": null, "access": null, "surface": null, "lit": null, "oneway": null, "name": null }, "geometry": { "type": "LineString", "coordinates": [ [ 77.0409312, 8.6381579 ], [ 77.0410091, 8.6380564 ], [ 77.0412993, 8.6378255 ], [ 77.0416886, 8.6373636 ], [ 77.0417735, 8.6372621 ], [ 77.0420708, 8.6369367 ], [ 77.0422973, 8.6366673 ], [ 77.0423539, 8.6366393 ], [ 77.0424212, 8.6366603 ], [ 77.0426725, 8.6368317 ], [ 77.0429839, 8.6371326 ], [ 77.0432848, 8.637493 ], [ 77.0434476, 8.6377415 ], [ 77.0435219, 8.6379339 ], [ 77.0435608, 8.6381474 ], [ 77.0435962, 8.6383293 ], [ 77.0435644, 8.6385393 ], [ 77.0435431, 8.6386407 ], [ 77.0434015, 8.6388577 ], [ 77.0433237, 8.6389451 ], [ 77.0432883, 8.6390256 ], [ 77.0432837, 8.6392643 ] ] } },
{ "type": "Feature", "properties": { "full_id": "w1300162916", "osm_id": "1300162916", "osm_type": "way", "highway": "residential", "noexit": null, "cutting": null, "noname": null, "tunnel": null, "ford": null, "wheelchair": null, "id": null, "vehicle": null, "bicycle_road": null, "width": null, "name:en": null, "junction": null, "layer": null, "bridge": null, "maxspeed": null, "lanes": null, "_Shape_Le_1_": null, "_SHAPE_Leng_": null, "_OBJECTID_1_": null, "_OBJECTID_": null, "_ID_": null, "sidewalk": null, "motor_vehicle": null, "horse": null, "foot": null, "cycleway": null, "bicycle": null, "access": null, "surface": null, "lit": null, "oneway": null, "name": null }, "geometry": { "type": "LineString", "coordinates": [ [ 76.9698542, 8.5973992 ], [ 76.9703639, 8.5974717 ] ] } },
{ "type": "Feature", "properties": { "full_id": "w1306285464", "osm_id": "1306285464", "osm_type": "way", "highway": "residential", "noexit": null, "cutting": null, "noname": null, "tunnel": null, "ford": null, "wheelchair": null, "id": null, "vehicle": null, "bicycle_road": null, "width": null, "name:en": null, "junction": null, "layer": null, "bridge": null, "maxspeed": null, "lanes": null, "_Shape_Le_1_": null, "_SHAPE_Leng_": null, "_OBJECTID_1_": null, "_OBJECTID_": null, "_ID_": null, "sidewalk": null, "motor_vehicle": null, "horse": null, "foot": null, "cycleway": null, "bicycle": null, "access": null, "surface": null, "lit": null, "oneway": null, "name": null }, "geometry": { "type": "LineString", "coordinates": [ [ 76.9871494, 8.5938288 ], [ 76.9869763, 8.5934261 ], [ 76.986708, 8.5931928 ], [ 76.9862896, 8.5929594 ], [ 76.9857532, 8.5930442 ], [ 76.9856888, 8.5928851 ], [ 76.9856115, 8.5927377 ], [ 76.9855386, 8.5925987 ], [ 76.9852704, 8.5923335 ], [ 76.9848305, 8.5920364 ], [ 76.9841546, 8.5917606 ] ] } },
{ "type": "Feature", "properties": { "full_id": "w823186509", "osm_id": "823186509", "osm_type": "way", "highway": "residential", "noexit": null, "cutting": null, "noname": null, "tunnel": null, "ford": null, "wheelchair": null, "id": null, "vehicle": null, "bicycle_road": null, "width": null, "name:en": null, "junction": null, "layer": null, "bridge": null, "maxspeed": null, "lanes": null, "_Shape_Le_1_": null, "_SHAPE_Leng_": null, "_OBJECTID_1_": null, "_OBJECTID_": null, "_ID_": null, "sidewalk": null, "motor_vehicle": null, "horse": null, "foot": null, "cycleway": null, "bicycle": null, "access": null, "surface": null, "lit": null, "oneway": null, "name": null }, "geometry": { "type": "LineString", "coordinates": [ [ 76.9921875, 8.6066778 ], [ 76.9922519, 8.6067733 ], [ 76.9923216, 8.6068211 ], [ 76.9926543, 8.6069007 ], [ 76.9926634, 8.6069705 ], [ 76.9926846, 8.6071625 ], [ 76.9926391, 8.6073935 ], [ 76.9927052, 8.6076506 ] ] } },
{ "type": "Feature", "properties": { "full_id": "w737206749", "osm_id": "737206749", "osm_type": "way", "highway": "residential", "noexit": null, "cutting": null, "noname": null, "tunnel": null, "ford": null, "wheelchair": null, "id": null, "vehicle": null, "bicycle_road": null, "width": null, "name:en": null, "junction": null, "layer": null, "bridge": null, "maxspeed": null, "lanes": null, "_Shape_Le_1_": null, "_SHAPE_Leng_": null, "_OBJECTID_1_": null, "_OBJECTID_": null, "_ID_": null, "sidewalk": null, "motor_vehicle": null, "horse": null, "foot": null, "cycleway": null, "bicycle": null, "access": null, "surface": "ground", "lit": null, "oneway": null, "name": null }, "geometry": { "type": "LineString", "coordinates": [ [ 76.9944149, 8.5955027 ], [ 76.9946994, 8.5955621 ], [ 76.994988, 8.5956365 ], [ 76.9952076, 8.5956807 ] ] } },
{ "type": "Feature", "properties": { "full_id": "w853923876", "osm_id": "853923876", "osm_type": "way", "highway": "residential", "noexit": null, "cutting": null, "noname": null, "tunnel": null, "ford": null, "wheelchair": null, "id": null, "vehicle": null, "bicycle_road": null, "width": null, "name:en": null, "junction": null, "layer": "1", "bridge": "yes", "maxspeed": null, "lanes": null, "_Shape_Le_1_": null, "_SHAPE_Leng_": null, "_OBJECTID_1_": null, "_OBJECTID_": null, "_ID_": null, "sidewalk": null, "motor_vehicle": null, "horse": null, "foot": null, "cycleway": null, "bicycle": null, "access": null, "surface": null, "lit": null, "oneway": null, "name": null }, "geometry": { "type": "LineString", "coordinates": [ [ 76.9923012, 8.6015201 ], [ 76.9922981, 8.6015606 ] ] } },
{ "type": "Feature", "properties": { "full_id": "w1300162917", "osm_id": "1300162917", "osm_type": "way", "highway": "residential", "noexit": null, "cutting": null, "noname": null, "tunnel": null, "ford": null, "wheelchair": null, "id": null, "vehicle": null, "bicycle_road": null, "width": null, "name:en": null, "junction": null, "layer": null, "bridge": null, "maxspeed": null, "lanes": null, "_Shape_Le_1_": null, "_SHAPE_Leng_": null, "_OBJECTID_1_": null, "_OBJECTID_": null, "_ID_": null, "sidewalk": null, "motor_vehicle": null, "horse": null, "foot": null, "cycleway": null, "bicycle": null, "access": null, "surface": "unpaved", "lit": null, "oneway": null, "name": null }, "geometry": { "type": "LineString", "coordinates": [ [ 76.9690723, 8.5972983 ], [ 76.9690746, 8.5971884 ], [ 76.9691033, 8.5971447 ], [ 76.9691452, 8.5971144 ], [ 76.9692019, 8.5970839 ], [ 76.9692348, 8.5970661 ], [ 76.9692683, 8.597037 ], [ 76.9693294, 8.5969979 ], [ 76.9693985, 8.5969538 ], [ 76.9694372, 8.5969045 ], [ 76.9694633, 8.5968653 ], [ 76.9695364, 8.5968296 ], [ 76.9696501, 8.5967835 ], [ 76.9697804, 8.5967318 ], [ 76.9698972, 8.5967037 ], [ 76.9699927, 8.5966922 ] ] } },
{ "type": "Feature", "properties": { "full_id": "w1306285465", "osm_id": "1306285465", "osm_type": "way", "highway": "residential", "noexit": null, "cutting": null, "noname": null, "tunnel": null, "ford": null, "wheelchair": null, "id": null, "vehicle": null, "bicycle_road": null, "width": null, "name:en": null, "junction": null, "layer": null, "bridge": null, "maxspeed": null, "lanes": null, "_Shape_Le_1_": null, "_SHAPE_Leng_": null, "_OBJECTID_1_": null, "_OBJECTID_": null, "_ID_": null, "sidewalk": null, "motor_vehicle": null, "horse": null, "foot": null, "cycleway": null, "bicycle": null, "access": null, "surface": null, "lit": null, "oneway": null, "name": null }, "geometry": { "type": "LineString", "coordinates": [ [ 76.9820188, 8.5893099 ], [ 76.9817299, 8.5897981 ], [ 76.9818479, 8.5899996 ], [ 76.9819337, 8.590424 ] ] } },
{ "type": "Feature", "properties": { "full_id": "w737278883", "osm_id": "737278883", "osm_type": "way", "highway": "residential", "noexit": null, "cutting": null, "noname": null, "tunnel": null, "ford": null, "wheelchair": null, "id": null, "vehicle": null, "bicycle_road": null, "width": null, "name:en": null, "junction": null, "layer": null, "bridge": null, "maxspeed": null, "lanes": null, "_Shape_Le_1_": null, "_SHAPE_Leng_": null, "_OBJECTID_1_": null, "_OBJECTID_": null, "_ID_": null, "sidewalk": null, "motor_vehicle": null, "horse": null, "foot": null, "cycleway": null, "bicycle": null, "access": null, "surface": "ground", "lit": null, "oneway": null, "name": null }, "geometry": { "type": "LineString", "coordinates": [ [ 76.9940826, 8.5972645 ], [ 76.9940895, 8.597313 ], [ 76.9941172, 8.5975552 ] ] } },
{ "type": "Feature", "properties": { "full_id": "w853923877", "osm_id": "853923877", "osm_type": "way", "highway": "residential", "noexit": null, "cutting": null, "noname": null, "tunnel": null, "ford": null, "wheelchair": null, "id": null, "vehicle": null, "bicycle_road": null, "width": null, "name:en": null, "junction": null, "layer": "1", "bridge": "yes", "maxspeed": null, "lanes": null, "_Shape_Le_1_": null, "_SHAPE_Leng_": null, "_OBJECTID_1_": null, "_OBJECTID_": null, "_ID_": null, "sidewalk": null, "motor_vehicle": null, "horse": null, "foot": null, "cycleway": null, "bicycle": null, "access": null, "surface": null, "lit": null, "oneway": null, "name": null }, "geometry": { "type": "LineString", "coordinates": [ [ 76.9923075, 8.6014384 ], [ 76.9923012, 8.6015201 ] ] } },
{ "type": "Feature", "properties": { "full_id": "w1300162918", "osm_id": "1300162918", "osm_type": "way", "highway": "residential", "noexit": null, "cutting": null, "noname": null, "tunnel": null, "ford": null, "wheelchair": null, "id": null, "vehicle": null, "bicycle_road": null, "width": null, "name:en": null, "junction": null, "layer": null, "bridge": null, "maxspeed": null, "lanes": null, "_Shape_Le_1_": null, "_SHAPE_Leng_": null, "_OBJECTID_1_": null, "_OBJECTID_": null, "_ID_": null, "sidewalk": null, "motor_vehicle": null, "horse": null, "foot": null, "cycleway": null, "bicycle": null, "access": null, "surface": null, "lit": null, "oneway": null, "name": null }, "geometry": { "type": "LineString", "coordinates": [ [ 76.9699211, 8.5947058 ], [ 76.9699844, 8.594616 ], [ 76.9700797, 8.5945705 ], [ 76.9702792, 8.5945343 ], [ 76.9704815, 8.594516 ], [ 76.9706023, 8.5945016 ], [ 76.9707233, 8.5944457 ] ] } },
{ "type": "Feature", "properties": { "full_id": "w737278884", "osm_id": "737278884", "osm_type": "way", "highway": "residential", "noexit": null, "cutting": null, "noname": null, "tunnel": null, "ford": null, "wheelchair": null, "id": null, "vehicle": null, "bicycle_road": null, "width": null, "name:en": null, "junction": null, "layer": null, "bridge": null, "maxspeed": null, "lanes": null, "_Shape_Le_1_": null, "_SHAPE_Leng_": null, "_OBJECTID_1_": null, "_OBJECTID_": null, "_ID_": null, "sidewalk": null, "motor_vehicle": null, "horse": null, "foot": null, "cycleway": null, "bicycle": null, "access": null, "surface": null, "lit": null, "oneway": null, "name": null }, "geometry": { "type": "LineString", "coordinates": [ [ 76.9923996, 8.5964857 ], [ 76.9927123, 8.5963005 ], [ 76.9929619, 8.5962608 ], [ 76.9930562, 8.5962467 ] ] } },
{ "type": "Feature", "properties": { "full_id": "w737278885", "osm_id": "737278885", "osm_type": "way", "highway": "residential", "noexit": null, "cutting": null, "noname": null, "tunnel": null, "ford": null, "wheelchair": null, "id": null, "vehicle": null, "bicycle_road": null, "width": null, "name:en": null, "junction": null, "layer": null, "bridge": null, "maxspeed": null, "lanes": null, "_Shape_Le_1_": null, "_SHAPE_Leng_": null, "_OBJECTID_1_": null, "_OBJECTID_": null, "_ID_": null, "sidewalk": null, "motor_vehicle": null, "horse": null, "foot": null, "cycleway": null, "bicycle": null, "access": null, "surface": "concrete", "lit": null, "oneway": null, "name": null }, "geometry": { "type": "LineString", "coordinates": [ [ 76.9930562, 8.5962467 ], [ 76.9930382, 8.5961221 ], [ 76.993029, 8.596065 ], [ 76.993029, 8.5960353 ], [ 76.992976, 8.5957844 ], [ 76.9929724, 8.5957476 ], [ 76.9929724, 8.5957126 ], [ 76.9929795, 8.5956864 ], [ 76.9929901, 8.5956706 ], [ 76.9930574, 8.5956409 ], [ 76.9932467, 8.5955919 ], [ 76.9932909, 8.5955726 ], [ 76.9933104, 8.5955551 ], [ 76.9933511, 8.5955114 ], [ 76.9934095, 8.5953137 ], [ 76.9934272, 8.594976 ], [ 76.9934343, 8.5948623 ], [ 76.9934573, 8.5947958 ], [ 76.9934927, 8.594745 ], [ 76.9935174, 8.594689 ], [ 76.9935228, 8.5946628 ], [ 76.9935157, 8.594626 ], [ 76.9934697, 8.5945683 ], [ 76.993406, 8.5945211 ], [ 76.9933883, 8.5944791 ], [ 76.9933989, 8.5944336 ], [ 76.9934184, 8.5943951 ], [ 76.9936165, 8.5942219 ], [ 76.9936556, 8.5941759 ], [ 76.9939741, 8.5938015 ], [ 76.9941193, 8.5936747 ], [ 76.994449, 8.5936249 ], [ 76.9945216, 8.5935831 ], [ 76.9945939, 8.5934731 ], [ 76.994807, 8.5933972 ] ] } },
{ "type": "Feature", "properties": { "full_id": "w1377419564", "osm_id": "1377419564", "osm_type": "way", "highway": "residential", "noexit": null, "cutting": null, "noname": null, "tunnel": null, "ford": null, "wheelchair": null, "id": null, "vehicle": null, "bicycle_road": null, "width": null, "name:en": null, "junction": null, "layer": "1", "bridge": "yes", "maxspeed": null, "lanes": null, "_Shape_Le_1_": null, "_SHAPE_Leng_": null, "_OBJECTID_1_": null, "_OBJECTID_": null, "_ID_": null, "sidewalk": null, "motor_vehicle": null, "horse": null, "foot": null, "cycleway": null, "bicycle": null, "access": null, "surface": null, "lit": null, "oneway": null, "name": null }, "geometry": { "type": "LineString", "coordinates": [ [ 76.9829437, 8.5981207 ], [ 76.9829922, 8.5980498 ] ] } },
{ "type": "Feature", "properties": { "full_id": "w737278886", "osm_id": "737278886", "osm_type": "way", "highway": "residential", "noexit": null, "cutting": null, "noname": null, "tunnel": null, "ford": null, "wheelchair": null, "id": null, "vehicle": null, "bicycle_road": null, "width": null, "name:en": null, "junction": null, "layer": null, "bridge": null, "maxspeed": null, "lanes": null, "_Shape_Le_1_": null, "_SHAPE_Leng_": null, "_OBJECTID_1_": null, "_OBJECTID_": null, "_ID_": null, "sidewalk": null, "motor_vehicle": null, "horse": null, "foot": null, "cycleway": null, "bicycle": null, "access": null, "surface": "concrete", "lit": null, "oneway": null, "name": null }, "geometry": { "type": "LineString", "coordinates": [ [ 76.9933511, 8.5955114 ], [ 76.993574, 8.5954294 ], [ 76.9937295, 8.5953711 ], [ 76.9938515, 8.5953302 ] ] } },
{ "type": "Feature", "properties": { "full_id": "w1377419565", "osm_id": "1377419565", "osm_type": "way", "highway": "residential", "noexit": null, "cutting": null, "noname": null, "tunnel": null, "ford": null, "wheelchair": null, "id": null, "vehicle": null, "bicycle_road": null, "width": null, "name:en": null, "junction": null, "layer": null, "bridge": null, "maxspeed": null, "lanes": null, "_Shape_Le_1_": null, "_SHAPE_Leng_": null, "_OBJECTID_1_": null, "_OBJECTID_": null, "_ID_": null, "sidewalk": null, "motor_vehicle": null, "horse": null, "foot": null, "cycleway": null, "bicycle": null, "access": null, "surface": null, "lit": null, "oneway": null, "name": null }, "geometry": { "type": "LineString", "coordinates": [ [ 76.9829218, 8.5981527 ], [ 76.9829437, 8.5981207 ] ] } },
{ "type": "Feature", "properties": { "full_id": "w827083671", "osm_id": "827083671", "osm_type": "way", "highway": "residential", "noexit": null, "cutting": null, "noname": null, "tunnel": null, "ford": null, "wheelchair": null, "id": null, "vehicle": null, "bicycle_road": null, "width": null, "name:en": null, "junction": null, "layer": null, "bridge": null, "maxspeed": null, "lanes": null, "_Shape_Le_1_": null, "_SHAPE_Leng_": null, "_OBJECTID_1_": null, "_OBJECTID_": null, "_ID_": null, "sidewalk": null, "motor_vehicle": null, "horse": null, "foot": null, "cycleway": null, "bicycle": null, "access": null, "surface": null, "lit": null, "oneway": null, "name": null }, "geometry": { "type": "LineString", "coordinates": [ [ 76.9998795, 8.6085172 ], [ 76.999625, 8.6085264 ], [ 76.9994158, 8.6085223 ], [ 76.9992589, 8.6085574 ], [ 76.9990309, 8.6086505 ], [ 76.9989347, 8.6086732 ], [ 76.9988301, 8.6086981 ] ] } },
{ "type": "Feature", "properties": { "full_id": "w737541580", "osm_id": "737541580", "osm_type": "way", "highway": "residential", "noexit": null, "cutting": null, "noname": null, "tunnel": null, "ford": null, "wheelchair": null, "id": null, "vehicle": null, "bicycle_road": null, "width": null, "name:en": null, "junction": null, "layer": null, "bridge": null, "maxspeed": null, "lanes": null, "_Shape_Le_1_": null, "_SHAPE_Leng_": null, "_OBJECTID_1_": null, "_OBJECTID_": null, "_ID_": null, "sidewalk": null, "motor_vehicle": null, "horse": null, "foot": null, "cycleway": null, "bicycle": null, "access": null, "surface": "concrete", "lit": null, "oneway": null, "name": null }, "geometry": { "type": "LineString", "coordinates": [ [ 76.9930562, 8.5962467 ], [ 76.9933636, 8.596268 ], [ 76.9934005, 8.5962436 ], [ 76.9935269, 8.5960944 ], [ 76.9935823, 8.5959877 ], [ 76.9935762, 8.5959329 ], [ 76.9935638, 8.5958781 ], [ 76.9935792, 8.5958263 ], [ 76.9936285, 8.5957958 ], [ 76.9937703, 8.5957075 ], [ 76.9939413, 8.5956209 ], [ 76.9941191, 8.5957395 ], [ 76.9943487, 8.5958382 ] ] } },
{ "type": "Feature", "properties": { "full_id": "w827083675", "osm_id": "827083675", "osm_type": "way", "highway": "residential", "noexit": null, "cutting": null, "noname": null, "tunnel": null, "ford": null, "wheelchair": null, "id": null, "vehicle": null, "bicycle_road": null, "width": null, "name:en": null, "junction": null, "layer": null, "bridge": null, "maxspeed": null, "lanes": null, "_Shape_Le_1_": null, "_SHAPE_Leng_": null, "_OBJECTID_1_": null, "_OBJECTID_": null, "_ID_": null, "sidewalk": null, "motor_vehicle": null, "horse": null, "foot": null, "cycleway": null, "bicycle": null, "access": null, "surface": null, "lit": null, "oneway": "no", "name": null }, "geometry": { "type": "LineString", "coordinates": [ [ 76.994143, 8.6052468 ], [ 76.9937623, 8.6051157 ], [ 76.9933478, 8.6050546 ], [ 76.9930832, 8.6050459 ], [ 76.992607, 8.6050808 ], [ 76.9919633, 8.6052159 ] ] } },
{ "type": "Feature", "properties": { "full_id": "w737541581", "osm_id": "737541581", "osm_type": "way", "highway": "residential", "noexit": null, "cutting": null, "noname": null, "tunnel": null, "ford": null, "wheelchair": null, "id": null, "vehicle": null, "bicycle_road": null, "width": null, "name:en": null, "junction": null, "layer": null, "bridge": null, "maxspeed": null, "lanes": null, "_Shape_Le_1_": null, "_SHAPE_Leng_": null, "_OBJECTID_1_": null, "_OBJECTID_": null, "_ID_": null, "sidewalk": null, "motor_vehicle": null, "horse": null, "foot": null, "cycleway": null, "bicycle": null, "access": null, "surface": "asphalt", "lit": null, "oneway": "no", "name": "SH Jyothi Public Scholl Road" }, "geometry": { "type": "LineString", "coordinates": [ [ 76.9924693, 8.596623 ], [ 76.9921349, 8.5967514 ], [ 76.9918501, 8.5968669 ], [ 76.9914414, 8.5970354 ], [ 76.9911449, 8.5971785 ], [ 76.9908744, 8.5973211 ], [ 76.9906963, 8.5974268 ], [ 76.9905677, 8.597577 ], [ 76.9903601, 8.5978594 ], [ 76.9902413, 8.5977603 ], [ 76.9902179, 8.5977488 ], [ 76.9901852, 8.5977627 ], [ 76.9896668, 8.5980282 ], [ 76.9895841, 8.5980715 ], [ 76.9894684, 8.5981321 ], [ 76.9894193, 8.5981367 ], [ 76.989361, 8.5981159 ], [ 76.9892769, 8.5980651 ], [ 76.9892232, 8.5980212 ], [ 76.9891718, 8.598012 ], [ 76.9891041, 8.5980235 ], [ 76.9887445, 8.598169 ], [ 76.9886161, 8.5982221 ], [ 76.988511, 8.5983006 ], [ 76.9883873, 8.5984437 ], [ 76.9882635, 8.5985892 ], [ 76.9882168, 8.5986469 ], [ 76.9881608, 8.5986839 ], [ 76.9880674, 8.5987139 ], [ 76.9879623, 8.5987439 ], [ 76.9878642, 8.5987577 ], [ 76.9877054, 8.5987439 ], [ 76.9876331, 8.5987254 ], [ 76.987535, 8.5986931 ], [ 76.987493, 8.5986538 ], [ 76.9874509, 8.5986077 ], [ 76.9873926, 8.5985915 ], [ 76.9873155, 8.5985869 ], [ 76.9871731, 8.5986054 ], [ 76.9870797, 8.5986423 ], [ 76.987019, 8.5986839 ], [ 76.9869256, 8.598767 ] ] } },
{ "type": "Feature", "properties": { "full_id": "w857069271", "osm_id": "857069271", "osm_type": "way", "highway": "residential", "noexit": null, "cutting": null, "noname": null, "tunnel": null, "ford": null, "wheelchair": null, "id": null, "vehicle": null, "bicycle_road": null, "width": null, "name:en": null, "junction": null, "layer": null, "bridge": null, "maxspeed": null, "lanes": null, "_Shape_Le_1_": null, "_SHAPE_Leng_": null, "_OBJECTID_1_": null, "_OBJECTID_": null, "_ID_": null, "sidewalk": "no", "motor_vehicle": null, "horse": null, "foot": null, "cycleway": null, "bicycle": null, "access": null, "surface": "asphalt", "lit": "yes", "oneway": null, "name": "Housing Board Road" }, "geometry": { "type": "LineString", "coordinates": [ [ 76.9963359, 8.6073369 ], [ 76.9963547, 8.6073072 ] ] } },
{ "type": "Feature", "properties": { "full_id": "w827086400", "osm_id": "827086400", "osm_type": "way", "highway": "residential", "noexit": null, "cutting": null, "noname": null, "tunnel": null, "ford": null, "wheelchair": null, "id": null, "vehicle": null, "bicycle_road": null, "width": null, "name:en": null, "junction": null, "layer": null, "bridge": null, "maxspeed": null, "lanes": null, "_Shape_Le_1_": null, "_SHAPE_Leng_": null, "_OBJECTID_1_": null, "_OBJECTID_": null, "_ID_": null, "sidewalk": null, "motor_vehicle": null, "horse": null, "foot": null, "cycleway": null, "bicycle": null, "access": null, "surface": null, "lit": null, "oneway": null, "name": null }, "geometry": { "type": "LineString", "coordinates": [ [ 76.9926449, 8.5969698 ], [ 76.9920343, 8.5971872 ] ] } },
{ "type": "Feature", "properties": { "full_id": "w737541584", "osm_id": "737541584", "osm_type": "way", "highway": "residential", "noexit": null, "cutting": null, "noname": null, "tunnel": null, "ford": null, "wheelchair": null, "id": null, "vehicle": null, "bicycle_road": null, "width": null, "name:en": null, "junction": null, "layer": null, "bridge": null, "maxspeed": null, "lanes": null, "_Shape_Le_1_": null, "_SHAPE_Leng_": null, "_OBJECTID_1_": null, "_OBJECTID_": null, "_ID_": null, "sidewalk": null, "motor_vehicle": null, "horse": null, "foot": null, "cycleway": null, "bicycle": null, "access": null, "surface": "paved", "lit": null, "oneway": null, "name": null }, "geometry": { "type": "LineString", "coordinates": [ [ 76.9905677, 8.597577 ], [ 76.9903757, 8.5974011 ], [ 76.9902903, 8.5973187 ], [ 76.9902639, 8.5972885 ], [ 76.9902598, 8.5972564 ], [ 76.9902619, 8.5972182 ], [ 76.9902802, 8.597178 ], [ 76.9903025, 8.5971338 ], [ 76.9903229, 8.5971056 ], [ 76.9903411, 8.5970614 ], [ 76.9903432, 8.5970132 ], [ 76.9903229, 8.5969308 ], [ 76.9902822, 8.5968283 ], [ 76.9902395, 8.5967298 ], [ 76.9902109, 8.5966361 ], [ 76.9901831, 8.5965864 ], [ 76.9901633, 8.5965254 ], [ 76.9901469, 8.5964315 ], [ 76.990134, 8.5963689 ], [ 76.9901324, 8.5963322 ], [ 76.9901435, 8.5962917 ], [ 76.9903419, 8.596232 ] ] } },
{ "type": "Feature", "properties": { "full_id": "w857070650", "osm_id": "857070650", "osm_type": "way", "highway": "residential", "noexit": null, "cutting": null, "noname": null, "tunnel": null, "ford": null, "wheelchair": null, "id": null, "vehicle": null, "bicycle_road": null, "width": null, "name:en": null, "junction": null, "layer": null, "bridge": null, "maxspeed": null, "lanes": null, "_Shape_Le_1_": null, "_SHAPE_Leng_": null, "_OBJECTID_1_": null, "_OBJECTID_": null, "_ID_": null, "sidewalk": null, "motor_vehicle": null, "horse": null, "foot": null, "cycleway": null, "bicycle": null, "access": null, "surface": null, "lit": null, "oneway": null, "name": null }, "geometry": { "type": "LineString", "coordinates": [ [ 76.9850173, 8.6094117 ], [ 76.9850193, 8.6094072 ] ] } },
{ "type": "Feature", "properties": { "full_id": "w827086401", "osm_id": "827086401", "osm_type": "way", "highway": "residential", "noexit": null, "cutting": null, "noname": null, "tunnel": null, "ford": null, "wheelchair": null, "id": null, "vehicle": null, "bicycle_road": null, "width": null, "name:en": null, "junction": null, "layer": null, "bridge": null, "maxspeed": null, "lanes": null, "_Shape_Le_1_": null, "_SHAPE_Leng_": null, "_OBJECTID_1_": null, "_OBJECTID_": null, "_ID_": null, "sidewalk": null, "motor_vehicle": null, "horse": null, "foot": null, "cycleway": null, "bicycle": null, "access": null, "surface": null, "lit": null, "oneway": null, "name": null }, "geometry": { "type": "LineString", "coordinates": [ [ 76.9903411, 8.5955088 ], [ 76.9902293, 8.5956632 ], [ 76.9900596, 8.5957632 ], [ 76.9898573, 8.59586 ], [ 76.9894723, 8.5959859 ], [ 76.9891851, 8.5960665 ], [ 76.9890317, 8.5961181 ], [ 76.9889567, 8.5962149 ], [ 76.988911, 8.5963537 ], [ 76.9888849, 8.5964473 ], [ 76.9887282, 8.596586 ], [ 76.9883791, 8.5969054 ], [ 76.9882029, 8.5970861 ], [ 76.9880789, 8.5972184 ], [ 76.9880266, 8.5973346 ], [ 76.9880071, 8.597412 ], [ 76.98787, 8.5977605 ], [ 76.9876775, 8.5980251 ], [ 76.987449, 8.5981864 ], [ 76.9871847, 8.5982703 ], [ 76.9869432, 8.598338 ], [ 76.9868486, 8.5983606 ] ] } },
{ "type": "Feature", "properties": { "full_id": "w739533121", "osm_id": "739533121", "osm_type": "way", "highway": "residential", "noexit": null, "cutting": null, "noname": null, "tunnel": null, "ford": null, "wheelchair": null, "id": null, "vehicle": null, "bicycle_road": null, "width": null, "name:en": null, "junction": null, "layer": null, "bridge": null, "maxspeed": null, "lanes": null, "_Shape_Le_1_": null, "_SHAPE_Leng_": null, "_OBJECTID_1_": null, "_OBJECTID_": null, "_ID_": null, "sidewalk": null, "motor_vehicle": null, "horse": null, "foot": null, "cycleway": null, "bicycle": null, "access": null, "surface": "asphalt", "lit": null, "oneway": null, "name": null }, "geometry": { "type": "LineString", "coordinates": [ [ 76.9915855, 8.5952323 ], [ 76.9914628, 8.5952612 ], [ 76.9913058, 8.5953031 ], [ 76.9911837, 8.5953351 ], [ 76.9910491, 8.5953474 ], [ 76.9909644, 8.595345 ] ] } },
{ "type": "Feature", "properties": { "full_id": "w857070651", "osm_id": "857070651", "osm_type": "way", "highway": "residential", "noexit": null, "cutting": null, "noname": null, "tunnel": null, "ford": null, "wheelchair": null, "id": null, "vehicle": null, "bicycle_road": null, "width": null, "name:en": null, "junction": null, "layer": "1", "bridge": "yes", "maxspeed": null, "lanes": null, "_Shape_Le_1_": null, "_SHAPE_Leng_": null, "_OBJECTID_1_": null, "_OBJECTID_": null, "_ID_": null, "sidewalk": null, "motor_vehicle": null, "horse": null, "foot": null, "cycleway": null, "bicycle": null, "access": null, "surface": null, "lit": null, "oneway": null, "name": null }, "geometry": { "type": "LineString", "coordinates": [ [ 76.9849917, 8.6094704 ], [ 76.9850173, 8.6094117 ] ] } },
{ "type": "Feature", "properties": { "full_id": "w827086402", "osm_id": "827086402", "osm_type": "way", "highway": "residential", "noexit": null, "cutting": null, "noname": null, "tunnel": null, "ford": null, "wheelchair": null, "id": null, "vehicle": null, "bicycle_road": null, "width": null, "name:en": null, "junction": null, "layer": null, "bridge": null, "maxspeed": null, "lanes": null, "_Shape_Le_1_": null, "_SHAPE_Leng_": null, "_OBJECTID_1_": null, "_OBJECTID_": null, "_ID_": null, "sidewalk": null, "motor_vehicle": null, "horse": null, "foot": null, "cycleway": null, "bicycle": null, "access": null, "surface": null, "lit": null, "oneway": null, "name": null }, "geometry": { "type": "LineString", "coordinates": [ [ 76.9869256, 8.598767 ], [ 76.9868865, 8.5987113 ], [ 76.9868238, 8.5985882 ], [ 76.9867734, 8.5985023 ], [ 76.9867089, 8.5983777 ], [ 76.9865123, 8.5984448 ], [ 76.986397, 8.5984591 ], [ 76.9862529, 8.5984078 ], [ 76.9859158, 8.5982254 ], [ 76.985789, 8.5980944 ], [ 76.9857083, 8.5979576 ], [ 76.9855786, 8.5978778 ], [ 76.9853278, 8.5977382 ], [ 76.9850195, 8.5976185 ], [ 76.9848408, 8.5975871 ], [ 76.9847111, 8.59757 ], [ 76.9845699, 8.5974931 ], [ 76.9844143, 8.5973136 ], [ 76.9842961, 8.5970828 ], [ 76.9842702, 8.596926 ], [ 76.9842673, 8.5968064 ] ] } },
{ "type": "Feature", "properties": { "full_id": "w739533123", "osm_id": "739533123", "osm_type": "way", "highway": "residential", "noexit": null, "cutting": null, "noname": null, "tunnel": null, "ford": null, "wheelchair": null, "id": null, "vehicle": null, "bicycle_road": null, "width": null, "name:en": null, "junction": null, "layer": null, "bridge": null, "maxspeed": null, "lanes": null, "_Shape_Le_1_": null, "_SHAPE_Leng_": null, "_OBJECTID_1_": null, "_OBJECTID_": null, "_ID_": null, "sidewalk": null, "motor_vehicle": null, "horse": null, "foot": null, "cycleway": null, "bicycle": null, "access": null, "surface": "asphalt", "lit": null, "oneway": null, "name": null }, "geometry": { "type": "LineString", "coordinates": [ [ 76.9916721, 8.595375 ], [ 76.9915202, 8.5954534 ], [ 76.991408, 8.5955322 ], [ 76.9913133, 8.5956111 ], [ 76.991251, 8.5956801 ], [ 76.9911962, 8.5957713 ], [ 76.9911388, 8.5958797 ], [ 76.9911314, 8.5959093 ], [ 76.9911912, 8.5959512 ] ] } },
{ "type": "Feature", "properties": { "full_id": "w827086403", "osm_id": "827086403", "osm_type": "way", "highway": "residential", "noexit": null, "cutting": null, "noname": null, "tunnel": null, "ford": null, "wheelchair": null, "id": null, "vehicle": null, "bicycle_road": null, "width": null, "name:en": null, "junction": null, "layer": null, "bridge": null, "maxspeed": null, "lanes": null, "_Shape_Le_1_": null, "_SHAPE_Leng_": null, "_OBJECTID_1_": null, "_OBJECTID_": null, "_ID_": null, "sidewalk": null, "motor_vehicle": null, "horse": null, "foot": null, "cycleway": null, "bicycle": null, "access": null, "surface": null, "lit": null, "oneway": null, "name": null }, "geometry": { "type": "LineString", "coordinates": [ [ 76.9842904, 8.5966297 ], [ 76.9843009, 8.5965999 ], [ 76.9843595, 8.5964331 ], [ 76.9844287, 8.5962393 ], [ 76.9845123, 8.5960085 ], [ 76.9845526, 8.5958233 ], [ 76.9845526, 8.5955383 ], [ 76.9845267, 8.5952562 ], [ 76.9845151, 8.5950653 ], [ 76.984518, 8.5949371 ], [ 76.984544, 8.5948487 ], [ 76.9845987, 8.5947547 ], [ 76.9846765, 8.5946578 ], [ 76.9847832, 8.5945951 ], [ 76.9849071, 8.5945353 ], [ 76.9850872, 8.5944554 ], [ 76.9855996, 8.5943839 ] ] } },
{ "type": "Feature", "properties": { "full_id": "w739533125", "osm_id": "739533125", "osm_type": "way", "highway": "residential", "noexit": null, "cutting": null, "noname": null, "tunnel": null, "ford": null, "wheelchair": null, "id": null, "vehicle": null, "bicycle_road": null, "width": null, "name:en": null, "junction": null, "layer": null, "bridge": null, "maxspeed": null, "lanes": null, "_Shape_Le_1_": null, "_SHAPE_Leng_": null, "_OBJECTID_1_": null, "_OBJECTID_": null, "_ID_": null, "sidewalk": null, "motor_vehicle": null, "horse": null, "foot": null, "cycleway": null, "bicycle": null, "access": "private", "surface": "ground", "lit": null, "oneway": null, "name": null }, "geometry": { "type": "LineString", "coordinates": [ [ 76.9941628, 8.5999864 ], [ 76.9944236, 8.5998958 ] ] } },
{ "type": "Feature", "properties": { "full_id": "w827086404", "osm_id": "827086404", "osm_type": "way", "highway": "residential", "noexit": null, "cutting": null, "noname": null, "tunnel": null, "ford": null, "wheelchair": null, "id": null, "vehicle": null, "bicycle_road": null, "width": null, "name:en": null, "junction": null, "layer": "1", "bridge": "yes", "maxspeed": null, "lanes": null, "_Shape_Le_1_": null, "_SHAPE_Leng_": null, "_OBJECTID_1_": null, "_OBJECTID_": null, "_ID_": null, "sidewalk": null, "motor_vehicle": null, "horse": null, "foot": null, "cycleway": null, "bicycle": null, "access": null, "surface": null, "lit": null, "oneway": null, "name": null }, "geometry": { "type": "LineString", "coordinates": [ [ 76.9842673, 8.5968064 ], [ 76.9842904, 8.5966297 ] ] } },
{ "type": "Feature", "properties": { "full_id": "w740784690", "osm_id": "740784690", "osm_type": "way", "highway": "residential", "noexit": null, "cutting": null, "noname": null, "tunnel": null, "ford": null, "wheelchair": null, "id": null, "vehicle": null, "bicycle_road": null, "width": null, "name:en": null, "junction": null, "layer": null, "bridge": null, "maxspeed": null, "lanes": null, "_Shape_Le_1_": null, "_SHAPE_Leng_": null, "_OBJECTID_1_": null, "_OBJECTID_": null, "_ID_": null, "sidewalk": null, "motor_vehicle": null, "horse": null, "foot": null, "cycleway": null, "bicycle": null, "access": null, "surface": "asphalt", "lit": "yes", "oneway": null, "name": "Housing Board Road" }, "geometry": { "type": "LineString", "coordinates": [ [ 76.9973141, 8.6076683 ], [ 76.9973344, 8.6079767 ] ] } },
{ "type": "Feature", "properties": { "full_id": "w857250533", "osm_id": "857250533", "osm_type": "way", "highway": "residential", "noexit": null, "cutting": null, "noname": null, "tunnel": null, "ford": null, "wheelchair": null, "id": null, "vehicle": null, "bicycle_road": null, "width": null, "name:en": null, "junction": null, "layer": null, "bridge": null, "maxspeed": null, "lanes": null, "_Shape_Le_1_": null, "_SHAPE_Leng_": null, "_OBJECTID_1_": null, "_OBJECTID_": null, "_ID_": null, "sidewalk": null, "motor_vehicle": null, "horse": null, "foot": null, "cycleway": null, "bicycle": null, "access": null, "surface": "concrete", "lit": null, "oneway": "no", "name": null }, "geometry": { "type": "LineString", "coordinates": [ [ 77.00606, 8.6033403 ], [ 77.0059898, 8.6036614 ], [ 77.0059657, 8.6038975 ], [ 77.0059168, 8.604251 ] ] } },
{ "type": "Feature", "properties": { "full_id": "w827086407", "osm_id": "827086407", "osm_type": "way", "highway": "residential", "noexit": null, "cutting": null, "noname": null, "tunnel": null, "ford": null, "wheelchair": null, "id": null, "vehicle": null, "bicycle_road": null, "width": null, "name:en": null, "junction": null, "layer": null, "bridge": null, "maxspeed": null, "lanes": null, "_Shape_Le_1_": null, "_SHAPE_Leng_": null, "_OBJECTID_1_": null, "_OBJECTID_": null, "_ID_": null, "sidewalk": null, "motor_vehicle": null, "horse": null, "foot": null, "cycleway": null, "bicycle": null, "access": null, "surface": "asphalt", "lit": null, "oneway": "no", "name": "Thottumukku Temple Road" }, "geometry": { "type": "LineString", "coordinates": [ [ 76.9851571, 8.594543 ], [ 76.9849908, 8.5946359 ], [ 76.985082, 8.594856 ], [ 76.9852134, 8.5951079 ], [ 76.9852429, 8.5952618 ], [ 76.9852536, 8.5958346 ], [ 76.9852563, 8.5959619 ], [ 76.9852966, 8.5961131 ], [ 76.9853851, 8.5963305 ], [ 76.9855353, 8.596609 ], [ 76.9856426, 8.5967708 ], [ 76.9857552, 8.5968663 ], [ 76.9860859, 8.5970802 ] ] } },
{ "type": "Feature", "properties": { "full_id": "w740784691", "osm_id": "740784691", "osm_type": "way", "highway": "residential", "noexit": null, "cutting": null, "noname": null, "tunnel": null, "ford": null, "wheelchair": null, "id": null, "vehicle": null, "bicycle_road": null, "width": null, "name:en": null, "junction": null, "layer": null, "bridge": null, "maxspeed": null, "lanes": null, "_Shape_Le_1_": null, "_SHAPE_Leng_": null, "_OBJECTID_1_": null, "_OBJECTID_": null, "_ID_": null, "sidewalk": null, "motor_vehicle": null, "horse": null, "foot": null, "cycleway": null, "bicycle": null, "access": null, "surface": "asphalt", "lit": "yes", "oneway": null, "name": "Housing Board Road" }, "geometry": { "type": "LineString", "coordinates": [ [ 76.9975826, 8.6076611 ], [ 76.9975682, 8.6074601 ], [ 76.9975047, 8.6074573 ] ] } },
{ "type": "Feature", "properties": { "full_id": "w857250534", "osm_id": "857250534", "osm_type": "way", "highway": "residential", "noexit": null, "cutting": null, "noname": null, "tunnel": null, "ford": null, "wheelchair": null, "id": null, "vehicle": null, "bicycle_road": null, "width": null, "name:en": null, "junction": null, "layer": "1", "bridge": "yes", "maxspeed": null, "lanes": null, "_Shape_Le_1_": null, "_SHAPE_Leng_": null, "_OBJECTID_1_": null, "_OBJECTID_": null, "_ID_": null, "sidewalk": null, "motor_vehicle": null, "horse": null, "foot": null, "cycleway": null, "bicycle": null, "access": null, "surface": "concrete", "lit": null, "oneway": "no", "name": null }, "geometry": { "type": "LineString", "coordinates": [ [ 77.0060506, 8.6032497 ], [ 77.00606, 8.6033403 ] ] } },
{ "type": "Feature", "properties": { "full_id": "w827086408", "osm_id": "827086408", "osm_type": "way", "highway": "residential", "noexit": null, "cutting": null, "noname": null, "tunnel": null, "ford": null, "wheelchair": null, "id": null, "vehicle": null, "bicycle_road": null, "width": null, "name:en": null, "junction": null, "layer": "1", "bridge": "yes", "maxspeed": null, "lanes": null, "_Shape_Le_1_": null, "_SHAPE_Leng_": null, "_OBJECTID_1_": null, "_OBJECTID_": null, "_ID_": null, "sidewalk": null, "motor_vehicle": null, "horse": null, "foot": null, "cycleway": null, "bicycle": null, "access": null, "surface": "asphalt", "lit": null, "oneway": "no", "name": "Thottumukku Temple Road" }, "geometry": { "type": "LineString", "coordinates": [ [ 76.9854441, 8.594429 ], [ 76.9851571, 8.594543 ] ] } },
{ "type": "Feature", "properties": { "full_id": "w740784692", "osm_id": "740784692", "osm_type": "way", "highway": "residential", "noexit": null, "cutting": null, "noname": null, "tunnel": null, "ford": null, "wheelchair": null, "id": null, "vehicle": null, "bicycle_road": null, "width": null, "name:en": null, "junction": null, "layer": null, "bridge": null, "maxspeed": null, "lanes": null, "_Shape_Le_1_": null, "_SHAPE_Leng_": null, "_OBJECTID_1_": null, "_OBJECTID_": null, "_ID_": null, "sidewalk": null, "motor_vehicle": null, "horse": null, "foot": null, "cycleway": null, "bicycle": null, "access": null, "surface": "asphalt", "lit": "yes", "oneway": null, "name": "Housing Board Road" }, "geometry": { "type": "LineString", "coordinates": [ [ 76.9975826, 8.6076611 ], [ 76.9975884, 8.6078968 ], [ 76.9977356, 8.6078911 ] ] } },
{ "type": "Feature", "properties": { "full_id": "w827086415", "osm_id": "827086415", "osm_type": "way", "highway": "residential", "noexit": null, "cutting": null, "noname": null, "tunnel": null, "ford": null, "wheelchair": null, "id": null, "vehicle": null, "bicycle_road": null, "width": null, "name:en": null, "junction": null, "layer": null, "bridge": null, "maxspeed": null, "lanes": null, "_Shape_Le_1_": null, "_SHAPE_Leng_": null, "_OBJECTID_1_": null, "_OBJECTID_": null, "_ID_": null, "sidewalk": null, "motor_vehicle": null, "horse": null, "foot": null, "cycleway": null, "bicycle": null, "access": null, "surface": null, "lit": null, "oneway": null, "name": null }, "geometry": { "type": "LineString", "coordinates": [ [ 76.9901713, 8.5906177 ], [ 76.9905458, 8.5905652 ], [ 76.9911567, 8.5905363 ], [ 76.9916922, 8.5905197 ], [ 76.9917605, 8.5905154 ], [ 76.9919872, 8.5905011 ], [ 76.9920959, 8.5904928 ], [ 76.9922487, 8.590439 ], [ 76.9924348, 8.5904494 ], [ 76.9926022, 8.5905383 ], [ 76.9927598, 8.5906169 ], [ 76.9931126, 8.5907928 ], [ 76.9933365, 8.5908362 ] ] } },
{ "type": "Feature", "properties": { "full_id": "w827087455", "osm_id": "827087455", "osm_type": "way", "highway": "residential", "noexit": null, "cutting": null, "noname": null, "tunnel": null, "ford": null, "wheelchair": null, "id": null, "vehicle": null, "bicycle_road": null, "width": null, "name:en": null, "junction": null, "layer": null, "bridge": null, "maxspeed": null, "lanes": null, "_Shape_Le_1_": null, "_SHAPE_Leng_": null, "_OBJECTID_1_": null, "_OBJECTID_": null, "_ID_": null, "sidewalk": null, "motor_vehicle": null, "horse": null, "foot": null, "cycleway": null, "bicycle": null, "access": null, "surface": "concrete", "lit": null, "oneway": null, "name": null }, "geometry": { "type": "LineString", "coordinates": [ [ 76.9878226, 8.6013668 ], [ 76.987856, 8.6012802 ], [ 76.9878634, 8.6011651 ], [ 76.9878782, 8.6009295 ], [ 76.9878874, 8.6007852 ], [ 76.9878985, 8.6007596 ], [ 76.9880869, 8.6007578 ], [ 76.988146, 8.6007596 ], [ 76.9881405, 8.6000727 ] ] } },
{ "type": "Feature", "properties": { "full_id": "w678617967", "osm_id": "678617967", "osm_type": "way", "highway": "residential", "noexit": null, "cutting": null, "noname": null, "tunnel": null, "ford": null, "wheelchair": null, "id": null, "vehicle": null, "bicycle_road": null, "width": null, "name:en": null, "junction": null, "layer": null, "bridge": null, "maxspeed": null, "lanes": null, "_Shape_Le_1_": null, "_SHAPE_Leng_": null, "_OBJECTID_1_": null, "_OBJECTID_": null, "_ID_": null, "sidewalk": null, "motor_vehicle": null, "horse": null, "foot": null, "cycleway": null, "bicycle": null, "access": null, "surface": "asphalt", "lit": "yes", "oneway": "no", "name": "KK Lodge Road" }, "geometry": { "type": "LineString", "coordinates": [ [ 77.0049166, 8.6048451 ], [ 77.0048828, 8.6051608 ], [ 77.0048665, 8.6052093 ], [ 77.0048665, 8.6052647 ], [ 77.0049038, 8.6056318 ], [ 77.004945, 8.6057675 ], [ 77.0049879, 8.6059088 ], [ 77.0049762, 8.6059666 ] ] } },
{ "type": "Feature", "properties": { "full_id": "w827087456", "osm_id": "827087456", "osm_type": "way", "highway": "residential", "noexit": null, "cutting": null, "noname": null, "tunnel": null, "ford": null, "wheelchair": null, "id": null, "vehicle": null, "bicycle_road": null, "width": null, "name:en": null, "junction": null, "layer": null, "bridge": null, "maxspeed": null, "lanes": null, "_Shape_Le_1_": null, "_SHAPE_Leng_": null, "_OBJECTID_1_": null, "_OBJECTID_": null, "_ID_": null, "sidewalk": null, "motor_vehicle": null, "horse": null, "foot": null, "cycleway": null, "bicycle": null, "access": null, "surface": "ground", "lit": null, "oneway": null, "name": null }, "geometry": { "type": "LineString", "coordinates": [ [ 76.988146, 8.6007596 ], [ 76.9883068, 8.6007687 ], [ 76.9884934, 8.6008802 ], [ 76.9886079, 8.6009861 ], [ 76.9886948, 8.6010391 ], [ 76.9887687, 8.60105 ], [ 76.9889534, 8.6009879 ], [ 76.9891234, 8.6009222 ], [ 76.9894319, 8.6008491 ], [ 76.9897922, 8.6007541 ] ] } },
{ "type": "Feature", "properties": { "full_id": "w678620555", "osm_id": "678620555", "osm_type": "way", "highway": "residential", "noexit": null, "cutting": null, "noname": null, "tunnel": null, "ford": null, "wheelchair": null, "id": null, "vehicle": null, "bicycle_road": null, "width": null, "name:en": null, "junction": null, "layer": "1", "bridge": "yes", "maxspeed": null, "lanes": null, "_Shape_Le_1_": null, "_SHAPE_Leng_": null, "_OBJECTID_1_": null, "_OBJECTID_": null, "_ID_": null, "sidewalk": null, "motor_vehicle": null, "horse": null, "foot": null, "cycleway": null, "bicycle": null, "access": null, "surface": "asphalt", "lit": null, "oneway": "no", "name": "Uliyoor Road" }, "geometry": { "type": "LineString", "coordinates": [ [ 76.9970054, 8.6097435 ], [ 76.9970725, 8.6097556 ], [ 76.9971807, 8.609775 ] ] } },
{ "type": "Feature", "properties": { "full_id": "w827087457", "osm_id": "827087457", "osm_type": "way", "highway": "residential", "noexit": null, "cutting": null, "noname": null, "tunnel": null, "ford": null, "wheelchair": null, "id": null, "vehicle": null, "bicycle_road": null, "width": null, "name:en": null, "junction": null, "layer": null, "bridge": null, "maxspeed": null, "lanes": null, "_Shape_Le_1_": null, "_SHAPE_Leng_": null, "_OBJECTID_1_": null, "_OBJECTID_": null, "_ID_": null, "sidewalk": null, "motor_vehicle": null, "horse": null, "foot": null, "cycleway": null, "bicycle": null, "access": null, "surface": "ground", "lit": null, "oneway": null, "name": null }, "geometry": { "type": "LineString", "coordinates": [ [ 76.9883068, 8.6007687 ], [ 76.9885968, 8.6000051 ], [ 76.9888278, 8.6000965 ], [ 76.9888906, 8.6003997 ], [ 76.9890088, 8.6006683 ], [ 76.9891234, 8.6009222 ] ] } },
{ "type": "Feature", "properties": { "full_id": "w678620556", "osm_id": "678620556", "osm_type": "way", "highway": "residential", "noexit": null, "cutting": null, "noname": null, "tunnel": null, "ford": null, "wheelchair": null, "id": null, "vehicle": null, "bicycle_road": null, "width": null, "name:en": null, "junction": null, "layer": null, "bridge": null, "maxspeed": null, "lanes": null, "_Shape_Le_1_": null, "_SHAPE_Leng_": null, "_OBJECTID_1_": null, "_OBJECTID_": null, "_ID_": null, "sidewalk": null, "motor_vehicle": null, "horse": null, "foot": null, "cycleway": null, "bicycle": null, "access": null, "surface": "asphalt", "lit": "yes", "oneway": null, "name": "Uliyoor Road" }, "geometry": { "type": "LineString", "coordinates": [ [ 76.9971807, 8.609775 ], [ 76.9973346, 8.6098138 ], [ 76.9977735, 8.609877 ] ] } },
{ "type": "Feature", "properties": { "full_id": "w827087458", "osm_id": "827087458", "osm_type": "way", "highway": "residential", "noexit": null, "cutting": null, "noname": null, "tunnel": null, "ford": null, "wheelchair": null, "id": null, "vehicle": null, "bicycle_road": null, "width": null, "name:en": null, "junction": null, "layer": null, "bridge": null, "maxspeed": null, "lanes": null, "_Shape_Le_1_": null, "_SHAPE_Leng_": null, "_OBJECTID_1_": null, "_OBJECTID_": null, "_ID_": null, "sidewalk": null, "motor_vehicle": null, "horse": null, "foot": null, "cycleway": null, "bicycle": null, "access": null, "surface": "ground", "lit": null, "oneway": null, "name": null }, "geometry": { "type": "LineString", "coordinates": [ [ 76.9888278, 8.6000965 ], [ 76.9890753, 8.5997878 ], [ 76.9891382, 8.5997019 ], [ 76.9891511, 8.5996526 ], [ 76.9891511, 8.5995631 ], [ 76.9891197, 8.599437 ], [ 76.9890439, 8.5992489 ], [ 76.9890051, 8.5991922 ], [ 76.989164, 8.5989913 ], [ 76.9893525, 8.5988287 ], [ 76.9895169, 8.5986534 ], [ 76.9896629, 8.5985529 ], [ 76.9898735, 8.5984232 ], [ 76.9900545, 8.5982971 ], [ 76.9901303, 8.5982624 ], [ 76.9901617, 8.598246 ], [ 76.9906015, 8.5980955 ] ] } },
{ "type": "Feature", "properties": { "full_id": "w678621798", "osm_id": "678621798", "osm_type": "way", "highway": "residential", "noexit": null, "cutting": null, "noname": null, "tunnel": null, "ford": null, "wheelchair": null, "id": null, "vehicle": null, "bicycle_road": null, "width": null, "name:en": null, "junction": null, "layer": null, "bridge": null, "maxspeed": null, "lanes": null, "_Shape_Le_1_": null, "_SHAPE_Leng_": null, "_OBJECTID_1_": null, "_OBJECTID_": null, "_ID_": null, "sidewalk": null, "motor_vehicle": null, "horse": null, "foot": null, "cycleway": null, "bicycle": null, "access": null, "surface": "unpaved", "lit": null, "oneway": null, "name": null }, "geometry": { "type": "LineString", "coordinates": [ [ 76.9954364, 8.6074681 ], [ 76.994883, 8.6076675 ] ] } },
{ "type": "Feature", "properties": { "full_id": "w827088802", "osm_id": "827088802", "osm_type": "way", "highway": "residential", "noexit": null, "cutting": null, "noname": null, "tunnel": null, "ford": null, "wheelchair": null, "id": null, "vehicle": null, "bicycle_road": null, "width": null, "name:en": null, "junction": null, "layer": null, "bridge": null, "maxspeed": null, "lanes": null, "_Shape_Le_1_": null, "_SHAPE_Leng_": null, "_OBJECTID_1_": null, "_OBJECTID_": null, "_ID_": null, "sidewalk": null, "motor_vehicle": null, "horse": null, "foot": null, "cycleway": null, "bicycle": null, "access": null, "surface": null, "lit": null, "oneway": null, "name": null }, "geometry": { "type": "LineString", "coordinates": [ [ 76.9850124, 8.6063801 ], [ 76.9850186, 8.6064859 ], [ 76.9850422, 8.6065365 ], [ 76.9851092, 8.6065423 ], [ 76.9852012, 8.6066301 ], [ 76.9852214, 8.6066494 ], [ 76.9854774, 8.6069453 ], [ 76.985562, 8.6070349 ], [ 76.9855817, 8.6070855 ], [ 76.9855817, 8.6071303 ], [ 76.9854084, 8.6072471 ], [ 76.9852667, 8.6073775 ], [ 76.9849615, 8.6076267 ], [ 76.9849221, 8.607689 ], [ 76.9848926, 8.6077688 ], [ 76.9848886, 8.6078992 ], [ 76.9852056, 8.6079284 ], [ 76.9854065, 8.6080024 ], [ 76.9855719, 8.6079849 ], [ 76.9858436, 8.6079148 ], [ 76.9862452, 8.6078506 ], [ 76.98645, 8.6078292 ], [ 76.9865268, 8.6077785 ], [ 76.9866371, 8.6076637 ], [ 76.9868655, 8.6074651 ], [ 76.987088, 8.6073308 ], [ 76.987338, 8.6072432 ], [ 76.9875388, 8.6071595 ], [ 76.9877121, 8.6070232 ], [ 76.9880232, 8.6068013 ], [ 76.9881807, 8.606739 ], [ 76.9883264, 8.6067312 ], [ 76.9885253, 8.6067448 ], [ 76.9886159, 8.6067487 ], [ 76.9886533, 8.6067779 ], [ 76.9886572, 8.6068947 ], [ 76.9886572, 8.6070251 ], [ 76.9886749, 8.6070797 ], [ 76.988732, 8.6071186 ], [ 76.9889604, 8.6070835 ], [ 76.9892833, 8.6070018 ], [ 76.9894527, 8.606957 ], [ 76.9895767, 8.6068694 ], [ 76.9896286, 8.6068252 ] ] } },
{ "type": "Feature", "properties": { "full_id": "w679209629", "osm_id": "679209629", "osm_type": "way", "highway": "residential", "noexit": null, "cutting": null, "noname": null, "tunnel": null, "ford": null, "wheelchair": null, "id": null, "vehicle": null, "bicycle_road": null, "width": null, "name:en": null, "junction": null, "layer": null, "bridge": null, "maxspeed": null, "lanes": null, "_Shape_Le_1_": null, "_SHAPE_Leng_": null, "_OBJECTID_1_": null, "_OBJECTID_": null, "_ID_": null, "sidewalk": null, "motor_vehicle": null, "horse": null, "foot": null, "cycleway": null, "bicycle": null, "access": null, "surface": "concrete", "lit": null, "oneway": "no", "name": null }, "geometry": { "type": "LineString", "coordinates": [ [ 76.9972452, 8.6059767 ], [ 76.9972591, 8.606156 ], [ 76.9972644, 8.6062064 ], [ 76.9972886, 8.6062515 ], [ 76.9973476, 8.6062806 ], [ 76.9976802, 8.6063469 ] ] } },
{ "type": "Feature", "properties": { "full_id": "w827088803", "osm_id": "827088803", "osm_type": "way", "highway": "residential", "noexit": null, "cutting": null, "noname": null, "tunnel": null, "ford": null, "wheelchair": null, "id": null, "vehicle": null, "bicycle_road": null, "width": null, "name:en": null, "junction": null, "layer": null, "bridge": null, "maxspeed": null, "lanes": null, "_Shape_Le_1_": null, "_SHAPE_Leng_": null, "_OBJECTID_1_": null, "_OBJECTID_": null, "_ID_": null, "sidewalk": null, "motor_vehicle": null, "horse": null, "foot": null, "cycleway": null, "bicycle": null, "access": null, "surface": null, "lit": null, "oneway": null, "name": null }, "geometry": { "type": "LineString", "coordinates": [ [ 76.9850422, 8.6065365 ], [ 76.9849819, 8.6066618 ], [ 76.9849344, 8.6067167 ], [ 76.9848056, 8.6067556 ], [ 76.9847228, 8.6068012 ], [ 76.9846347, 8.6068911 ], [ 76.9845533, 8.6070426 ], [ 76.9844882, 8.6071378 ], [ 76.9843539, 8.6072276 ], [ 76.9843241, 8.6072639 ], [ 76.9842848, 8.6073644 ], [ 76.9842332, 8.6075334 ], [ 76.9841776, 8.6077989 ], [ 76.984179, 8.6079383 ], [ 76.9842238, 8.6081958 ], [ 76.9843011, 8.6084774 ], [ 76.9843702, 8.6089883 ], [ 76.9845864, 8.6092844 ] ] } },
{ "type": "Feature", "properties": { "full_id": "w679209630", "osm_id": "679209630", "osm_type": "way", "highway": "residential", "noexit": null, "cutting": null, "noname": null, "tunnel": null, "ford": null, "wheelchair": null, "id": null, "vehicle": null, "bicycle_road": null, "width": null, "name:en": null, "junction": null, "layer": null, "bridge": null, "maxspeed": null, "lanes": null, "_Shape_Le_1_": null, "_SHAPE_Leng_": null, "_OBJECTID_1_": null, "_OBJECTID_": null, "_ID_": null, "sidewalk": null, "motor_vehicle": null, "horse": null, "foot": null, "cycleway": null, "bicycle": null, "access": null, "surface": "asphalt", "lit": null, "oneway": "no", "name": null }, "geometry": { "type": "LineString", "coordinates": [ [ 76.9984646, 8.6045972 ], [ 76.9988416, 8.6048088 ], [ 76.998981, 8.6048591 ], [ 76.9991044, 8.6048751 ], [ 76.9998581, 8.6047928 ], [ 77.0005689, 8.6047372 ], [ 77.0007406, 8.6046655 ], [ 77.001218, 8.6043632 ], [ 77.0018215, 8.6040795 ], [ 77.0019315, 8.604045 ], [ 77.0020092, 8.6040423 ], [ 77.0021058, 8.6040795 ], [ 77.0022828, 8.6042492 ] ] } },
{ "type": "Feature", "properties": { "full_id": "w827088804", "osm_id": "827088804", "osm_type": "way", "highway": "residential", "noexit": null, "cutting": null, "noname": null, "tunnel": null, "ford": null, "wheelchair": null, "id": null, "vehicle": null, "bicycle_road": null, "width": null, "name:en": null, "junction": null, "layer": null, "bridge": null, "maxspeed": null, "lanes": null, "_Shape_Le_1_": null, "_SHAPE_Leng_": null, "_OBJECTID_1_": null, "_OBJECTID_": null, "_ID_": null, "sidewalk": null, "motor_vehicle": null, "horse": null, "foot": null, "cycleway": null, "bicycle": null, "access": null, "surface": null, "lit": null, "oneway": null, "name": null }, "geometry": { "type": "LineString", "coordinates": [ [ 76.9849221, 8.607689 ], [ 76.9845013, 8.6074844 ] ] } },
{ "type": "Feature", "properties": { "full_id": "w679209631", "osm_id": "679209631", "osm_type": "way", "highway": "residential", "noexit": null, "cutting": null, "noname": null, "tunnel": null, "ford": null, "wheelchair": null, "id": null, "vehicle": null, "bicycle_road": null, "width": null, "name:en": null, "junction": null, "layer": null, "bridge": null, "maxspeed": null, "lanes": null, "_Shape_Le_1_": null, "_SHAPE_Leng_": null, "_OBJECTID_1_": null, "_OBJECTID_": null, "_ID_": null, "sidewalk": null, "motor_vehicle": null, "horse": null, "foot": null, "cycleway": null, "bicycle": null, "access": null, "surface": "concrete", "lit": null, "oneway": "no", "name": null }, "geometry": { "type": "LineString", "coordinates": [ [ 77.0022828, 8.6042492 ], [ 77.00283, 8.604037 ] ] } },
{ "type": "Feature", "properties": { "full_id": "w827088805", "osm_id": "827088805", "osm_type": "way", "highway": "residential", "noexit": null, "cutting": null, "noname": null, "tunnel": null, "ford": null, "wheelchair": null, "id": null, "vehicle": null, "bicycle_road": null, "width": null, "name:en": null, "junction": null, "layer": null, "bridge": null, "maxspeed": null, "lanes": null, "_Shape_Le_1_": null, "_SHAPE_Leng_": null, "_OBJECTID_1_": null, "_OBJECTID_": null, "_ID_": null, "sidewalk": null, "motor_vehicle": null, "horse": null, "foot": null, "cycleway": null, "bicycle": null, "access": null, "surface": null, "lit": null, "oneway": null, "name": null }, "geometry": { "type": "LineString", "coordinates": [ [ 76.9843519, 8.6063415 ], [ 76.9841653, 8.6061114 ], [ 76.9839567, 8.6059814 ], [ 76.9838137, 8.6058259 ], [ 76.9837108, 8.605792 ], [ 76.9834278, 8.6057468 ], [ 76.9831792, 8.6056083 ], [ 76.9831589, 8.605608 ], [ 76.9827961, 8.6056027 ], [ 76.9823616, 8.605614 ], [ 76.9819814, 8.6055829 ], [ 76.9817328, 8.6056479 ], [ 76.9814669, 8.6057298 ], [ 76.9811153, 8.6058033 ], [ 76.9808895, 8.6058938 ], [ 76.9806723, 8.606069 ], [ 76.9805236, 8.6062188 ], [ 76.980475, 8.6062471 ] ] } },
{ "type": "Feature", "properties": { "full_id": "w679209633", "osm_id": "679209633", "osm_type": "way", "highway": "residential", "noexit": null, "cutting": null, "noname": null, "tunnel": null, "ford": null, "wheelchair": null, "id": null, "vehicle": null, "bicycle_road": null, "width": null, "name:en": null, "junction": null, "layer": null, "bridge": null, "maxspeed": null, "lanes": null, "_Shape_Le_1_": null, "_SHAPE_Leng_": null, "_OBJECTID_1_": null, "_OBJECTID_": null, "_ID_": null, "sidewalk": null, "motor_vehicle": null, "horse": null, "foot": null, "cycleway": null, "bicycle": null, "access": null, "surface": "concrete", "lit": null, "oneway": "no", "name": null }, "geometry": { "type": "LineString", "coordinates": [ [ 77.001218, 8.6043632 ], [ 77.0014485, 8.6047067 ], [ 77.0015101, 8.6049443 ], [ 77.001534, 8.6052873 ] ] } },
{ "type": "Feature", "properties": { "full_id": "w827088806", "osm_id": "827088806", "osm_type": "way", "highway": "residential", "noexit": null, "cutting": null, "noname": null, "tunnel": null, "ford": null, "wheelchair": null, "id": null, "vehicle": null, "bicycle_road": null, "width": null, "name:en": null, "junction": null, "layer": null, "bridge": null, "maxspeed": null, "lanes": null, "_Shape_Le_1_": null, "_SHAPE_Leng_": null, "_OBJECTID_1_": null, "_OBJECTID_": null, "_ID_": null, "sidewalk": null, "motor_vehicle": null, "horse": null, "foot": null, "cycleway": null, "bicycle": null, "access": null, "surface": null, "lit": null, "oneway": null, "name": null }, "geometry": { "type": "LineString", "coordinates": [ [ 76.9834278, 8.6057468 ], [ 76.983545, 8.605108 ] ] } },
{ "type": "Feature", "properties": { "full_id": "w857309001", "osm_id": "857309001", "osm_type": "way", "highway": "residential", "noexit": null, "cutting": null, "noname": null, "tunnel": null, "ford": null, "wheelchair": null, "id": null, "vehicle": null, "bicycle_road": null, "width": null, "name:en": null, "junction": null, "layer": null, "bridge": null, "maxspeed": null, "lanes": null, "_Shape_Le_1_": null, "_SHAPE_Leng_": null, "_OBJECTID_1_": null, "_OBJECTID_": null, "_ID_": null, "sidewalk": null, "motor_vehicle": null, "horse": null, "foot": null, "cycleway": null, "bicycle": null, "access": null, "surface": null, "lit": null, "oneway": null, "name": null }, "geometry": { "type": "LineString", "coordinates": [ [ 76.9646949, 8.6147131 ], [ 76.9645266, 8.6148529 ], [ 76.9643685, 8.6149028 ], [ 76.9642928, 8.6149526 ], [ 76.9643157, 8.615118 ], [ 76.9644258, 8.6154081 ], [ 76.9645449, 8.6156777 ], [ 76.9644624, 8.6158907 ], [ 76.9644372, 8.6160833 ], [ 76.9643914, 8.6162963 ], [ 76.9643135, 8.616387 ], [ 76.9642218, 8.6164595 ], [ 76.9641278, 8.6166408 ], [ 76.9640911, 8.6167926 ], [ 76.9641118, 8.6169829 ], [ 76.9640843, 8.6170962 ], [ 76.9638734, 8.6171755 ] ] } },
{ "type": "Feature", "properties": { "full_id": "w857725596", "osm_id": "857725596", "osm_type": "way", "highway": "residential", "noexit": null, "cutting": null, "noname": null, "tunnel": null, "ford": null, "wheelchair": null, "id": null, "vehicle": null, "bicycle_road": null, "width": null, "name:en": null, "junction": null, "layer": null, "bridge": null, "maxspeed": null, "lanes": null, "_Shape_Le_1_": null, "_SHAPE_Leng_": null, "_OBJECTID_1_": null, "_OBJECTID_": null, "_ID_": null, "sidewalk": null, "motor_vehicle": null, "horse": null, "foot": null, "cycleway": null, "bicycle": null, "access": null, "surface": null, "lit": null, "oneway": null, "name": null }, "geometry": { "type": "LineString", "coordinates": [ [ 77.0359469, 8.6233443 ], [ 77.0360798, 8.6233444 ], [ 77.0361751, 8.6233415 ], [ 77.0362481, 8.6232943 ], [ 77.0363599, 8.6232044 ], [ 77.0366743, 8.6229893 ], [ 77.0371005, 8.6227212 ], [ 77.0372078, 8.6226358 ], [ 77.0372972, 8.6225297 ], [ 77.0374, 8.6223912 ], [ 77.0374328, 8.6223352 ], [ 77.0374909, 8.6222969 ], [ 77.0375833, 8.6222586 ], [ 77.0377308, 8.6221997 ], [ 77.0379275, 8.6219964 ], [ 77.0380333, 8.6218991 ], [ 77.0380869, 8.6218255 ], [ 77.0381242, 8.621522 ], [ 77.038151, 8.6213172 ], [ 77.0382136, 8.6211728 ], [ 77.0383924, 8.6208885 ], [ 77.038449, 8.6207058 ], [ 77.0385086, 8.6205879 ], [ 77.0385399, 8.6205525 ], [ 77.0385846, 8.620557 ], [ 77.03861, 8.6205967 ], [ 77.0386278, 8.6207441 ], [ 77.0386606, 8.620831 ], [ 77.038759, 8.6209474 ], [ 77.0391241, 8.6211831 ], [ 77.0392194, 8.6213054 ], [ 77.0392373, 8.6213761 ], [ 77.0392448, 8.621466 ], [ 77.0391807, 8.6215706 ], [ 77.038981, 8.6217135 ], [ 77.0384714, 8.6220081 ], [ 77.0379752, 8.6224369 ], [ 77.0378813, 8.6224722 ], [ 77.0378306, 8.6224649 ], [ 77.0377949, 8.6224251 ], [ 77.0377725, 8.6223809 ], [ 77.0377472, 8.6223087 ], [ 77.0377308, 8.6221997 ] ] } },
{ "type": "Feature", "properties": { "full_id": "w679382416", "osm_id": "679382416", "osm_type": "way", "highway": "residential", "noexit": null, "cutting": null, "noname": null, "tunnel": null, "ford": null, "wheelchair": null, "id": null, "vehicle": null, "bicycle_road": null, "width": null, "name:en": null, "junction": null, "layer": null, "bridge": null, "maxspeed": null, "lanes": null, "_Shape_Le_1_": null, "_SHAPE_Leng_": null, "_OBJECTID_1_": null, "_OBJECTID_": null, "_ID_": null, "sidewalk": null, "motor_vehicle": null, "horse": null, "foot": null, "cycleway": null, "bicycle": null, "access": null, "surface": "concrete", "lit": null, "oneway": "no", "name": "School Entrance Road" }, "geometry": { "type": "LineString", "coordinates": [ [ 77.0018868, 8.606105 ], [ 77.0019522, 8.6061543 ], [ 77.0020085, 8.6061853 ], [ 77.0020587, 8.6062158 ], [ 77.0020871, 8.6062301 ] ] } },
{ "type": "Feature", "properties": { "full_id": "w817203463", "osm_id": "817203463", "osm_type": "way", "highway": "residential", "noexit": null, "cutting": null, "noname": null, "tunnel": null, "ford": null, "wheelchair": null, "id": null, "vehicle": null, "bicycle_road": null, "width": null, "name:en": null, "junction": null, "layer": null, "bridge": null, "maxspeed": null, "lanes": null, "_Shape_Le_1_": null, "_SHAPE_Leng_": null, "_OBJECTID_1_": null, "_OBJECTID_": null, "_ID_": null, "sidewalk": null, "motor_vehicle": null, "horse": null, "foot": null, "cycleway": null, "bicycle": null, "access": null, "surface": null, "lit": null, "oneway": null, "name": "residential road" }, "geometry": { "type": "LineString", "coordinates": [ [ 77.0214356, 8.612387 ], [ 77.0215427, 8.612433 ] ] } },
{ "type": "Feature", "properties": { "full_id": "w679382418", "osm_id": "679382418", "osm_type": "way", "highway": "residential", "noexit": null, "cutting": null, "noname": null, "tunnel": null, "ford": null, "wheelchair": null, "id": null, "vehicle": null, "bicycle_road": null, "width": null, "name:en": null, "junction": null, "layer": null, "bridge": null, "maxspeed": null, "lanes": null, "_Shape_Le_1_": null, "_SHAPE_Leng_": null, "_OBJECTID_1_": null, "_OBJECTID_": null, "_ID_": null, "sidewalk": null, "motor_vehicle": null, "horse": null, "foot": null, "cycleway": null, "bicycle": null, "access": "permit", "surface": "asphalt", "lit": "yes", "oneway": "yes", "name": "Bus Station Entrance Road" }, "geometry": { "type": "LineString", "coordinates": [ [ 77.0039914, 8.604924 ], [ 77.0040517, 8.605093 ], [ 77.0040671, 8.605218 ], [ 77.0040671, 8.6053093 ], [ 77.0040579, 8.6053794 ], [ 77.0040418, 8.6054062 ], [ 77.0038527, 8.6054818 ], [ 77.003319, 8.6057125 ], [ 77.003205, 8.6057403 ], [ 77.0031151, 8.605743 ], [ 77.0030132, 8.6057297 ], [ 77.0028576, 8.6056661 ] ] } },
{ "type": "Feature", "properties": { "full_id": "w817203474", "osm_id": "817203474", "osm_type": "way", "highway": "residential", "noexit": null, "cutting": null, "noname": null, "tunnel": null, "ford": null, "wheelchair": null, "id": null, "vehicle": null, "bicycle_road": null, "width": null, "name:en": null, "junction": null, "layer": null, "bridge": null, "maxspeed": null, "lanes": null, "_Shape_Le_1_": null, "_SHAPE_Leng_": null, "_OBJECTID_1_": null, "_OBJECTID_": null, "_ID_": null, "sidewalk": null, "motor_vehicle": null, "horse": null, "foot": null, "cycleway": null, "bicycle": null, "access": null, "surface": null, "lit": null, "oneway": null, "name": "residential road" }, "geometry": { "type": "LineString", "coordinates": [ [ 77.0215427, 8.612433 ], [ 77.0217499, 8.6124862 ], [ 77.0219299, 8.6124777 ], [ 77.0220928, 8.6125318 ], [ 77.0222596, 8.6125965 ], [ 77.0224427, 8.6127678 ], [ 77.0226682, 8.6129217 ], [ 77.0228027, 8.6129657 ], [ 77.0228674, 8.6130037 ], [ 77.0228598, 8.6132243 ], [ 77.0229667, 8.6133071 ] ] } },
{ "type": "Feature", "properties": { "full_id": "w817206858", "osm_id": "817206858", "osm_type": "way", "highway": "residential", "noexit": null, "cutting": null, "noname": null, "tunnel": null, "ford": null, "wheelchair": null, "id": null, "vehicle": null, "bicycle_road": null, "width": null, "name:en": null, "junction": null, "layer": null, "bridge": null, "maxspeed": null, "lanes": null, "_Shape_Le_1_": null, "_SHAPE_Leng_": null, "_OBJECTID_1_": null, "_OBJECTID_": null, "_ID_": null, "sidewalk": null, "motor_vehicle": null, "horse": null, "foot": null, "cycleway": null, "bicycle": null, "access": null, "surface": null, "lit": null, "oneway": null, "name": "vazhode" }, "geometry": { "type": "LineString", "coordinates": [ [ 76.9957934, 8.5886444 ], [ 76.9958746, 8.5885758 ], [ 76.9959805, 8.5884786 ], [ 76.9962246, 8.5883221 ], [ 76.9963131, 8.5882797 ], [ 76.9963801, 8.5882558 ], [ 76.9964633, 8.5882478 ], [ 76.9965411, 8.588224 ], [ 76.9967288, 8.588155 ], [ 76.9968388, 8.5881391 ], [ 76.9969595, 8.5881179 ], [ 76.9970909, 8.5881099 ], [ 76.9971875, 8.5881152 ], [ 76.9972948, 8.5880808 ], [ 76.9973913, 8.588033 ], [ 76.9975362, 8.5879906 ], [ 76.9976783, 8.587972 ], [ 76.9978044, 8.5879481 ], [ 76.9979063, 8.5879216 ], [ 76.9980941, 8.5878925 ], [ 76.9981908, 8.5878908 ], [ 76.9983006, 8.5879031 ], [ 76.9985494, 8.5879358 ], [ 76.9985908, 8.5877999 ], [ 76.9986719, 8.5878226 ], [ 76.9988183, 8.5878155 ], [ 76.9989826, 8.5877396 ], [ 76.9991073, 8.5876648 ], [ 76.9992218, 8.587578 ], [ 76.9993025, 8.5874809 ], [ 76.9993621, 8.5873986 ], [ 76.99941, 8.587361 ], [ 76.9994608, 8.5873372 ], [ 76.9995243, 8.5873271 ], [ 76.9996396, 8.5873343 ], [ 76.9997876, 8.5873528 ], [ 76.9998963, 8.587338 ], [ 76.9999684, 8.5873231 ], [ 77.0000226, 8.587299 ], [ 77.0000511, 8.5872702 ], [ 77.0000712, 8.5871481 ], [ 77.0001269, 8.5868319 ], [ 77.0001243, 8.5865916 ], [ 77.0000974, 8.586192 ], [ 77.0000818, 8.5861233 ], [ 77.0000419, 8.5860644 ], [ 77.0000061, 8.5859802 ], [ 77.0000085, 8.5858972 ], [ 77.0000417, 8.585735 ], [ 77.0000608, 8.5856225 ], [ 77.0000704, 8.5854858 ] ] } },
{ "type": "Feature", "properties": { "full_id": "w682400796", "osm_id": "682400796", "osm_type": "way", "highway": "residential", "noexit": null, "cutting": null, "noname": null, "tunnel": null, "ford": null, "wheelchair": null, "id": null, "vehicle": null, "bicycle_road": null, "width": null, "name:en": null, "junction": null, "layer": null, "bridge": null, "maxspeed": null, "lanes": null, "_Shape_Le_1_": null, "_SHAPE_Leng_": null, "_OBJECTID_1_": null, "_OBJECTID_": null, "_ID_": null, "sidewalk": null, "motor_vehicle": null, "horse": null, "foot": null, "cycleway": null, "bicycle": null, "access": null, "surface": "asphalt", "lit": null, "oneway": null, "name": "Panchiyamman Temple Road" }, "geometry": { "type": "LineString", "coordinates": [ [ 76.9952652, 8.6069928 ], [ 76.9949339, 8.6070632 ], [ 76.9945814, 8.6070932 ], [ 76.9941961, 8.6070955 ], [ 76.9941032, 8.6070945 ], [ 76.9939019, 8.607114 ], [ 76.9937875, 8.607151 ], [ 76.9937197, 8.6071902 ], [ 76.9936614, 8.6072433 ], [ 76.9936427, 8.6073033 ], [ 76.9936147, 8.6073541 ], [ 76.993575, 8.6073795 ], [ 76.993199, 8.6075365 ], [ 76.9931033, 8.6075781 ], [ 76.9930846, 8.607585 ], [ 76.9931313, 8.6080513 ], [ 76.9931687, 8.6080513 ], [ 76.9932247, 8.6080583 ], [ 76.9932597, 8.6080906 ], [ 76.9932784, 8.6081529 ], [ 76.9932878, 8.608243 ] ] } },
{ "type": "Feature", "properties": { "full_id": "w817206863", "osm_id": "817206863", "osm_type": "way", "highway": "residential", "noexit": null, "cutting": null, "noname": null, "tunnel": null, "ford": null, "wheelchair": null, "id": null, "vehicle": null, "bicycle_road": null, "width": null, "name:en": null, "junction": null, "layer": null, "bridge": null, "maxspeed": null, "lanes": null, "_Shape_Le_1_": null, "_SHAPE_Leng_": null, "_OBJECTID_1_": null, "_OBJECTID_": null, "_ID_": null, "sidewalk": null, "motor_vehicle": null, "horse": null, "foot": null, "cycleway": null, "bicycle": null, "access": null, "surface": null, "lit": null, "oneway": null, "name": null }, "geometry": { "type": "LineString", "coordinates": [ [ 76.9985494, 8.5879358 ], [ 76.9988864, 8.5879919 ], [ 76.9992656, 8.5880181 ], [ 76.9994986, 8.5879177 ], [ 76.9997197, 8.5878118 ], [ 76.9998921, 8.5878029 ], [ 77.0002686, 8.5878735 ] ] } },
{ "type": "Feature", "properties": { "full_id": "w682400797", "osm_id": "682400797", "osm_type": "way", "highway": "residential", "noexit": null, "cutting": null, "noname": null, "tunnel": null, "ford": null, "wheelchair": null, "id": null, "vehicle": null, "bicycle_road": null, "width": null, "name:en": null, "junction": null, "layer": null, "bridge": null, "maxspeed": null, "lanes": null, "_Shape_Le_1_": null, "_SHAPE_Leng_": null, "_OBJECTID_1_": null, "_OBJECTID_": null, "_ID_": null, "sidewalk": null, "motor_vehicle": null, "horse": null, "foot": null, "cycleway": null, "bicycle": null, "access": null, "surface": "asphalt", "lit": null, "oneway": "no", "name": null }, "geometry": { "type": "LineString", "coordinates": [ [ 76.9932878, 8.608243 ], [ 76.9933115, 8.6084001 ], [ 76.99334, 8.6085026 ], [ 76.9933725, 8.608575 ], [ 76.9934436, 8.6086815 ], [ 76.9935818, 8.6086976 ], [ 76.9936916, 8.6086714 ], [ 76.9939681, 8.6085971 ], [ 76.9940209, 8.608585 ], [ 76.9940494, 8.608591 ], [ 76.9940697, 8.6086091 ], [ 76.994086, 8.6086493 ], [ 76.9941327, 8.6090211 ], [ 76.9941652, 8.6092241 ], [ 76.9941571, 8.6092563 ], [ 76.9941307, 8.6092824 ], [ 76.9940575, 8.6093266 ], [ 76.9940372, 8.6093507 ], [ 76.9940311, 8.6093849 ], [ 76.9940555, 8.6094512 ], [ 76.9941673, 8.6096804 ], [ 76.9942567, 8.6097768 ], [ 76.9943662, 8.6099142 ] ] } },
{ "type": "Feature", "properties": { "full_id": "w817206864", "osm_id": "817206864", "osm_type": "way", "highway": "residential", "noexit": null, "cutting": null, "noname": null, "tunnel": null, "ford": null, "wheelchair": null, "id": null, "vehicle": null, "bicycle_road": null, "width": null, "name:en": null, "junction": null, "layer": null, "bridge": null, "maxspeed": null, "lanes": null, "_Shape_Le_1_": null, "_SHAPE_Leng_": null, "_OBJECTID_1_": null, "_OBJECTID_": null, "_ID_": null, "sidewalk": null, "motor_vehicle": null, "horse": null, "foot": null, "cycleway": null, "bicycle": null, "access": null, "surface": null, "lit": null, "oneway": null, "name": "sulthan nagar" }, "geometry": { "type": "LineString", "coordinates": [ [ 76.9992656, 8.5880181 ], [ 76.9992701, 8.5882467 ], [ 76.9997227, 8.5891465 ] ] } },
{ "type": "Feature", "properties": { "full_id": "w682400798", "osm_id": "682400798", "osm_type": "way", "highway": "residential", "noexit": null, "cutting": null, "noname": null, "tunnel": null, "ford": null, "wheelchair": null, "id": null, "vehicle": null, "bicycle_road": null, "width": null, "name:en": null, "junction": null, "layer": null, "bridge": null, "maxspeed": null, "lanes": null, "_Shape_Le_1_": null, "_SHAPE_Leng_": null, "_OBJECTID_1_": null, "_OBJECTID_": null, "_ID_": null, "sidewalk": null, "motor_vehicle": null, "horse": null, "foot": null, "cycleway": null, "bicycle": null, "access": null, "surface": "asphalt", "lit": null, "oneway": "no", "name": null }, "geometry": { "type": "LineString", "coordinates": [ [ 76.9948252, 8.6020693 ], [ 76.994742, 8.6021891 ], [ 76.9947023, 8.6022664 ], [ 76.9946902, 8.6023371 ], [ 76.9947481, 8.6025346 ], [ 76.9947912, 8.6026625 ], [ 76.9948004, 8.6027326 ], [ 76.9947925, 8.6028015 ], [ 76.994785, 8.6028666 ], [ 76.9947819, 8.6031286 ], [ 76.994745, 8.6033449 ], [ 76.99474, 8.603367 ], [ 76.9946618, 8.6037105 ], [ 76.9945324, 8.6041217 ], [ 76.9944708, 8.6043563 ], [ 76.9943854, 8.6046115 ], [ 76.9943352, 8.6047615 ], [ 76.994212, 8.6050296 ], [ 76.9941534, 8.6052032 ], [ 76.994143, 8.6052468 ], [ 76.9941134, 8.6053707 ], [ 76.9941134, 8.6055017 ], [ 76.994133, 8.6055797 ], [ 76.994212, 8.6058947 ], [ 76.9942828, 8.6060958 ], [ 76.9943105, 8.6062176 ], [ 76.9943105, 8.6062603 ], [ 76.9942859, 8.6063273 ], [ 76.994138, 8.6065101 ], [ 76.9940641, 8.6066715 ], [ 76.9940363, 8.6068391 ], [ 76.9941032, 8.6070945 ] ] } },
{ "type": "Feature", "properties": { "full_id": "w817206866", "osm_id": "817206866", "osm_type": "way", "highway": "residential", "noexit": null, "cutting": null, "noname": null, "tunnel": null, "ford": null, "wheelchair": null, "id": null, "vehicle": null, "bicycle_road": null, "width": null, "name:en": null, "junction": null, "layer": null, "bridge": null, "maxspeed": null, "lanes": null, "_Shape_Le_1_": null, "_SHAPE_Leng_": null, "_OBJECTID_1_": null, "_OBJECTID_": null, "_ID_": null, "sidewalk": null, "motor_vehicle": null, "horse": null, "foot": null, "cycleway": null, "bicycle": null, "access": null, "surface": null, "lit": null, "oneway": null, "name": null }, "geometry": { "type": "LineString", "coordinates": [ [ 77.0002686, 8.5878735 ], [ 77.0004347, 8.5875853 ] ] } },
{ "type": "Feature", "properties": { "full_id": "w682400799", "osm_id": "682400799", "osm_type": "way", "highway": "residential", "noexit": null, "cutting": null, "noname": null, "tunnel": null, "ford": null, "wheelchair": null, "id": null, "vehicle": null, "bicycle_road": null, "width": null, "name:en": null, "junction": null, "layer": null, "bridge": null, "maxspeed": null, "lanes": null, "_Shape_Le_1_": null, "_SHAPE_Leng_": null, "_OBJECTID_1_": null, "_OBJECTID_": null, "_ID_": null, "sidewalk": null, "motor_vehicle": null, "horse": null, "foot": null, "cycleway": null, "bicycle": null, "access": null, "surface": "asphalt", "lit": null, "oneway": "no", "name": null }, "geometry": { "type": "LineString", "coordinates": [ [ 76.9930846, 8.607585 ], [ 76.9929212, 8.6075667 ], [ 76.9928441, 8.607576 ], [ 76.9927437, 8.6076221 ], [ 76.9927052, 8.6076506 ], [ 76.9926129, 8.6077191 ], [ 76.9925009, 8.6077676 ], [ 76.9923818, 8.6077861 ], [ 76.9922417, 8.6077514 ], [ 76.9921156, 8.6077076 ], [ 76.9920269, 8.6076983 ], [ 76.9919358, 8.607726 ], [ 76.9918541, 8.6077768 ], [ 76.9917817, 8.6078715 ], [ 76.9917, 8.6080192 ], [ 76.9915879, 8.608137 ], [ 76.991471, 8.6082828 ], [ 76.9912837, 8.6083789 ], [ 76.9911798, 8.6084236 ], [ 76.9910518, 8.6084429 ], [ 76.9906763, 8.6084578 ], [ 76.9905159, 8.6084675 ], [ 76.9903602, 8.6084601 ], [ 76.990366, 8.6085873 ], [ 76.9903356, 8.6092867 ] ] } },
{ "type": "Feature", "properties": { "full_id": "w817236960", "osm_id": "817236960", "osm_type": "way", "highway": "residential", "noexit": null, "cutting": null, "noname": null, "tunnel": null, "ford": null, "wheelchair": null, "id": null, "vehicle": null, "bicycle_road": null, "width": null, "name:en": null, "junction": null, "layer": null, "bridge": null, "maxspeed": null, "lanes": null, "_Shape_Le_1_": null, "_SHAPE_Leng_": null, "_OBJECTID_1_": null, "_OBJECTID_": null, "_ID_": null, "sidewalk": null, "motor_vehicle": null, "horse": null, "foot": null, "cycleway": null, "bicycle": null, "access": null, "surface": null, "lit": null, "oneway": null, "name": null }, "geometry": { "type": "LineString", "coordinates": [ [ 76.9847175, 8.6000833 ], [ 76.984832, 8.6000003 ], [ 76.9849066, 8.5998151 ], [ 76.9849526, 8.5997305 ], [ 76.984973, 8.5996928 ], [ 76.9850249, 8.5995974 ], [ 76.9850581, 8.5995129 ], [ 76.9850794, 8.5994589 ], [ 76.9851213, 8.5992376 ], [ 76.9851959, 8.5991728 ], [ 76.9852567, 8.5991644 ], [ 76.9853463, 8.599152 ], [ 76.985398, 8.5991848 ] ] } },
{ "type": "Feature", "properties": { "full_id": "w682400800", "osm_id": "682400800", "osm_type": "way", "highway": "residential", "noexit": null, "cutting": null, "noname": null, "tunnel": null, "ford": null, "wheelchair": null, "id": null, "vehicle": null, "bicycle_road": null, "width": null, "name:en": null, "junction": null, "layer": null, "bridge": null, "maxspeed": null, "lanes": null, "_Shape_Le_1_": null, "_SHAPE_Leng_": null, "_OBJECTID_1_": null, "_OBJECTID_": null, "_ID_": null, "sidewalk": null, "motor_vehicle": null, "horse": null, "foot": null, "cycleway": null, "bicycle": null, "access": null, "surface": "asphalt", "lit": null, "oneway": "no", "name": null }, "geometry": { "type": "LineString", "coordinates": [ [ 76.9912837, 8.6083789 ], [ 76.9913266, 8.608664 ], [ 76.9914187, 8.6090594 ], [ 76.9914576, 8.6095423 ], [ 76.9913691, 8.6101022 ], [ 76.9912686, 8.6109734 ] ] } },
{ "type": "Feature", "properties": { "full_id": "w817260340", "osm_id": "817260340", "osm_type": "way", "highway": "residential", "noexit": null, "cutting": null, "noname": null, "tunnel": null, "ford": null, "wheelchair": null, "id": null, "vehicle": null, "bicycle_road": null, "width": null, "name:en": null, "junction": null, "layer": null, "bridge": null, "maxspeed": null, "lanes": null, "_Shape_Le_1_": null, "_SHAPE_Leng_": null, "_OBJECTID_1_": null, "_OBJECTID_": null, "_ID_": null, "sidewalk": null, "motor_vehicle": null, "horse": null, "foot": null, "cycleway": null, "bicycle": null, "access": null, "surface": null, "lit": null, "oneway": null, "name": null }, "geometry": { "type": "LineString", "coordinates": [ [ 76.9869256, 8.598767 ], [ 76.9869248, 8.5989377 ], [ 76.9869168, 8.5990611 ], [ 76.9868752, 8.5992061 ], [ 76.9866731, 8.5993746 ], [ 76.9864254, 8.5994079 ], [ 76.9862312, 8.5995 ], [ 76.9859895, 8.5997214 ] ] } },
{ "type": "Feature", "properties": { "full_id": "w817260341", "osm_id": "817260341", "osm_type": "way", "highway": "residential", "noexit": null, "cutting": null, "noname": null, "tunnel": null, "ford": null, "wheelchair": null, "id": null, "vehicle": null, "bicycle_road": null, "width": null, "name:en": null, "junction": null, "layer": null, "bridge": null, "maxspeed": null, "lanes": null, "_Shape_Le_1_": null, "_SHAPE_Leng_": null, "_OBJECTID_1_": null, "_OBJECTID_": null, "_ID_": null, "sidewalk": null, "motor_vehicle": null, "horse": null, "foot": null, "cycleway": null, "bicycle": null, "access": null, "surface": null, "lit": null, "oneway": null, "name": null }, "geometry": { "type": "LineString", "coordinates": [ [ 76.9859895, 8.5997214 ], [ 76.9857142, 8.5999583 ], [ 76.9854724, 8.6001209 ], [ 76.9853745, 8.6001835 ], [ 76.9848865, 8.6004838 ] ] } },
{ "type": "Feature", "properties": { "full_id": "w707243857", "osm_id": "707243857", "osm_type": "way", "highway": "residential", "noexit": null, "cutting": null, "noname": null, "tunnel": null, "ford": null, "wheelchair": null, "id": null, "vehicle": null, "bicycle_road": null, "width": null, "name:en": null, "junction": null, "layer": null, "bridge": null, "maxspeed": null, "lanes": null, "_Shape_Le_1_": null, "_SHAPE_Leng_": null, "_OBJECTID_1_": null, "_OBJECTID_": null, "_ID_": null, "sidewalk": null, "motor_vehicle": null, "horse": null, "foot": null, "cycleway": null, "bicycle": null, "access": null, "surface": null, "lit": null, "oneway": null, "name": null }, "geometry": { "type": "LineString", "coordinates": [ [ 76.9973379, 8.6087775 ], [ 76.997188, 8.6088576 ], [ 76.9970894, 8.6088911 ], [ 76.9968912, 8.6089163 ], [ 76.9968737, 8.6089185 ], [ 76.9968183, 8.6089185 ] ] } },
{ "type": "Feature", "properties": { "full_id": "w817531834", "osm_id": "817531834", "osm_type": "way", "highway": "residential", "noexit": null, "cutting": null, "noname": null, "tunnel": null, "ford": null, "wheelchair": null, "id": null, "vehicle": null, "bicycle_road": null, "width": null, "name:en": null, "junction": null, "layer": null, "bridge": null, "maxspeed": null, "lanes": null, "_Shape_Le_1_": null, "_SHAPE_Leng_": null, "_OBJECTID_1_": null, "_OBJECTID_": null, "_ID_": null, "sidewalk": null, "motor_vehicle": null, "horse": null, "foot": null, "cycleway": null, "bicycle": null, "access": null, "surface": null, "lit": null, "oneway": null, "name": null }, "geometry": { "type": "LineString", "coordinates": [ [ 76.998153, 8.5896077 ], [ 76.9975172, 8.5901043 ], [ 76.9974931, 8.5901574 ], [ 76.9974931, 8.590221 ], [ 76.9975145, 8.5903165 ], [ 76.9975199, 8.5903908 ], [ 76.9975199, 8.5904279 ] ] } },
{ "type": "Feature", "properties": { "full_id": "w670154735", "osm_id": "670154735", "osm_type": "way", "highway": "residential", "noexit": null, "cutting": null, "noname": null, "tunnel": null, "ford": null, "wheelchair": null, "id": null, "vehicle": null, "bicycle_road": null, "width": null, "name:en": null, "junction": null, "layer": null, "bridge": null, "maxspeed": null, "lanes": null, "_Shape_Le_1_": null, "_SHAPE_Leng_": null, "_OBJECTID_1_": null, "_OBJECTID_": null, "_ID_": null, "sidewalk": null, "motor_vehicle": null, "horse": null, "foot": null, "cycleway": null, "bicycle": null, "access": null, "surface": "asphalt", "lit": null, "oneway": null, "name": "Housing Board Road" }, "geometry": { "type": "LineString", "coordinates": [ [ 76.9970359, 8.6077287 ], [ 76.9970956, 8.6076963 ], [ 76.9972017, 8.6076718 ], [ 76.9973141, 8.6076683 ], [ 76.9975344, 8.6076613 ], [ 76.9975826, 8.6076611 ], [ 76.9977183, 8.6076599 ], [ 76.9978424, 8.6076599 ], [ 76.997903, 8.6076599 ], [ 76.9979261, 8.6076399 ], [ 76.9979492, 8.6075943 ], [ 76.9979694, 8.6075115 ] ] } },
{ "type": "Feature", "properties": { "full_id": "w1377379866", "osm_id": "1377379866", "osm_type": "way", "highway": "residential", "noexit": null, "cutting": null, "noname": null, "tunnel": null, "ford": null, "wheelchair": null, "id": null, "vehicle": null, "bicycle_road": null, "width": null, "name:en": null, "junction": null, "layer": "1", "bridge": "yes", "maxspeed": null, "lanes": null, "_Shape_Le_1_": null, "_SHAPE_Leng_": null, "_OBJECTID_1_": null, "_OBJECTID_": null, "_ID_": null, "sidewalk": null, "motor_vehicle": null, "horse": null, "foot": null, "cycleway": null, "bicycle": null, "access": null, "surface": null, "lit": null, "oneway": null, "name": null }, "geometry": { "type": "LineString", "coordinates": [ [ 76.9884324, 8.6050439 ], [ 76.9884769, 8.6051511 ] ] } },
{ "type": "Feature", "properties": { "full_id": "w817531835", "osm_id": "817531835", "osm_type": "way", "highway": "residential", "noexit": null, "cutting": null, "noname": null, "tunnel": null, "ford": null, "wheelchair": null, "id": null, "vehicle": null, "bicycle_road": null, "width": null, "name:en": null, "junction": null, "layer": null, "bridge": null, "maxspeed": null, "lanes": null, "_Shape_Le_1_": null, "_SHAPE_Leng_": null, "_OBJECTID_1_": null, "_OBJECTID_": null, "_ID_": null, "sidewalk": null, "motor_vehicle": null, "horse": null, "foot": null, "cycleway": null, "bicycle": null, "access": null, "surface": null, "lit": null, "oneway": null, "name": null }, "geometry": { "type": "LineString", "coordinates": [ [ 76.9981908, 8.5878908 ], [ 76.9982243, 8.587836 ], [ 76.9982617, 8.5877564 ], [ 76.9983057, 8.5876654 ], [ 76.9983069, 8.5875295 ], [ 76.9983512, 8.5874704 ] ] } },
{ "type": "Feature", "properties": { "full_id": "w1377379867", "osm_id": "1377379867", "osm_type": "way", "highway": "residential", "noexit": null, "cutting": null, "noname": null, "tunnel": null, "ford": null, "wheelchair": null, "id": null, "vehicle": null, "bicycle_road": null, "width": null, "name:en": null, "junction": null, "layer": "1", "bridge": "yes", "maxspeed": null, "lanes": null, "_Shape_Le_1_": null, "_SHAPE_Leng_": null, "_OBJECTID_1_": null, "_OBJECTID_": null, "_ID_": null, "sidewalk": null, "motor_vehicle": null, "horse": null, "foot": null, "cycleway": null, "bicycle": null, "access": null, "surface": null, "lit": null, "oneway": null, "name": null }, "geometry": { "type": "LineString", "coordinates": [ [ 76.9893363, 8.6042377 ], [ 76.9894, 8.6043407 ] ] } },
{ "type": "Feature", "properties": { "full_id": "w817531859", "osm_id": "817531859", "osm_type": "way", "highway": "residential", "noexit": null, "cutting": null, "noname": null, "tunnel": null, "ford": null, "wheelchair": null, "id": null, "vehicle": null, "bicycle_road": null, "width": null, "name:en": null, "junction": null, "layer": null, "bridge": null, "maxspeed": null, "lanes": null, "_Shape_Le_1_": null, "_SHAPE_Leng_": null, "_OBJECTID_1_": null, "_OBJECTID_": null, "_ID_": null, "sidewalk": null, "motor_vehicle": null, "horse": null, "foot": null, "cycleway": null, "bicycle": null, "access": null, "surface": null, "lit": null, "oneway": null, "name": "elicode road" }, "geometry": { "type": "LineString", "coordinates": [ [ 76.9988864, 8.5879919 ], [ 76.9988878, 8.5884662 ], [ 76.998861, 8.5886306 ], [ 76.9988663, 8.5887102 ], [ 76.9988636, 8.5887685 ], [ 76.998869, 8.5888295 ], [ 76.9988985, 8.5889489 ], [ 76.9989173, 8.5890125 ], [ 76.9989307, 8.5890841 ], [ 76.9989173, 8.5891504 ], [ 76.99892, 8.5891823 ], [ 76.9989092, 8.589222 ], [ 76.9988985, 8.5892539 ], [ 76.9988556, 8.5893043 ], [ 76.9987939, 8.5893573 ], [ 76.9987215, 8.5893971 ], [ 76.9986518, 8.5894183 ], [ 76.9983342, 8.589743 ], [ 76.9983066, 8.5898108 ] ] } },
{ "type": "Feature", "properties": { "full_id": "w672802130", "osm_id": "672802130", "osm_type": "way", "highway": "residential", "noexit": null, "cutting": null, "noname": null, "tunnel": null, "ford": null, "wheelchair": null, "id": null, "vehicle": null, "bicycle_road": null, "width": null, "name:en": null, "junction": null, "layer": null, "bridge": null, "maxspeed": null, "lanes": "1", "_Shape_Le_1_": null, "_SHAPE_Leng_": null, "_OBJECTID_1_": null, "_OBJECTID_": null, "_ID_": null, "sidewalk": null, "motor_vehicle": null, "horse": null, "foot": null, "cycleway": null, "bicycle": null, "access": null, "surface": "asphalt", "lit": null, "oneway": null, "name": "LIC - Netta Road" }, "geometry": { "type": "LineString", "coordinates": [ [ 76.9984122, 8.6053873 ], [ 76.9982965, 8.605404 ], [ 76.9982505, 8.605376 ], [ 76.9982222, 8.6053235 ], [ 76.9981904, 8.6052641 ], [ 76.9981231, 8.6051976 ], [ 76.9979517, 8.605074 ] ] } },
{ "type": "Feature", "properties": { "full_id": "w1377379868", "osm_id": "1377379868", "osm_type": "way", "highway": "residential", "noexit": null, "cutting": null, "noname": null, "tunnel": null, "ford": null, "wheelchair": null, "id": null, "vehicle": null, "bicycle_road": null, "width": null, "name:en": null, "junction": null, "layer": null, "bridge": null, "maxspeed": null, "lanes": null, "_Shape_Le_1_": null, "_SHAPE_Leng_": null, "_OBJECTID_1_": null, "_OBJECTID_": null, "_ID_": null, "sidewalk": null, "motor_vehicle": null, "horse": null, "foot": null, "cycleway": null, "bicycle": null, "access": null, "surface": null, "lit": null, "oneway": null, "name": null }, "geometry": { "type": "LineString", "coordinates": [ [ 76.9737701, 8.614589 ], [ 76.9741204, 8.6143056 ] ] } },
{ "type": "Feature", "properties": { "full_id": "w817531866", "osm_id": "817531866", "osm_type": "way", "highway": "residential", "noexit": null, "cutting": null, "noname": null, "tunnel": null, "ford": null, "wheelchair": null, "id": null, "vehicle": null, "bicycle_road": null, "width": null, "name:en": null, "junction": null, "layer": null, "bridge": null, "maxspeed": null, "lanes": null, "_Shape_Le_1_": null, "_SHAPE_Leng_": null, "_OBJECTID_1_": null, "_OBJECTID_": null, "_ID_": null, "sidewalk": null, "motor_vehicle": null, "horse": null, "foot": null, "cycleway": null, "bicycle": null, "access": null, "surface": null, "lit": null, "oneway": null, "name": null }, "geometry": { "type": "LineString", "coordinates": [ [ 77.0002686, 8.5878735 ], [ 77.0006142, 8.5879237 ], [ 77.0008589, 8.5879924 ], [ 77.0009189, 8.5880318 ], [ 77.0009806, 8.5881127 ], [ 77.0009872, 8.5881364 ], [ 77.0010084, 8.5882138 ], [ 77.0009857, 8.5883034 ], [ 77.0009431, 8.5883274 ], [ 77.0004092, 8.588356 ], [ 77.0003625, 8.5883807 ] ] } },
{ "type": "Feature", "properties": { "full_id": "w672802131", "osm_id": "672802131", "osm_type": "way", "highway": "residential", "noexit": null, "cutting": null, "noname": null, "tunnel": null, "ford": null, "wheelchair": null, "id": null, "vehicle": null, "bicycle_road": null, "width": null, "name:en": null, "junction": null, "layer": null, "bridge": null, "maxspeed": null, "lanes": null, "_Shape_Le_1_": null, "_SHAPE_Leng_": null, "_OBJECTID_1_": null, "_OBJECTID_": null, "_ID_": null, "sidewalk": null, "motor_vehicle": null, "horse": null, "foot": null, "cycleway": null, "bicycle": null, "access": null, "surface": "paved", "lit": null, "oneway": null, "name": "LIC - Netta Road" }, "geometry": { "type": "LineString", "coordinates": [ [ 76.9977117, 8.6049457 ], [ 76.9976604, 8.6049238 ], [ 76.9974921, 8.6048959 ], [ 76.9973931, 8.6049157 ], [ 76.9973407, 8.6050414 ], [ 76.9972852, 8.6051328 ], [ 76.9972667, 8.6051724 ], [ 76.9972431, 8.6051944 ], [ 76.9972166, 8.6052275 ], [ 76.9971544, 8.6052537 ], [ 76.9971526, 8.6053193 ], [ 76.9971447, 8.605388 ], [ 76.9971339, 8.6054819 ], [ 76.9971554, 8.6056389 ], [ 76.9972055, 8.6058044 ], [ 76.9972575, 8.6059127 ], [ 76.9972606, 8.6059462 ], [ 76.9972452, 8.6059767 ], [ 76.9970388, 8.6060102 ], [ 76.9969648, 8.6060193 ], [ 76.9969494, 8.6060376 ], [ 76.9969371, 8.6060681 ], [ 76.9969525, 8.6061259 ], [ 76.9969432, 8.6061625 ], [ 76.9968477, 8.6061716 ], [ 76.9963024, 8.6061046 ] ] } },
{ "type": "Feature", "properties": { "full_id": "w849739216", "osm_id": "849739216", "osm_type": "way", "highway": "residential", "noexit": null, "cutting": null, "noname": null, "tunnel": null, "ford": null, "wheelchair": null, "id": null, "vehicle": null, "bicycle_road": null, "width": null, "name:en": null, "junction": null, "layer": null, "bridge": null, "maxspeed": null, "lanes": null, "_Shape_Le_1_": null, "_SHAPE_Leng_": null, "_OBJECTID_1_": null, "_OBJECTID_": null, "_ID_": null, "sidewalk": null, "motor_vehicle": null, "horse": null, "foot": null, "cycleway": null, "bicycle": null, "access": null, "surface": null, "lit": null, "oneway": null, "name": null }, "geometry": { "type": "LineString", "coordinates": [ [ 76.9952079, 8.5932955 ], [ 76.9952774, 8.5933643 ], [ 76.9953185, 8.5934103 ], [ 76.9953507, 8.5934244 ], [ 76.9953811, 8.5934173 ], [ 76.9953954, 8.5934403 ], [ 76.9954276, 8.5935482 ], [ 76.9954812, 8.5935641 ], [ 76.9955224, 8.5936118 ], [ 76.9955653, 8.5936596 ], [ 76.9956279, 8.5936242 ], [ 76.9956905, 8.5935765 ], [ 76.9957745, 8.5934757 ], [ 76.9958603, 8.5934209 ], [ 76.9959801, 8.593382 ], [ 76.9960493, 8.5933728 ], [ 76.9960874, 8.5933678 ], [ 76.9962197, 8.5935305 ], [ 76.9962788, 8.5935729 ], [ 76.9963127, 8.593633 ], [ 76.9963521, 8.5937002 ], [ 76.9963753, 8.5937603 ], [ 76.9964093, 8.5938169 ], [ 76.9964522, 8.5938664 ], [ 76.9964934, 8.5938995 ] ] } },
{ "type": "Feature", "properties": { "full_id": "w1377379869", "osm_id": "1377379869", "osm_type": "way", "highway": "residential", "noexit": null, "cutting": null, "noname": null, "tunnel": null, "ford": null, "wheelchair": null, "id": null, "vehicle": null, "bicycle_road": null, "width": null, "name:en": null, "junction": null, "layer": "1", "bridge": "yes", "maxspeed": null, "lanes": null, "_Shape_Le_1_": null, "_SHAPE_Leng_": null, "_OBJECTID_1_": null, "_OBJECTID_": null, "_ID_": null, "sidewalk": null, "motor_vehicle": null, "horse": null, "foot": null, "cycleway": null, "bicycle": null, "access": null, "surface": null, "lit": null, "oneway": null, "name": null }, "geometry": { "type": "LineString", "coordinates": [ [ 76.9736482, 8.614712 ], [ 76.9737701, 8.614589 ] ] } },
{ "type": "Feature", "properties": { "full_id": "w817531867", "osm_id": "817531867", "osm_type": "way", "highway": "residential", "noexit": null, "cutting": null, "noname": null, "tunnel": null, "ford": null, "wheelchair": null, "id": null, "vehicle": null, "bicycle_road": null, "width": null, "name:en": null, "junction": null, "layer": null, "bridge": null, "maxspeed": null, "lanes": null, "_Shape_Le_1_": null, "_SHAPE_Leng_": null, "_OBJECTID_1_": null, "_OBJECTID_": null, "_ID_": null, "sidewalk": null, "motor_vehicle": null, "horse": null, "foot": null, "cycleway": null, "bicycle": null, "access": null, "surface": null, "lit": null, "oneway": null, "name": null }, "geometry": { "type": "LineString", "coordinates": [ [ 77.0009872, 8.5881364 ], [ 77.0011054, 8.5881372 ], [ 77.001181, 8.588109 ], [ 77.0012284, 8.5880643 ], [ 77.001258, 8.5879387 ], [ 77.0012699, 8.5877981 ], [ 77.0012867, 8.5876929 ], [ 77.0013863, 8.5874721 ], [ 77.0014962, 8.5873291 ], [ 77.0016782, 8.5872063 ], [ 77.0017834, 8.5871517 ], [ 77.0019647, 8.5871532 ], [ 77.0021019, 8.5871712 ], [ 77.0021912, 8.5871322 ], [ 77.0023207, 8.5869642 ], [ 77.002359, 8.5869405 ], [ 77.0024067, 8.5869466 ], [ 77.0024344, 8.5869926 ], [ 77.002468, 8.5870809 ], [ 77.0025341, 8.5872052 ], [ 77.0026574, 8.5873076 ], [ 77.0028368, 8.5874645 ], [ 77.0029382, 8.5875098 ], [ 77.0030567, 8.5875157 ], [ 77.0031866, 8.5875519 ], [ 77.0032235, 8.5875859 ], [ 77.0032642, 8.5876594 ], [ 77.0032823, 8.5878159 ], [ 77.0033019, 8.5878919 ], [ 77.0034254, 8.5879981 ] ] } },
{ "type": "Feature", "properties": { "full_id": "w672802132", "osm_id": "672802132", "osm_type": "way", "highway": "residential", "noexit": null, "cutting": null, "noname": null, "tunnel": null, "ford": null, "wheelchair": null, "id": null, "vehicle": null, "bicycle_road": null, "width": null, "name:en": null, "junction": null, "layer": null, "bridge": null, "maxspeed": null, "lanes": null, "_Shape_Le_1_": null, "_SHAPE_Leng_": null, "_OBJECTID_1_": null, "_OBJECTID_": null, "_ID_": null, "sidewalk": null, "motor_vehicle": null, "horse": null, "foot": null, "cycleway": null, "bicycle": null, "access": null, "surface": "asphalt", "lit": null, "oneway": null, "name": "Government Quarters Road" }, "geometry": { "type": "LineString", "coordinates": [ [ 76.9963024, 8.6061046 ], [ 76.9963116, 8.6059767 ], [ 76.9963116, 8.605931 ], [ 76.9963116, 8.6058914 ], [ 76.9963055, 8.605867 ], [ 76.9962747, 8.6058548 ], [ 76.9958804, 8.60584 ], [ 76.9956004, 8.6058295 ], [ 76.9954213, 8.6058227 ], [ 76.9953216, 8.605819 ] ] } },
{ "type": "Feature", "properties": { "full_id": "w1377379870", "osm_id": "1377379870", "osm_type": "way", "highway": "residential", "noexit": null, "cutting": null, "noname": null, "tunnel": null, "ford": null, "wheelchair": null, "id": null, "vehicle": null, "bicycle_road": null, "width": null, "name:en": null, "junction": null, "layer": null, "bridge": null, "maxspeed": null, "lanes": null, "_Shape_Le_1_": null, "_SHAPE_Leng_": null, "_OBJECTID_1_": null, "_OBJECTID_": null, "_ID_": null, "sidewalk": null, "motor_vehicle": null, "horse": null, "foot": null, "cycleway": null, "bicycle": null, "access": null, "surface": null, "lit": null, "oneway": null, "name": null }, "geometry": { "type": "LineString", "coordinates": [ [ 76.9618432, 8.620226 ], [ 76.9613263, 8.6199548 ] ] } },
{ "type": "Feature", "properties": { "full_id": "w672802133", "osm_id": "672802133", "osm_type": "way", "highway": "residential", "noexit": null, "cutting": null, "noname": null, "tunnel": null, "ford": null, "wheelchair": null, "id": null, "vehicle": null, "bicycle_road": null, "width": null, "name:en": null, "junction": null, "layer": null, "bridge": null, "maxspeed": null, "lanes": null, "_Shape_Le_1_": null, "_SHAPE_Leng_": null, "_OBJECTID_1_": null, "_OBJECTID_": null, "_ID_": null, "sidewalk": "no", "motor_vehicle": null, "horse": null, "foot": null, "cycleway": null, "bicycle": null, "access": null, "surface": "asphalt", "lit": null, "oneway": null, "name": "Government Quarters Road" }, "geometry": { "type": "LineString", "coordinates": [ [ 76.9954213, 8.6058227 ], [ 76.9953996, 8.6059127 ], [ 76.995375, 8.6060376 ], [ 76.9953688, 8.6061016 ], [ 76.9953811, 8.6061229 ], [ 76.9955075, 8.606129 ], [ 76.9958561, 8.6061485 ], [ 76.9962685, 8.6061716 ], [ 76.9963024, 8.6061046 ] ] } },
{ "type": "Feature", "properties": { "full_id": "w849820028", "osm_id": "849820028", "osm_type": "way", "highway": "residential", "noexit": null, "cutting": null, "noname": null, "tunnel": null, "ford": null, "wheelchair": null, "id": null, "vehicle": null, "bicycle_road": null, "width": null, "name:en": null, "junction": null, "layer": null, "bridge": null, "maxspeed": null, "lanes": null, "_Shape_Le_1_": null, "_SHAPE_Leng_": null, "_OBJECTID_1_": null, "_OBJECTID_": null, "_ID_": null, "sidewalk": null, "motor_vehicle": null, "horse": null, "foot": null, "cycleway": null, "bicycle": null, "access": null, "surface": null, "lit": null, "oneway": null, "name": null }, "geometry": { "type": "LineString", "coordinates": [ [ 77.0126143, 8.6004055 ], [ 77.0126279, 8.6000223 ], [ 77.0126387, 8.5999848 ], [ 77.0127661, 8.5999124 ], [ 77.0127905, 8.599891 ] ] } },
{ "type": "Feature", "properties": { "full_id": "w1377379871", "osm_id": "1377379871", "osm_type": "way", "highway": "residential", "noexit": null, "cutting": null, "noname": null, "tunnel": null, "ford": null, "wheelchair": null, "id": null, "vehicle": null, "bicycle_road": null, "width": null, "name:en": null, "junction": null, "layer": "1", "bridge": "yes", "maxspeed": null, "lanes": null, "_Shape_Le_1_": null, "_SHAPE_Leng_": null, "_OBJECTID_1_": null, "_OBJECTID_": null, "_ID_": null, "sidewalk": null, "motor_vehicle": null, "horse": null, "foot": null, "cycleway": null, "bicycle": null, "access": null, "surface": null, "lit": null, "oneway": null, "name": null }, "geometry": { "type": "LineString", "coordinates": [ [ 76.9613263, 8.6199548 ], [ 76.9612475, 8.6199135 ] ] } },
{ "type": "Feature", "properties": { "full_id": "w672802134", "osm_id": "672802134", "osm_type": "way", "highway": "residential", "noexit": null, "cutting": null, "noname": null, "tunnel": null, "ford": null, "wheelchair": null, "id": null, "vehicle": null, "bicycle_road": null, "width": null, "name:en": null, "junction": null, "layer": null, "bridge": null, "maxspeed": null, "lanes": null, "_Shape_Le_1_": null, "_SHAPE_Leng_": null, "_OBJECTID_1_": null, "_OBJECTID_": null, "_ID_": null, "sidewalk": null, "motor_vehicle": null, "horse": null, "foot": null, "cycleway": null, "bicycle": null, "access": null, "surface": "paved", "lit": null, "oneway": null, "name": "Government Quarters Road" }, "geometry": { "type": "LineString", "coordinates": [ [ 76.9958561, 8.6061485 ], [ 76.9958804, 8.60584 ] ] } },
{ "type": "Feature", "properties": { "full_id": "w1377379872", "osm_id": "1377379872", "osm_type": "way", "highway": "residential", "noexit": null, "cutting": null, "noname": null, "tunnel": null, "ford": null, "wheelchair": null, "id": null, "vehicle": null, "bicycle_road": null, "width": null, "name:en": null, "junction": null, "layer": null, "bridge": null, "maxspeed": null, "lanes": null, "_Shape_Le_1_": null, "_SHAPE_Leng_": null, "_OBJECTID_1_": null, "_OBJECTID_": null, "_ID_": null, "sidewalk": null, "motor_vehicle": null, "horse": null, "foot": null, "cycleway": null, "bicycle": null, "access": null, "surface": null, "lit": null, "oneway": null, "name": null }, "geometry": { "type": "LineString", "coordinates": [ [ 76.9590566, 8.619394 ], [ 76.9586884, 8.6194139 ] ] } },
{ "type": "Feature", "properties": { "full_id": "w672802135", "osm_id": "672802135", "osm_type": "way", "highway": "residential", "noexit": null, "cutting": null, "noname": null, "tunnel": null, "ford": null, "wheelchair": null, "id": null, "vehicle": null, "bicycle_road": null, "width": null, "name:en": null, "junction": null, "layer": null, "bridge": null, "maxspeed": null, "lanes": null, "_Shape_Le_1_": null, "_SHAPE_Leng_": null, "_OBJECTID_1_": null, "_OBJECTID_": null, "_ID_": null, "sidewalk": null, "motor_vehicle": null, "horse": null, "foot": null, "cycleway": null, "bicycle": null, "access": null, "surface": "asphalt", "lit": null, "oneway": null, "name": "Government Quarters Road" }, "geometry": { "type": "LineString", "coordinates": [ [ 76.9956004, 8.6058295 ], [ 76.995632, 8.605327 ], [ 76.9958975, 8.605341 ] ] } },
{ "type": "Feature", "properties": { "full_id": "w1377379873", "osm_id": "1377379873", "osm_type": "way", "highway": "residential", "noexit": null, "cutting": null, "noname": null, "tunnel": null, "ford": null, "wheelchair": null, "id": null, "vehicle": null, "bicycle_road": null, "width": null, "name:en": null, "junction": null, "layer": "1", "bridge": "yes", "maxspeed": null, "lanes": null, "_Shape_Le_1_": null, "_SHAPE_Leng_": null, "_OBJECTID_1_": null, "_OBJECTID_": null, "_ID_": null, "sidewalk": null, "motor_vehicle": null, "horse": null, "foot": null, "cycleway": null, "bicycle": null, "access": null, "surface": null, "lit": null, "oneway": null, "name": null }, "geometry": { "type": "LineString", "coordinates": [ [ 76.9591982, 8.6193864 ], [ 76.9590566, 8.619394 ] ] } },
{ "type": "Feature", "properties": { "full_id": "w672802136", "osm_id": "672802136", "osm_type": "way", "highway": "residential", "noexit": null, "cutting": null, "noname": null, "tunnel": null, "ford": null, "wheelchair": null, "id": null, "vehicle": null, "bicycle_road": null, "width": null, "name:en": null, "junction": null, "layer": null, "bridge": null, "maxspeed": null, "lanes": "2", "_Shape_Le_1_": null, "_SHAPE_Leng_": null, "_OBJECTID_1_": null, "_OBJECTID_": null, "_ID_": null, "sidewalk": null, "motor_vehicle": null, "horse": null, "foot": null, "cycleway": null, "bicycle": null, "access": null, "surface": "ground", "lit": null, "oneway": null, "name": "Govt Quarters - LIC Road" }, "geometry": { "type": "LineString", "coordinates": [ [ 76.9958975, 8.605341 ], [ 76.9960001, 8.605334 ], [ 76.9960815, 8.60532 ], [ 76.9961417, 8.6052955 ], [ 76.9962514, 8.605285 ], [ 76.9963293, 8.6052955 ], [ 76.9963894, 8.605285 ], [ 76.9964496, 8.6052535 ], [ 76.9965204, 8.605222 ], [ 76.9966513, 8.60511 ], [ 76.9967424, 8.6050549 ], [ 76.9968424, 8.6049945 ], [ 76.9969026, 8.6049455 ], [ 76.9970088, 8.6049315 ], [ 76.997151, 8.6049398 ], [ 76.9973021, 8.6049375 ], [ 76.9973931, 8.6049157 ] ] } },
{ "type": "Feature", "properties": { "full_id": "w850206092", "osm_id": "850206092", "osm_type": "way", "highway": "residential", "noexit": null, "cutting": null, "noname": null, "tunnel": null, "ford": null, "wheelchair": null, "id": null, "vehicle": null, "bicycle_road": null, "width": null, "name:en": null, "junction": null, "layer": null, "bridge": null, "maxspeed": null, "lanes": null, "_Shape_Le_1_": null, "_SHAPE_Leng_": null, "_OBJECTID_1_": null, "_OBJECTID_": null, "_ID_": null, "sidewalk": null, "motor_vehicle": null, "horse": null, "foot": null, "cycleway": null, "bicycle": null, "access": null, "surface": null, "lit": null, "oneway": null, "name": null }, "geometry": { "type": "LineString", "coordinates": [ [ 76.981502, 8.6079845 ], [ 76.9816175, 8.6081358 ], [ 76.9815972, 8.6082853 ], [ 76.9815445, 8.6083617 ], [ 76.9814999, 8.6084868 ], [ 76.9814821, 8.608545 ], [ 76.9814963, 8.6086031 ], [ 76.9815872, 8.6088533 ] ] } },
{ "type": "Feature", "properties": { "full_id": "w672802145", "osm_id": "672802145", "osm_type": "way", "highway": "residential", "noexit": null, "cutting": null, "noname": null, "tunnel": null, "ford": null, "wheelchair": null, "id": null, "vehicle": null, "bicycle_road": null, "width": "2", "name:en": null, "junction": null, "layer": "1", "bridge": "yes", "maxspeed": null, "lanes": "1", "_Shape_Le_1_": null, "_SHAPE_Leng_": null, "_OBJECTID_1_": null, "_OBJECTID_": null, "_ID_": null, "sidewalk": null, "motor_vehicle": null, "horse": null, "foot": null, "cycleway": null, "bicycle": null, "access": "yes", "surface": "concrete", "lit": null, "oneway": null, "name": "LIC - Netta Bridge" }, "geometry": { "type": "LineString", "coordinates": [ [ 76.9977117, 8.6049457 ], [ 76.9979517, 8.605074 ] ] } },
{ "type": "Feature", "properties": { "full_id": "w850208547", "osm_id": "850208547", "osm_type": "way", "highway": "residential", "noexit": null, "cutting": null, "noname": null, "tunnel": null, "ford": null, "wheelchair": null, "id": null, "vehicle": null, "bicycle_road": null, "width": null, "name:en": null, "junction": null, "layer": null, "bridge": null, "maxspeed": null, "lanes": null, "_Shape_Le_1_": null, "_SHAPE_Leng_": null, "_OBJECTID_1_": null, "_OBJECTID_": null, "_ID_": null, "sidewalk": null, "motor_vehicle": null, "horse": null, "foot": null, "cycleway": null, "bicycle": null, "access": null, "surface": null, "lit": null, "oneway": null, "name": null }, "geometry": { "type": "LineString", "coordinates": [ [ 76.9783938, 8.6108007 ], [ 76.9783874, 8.6107881 ] ] } },
{ "type": "Feature", "properties": { "full_id": "w672802200", "osm_id": "672802200", "osm_type": "way", "highway": "residential", "noexit": null, "cutting": null, "noname": null, "tunnel": null, "ford": null, "wheelchair": null, "id": null, "vehicle": null, "bicycle_road": null, "width": null, "name:en": null, "junction": null, "layer": null, "bridge": null, "maxspeed": null, "lanes": "2", "_Shape_Le_1_": null, "_SHAPE_Leng_": null, "_OBJECTID_1_": null, "_OBJECTID_": null, "_ID_": null, "sidewalk": null, "motor_vehicle": null, "horse": null, "foot": null, "cycleway": null, "bicycle": null, "access": null, "surface": "asphalt", "lit": null, "oneway": null, "name": "Housing Board Road" }, "geometry": { "type": "LineString", "coordinates": [ [ 76.9955321, 8.6068116 ], [ 76.9955507, 8.6066575 ], [ 76.9955834, 8.6066266 ], [ 76.9957028, 8.6066296 ], [ 76.9962261, 8.6066889 ], [ 76.9963818, 8.6066866 ], [ 76.9964886, 8.6067066 ], [ 76.9965954, 8.606758 ] ] } },
{ "type": "Feature", "properties": { "full_id": "w850208548", "osm_id": "850208548", "osm_type": "way", "highway": "residential", "noexit": null, "cutting": null, "noname": null, "tunnel": null, "ford": null, "wheelchair": null, "id": null, "vehicle": null, "bicycle_road": null, "width": null, "name:en": null, "junction": null, "layer": null, "bridge": null, "maxspeed": null, "lanes": null, "_Shape_Le_1_": null, "_SHAPE_Leng_": null, "_OBJECTID_1_": null, "_OBJECTID_": null, "_ID_": null, "sidewalk": null, "motor_vehicle": null, "horse": null, "foot": null, "cycleway": null, "bicycle": null, "access": null, "surface": null, "lit": null, "oneway": null, "name": null }, "geometry": { "type": "LineString", "coordinates": [ [ 76.9783497, 8.6107136 ], [ 76.9783429, 8.6107002 ], [ 76.9782951, 8.6106058 ], [ 76.9781892, 8.6103711 ], [ 76.978186, 8.6103108 ], [ 76.9782021, 8.6102538 ], [ 76.9784266, 8.6099779 ], [ 76.978449, 8.6099049 ], [ 76.9784041, 8.6094768 ], [ 76.9783977, 8.6091692 ], [ 76.9783945, 8.6089377 ], [ 76.9784362, 8.6087823 ], [ 76.9785324, 8.6086142 ], [ 76.9786447, 8.608462 ], [ 76.9786864, 8.6083954 ], [ 76.9787281, 8.6083288 ], [ 76.9787537, 8.6081829 ], [ 76.9787858, 8.6080814 ] ] } },
{ "type": "Feature", "properties": { "full_id": "w673586861", "osm_id": "673586861", "osm_type": "way", "highway": "residential", "noexit": null, "cutting": null, "noname": null, "tunnel": null, "ford": null, "wheelchair": null, "id": null, "vehicle": null, "bicycle_road": null, "width": null, "name:en": null, "junction": null, "layer": null, "bridge": null, "maxspeed": null, "lanes": null, "_Shape_Le_1_": null, "_SHAPE_Leng_": null, "_OBJECTID_1_": null, "_OBJECTID_": null, "_ID_": null, "sidewalk": null, "motor_vehicle": null, "horse": null, "foot": null, "cycleway": null, "bicycle": null, "access": null, "surface": "asphalt", "lit": null, "oneway": null, "name": "Shanthi Theeram Road" }, "geometry": { "type": "LineString", "coordinates": [ [ 76.9975348, 8.6089352 ], [ 76.997598, 8.6088431 ], [ 76.9976489, 8.6087607 ], [ 76.9976854, 8.608666 ], [ 76.9976996, 8.6086135 ], [ 76.9977014, 8.6085571 ], [ 76.9976994, 8.6084486 ], [ 76.9977057, 8.6083804 ], [ 76.9977138, 8.608318 ], [ 76.9977524, 8.6082066 ], [ 76.9978, 8.6080881 ], [ 76.9978261, 8.6080341 ], [ 76.9978451, 8.6079941 ], [ 76.9978974, 8.6079495 ], [ 76.9979307, 8.6079025 ], [ 76.9979378, 8.6078556 ], [ 76.9979615, 8.6077804 ], [ 76.99799, 8.6077358 ], [ 76.9980257, 8.6076888 ], [ 76.9980542, 8.6076606 ], [ 76.9981112, 8.6076372 ], [ 76.9981706, 8.6076254 ] ] } },
{ "type": "Feature", "properties": { "full_id": "w850208549", "osm_id": "850208549", "osm_type": "way", "highway": "residential", "noexit": null, "cutting": null, "noname": null, "tunnel": null, "ford": null, "wheelchair": null, "id": null, "vehicle": null, "bicycle_road": null, "width": null, "name:en": null, "junction": null, "layer": "1", "bridge": "yes", "maxspeed": null, "lanes": null, "_Shape_Le_1_": null, "_SHAPE_Leng_": null, "_OBJECTID_1_": null, "_OBJECTID_": null, "_ID_": null, "sidewalk": null, "motor_vehicle": null, "horse": null, "foot": null, "cycleway": null, "bicycle": null, "access": null, "surface": null, "lit": null, "oneway": null, "name": null }, "geometry": { "type": "LineString", "coordinates": [ [ 76.9783874, 8.6107881 ], [ 76.9783497, 8.6107136 ] ] } },
{ "type": "Feature", "properties": { "full_id": "w804284457", "osm_id": "804284457", "osm_type": "way", "highway": "residential", "noexit": null, "cutting": null, "noname": null, "tunnel": null, "ford": null, "wheelchair": null, "id": null, "vehicle": null, "bicycle_road": null, "width": null, "name:en": null, "junction": null, "layer": null, "bridge": null, "maxspeed": null, "lanes": null, "_Shape_Le_1_": null, "_SHAPE_Leng_": null, "_OBJECTID_1_": null, "_OBJECTID_": null, "_ID_": null, "sidewalk": null, "motor_vehicle": null, "horse": null, "foot": null, "cycleway": null, "bicycle": null, "access": null, "surface": null, "lit": null, "oneway": null, "name": null }, "geometry": { "type": "LineString", "coordinates": [ [ 76.9997772, 8.6102932 ], [ 76.9997844, 8.6103247 ], [ 76.9997884, 8.6103424 ], [ 76.9997904, 8.6103726 ], [ 76.9997963, 8.6104065 ], [ 76.999797, 8.6104262 ], [ 76.9997976, 8.6104576 ], [ 76.9997996, 8.6104805 ], [ 76.9998016, 8.6105171 ], [ 76.9998043, 8.6105433 ], [ 76.9998089, 8.6105753 ], [ 76.9998101, 8.6106136 ], [ 76.9998177, 8.6106429 ], [ 76.999823, 8.6106745 ], [ 76.9998314, 8.6107038 ], [ 76.9998352, 8.6107248 ], [ 76.9998398, 8.6107459 ], [ 76.9998519, 8.6108015 ], [ 76.9998557, 8.6108218 ], [ 76.9998603, 8.6108421 ], [ 76.9998633, 8.6108676 ], [ 76.9998664, 8.6108857 ], [ 76.9998789, 8.6109282 ], [ 76.9998854, 8.6109601 ], [ 76.9998922, 8.6109864 ], [ 76.9998983, 8.6110149 ], [ 76.9999067, 8.6110435 ], [ 76.9999127, 8.611069 ], [ 76.9999226, 8.6111074 ], [ 76.9999295, 8.611145 ], [ 76.9999363, 8.611166 ], [ 76.9999443, 8.6111923 ], [ 76.9999565, 8.6112247 ], [ 76.9999629, 8.6112502 ], [ 76.999966, 8.6112818 ], [ 76.9999675, 8.6113065 ], [ 76.999969, 8.6113366 ], [ 76.9999698, 8.6113554 ], [ 76.9999781, 8.6113836 ], [ 76.9999827, 8.6114193 ], [ 76.9999865, 8.6114381 ], [ 76.9999918, 8.6114591 ], [ 77.0000032, 8.6114959 ], [ 77.0000093, 8.6115155 ], [ 77.0000184, 8.611535 ], [ 77.0000317, 8.611561 ], [ 77.0000435, 8.6115854 ], [ 77.0000587, 8.6116117 ] ] } },
{ "type": "Feature", "properties": { "full_id": "w673592944", "osm_id": "673592944", "osm_type": "way", "highway": "residential", "noexit": null, "cutting": null, "noname": null, "tunnel": null, "ford": null, "wheelchair": null, "id": null, "vehicle": null, "bicycle_road": null, "width": null, "name:en": null, "junction": null, "layer": null, "bridge": null, "maxspeed": null, "lanes": null, "_Shape_Le_1_": null, "_SHAPE_Leng_": null, "_OBJECTID_1_": null, "_OBJECTID_": null, "_ID_": null, "sidewalk": null, "motor_vehicle": null, "horse": null, "foot": null, "cycleway": null, "bicycle": null, "access": null, "surface": "asphalt", "lit": "no", "oneway": null, "name": "Sub Road" }, "geometry": { "type": "LineString", "coordinates": [ [ 76.9991255, 8.6070626 ], [ 76.999313, 8.607046 ], [ 76.9994143, 8.6070805 ], [ 76.9994309, 8.6070862 ], [ 76.9995691, 8.6071345 ], [ 76.9997114, 8.6071867 ], [ 76.9997336, 8.6071947 ], [ 76.9997561, 8.6072028 ], [ 76.9998415, 8.607243 ], [ 76.999935, 8.6072751 ], [ 77.0000082, 8.6072751 ], [ 77.0000936, 8.6072189 ], [ 77.0001911, 8.6071586 ], [ 77.0002684, 8.6070943 ], [ 77.0003009, 8.6070259 ], [ 77.0002928, 8.6069415 ], [ 77.0002521, 8.606837 ], [ 77.0002463, 8.6067646 ], [ 77.0002622, 8.6066485 ], [ 77.0002643, 8.6065382 ], [ 77.0002678, 8.6065104 ], [ 77.0003122, 8.6064919 ], [ 77.0003753, 8.606485 ], [ 77.0004757, 8.6064863 ], [ 77.0005063, 8.6064619 ], [ 77.0005087, 8.6064102 ], [ 77.0005024, 8.6063046 ], [ 77.0004943, 8.6062472 ], [ 77.0005247, 8.6061987 ], [ 77.0006228, 8.6060486 ], [ 77.0009512, 8.6055058 ] ] } },
{ "type": "Feature", "properties": { "full_id": "w804284459", "osm_id": "804284459", "osm_type": "way", "highway": "residential", "noexit": null, "cutting": null, "noname": null, "tunnel": null, "ford": null, "wheelchair": null, "id": null, "vehicle": null, "bicycle_road": null, "width": null, "name:en": null, "junction": null, "layer": null, "bridge": null, "maxspeed": null, "lanes": null, "_Shape_Le_1_": null, "_SHAPE_Leng_": null, "_OBJECTID_1_": null, "_OBJECTID_": null, "_ID_": null, "sidewalk": null, "motor_vehicle": null, "horse": null, "foot": null, "cycleway": null, "bicycle": null, "access": null, "surface": null, "lit": null, "oneway": null, "name": null }, "geometry": { "type": "LineString", "coordinates": [ [ 76.9998613, 8.6100019 ], [ 76.9997886, 8.6099993 ], [ 76.9995998, 8.6100071 ], [ 76.99941, 8.6100382 ], [ 76.9992498, 8.6100495 ], [ 76.9990738, 8.6100374 ] ] } },
{ "type": "Feature", "properties": { "full_id": "w678342684", "osm_id": "678342684", "osm_type": "way", "highway": "residential", "noexit": null, "cutting": null, "noname": null, "tunnel": null, "ford": null, "wheelchair": null, "id": null, "vehicle": null, "bicycle_road": null, "width": null, "name:en": null, "junction": null, "layer": null, "bridge": null, "maxspeed": null, "lanes": null, "_Shape_Le_1_": null, "_SHAPE_Leng_": null, "_OBJECTID_1_": null, "_OBJECTID_": null, "_ID_": null, "sidewalk": null, "motor_vehicle": null, "horse": null, "foot": null, "cycleway": null, "bicycle": null, "access": null, "surface": "asphalt", "lit": null, "oneway": "no", "name": "Thottumukku Temple Road" }, "geometry": { "type": "LineString", "coordinates": [ [ 76.9909044, 8.5934354 ], [ 76.9905044, 8.5933045 ], [ 76.9904022, 8.5932738 ], [ 76.9900885, 8.5931796 ], [ 76.9900176, 8.5931613 ] ] } },
{ "type": "Feature", "properties": { "full_id": "w804289399", "osm_id": "804289399", "osm_type": "way", "highway": "residential", "noexit": null, "cutting": null, "noname": null, "tunnel": null, "ford": null, "wheelchair": null, "id": null, "vehicle": null, "bicycle_road": null, "width": null, "name:en": null, "junction": null, "layer": null, "bridge": null, "maxspeed": null, "lanes": null, "_Shape_Le_1_": null, "_SHAPE_Leng_": null, "_OBJECTID_1_": null, "_OBJECTID_": null, "_ID_": null, "sidewalk": null, "motor_vehicle": null, "horse": null, "foot": null, "cycleway": null, "bicycle": null, "access": null, "surface": null, "lit": null, "oneway": null, "name": null }, "geometry": { "type": "LineString", "coordinates": [ [ 77.0009425, 8.6077725 ], [ 77.0009332, 8.6077943 ], [ 77.0009289, 8.6078271 ], [ 77.0009243, 8.6078524 ] ] } },
{ "type": "Feature", "properties": { "full_id": "w678342685", "osm_id": "678342685", "osm_type": "way", "highway": "residential", "noexit": null, "cutting": null, "noname": null, "tunnel": null, "ford": null, "wheelchair": null, "id": null, "vehicle": null, "bicycle_road": null, "width": null, "name:en": null, "junction": null, "layer": "1", "bridge": "yes", "maxspeed": null, "lanes": null, "_Shape_Le_1_": null, "_SHAPE_Leng_": null, "_OBJECTID_1_": null, "_OBJECTID_": null, "_ID_": null, "sidewalk": null, "motor_vehicle": null, "horse": null, "foot": null, "cycleway": null, "bicycle": null, "access": null, "surface": "concrete", "lit": null, "oneway": "no", "name": "Bridge" }, "geometry": { "type": "LineString", "coordinates": [ [ 76.9900176, 8.5931613 ], [ 76.9900084, 8.593079 ] ] } },
{ "type": "Feature", "properties": { "full_id": "w848911207", "osm_id": "848911207", "osm_type": "way", "highway": "residential", "noexit": null, "cutting": null, "noname": null, "tunnel": null, "ford": null, "wheelchair": null, "id": null, "vehicle": null, "bicycle_road": null, "width": null, "name:en": null, "junction": null, "layer": null, "bridge": null, "maxspeed": null, "lanes": null, "_Shape_Le_1_": null, "_SHAPE_Leng_": null, "_OBJECTID_1_": null, "_OBJECTID_": null, "_ID_": null, "sidewalk": null, "motor_vehicle": null, "horse": null, "foot": null, "cycleway": null, "bicycle": null, "access": null, "surface": null, "lit": null, "oneway": null, "name": null }, "geometry": { "type": "LineString", "coordinates": [ [ 76.9857494, 8.6149559 ], [ 76.9861392, 8.6151129 ], [ 76.9863519, 8.6152436 ], [ 76.9863519, 8.6155506 ], [ 76.9863347, 8.6160395 ], [ 76.9862772, 8.6162498 ], [ 76.9862484, 8.6164715 ], [ 76.9867486, 8.6167045 ], [ 76.9868284, 8.6168068 ] ] } },
{ "type": "Feature", "properties": { "full_id": "w678342686", "osm_id": "678342686", "osm_type": "way", "highway": "residential", "noexit": null, "cutting": null, "noname": null, "tunnel": null, "ford": null, "wheelchair": null, "id": null, "vehicle": null, "bicycle_road": null, "width": null, "name:en": null, "junction": null, "layer": null, "bridge": null, "maxspeed": null, "lanes": null, "_Shape_Le_1_": null, "_SHAPE_Leng_": null, "_OBJECTID_1_": null, "_OBJECTID_": null, "_ID_": null, "sidewalk": null, "motor_vehicle": null, "horse": null, "foot": null, "cycleway": null, "bicycle": null, "access": null, "surface": "asphalt", "lit": null, "oneway": "no", "name": "Thottumukku Temple Road" }, "geometry": { "type": "LineString", "coordinates": [ [ 76.9900084, 8.593079 ], [ 76.9899128, 8.5929907 ], [ 76.9898375, 8.5929253 ], [ 76.9897544, 8.5928802 ], [ 76.9896283, 8.5928563 ], [ 76.9894942, 8.5928377 ], [ 76.9894111, 8.5927953 ], [ 76.9892992, 8.5927336 ], [ 76.9892716, 8.5927184 ], [ 76.9891428, 8.5926707 ], [ 76.9890624, 8.5926627 ], [ 76.9889605, 8.5926919 ], [ 76.9888156, 8.5928006 ], [ 76.9884696, 8.5931136 ], [ 76.9882604, 8.5933443 ], [ 76.9879198, 8.5935936 ], [ 76.9876113, 8.5937686 ], [ 76.9874343, 8.5938164 ], [ 76.9872465, 8.5938243 ], [ 76.9871494, 8.5938288 ], [ 76.9870749, 8.5938323 ], [ 76.9867101, 8.5939463 ], [ 76.986474, 8.594063 ], [ 76.986289, 8.594254 ], [ 76.9861951, 8.5943494 ], [ 76.9861227, 8.5943707 ], [ 76.985782, 8.594368 ], [ 76.9855996, 8.5943839 ], [ 76.9854441, 8.594429 ] ] } },
{ "type": "Feature", "properties": { "full_id": "w678342687", "osm_id": "678342687", "osm_type": "way", "highway": "residential", "noexit": null, "cutting": null, "noname": null, "tunnel": null, "ford": null, "wheelchair": null, "id": null, "vehicle": null, "bicycle_road": null, "width": null, "name:en": null, "junction": null, "layer": null, "bridge": null, "maxspeed": null, "lanes": null, "_Shape_Le_1_": null, "_SHAPE_Leng_": null, "_OBJECTID_1_": null, "_OBJECTID_": null, "_ID_": null, "sidewalk": null, "motor_vehicle": null, "horse": null, "foot": null, "cycleway": null, "bicycle": null, "access": null, "surface": "asphalt", "lit": null, "oneway": "no", "name": "Anganavadi Road" }, "geometry": { "type": "LineString", "coordinates": [ [ 76.9900176, 8.5931613 ], [ 76.9899846, 8.5932274 ], [ 76.9899782, 8.5932627 ], [ 76.9899986, 8.5933834 ], [ 76.9900169, 8.5936447 ], [ 76.9900499, 8.5937347 ], [ 76.9901409, 8.5938763 ], [ 76.9901828, 8.5939173 ], [ 76.9902439, 8.5939469 ], [ 76.9903855, 8.593948 ], [ 76.990446, 8.5939723 ], [ 76.9905033, 8.5941064 ], [ 76.9904913, 8.5942228 ], [ 76.9903923, 8.5944838 ] ] } },
{ "type": "Feature", "properties": { "full_id": "w678342688", "osm_id": "678342688", "osm_type": "way", "highway": "residential", "noexit": null, "cutting": null, "noname": null, "tunnel": null, "ford": null, "wheelchair": null, "id": null, "vehicle": null, "bicycle_road": null, "width": null, "name:en": null, "junction": null, "layer": null, "bridge": null, "maxspeed": null, "lanes": null, "_Shape_Le_1_": null, "_SHAPE_Leng_": null, "_OBJECTID_1_": null, "_OBJECTID_": null, "_ID_": null, "sidewalk": null, "motor_vehicle": null, "horse": null, "foot": null, "cycleway": null, "bicycle": null, "access": null, "surface": "asphalt", "lit": null, "oneway": "no", "name": null }, "geometry": { "type": "LineString", "coordinates": [ [ 76.9897601, 8.5949402 ], [ 76.989853, 8.5949969 ], [ 76.9899525, 8.5951091 ], [ 76.9899871, 8.5951481 ], [ 76.9902178, 8.5954239 ], [ 76.9903411, 8.5955088 ], [ 76.9904833, 8.595278 ], [ 76.9905852, 8.5949996 ], [ 76.9906657, 8.5948192 ], [ 76.9907515, 8.594684 ], [ 76.9907944, 8.5945938 ], [ 76.9908347, 8.5944771 ], [ 76.9908695, 8.5944241 ], [ 76.9911126, 8.5942573 ] ] } },
{ "type": "Feature", "properties": { "full_id": "w678342689", "osm_id": "678342689", "osm_type": "way", "highway": "residential", "noexit": null, "cutting": null, "noname": null, "tunnel": null, "ford": null, "wheelchair": null, "id": null, "vehicle": null, "bicycle_road": null, "width": null, "name:en": null, "junction": null, "layer": null, "bridge": null, "maxspeed": null, "lanes": null, "_Shape_Le_1_": null, "_SHAPE_Leng_": null, "_OBJECTID_1_": null, "_OBJECTID_": null, "_ID_": null, "sidewalk": null, "motor_vehicle": null, "horse": null, "foot": null, "cycleway": null, "bicycle": null, "access": null, "surface": "asphalt", "lit": null, "oneway": "no", "name": "Temple Road" }, "geometry": { "type": "LineString", "coordinates": [ [ 76.9997124, 8.6102946 ], [ 76.9997772, 8.6102932 ], [ 77.0003476, 8.6102807 ] ] } },
{ "type": "Feature", "properties": { "full_id": "w678342690", "osm_id": "678342690", "osm_type": "way", "highway": "residential", "noexit": null, "cutting": null, "noname": null, "tunnel": null, "ford": null, "wheelchair": null, "id": null, "vehicle": null, "bicycle_road": null, "width": null, "name:en": null, "junction": null, "layer": null, "bridge": null, "maxspeed": null, "lanes": null, "_Shape_Le_1_": null, "_SHAPE_Leng_": null, "_OBJECTID_1_": null, "_OBJECTID_": null, "_ID_": null, "sidewalk": null, "motor_vehicle": null, "horse": null, "foot": null, "cycleway": null, "bicycle": null, "access": null, "surface": null, "lit": null, "oneway": null, "name": null }, "geometry": { "type": "LineString", "coordinates": [ [ 77.0003476, 8.6102807 ], [ 77.0004614, 8.6104696 ], [ 77.0005752, 8.6104737 ] ] } },
{ "type": "Feature", "properties": { "full_id": "w678342691", "osm_id": "678342691", "osm_type": "way", "highway": "residential", "noexit": null, "cutting": null, "noname": null, "tunnel": null, "ford": null, "wheelchair": null, "id": null, "vehicle": null, "bicycle_road": null, "width": null, "name:en": null, "junction": null, "layer": null, "bridge": null, "maxspeed": null, "lanes": null, "_Shape_Le_1_": null, "_SHAPE_Leng_": null, "_OBJECTID_1_": null, "_OBJECTID_": null, "_ID_": null, "sidewalk": null, "motor_vehicle": null, "horse": null, "foot": null, "cycleway": null, "bicycle": null, "access": null, "surface": "asphalt", "lit": null, "oneway": "no", "name": "Temple Road" }, "geometry": { "type": "LineString", "coordinates": [ [ 77.0005752, 8.6104737 ], [ 77.0005845, 8.610744 ], [ 77.0005874, 8.6108274 ], [ 77.0006037, 8.6110203 ], [ 77.0006444, 8.6113459 ], [ 77.0007216, 8.6115549 ], [ 77.0009429, 8.6119347 ] ] } },
{ "type": "Feature", "properties": { "full_id": "w678342692", "osm_id": "678342692", "osm_type": "way", "highway": "residential", "noexit": null, "cutting": null, "noname": null, "tunnel": null, "ford": null, "wheelchair": null, "id": null, "vehicle": null, "bicycle_road": null, "width": null, "name:en": null, "junction": null, "layer": null, "bridge": null, "maxspeed": null, "lanes": null, "_Shape_Le_1_": null, "_SHAPE_Leng_": null, "_OBJECTID_1_": null, "_OBJECTID_": null, "_ID_": null, "sidewalk": null, "motor_vehicle": null, "horse": null, "foot": null, "cycleway": null, "bicycle": null, "access": null, "surface": "asphalt", "lit": null, "oneway": "no", "name": null }, "geometry": { "type": "LineString", "coordinates": [ [ 77.0038825, 8.610587 ], [ 77.0039419, 8.6107516 ], [ 77.0039838, 8.6108977 ], [ 77.0040732, 8.6110301 ], [ 77.0041522, 8.6112095 ], [ 77.0041522, 8.6115752 ], [ 77.0041799, 8.6118155 ], [ 77.0037701, 8.6120415 ], [ 77.0028635, 8.6123189 ], [ 77.0023715, 8.6124475 ], [ 77.0022618, 8.6124837 ], [ 77.0021032, 8.6126284 ], [ 77.0019203, 8.6127048 ], [ 77.0012074, 8.611784 ] ] } },
{ "type": "Feature", "properties": { "full_id": "w678596013", "osm_id": "678596013", "osm_type": "way", "highway": "residential", "noexit": null, "cutting": null, "noname": null, "tunnel": null, "ford": null, "wheelchair": null, "id": null, "vehicle": null, "bicycle_road": null, "width": null, "name:en": null, "junction": null, "layer": null, "bridge": null, "maxspeed": null, "lanes": null, "_Shape_Le_1_": null, "_SHAPE_Leng_": null, "_OBJECTID_1_": null, "_OBJECTID_": null, "_ID_": null, "sidewalk": null, "motor_vehicle": null, "horse": null, "foot": null, "cycleway": null, "bicycle": null, "access": null, "surface": "concrete", "lit": null, "oneway": "no", "name": null }, "geometry": { "type": "LineString", "coordinates": [ [ 77.0010282, 8.6029499 ], [ 77.0004834, 8.6031193 ], [ 77.0001318, 8.6032551 ], [ 76.9997562, 8.6033449 ], [ 76.9996605, 8.6033244 ], [ 76.9996224, 8.6033163 ], [ 76.9994841, 8.6033358 ], [ 76.9993543, 8.6034554 ], [ 76.9990539, 8.6035119 ] ] } },
{ "type": "Feature", "properties": { "full_id": "w678596014", "osm_id": "678596014", "osm_type": "way", "highway": "residential", "noexit": null, "cutting": null, "noname": null, "tunnel": null, "ford": null, "wheelchair": null, "id": null, "vehicle": null, "bicycle_road": null, "width": null, "name:en": null, "junction": null, "layer": null, "bridge": null, "maxspeed": null, "lanes": null, "_Shape_Le_1_": null, "_SHAPE_Leng_": null, "_OBJECTID_1_": null, "_OBJECTID_": null, "_ID_": null, "sidewalk": null, "motor_vehicle": null, "horse": null, "foot": null, "cycleway": null, "bicycle": null, "access": null, "surface": "concrete", "lit": null, "oneway": null, "name": "Temple Road" }, "geometry": { "type": "LineString", "coordinates": [ [ 76.9977709, 8.600636 ], [ 76.9983339, 8.6013555 ], [ 76.998402, 8.6014881 ], [ 76.9984708, 8.6017735 ], [ 76.9985168, 8.6019227 ], [ 76.998556, 8.6020498 ], [ 76.9985262, 8.6020843 ], [ 76.9984497, 8.6020956 ], [ 76.9984247, 8.602125 ], [ 76.9984386, 8.6023056 ], [ 76.9984988, 8.6023629 ], [ 76.9988133, 8.6023385 ], [ 76.9988719, 8.6023724 ], [ 76.9988743, 8.6024471 ], [ 76.9988788, 8.6027133 ], [ 76.9989113, 8.6028676 ], [ 76.9989932, 8.6031695 ], [ 76.9990539, 8.6035119 ], [ 76.9990783, 8.6036746 ] ] } },
{ "type": "Feature", "properties": { "full_id": "w678596015", "osm_id": "678596015", "osm_type": "way", "highway": "residential", "noexit": null, "cutting": null, "noname": null, "tunnel": null, "ford": null, "wheelchair": null, "id": null, "vehicle": null, "bicycle_road": null, "width": null, "name:en": null, "junction": null, "layer": null, "bridge": null, "maxspeed": null, "lanes": null, "_Shape_Le_1_": null, "_SHAPE_Leng_": null, "_OBJECTID_1_": null, "_OBJECTID_": null, "_ID_": null, "sidewalk": null, "motor_vehicle": null, "horse": null, "foot": null, "cycleway": null, "bicycle": null, "access": null, "surface": "asphalt", "lit": null, "oneway": "no", "name": "Hospital Road" }, "geometry": { "type": "LineString", "coordinates": [ [ 77.0007306, 8.6034392 ], [ 77.0006869, 8.6035093 ], [ 77.0005501, 8.6035756 ], [ 77.0004348, 8.6036472 ], [ 77.0003892, 8.6037136 ], [ 77.0003812, 8.6037745 ], [ 77.0004026, 8.6038912 ], [ 77.0000808, 8.6039628 ] ] } },
{ "type": "Feature", "properties": { "full_id": "w678596016", "osm_id": "678596016", "osm_type": "way", "highway": "residential", "noexit": null, "cutting": null, "noname": null, "tunnel": null, "ford": null, "wheelchair": null, "id": null, "vehicle": null, "bicycle_road": null, "width": null, "name:en": null, "junction": null, "layer": null, "bridge": null, "maxspeed": null, "lanes": null, "_Shape_Le_1_": null, "_SHAPE_Leng_": null, "_OBJECTID_1_": null, "_OBJECTID_": null, "_ID_": null, "sidewalk": null, "motor_vehicle": null, "horse": null, "foot": null, "cycleway": null, "bicycle": null, "access": null, "surface": "asphalt", "lit": null, "oneway": null, "name": "Hospital Road" }, "geometry": { "type": "LineString", "coordinates": [ [ 77.0004026, 8.6038912 ], [ 77.0004965, 8.6039071 ], [ 77.0005528, 8.6039337 ], [ 77.0005931, 8.603992 ], [ 77.0006199, 8.6040424 ], [ 77.0006601, 8.6040742 ], [ 77.0007057, 8.6040795 ], [ 77.0007459, 8.6040663 ], [ 77.0007701, 8.6040424 ], [ 77.0007915, 8.6040159 ], [ 77.0008023, 8.6039681 ], [ 77.0007942, 8.6039231 ], [ 77.0007647, 8.6038859 ], [ 77.0007352, 8.6038621 ], [ 77.0006708, 8.6038674 ], [ 77.0005984, 8.6038859 ], [ 77.0004965, 8.6039071 ] ] } },
{ "type": "Feature", "properties": { "full_id": "w849533200", "osm_id": "849533200", "osm_type": "way", "highway": "residential", "noexit": null, "cutting": null, "noname": null, "tunnel": null, "ford": null, "wheelchair": null, "id": null, "vehicle": null, "bicycle_road": null, "width": null, "name:en": null, "junction": null, "layer": null, "bridge": null, "maxspeed": null, "lanes": null, "_Shape_Le_1_": null, "_SHAPE_Leng_": null, "_OBJECTID_1_": null, "_OBJECTID_": null, "_ID_": null, "sidewalk": null, "motor_vehicle": null, "horse": null, "foot": null, "cycleway": null, "bicycle": null, "access": null, "surface": null, "lit": null, "oneway": null, "name": null }, "geometry": { "type": "LineString", "coordinates": [ [ 76.9785436, 8.6107664 ], [ 76.9786588, 8.6107993 ], [ 76.9786671, 8.6108706 ], [ 76.9786523, 8.6109971 ], [ 76.9785874, 8.6111305 ], [ 76.9785251, 8.6112122 ], [ 76.9784487, 8.611311 ], [ 76.9783759, 8.6114003 ], [ 76.9783447, 8.6114709 ], [ 76.9783125, 8.611524 ], [ 76.9782589, 8.6116336 ], [ 76.9782231, 8.6117326 ], [ 76.9781981, 8.611821 ] ] } },
{ "type": "Feature", "properties": { "full_id": "w678609555", "osm_id": "678609555", "osm_type": "way", "highway": "residential", "noexit": null, "cutting": null, "noname": null, "tunnel": null, "ford": null, "wheelchair": null, "id": null, "vehicle": null, "bicycle_road": null, "width": null, "name:en": null, "junction": null, "layer": null, "bridge": null, "maxspeed": null, "lanes": null, "_Shape_Le_1_": null, "_SHAPE_Leng_": null, "_OBJECTID_1_": null, "_OBJECTID_": null, "_ID_": null, "sidewalk": null, "motor_vehicle": null, "horse": null, "foot": null, "cycleway": null, "bicycle": null, "access": null, "surface": "concrete", "lit": null, "oneway": "no", "name": null }, "geometry": { "type": "LineString", "coordinates": [ [ 77.005862, 8.6030994 ], [ 77.0060462, 8.6032079 ], [ 77.0060506, 8.6032497 ] ] } },
{ "type": "Feature", "properties": { "full_id": "w678609557", "osm_id": "678609557", "osm_type": "way", "highway": "residential", "noexit": null, "cutting": null, "noname": null, "tunnel": null, "ford": null, "wheelchair": null, "id": null, "vehicle": null, "bicycle_road": null, "width": null, "name:en": null, "junction": null, "layer": null, "bridge": null, "maxspeed": null, "lanes": null, "_Shape_Le_1_": null, "_SHAPE_Leng_": null, "_OBJECTID_1_": null, "_OBJECTID_": null, "_ID_": null, "sidewalk": null, "motor_vehicle": null, "horse": null, "foot": null, "cycleway": null, "bicycle": null, "access": null, "surface": "concrete", "lit": null, "oneway": "no", "name": null }, "geometry": { "type": "LineString", "coordinates": [ [ 77.0061027, 8.6053732 ], [ 77.0061356, 8.6054489 ], [ 77.0061617, 8.6055851 ], [ 77.0061756, 8.6056464 ], [ 77.0061656, 8.6057654 ], [ 77.006128, 8.6058702 ], [ 77.0060215, 8.6060434 ], [ 77.0059212, 8.6061695 ] ] } },
{ "type": "Feature", "properties": { "full_id": "w678609558", "osm_id": "678609558", "osm_type": "way", "highway": "residential", "noexit": null, "cutting": null, "noname": null, "tunnel": null, "ford": null, "wheelchair": null, "id": null, "vehicle": null, "bicycle_road": null, "width": null, "name:en": null, "junction": null, "layer": null, "bridge": null, "maxspeed": null, "lanes": null, "_Shape_Le_1_": null, "_SHAPE_Leng_": null, "_OBJECTID_1_": null, "_OBJECTID_": null, "_ID_": null, "sidewalk": null, "motor_vehicle": null, "horse": null, "foot": null, "cycleway": null, "bicycle": null, "access": null, "surface": "asphalt", "lit": null, "oneway": "no", "name": null }, "geometry": { "type": "LineString", "coordinates": [ [ 77.0095196, 8.6044411 ], [ 77.0094767, 8.6044915 ], [ 77.0093936, 8.6045419 ], [ 77.0093131, 8.6045843 ], [ 77.0092004, 8.6046825 ], [ 77.0090019, 8.6048601 ], [ 77.0088625, 8.6049556 ], [ 77.0081787, 8.6052247 ] ] } },
{ "type": "Feature", "properties": { "full_id": "w678609559", "osm_id": "678609559", "osm_type": "way", "highway": "residential", "noexit": null, "cutting": null, "noname": null, "tunnel": null, "ford": null, "wheelchair": null, "id": null, "vehicle": null, "bicycle_road": null, "width": null, "name:en": null, "junction": null, "layer": "1", "bridge": "yes", "maxspeed": null, "lanes": null, "_Shape_Le_1_": null, "_SHAPE_Leng_": null, "_OBJECTID_1_": null, "_OBJECTID_": null, "_ID_": null, "sidewalk": null, "motor_vehicle": null, "horse": null, "foot": null, "cycleway": null, "bicycle": null, "access": null, "surface": "asphalt", "lit": null, "oneway": null, "name": "Mulamukku Road" }, "geometry": { "type": "LineString", "coordinates": [ [ 76.9953198, 8.588438 ], [ 76.9955625, 8.5883888 ] ] } },
{ "type": "Feature", "properties": { "full_id": "w678609560", "osm_id": "678609560", "osm_type": "way", "highway": "residential", "noexit": null, "cutting": null, "noname": null, "tunnel": null, "ford": null, "wheelchair": null, "id": null, "vehicle": null, "bicycle_road": null, "width": null, "name:en": null, "junction": null, "layer": null, "bridge": null, "maxspeed": null, "lanes": null, "_Shape_Le_1_": null, "_SHAPE_Leng_": null, "_OBJECTID_1_": null, "_OBJECTID_": null, "_ID_": null, "sidewalk": null, "motor_vehicle": null, "horse": null, "foot": null, "cycleway": null, "bicycle": null, "access": null, "surface": "asphalt", "lit": null, "oneway": "no", "name": "Mulamukku Road" }, "geometry": { "type": "LineString", "coordinates": [ [ 76.9955625, 8.5883888 ], [ 76.9957131, 8.5883518 ] ] } },
{ "type": "Feature", "properties": { "full_id": "w678609561", "osm_id": "678609561", "osm_type": "way", "highway": "residential", "noexit": null, "cutting": null, "noname": null, "tunnel": null, "ford": null, "wheelchair": null, "id": null, "vehicle": null, "bicycle_road": null, "width": null, "name:en": null, "junction": null, "layer": null, "bridge": null, "maxspeed": null, "lanes": null, "_Shape_Le_1_": null, "_SHAPE_Leng_": null, "_OBJECTID_1_": null, "_OBJECTID_": null, "_ID_": null, "sidewalk": null, "motor_vehicle": null, "horse": null, "foot": null, "cycleway": null, "bicycle": null, "access": null, "surface": "asphalt", "lit": null, "oneway": "no", "name": null }, "geometry": { "type": "LineString", "coordinates": [ [ 76.9962304, 8.596101 ], [ 76.9965791, 8.5962181 ], [ 76.9967008, 8.5962151 ], [ 76.997042, 8.5961519 ], [ 76.9972428, 8.5961519 ], [ 76.9978966, 8.5963874 ], [ 76.9980297, 8.5964782 ] ] } },
{ "type": "Feature", "properties": { "full_id": "w807691141", "osm_id": "807691141", "osm_type": "way", "highway": "residential", "noexit": null, "cutting": null, "noname": null, "tunnel": null, "ford": null, "wheelchair": null, "id": null, "vehicle": null, "bicycle_road": null, "width": null, "name:en": null, "junction": null, "layer": null, "bridge": null, "maxspeed": null, "lanes": null, "_Shape_Le_1_": null, "_SHAPE_Leng_": null, "_OBJECTID_1_": null, "_OBJECTID_": null, "_ID_": null, "sidewalk": null, "motor_vehicle": null, "horse": null, "foot": null, "cycleway": null, "bicycle": null, "access": null, "surface": "paved", "lit": null, "oneway": "no", "name": "Parking Area Road" }, "geometry": { "type": "LineString", "coordinates": [ [ 76.9928227, 8.6015204 ], [ 76.9928154, 8.6016408 ] ] } },
{ "type": "Feature", "properties": { "full_id": "w666604081", "osm_id": "666604081", "osm_type": "way", "highway": "residential", "noexit": null, "cutting": null, "noname": null, "tunnel": null, "ford": null, "wheelchair": null, "id": null, "vehicle": null, "bicycle_road": null, "width": null, "name:en": null, "junction": null, "layer": null, "bridge": null, "maxspeed": null, "lanes": null, "_Shape_Le_1_": null, "_SHAPE_Leng_": null, "_OBJECTID_1_": null, "_OBJECTID_": null, "_ID_": null, "sidewalk": null, "motor_vehicle": null, "horse": null, "foot": null, "cycleway": null, "bicycle": null, "access": null, "surface": null, "lit": null, "oneway": null, "name": null }, "geometry": { "type": "LineString", "coordinates": [ [ 77.0113289, 8.625277 ], [ 77.0121378, 8.6249468 ], [ 77.0131355, 8.6245888 ], [ 77.0141682, 8.6242096 ], [ 77.0140475, 8.6233159 ], [ 77.0141199, 8.623064 ], [ 77.0145947, 8.6223586 ], [ 77.0145196, 8.6221517 ], [ 77.0144364, 8.6218971 ], [ 77.0144632, 8.6217884 ], [ 77.0148683, 8.6213164 ], [ 77.0151603, 8.6207649 ], [ 77.015284, 8.6205314 ], [ 77.0154453, 8.6201897 ], [ 77.0156595, 8.6197358 ], [ 77.0157507, 8.619407 ], [ 77.0163918, 8.6187838 ], [ 77.0168308, 8.6182312 ], [ 77.0169818, 8.6180412 ], [ 77.0170408, 8.6174499 ], [ 77.0171487, 8.6169486 ], [ 77.0172366, 8.6165403 ], [ 77.0173976, 8.6161504 ], [ 77.0173654, 8.6155537 ], [ 77.0172796, 8.6152169 ], [ 77.0176336, 8.6147078 ], [ 77.017647, 8.6145672 ], [ 77.0175719, 8.6144505 ], [ 77.0173761, 8.6143895 ], [ 77.0170757, 8.6142914 ], [ 77.0166036, 8.6140978 ], [ 77.0162925, 8.6139148 ], [ 77.0163569, 8.6136019 ], [ 77.0163946, 8.6134749 ], [ 77.0164695, 8.6132227 ], [ 77.0165074, 8.6130747 ], [ 77.0165562, 8.6129976 ] ] } },
{ "type": "Feature", "properties": { "full_id": "w666604344", "osm_id": "666604344", "osm_type": "way", "highway": "residential", "noexit": null, "cutting": null, "noname": null, "tunnel": null, "ford": null, "wheelchair": null, "id": null, "vehicle": null, "bicycle_road": null, "width": null, "name:en": null, "junction": null, "layer": null, "bridge": null, "maxspeed": null, "lanes": null, "_Shape_Le_1_": null, "_SHAPE_Leng_": null, "_OBJECTID_1_": null, "_OBJECTID_": null, "_ID_": null, "sidewalk": null, "motor_vehicle": null, "horse": null, "foot": null, "cycleway": null, "bicycle": null, "access": null, "surface": null, "lit": null, "oneway": null, "name": null }, "geometry": { "type": "LineString", "coordinates": [ [ 77.0151603, 8.6207649 ], [ 77.01495, 8.620698 ], [ 77.0145531, 8.6205234 ] ] } },
{ "type": "Feature", "properties": { "full_id": "w1205710326", "osm_id": "1205710326", "osm_type": "way", "highway": "residential", "noexit": null, "cutting": null, "noname": null, "tunnel": null, "ford": null, "wheelchair": null, "id": null, "vehicle": null, "bicycle_road": null, "width": null, "name:en": null, "junction": null, "layer": null, "bridge": null, "maxspeed": null, "lanes": null, "_Shape_Le_1_": null, "_SHAPE_Leng_": null, "_OBJECTID_1_": null, "_OBJECTID_": null, "_ID_": null, "sidewalk": null, "motor_vehicle": null, "horse": null, "foot": null, "cycleway": null, "bicycle": null, "access": null, "surface": "asphalt", "lit": null, "oneway": null, "name": "Anad Road" }, "geometry": { "type": "LineString", "coordinates": [ [ 77.0184417, 8.6268182 ], [ 77.0185399, 8.6267107 ], [ 77.0184809, 8.6264402 ], [ 77.018438, 8.6262864 ], [ 77.0184433, 8.626228 ], [ 77.0184916, 8.6262015 ], [ 77.0186257, 8.6261538 ], [ 77.0188242, 8.6261061 ], [ 77.0189208, 8.6261008 ], [ 77.0189798, 8.6262227 ], [ 77.018953, 8.6263394 ], [ 77.0189422, 8.6264296 ], [ 77.0189905, 8.6267054 ], [ 77.0191193, 8.6267213 ], [ 77.019248, 8.6266948 ], [ 77.0193016, 8.6266948 ], [ 77.0193652, 8.6269974 ], [ 77.019479, 8.6271545 ] ] } },
{ "type": "Feature", "properties": { "full_id": "w666608745", "osm_id": "666608745", "osm_type": "way", "highway": "residential", "noexit": null, "cutting": null, "noname": null, "tunnel": null, "ford": null, "wheelchair": null, "id": null, "vehicle": null, "bicycle_road": null, "width": null, "name:en": null, "junction": null, "layer": null, "bridge": null, "maxspeed": null, "lanes": null, "_Shape_Le_1_": null, "_SHAPE_Leng_": null, "_OBJECTID_1_": null, "_OBJECTID_": null, "_ID_": null, "sidewalk": null, "motor_vehicle": null, "horse": null, "foot": null, "cycleway": null, "bicycle": null, "access": null, "surface": null, "lit": null, "oneway": "no", "name": null }, "geometry": { "type": "LineString", "coordinates": [ [ 77.0079666, 8.6193711 ], [ 77.0081169, 8.6193043 ], [ 77.0083652, 8.6191922 ] ] } },
{ "type": "Feature", "properties": { "full_id": "w958342391", "osm_id": "958342391", "osm_type": "way", "highway": "residential", "noexit": null, "cutting": null, "noname": null, "tunnel": null, "ford": null, "wheelchair": null, "id": null, "vehicle": null, "bicycle_road": null, "width": null, "name:en": null, "junction": null, "layer": null, "bridge": null, "maxspeed": null, "lanes": null, "_Shape_Le_1_": null, "_SHAPE_Leng_": null, "_OBJECTID_1_": null, "_OBJECTID_": null, "_ID_": null, "sidewalk": null, "motor_vehicle": null, "horse": null, "foot": null, "cycleway": null, "bicycle": null, "access": null, "surface": null, "lit": null, "oneway": null, "name": null }, "geometry": { "type": "LineString", "coordinates": [ [ 76.9992256, 8.6195581 ], [ 76.9994028, 8.6195904 ], [ 76.9995688, 8.6196903 ], [ 76.9997601, 8.6197866 ], [ 76.99989, 8.619858 ], [ 77.0000415, 8.6199507 ], [ 77.000157, 8.6200185 ], [ 77.0002508, 8.6200007 ], [ 77.0003447, 8.6199258 ], [ 77.0004421, 8.6198116 ], [ 77.0005865, 8.6197153 ], [ 77.0006622, 8.6197188 ], [ 77.0007885, 8.6198615 ], [ 77.0008499, 8.6199579 ], [ 77.0010267, 8.6199507 ] ] } },
{ "type": "Feature", "properties": { "full_id": "w666625335", "osm_id": "666625335", "osm_type": "way", "highway": "residential", "noexit": null, "cutting": null, "noname": null, "tunnel": null, "ford": null, "wheelchair": null, "id": null, "vehicle": null, "bicycle_road": null, "width": null, "name:en": null, "junction": null, "layer": null, "bridge": null, "maxspeed": null, "lanes": null, "_Shape_Le_1_": null, "_SHAPE_Leng_": null, "_OBJECTID_1_": null, "_OBJECTID_": null, "_ID_": null, "sidewalk": null, "motor_vehicle": null, "horse": null, "foot": null, "cycleway": null, "bicycle": null, "access": null, "surface": null, "lit": null, "oneway": null, "name": null }, "geometry": { "type": "LineString", "coordinates": [ [ 77.0130926, 8.6315314 ], [ 77.0129102, 8.6311548 ], [ 77.0133394, 8.6302426 ], [ 77.0134038, 8.6297016 ], [ 77.013275, 8.6285666 ], [ 77.0135218, 8.6282059 ], [ 77.0135833, 8.6281404 ], [ 77.0140743, 8.6276172 ], [ 77.0146678, 8.6272711 ], [ 77.0147838, 8.6271915 ], [ 77.0149504, 8.6271192 ], [ 77.0154443, 8.6270071 ], [ 77.0156723, 8.6268769 ], [ 77.0158499, 8.6267421 ], [ 77.0159951, 8.6265883 ], [ 77.0161477, 8.6262725 ], [ 77.01631, 8.6258533 ], [ 77.0166031, 8.6253504 ], [ 77.016808, 8.6251623 ], [ 77.0173418, 8.6250262 ], [ 77.0174497, 8.6249101 ], [ 77.0175316, 8.6247872 ], [ 77.0175327, 8.6245855 ], [ 77.0175826, 8.6243979 ], [ 77.0178348, 8.6241168 ], [ 77.0182264, 8.6237932 ], [ 77.0183519, 8.6237582 ], [ 77.0183954, 8.6236772 ], [ 77.0184839, 8.6234273 ], [ 77.0187575, 8.6232522 ], [ 77.0194756, 8.6231961 ], [ 77.020009, 8.6231545 ], [ 77.0201147, 8.6231462 ], [ 77.0205706, 8.6232894 ], [ 77.0209837, 8.6233106 ], [ 77.0214772, 8.6233424 ], [ 77.0219171, 8.6234697 ], [ 77.0226843, 8.6233901 ], [ 77.0227517, 8.6233604 ] ] } },
{ "type": "Feature", "properties": { "full_id": "w666625336", "osm_id": "666625336", "osm_type": "way", "highway": "residential", "noexit": null, "cutting": null, "noname": null, "tunnel": null, "ford": null, "wheelchair": null, "id": null, "vehicle": null, "bicycle_road": null, "width": null, "name:en": null, "junction": null, "layer": null, "bridge": null, "maxspeed": null, "lanes": null, "_Shape_Le_1_": null, "_SHAPE_Leng_": null, "_OBJECTID_1_": null, "_OBJECTID_": null, "_ID_": null, "sidewalk": null, "motor_vehicle": null, "horse": null, "foot": null, "cycleway": null, "bicycle": null, "access": null, "surface": null, "lit": null, "oneway": null, "name": null }, "geometry": { "type": "LineString", "coordinates": [ [ 77.0125656, 8.6317154 ], [ 77.0130926, 8.6315314 ], [ 77.0137739, 8.6314783 ], [ 77.0146483, 8.6313139 ], [ 77.0151686, 8.6309798 ], [ 77.0155335, 8.6307358 ], [ 77.0160431, 8.6302585 ], [ 77.0164132, 8.6296698 ], [ 77.0165956, 8.6295 ], [ 77.0167323, 8.6294682 ], [ 77.0168812, 8.6291712 ], [ 77.0170033, 8.6288477 ], [ 77.0170515, 8.6283385 ], [ 77.0170891, 8.6281158 ], [ 77.0172792, 8.62783 ], [ 77.0172608, 8.6273202 ], [ 77.0174633, 8.6265088 ], [ 77.0172273, 8.6264504 ], [ 77.0173466, 8.6256283 ], [ 77.0173772, 8.6253963 ], [ 77.0173418, 8.6250262 ] ] } },
{ "type": "Feature", "properties": { "full_id": "w900383540", "osm_id": "900383540", "osm_type": "way", "highway": "residential", "noexit": null, "cutting": null, "noname": null, "tunnel": null, "ford": null, "wheelchair": null, "id": null, "vehicle": null, "bicycle_road": null, "width": null, "name:en": null, "junction": null, "layer": null, "bridge": null, "maxspeed": null, "lanes": null, "_Shape_Le_1_": null, "_SHAPE_Leng_": null, "_OBJECTID_1_": null, "_OBJECTID_": null, "_ID_": null, "sidewalk": null, "motor_vehicle": null, "horse": null, "foot": null, "cycleway": null, "bicycle": null, "access": null, "surface": "asphalt", "lit": null, "oneway": null, "name": null }, "geometry": { "type": "LineString", "coordinates": [ [ 76.981502, 8.6079845 ], [ 76.981437, 8.6079278 ], [ 76.981408, 8.6079063 ], [ 76.9813953, 8.6077748 ], [ 76.9814332, 8.6076501 ], [ 76.9815294, 8.6075763 ], [ 76.9817384, 8.6075191 ], [ 76.9819498, 8.6074481 ], [ 76.9821266, 8.6073515 ], [ 76.9823447, 8.6073657 ], [ 76.9824899, 8.60735 ], [ 76.9826581, 8.6073329 ], [ 76.9827929, 8.6072911 ], [ 76.9829102, 8.6072286 ], [ 76.9830191, 8.6071655 ], [ 76.9831149, 8.6071297 ], [ 76.9832544, 8.6070064 ], [ 76.9833939, 8.6069104 ], [ 76.9835345, 8.606878 ], [ 76.9837114, 8.6069031 ], [ 76.9837864, 8.6069097 ], [ 76.9838941, 8.6069017 ], [ 76.9839585, 8.6068447 ], [ 76.9840939, 8.6066961 ], [ 76.9841999, 8.6066285 ], [ 76.9843917, 8.6064946 ], [ 76.9844212, 8.606427 ], [ 76.9844627, 8.6063792 ] ] } },
{ "type": "Feature", "properties": { "full_id": "w900383541", "osm_id": "900383541", "osm_type": "way", "highway": "residential", "noexit": null, "cutting": null, "noname": null, "tunnel": null, "ford": null, "wheelchair": null, "id": null, "vehicle": null, "bicycle_road": null, "width": null, "name:en": null, "junction": null, "layer": "1", "bridge": "yes", "maxspeed": null, "lanes": null, "_Shape_Le_1_": null, "_SHAPE_Leng_": null, "_OBJECTID_1_": null, "_OBJECTID_": null, "_ID_": null, "sidewalk": null, "motor_vehicle": null, "horse": null, "foot": null, "cycleway": null, "bicycle": null, "access": null, "surface": "asphalt", "lit": null, "oneway": null, "name": null }, "geometry": { "type": "LineString", "coordinates": [ [ 76.9844627, 8.6063792 ], [ 76.9845057, 8.6063673 ] ] } },
{ "type": "Feature", "properties": { "full_id": "w900383542", "osm_id": "900383542", "osm_type": "way", "highway": "residential", "noexit": null, "cutting": null, "noname": null, "tunnel": null, "ford": null, "wheelchair": null, "id": null, "vehicle": null, "bicycle_road": null, "width": null, "name:en": null, "junction": null, "layer": "1", "bridge": "yes", "maxspeed": null, "lanes": null, "_Shape_Le_1_": null, "_SHAPE_Leng_": null, "_OBJECTID_1_": null, "_OBJECTID_": null, "_ID_": null, "sidewalk": null, "motor_vehicle": null, "horse": null, "foot": null, "cycleway": null, "bicycle": null, "access": null, "surface": null, "lit": null, "oneway": null, "name": null }, "geometry": { "type": "LineString", "coordinates": [ [ 76.9844036, 8.6064053 ], [ 76.9843519, 8.6063415 ] ] } },
{ "type": "Feature", "properties": { "full_id": "w1376653571", "osm_id": "1376653571", "osm_type": "way", "highway": "residential", "noexit": null, "cutting": null, "noname": null, "tunnel": null, "ford": null, "wheelchair": null, "id": null, "vehicle": null, "bicycle_road": null, "width": null, "name:en": null, "junction": null, "layer": null, "bridge": null, "maxspeed": null, "lanes": null, "_Shape_Le_1_": null, "_SHAPE_Leng_": null, "_OBJECTID_1_": null, "_OBJECTID_": null, "_ID_": null, "sidewalk": null, "motor_vehicle": null, "horse": null, "foot": null, "cycleway": null, "bicycle": null, "access": null, "surface": null, "lit": null, "oneway": null, "name": null }, "geometry": { "type": "LineString", "coordinates": [ [ 76.9981272, 8.6002741 ], [ 76.9985679, 8.6007065 ] ] } },
{ "type": "Feature", "properties": { "full_id": "w900383543", "osm_id": "900383543", "osm_type": "way", "highway": "residential", "noexit": null, "cutting": null, "noname": null, "tunnel": null, "ford": null, "wheelchair": null, "id": null, "vehicle": null, "bicycle_road": null, "width": null, "name:en": null, "junction": null, "layer": null, "bridge": null, "maxspeed": null, "lanes": null, "_Shape_Le_1_": null, "_SHAPE_Leng_": null, "_OBJECTID_1_": null, "_OBJECTID_": null, "_ID_": null, "sidewalk": null, "motor_vehicle": null, "horse": null, "foot": null, "cycleway": null, "bicycle": null, "access": null, "surface": null, "lit": null, "oneway": null, "name": null }, "geometry": { "type": "LineString", "coordinates": [ [ 76.9844212, 8.606427 ], [ 76.9844036, 8.6064053 ] ] } },
{ "type": "Feature", "properties": { "full_id": "w1376653572", "osm_id": "1376653572", "osm_type": "way", "highway": "residential", "noexit": null, "cutting": null, "noname": null, "tunnel": null, "ford": null, "wheelchair": null, "id": null, "vehicle": null, "bicycle_road": null, "width": null, "name:en": null, "junction": null, "layer": null, "bridge": null, "maxspeed": null, "lanes": null, "_Shape_Le_1_": null, "_SHAPE_Leng_": null, "_OBJECTID_1_": null, "_OBJECTID_": null, "_ID_": null, "sidewalk": null, "motor_vehicle": null, "horse": null, "foot": null, "cycleway": null, "bicycle": null, "access": null, "surface": null, "lit": null, "oneway": null, "name": null }, "geometry": { "type": "LineString", "coordinates": [ [ 76.9985168, 8.6019227 ], [ 76.9990056, 8.6017345 ], [ 76.9990473, 8.6017211 ], [ 76.9990858, 8.6016806 ], [ 76.9990821, 8.6016397 ], [ 76.9989371, 8.6012904 ], [ 76.9989302, 8.601213 ], [ 76.9989529, 8.6011683 ], [ 76.9990104, 8.6011333 ], [ 76.9990537, 8.6010802 ], [ 76.9990818, 8.6010275 ], [ 76.9990878, 8.6008605 ], [ 76.9990664, 8.6008141 ], [ 76.9990178, 8.6007678 ], [ 76.998982, 8.6006803 ], [ 76.9989728, 8.6006008 ] ] } },
{ "type": "Feature", "properties": { "full_id": "w666884509", "osm_id": "666884509", "osm_type": "way", "highway": "residential", "noexit": null, "cutting": null, "noname": null, "tunnel": null, "ford": null, "wheelchair": null, "id": null, "vehicle": null, "bicycle_road": null, "width": null, "name:en": null, "junction": null, "layer": null, "bridge": null, "maxspeed": null, "lanes": null, "_Shape_Le_1_": null, "_SHAPE_Leng_": null, "_OBJECTID_1_": null, "_OBJECTID_": null, "_ID_": null, "sidewalk": null, "motor_vehicle": null, "horse": null, "foot": null, "cycleway": null, "bicycle": null, "access": null, "surface": null, "lit": null, "oneway": null, "name": null }, "geometry": { "type": "LineString", "coordinates": [ [ 76.9587026, 8.5955156 ], [ 76.95834, 8.59584 ], [ 76.9579867, 8.5959713 ], [ 76.9576621, 8.5958917 ], [ 76.9575173, 8.5958864 ], [ 76.957241, 8.5959474 ], [ 76.9568869, 8.5959713 ], [ 76.9567341, 8.596027 ], [ 76.9565034, 8.5962657 ], [ 76.9564217, 8.5964553 ] ] } },
{ "type": "Feature", "properties": { "full_id": "w900383544", "osm_id": "900383544", "osm_type": "way", "highway": "residential", "noexit": null, "cutting": null, "noname": null, "tunnel": null, "ford": null, "wheelchair": null, "id": null, "vehicle": null, "bicycle_road": null, "width": null, "name:en": null, "junction": null, "layer": null, "bridge": null, "maxspeed": null, "lanes": null, "_Shape_Le_1_": null, "_SHAPE_Leng_": null, "_OBJECTID_1_": null, "_OBJECTID_": null, "_ID_": null, "sidewalk": null, "motor_vehicle": null, "horse": null, "foot": null, "cycleway": null, "bicycle": null, "access": null, "surface": "asphalt", "lit": null, "oneway": null, "name": null }, "geometry": { "type": "LineString", "coordinates": [ [ 76.9739648, 8.6136812 ], [ 76.9734029, 8.6140134 ], [ 76.973082, 8.6142851 ], [ 76.9728968, 8.6144147 ], [ 76.9728141, 8.6144788 ] ] } },
{ "type": "Feature", "properties": { "full_id": "w1376653573", "osm_id": "1376653573", "osm_type": "way", "highway": "residential", "noexit": null, "cutting": null, "noname": null, "tunnel": null, "ford": null, "wheelchair": null, "id": null, "vehicle": null, "bicycle_road": null, "width": null, "name:en": null, "junction": null, "layer": null, "bridge": null, "maxspeed": null, "lanes": null, "_Shape_Le_1_": null, "_SHAPE_Leng_": null, "_OBJECTID_1_": null, "_OBJECTID_": null, "_ID_": null, "sidewalk": null, "motor_vehicle": null, "horse": null, "foot": null, "cycleway": null, "bicycle": null, "access": null, "surface": null, "lit": null, "oneway": null, "name": null }, "geometry": { "type": "LineString", "coordinates": [ [ 76.9985168, 8.6019227 ], [ 76.9981859, 8.6019783 ] ] } },
{ "type": "Feature", "properties": { "full_id": "w900383545", "osm_id": "900383545", "osm_type": "way", "highway": "residential", "noexit": null, "cutting": null, "noname": null, "tunnel": null, "ford": null, "wheelchair": null, "id": null, "vehicle": null, "bicycle_road": null, "width": null, "name:en": null, "junction": null, "layer": "1", "bridge": "yes", "maxspeed": null, "lanes": null, "_Shape_Le_1_": null, "_SHAPE_Leng_": null, "_OBJECTID_1_": null, "_OBJECTID_": null, "_ID_": null, "sidewalk": null, "motor_vehicle": null, "horse": null, "foot": null, "cycleway": null, "bicycle": null, "access": null, "surface": "asphalt", "lit": null, "oneway": null, "name": null }, "geometry": { "type": "LineString", "coordinates": [ [ 76.9741808, 8.6135535 ], [ 76.9739648, 8.6136812 ] ] } },
{ "type": "Feature", "properties": { "full_id": "w1376653574", "osm_id": "1376653574", "osm_type": "way", "highway": "residential", "noexit": null, "cutting": null, "noname": null, "tunnel": null, "ford": null, "wheelchair": null, "id": null, "vehicle": null, "bicycle_road": null, "width": null, "name:en": null, "junction": null, "layer": null, "bridge": null, "maxspeed": null, "lanes": null, "_Shape_Le_1_": null, "_SHAPE_Leng_": null, "_OBJECTID_1_": null, "_OBJECTID_": null, "_ID_": null, "sidewalk": null, "motor_vehicle": null, "horse": null, "foot": null, "cycleway": null, "bicycle": null, "access": null, "surface": null, "lit": null, "oneway": null, "name": null }, "geometry": { "type": "LineString", "coordinates": [ [ 76.9996605, 8.6033244 ], [ 76.999658, 8.6031526 ], [ 76.9996673, 8.6031148 ], [ 76.9997045, 8.6030708 ], [ 76.9997093, 8.6029972 ], [ 76.9996923, 8.6028805 ] ] } },
{ "type": "Feature", "properties": { "full_id": "w670154726", "osm_id": "670154726", "osm_type": "way", "highway": "residential", "noexit": null, "cutting": null, "noname": null, "tunnel": null, "ford": null, "wheelchair": null, "id": null, "vehicle": null, "bicycle_road": null, "width": null, "name:en": null, "junction": null, "layer": null, "bridge": null, "maxspeed": null, "lanes": "2", "_Shape_Le_1_": null, "_SHAPE_Leng_": null, "_OBJECTID_1_": null, "_OBJECTID_": null, "_ID_": null, "sidewalk": "no", "motor_vehicle": null, "horse": null, "foot": null, "cycleway": null, "bicycle": null, "access": null, "surface": "asphalt", "lit": "yes", "oneway": "no", "name": "Housing Board Road" }, "geometry": { "type": "LineString", "coordinates": [ [ 76.995305, 8.6071243 ], [ 76.9955989, 8.6071281 ], [ 76.9957038, 8.6071329 ], [ 76.9958538, 8.6071653 ], [ 76.9961749, 8.6072667 ], [ 76.9963359, 8.6073369 ], [ 76.9965325, 8.6074278 ], [ 76.996732, 8.607528 ], [ 76.9968587, 8.6076038 ], [ 76.9969391, 8.6076548 ], [ 76.9970088, 8.6077048 ], [ 76.9970359, 8.6077287 ], [ 76.9970602, 8.6077803 ], [ 76.997092, 8.6079168 ], [ 76.9970849, 8.6080008 ], [ 76.9970708, 8.6080638 ], [ 76.9970425, 8.6081022 ], [ 76.9970106, 8.6081092 ], [ 76.9969611, 8.6081057 ], [ 76.9968655, 8.6080429 ], [ 76.9967801, 8.6079887 ], [ 76.9966123, 8.6078841 ], [ 76.9964364, 8.6077811 ], [ 76.9958735, 8.6075249 ], [ 76.9957653, 8.6074749 ], [ 76.9957, 8.6074309 ], [ 76.9956837, 8.6073937 ], [ 76.9956696, 8.6073512 ], [ 76.9956665, 8.6073021 ], [ 76.9956763, 8.6072064 ], [ 76.9957038, 8.6071329 ] ] } },
{ "type": "Feature", "properties": { "full_id": "w900383546", "osm_id": "900383546", "osm_type": "way", "highway": "residential", "noexit": null, "cutting": null, "noname": null, "tunnel": null, "ford": null, "wheelchair": null, "id": null, "vehicle": null, "bicycle_road": null, "width": null, "name:en": null, "junction": null, "layer": null, "bridge": null, "maxspeed": null, "lanes": null, "_Shape_Le_1_": null, "_SHAPE_Leng_": null, "_OBJECTID_1_": null, "_OBJECTID_": null, "_ID_": null, "sidewalk": null, "motor_vehicle": null, "horse": null, "foot": null, "cycleway": null, "bicycle": null, "access": null, "surface": "asphalt", "lit": null, "oneway": null, "name": null }, "geometry": { "type": "LineString", "coordinates": [ [ 76.9845057, 8.6063673 ], [ 76.9846277, 8.6063249 ], [ 76.9846974, 8.6062453 ], [ 76.9847471, 8.6061856 ], [ 76.9847833, 8.6061459 ], [ 76.9848404, 8.6061459 ], [ 76.9849005, 8.6061774 ], [ 76.9849268, 8.606235 ], [ 76.9849603, 8.60628 ], [ 76.9850077, 8.6063018 ], [ 76.9850628, 8.6063024 ], [ 76.9851188, 8.6062745 ], [ 76.9851741, 8.606236 ], [ 76.9852714, 8.6061498 ], [ 76.9853372, 8.6060817 ], [ 76.9854903, 8.6060143 ], [ 76.9856609, 8.6059345 ], [ 76.9857824, 8.6058926 ], [ 76.9858414, 8.6058369 ], [ 76.985883, 8.6057361 ], [ 76.9858983, 8.6056957 ] ] } },
{ "type": "Feature", "properties": { "full_id": "w1376653575", "osm_id": "1376653575", "osm_type": "way", "highway": "residential", "noexit": null, "cutting": null, "noname": null, "tunnel": null, "ford": null, "wheelchair": null, "id": null, "vehicle": null, "bicycle_road": null, "width": null, "name:en": null, "junction": null, "layer": null, "bridge": null, "maxspeed": null, "lanes": null, "_Shape_Le_1_": null, "_SHAPE_Leng_": null, "_OBJECTID_1_": null, "_OBJECTID_": null, "_ID_": null, "sidewalk": null, "motor_vehicle": null, "horse": null, "foot": null, "cycleway": null, "bicycle": null, "access": null, "surface": null, "lit": null, "oneway": null, "name": null }, "geometry": { "type": "LineString", "coordinates": [ [ 76.9989932, 8.6031695 ], [ 76.9987226, 8.6032218 ], [ 76.9985924, 8.6032243 ], [ 76.9984737, 8.6031769 ], [ 76.9983983, 8.6031319 ] ] } },
{ "type": "Feature", "properties": { "full_id": "w670154729", "osm_id": "670154729", "osm_type": "way", "highway": "residential", "noexit": null, "cutting": null, "noname": null, "tunnel": null, "ford": null, "wheelchair": null, "id": null, "vehicle": null, "bicycle_road": null, "width": null, "name:en": null, "junction": null, "layer": null, "bridge": null, "maxspeed": null, "lanes": "2", "_Shape_Le_1_": null, "_SHAPE_Leng_": null, "_OBJECTID_1_": null, "_OBJECTID_": null, "_ID_": null, "sidewalk": null, "motor_vehicle": null, "horse": null, "foot": null, "cycleway": null, "bicycle": null, "access": null, "surface": "asphalt", "lit": null, "oneway": null, "name": "Housing Board Road" }, "geometry": { "type": "LineString", "coordinates": [ [ 76.9952538, 8.6068224 ], [ 76.9955321, 8.6068116 ], [ 76.9956076, 8.6068211 ], [ 76.9957684, 8.6068347 ], [ 76.9959539, 8.6068577 ], [ 76.9961005, 8.6068992 ], [ 76.9963382, 8.6069911 ], [ 76.9965682, 8.6070799 ], [ 76.996724, 8.6071539 ], [ 76.9968301, 8.6072134 ], [ 76.9968832, 8.6072764 ], [ 76.9969505, 8.6073884 ], [ 76.9970071, 8.6075354 ], [ 76.9970389, 8.6076648 ], [ 76.9970359, 8.6077287 ] ] } },
{ "type": "Feature", "properties": { "full_id": "w900383547", "osm_id": "900383547", "osm_type": "way", "highway": "residential", "noexit": null, "cutting": null, "noname": null, "tunnel": null, "ford": null, "wheelchair": null, "id": null, "vehicle": null, "bicycle_road": null, "width": null, "name:en": null, "junction": null, "layer": "1", "bridge": "yes", "maxspeed": null, "lanes": null, "_Shape_Le_1_": null, "_SHAPE_Leng_": null, "_OBJECTID_1_": null, "_OBJECTID_": null, "_ID_": null, "sidewalk": null, "motor_vehicle": null, "horse": null, "foot": null, "cycleway": null, "bicycle": null, "access": null, "surface": "asphalt", "lit": null, "oneway": null, "name": null }, "geometry": { "type": "LineString", "coordinates": [ [ 76.9858983, 8.6056957 ], [ 76.9859192, 8.6056406 ] ] } },
{ "type": "Feature", "properties": { "full_id": "w1376653576", "osm_id": "1376653576", "osm_type": "way", "highway": "residential", "noexit": null, "cutting": null, "noname": null, "tunnel": null, "ford": null, "wheelchair": null, "id": null, "vehicle": null, "bicycle_road": null, "width": null, "name:en": null, "junction": null, "layer": "1", "bridge": "yes", "maxspeed": null, "lanes": null, "_Shape_Le_1_": null, "_SHAPE_Leng_": null, "_OBJECTID_1_": null, "_OBJECTID_": null, "_ID_": null, "sidewalk": null, "motor_vehicle": null, "horse": null, "foot": null, "cycleway": null, "bicycle": null, "access": null, "surface": null, "lit": null, "oneway": null, "name": null }, "geometry": { "type": "LineString", "coordinates": [ [ 77.0034254, 8.5879981 ], [ 77.0035644, 8.5880737 ] ] } },
{ "type": "Feature", "properties": { "full_id": "w670154731", "osm_id": "670154731", "osm_type": "way", "highway": "residential", "noexit": null, "cutting": null, "noname": null, "tunnel": null, "ford": null, "wheelchair": null, "id": null, "vehicle": null, "bicycle_road": null, "width": null, "name:en": null, "junction": null, "layer": null, "bridge": null, "maxspeed": null, "lanes": null, "_Shape_Le_1_": null, "_SHAPE_Leng_": null, "_OBJECTID_1_": null, "_OBJECTID_": null, "_ID_": null, "sidewalk": null, "motor_vehicle": null, "horse": null, "foot": null, "cycleway": null, "bicycle": null, "access": null, "surface": "asphalt", "lit": null, "oneway": null, "name": "Housing Board Road" }, "geometry": { "type": "LineString", "coordinates": [ [ 76.9970106, 8.6081092 ], [ 76.9971097, 8.6082037 ], [ 76.9971947, 8.6082877 ] ] } },
{ "type": "Feature", "properties": { "full_id": "w900383548", "osm_id": "900383548", "osm_type": "way", "highway": "residential", "noexit": null, "cutting": null, "noname": null, "tunnel": null, "ford": null, "wheelchair": null, "id": null, "vehicle": null, "bicycle_road": null, "width": null, "name:en": null, "junction": null, "layer": "1", "bridge": "yes", "maxspeed": null, "lanes": null, "_Shape_Le_1_": null, "_SHAPE_Leng_": null, "_OBJECTID_1_": null, "_OBJECTID_": null, "_ID_": null, "sidewalk": null, "motor_vehicle": null, "horse": null, "foot": null, "cycleway": null, "bicycle": null, "access": null, "surface": null, "lit": null, "oneway": null, "name": null }, "geometry": { "type": "LineString", "coordinates": [ [ 76.985008, 8.6063067 ], [ 76.9850124, 8.6063801 ] ] } },
{ "type": "Feature", "properties": { "full_id": "w1376657746", "osm_id": "1376657746", "osm_type": "way", "highway": "residential", "noexit": null, "cutting": null, "noname": null, "tunnel": null, "ford": null, "wheelchair": null, "id": null, "vehicle": null, "bicycle_road": null, "width": null, "name:en": null, "junction": null, "layer": null, "bridge": null, "maxspeed": null, "lanes": null, "_Shape_Le_1_": null, "_SHAPE_Leng_": null, "_OBJECTID_1_": null, "_OBJECTID_": null, "_ID_": null, "sidewalk": null, "motor_vehicle": null, "horse": null, "foot": null, "cycleway": null, "bicycle": null, "access": null, "surface": "asphalt", "lit": null, "oneway": null, "name": null }, "geometry": { "type": "LineString", "coordinates": [ [ 76.9859227, 8.6139408 ], [ 76.9867151, 8.6142389 ], [ 76.9867516, 8.6142534 ], [ 76.987149, 8.614464 ], [ 76.9877645, 8.6147901 ], [ 76.9879479, 8.6149084 ], [ 76.9876355, 8.6154667 ], [ 76.9880997, 8.6159384 ], [ 76.9885004, 8.6161707 ], [ 76.9889555, 8.6163971 ], [ 76.9891377, 8.61649 ], [ 76.9893146, 8.6166692 ] ] } },
{ "type": "Feature", "properties": { "full_id": "w900383549", "osm_id": "900383549", "osm_type": "way", "highway": "residential", "noexit": null, "cutting": null, "noname": null, "tunnel": null, "ford": null, "wheelchair": null, "id": null, "vehicle": null, "bicycle_road": null, "width": null, "name:en": null, "junction": null, "layer": null, "bridge": null, "maxspeed": null, "lanes": null, "_Shape_Le_1_": null, "_SHAPE_Leng_": null, "_OBJECTID_1_": null, "_OBJECTID_": null, "_ID_": null, "sidewalk": null, "motor_vehicle": null, "horse": null, "foot": null, "cycleway": null, "bicycle": null, "access": null, "surface": null, "lit": null, "oneway": null, "name": null }, "geometry": { "type": "LineString", "coordinates": [ [ 76.9850077, 8.6063018 ], [ 76.985008, 8.6063067 ] ] } },
{ "type": "Feature", "properties": { "full_id": "w755151855", "osm_id": "755151855", "osm_type": "way", "highway": "residential", "noexit": null, "cutting": null, "noname": null, "tunnel": null, "ford": null, "wheelchair": null, "id": null, "vehicle": null, "bicycle_road": null, "width": null, "name:en": null, "junction": null, "layer": null, "bridge": null, "maxspeed": null, "lanes": null, "_Shape_Le_1_": null, "_SHAPE_Leng_": null, "_OBJECTID_1_": null, "_OBJECTID_": null, "_ID_": null, "sidewalk": null, "motor_vehicle": null, "horse": null, "foot": null, "cycleway": null, "bicycle": null, "access": null, "surface": "asphalt", "lit": null, "oneway": null, "name": null }, "geometry": { "type": "LineString", "coordinates": [ [ 76.9702952, 8.608891 ], [ 76.9699453, 8.6088429 ], [ 76.9696301, 8.6087435 ], [ 76.9695778, 8.6087408 ], [ 76.9695483, 8.6087886 ], [ 76.9695255, 8.6088562 ], [ 76.969433, 8.6094118 ], [ 76.969378, 8.6095921 ], [ 76.9693002, 8.6097101 ], [ 76.9691192, 8.6098812 ], [ 76.9689167, 8.6099912 ], [ 76.9687611, 8.6100575 ], [ 76.968576, 8.6101769 ], [ 76.968521, 8.6102525 ], [ 76.9684674, 8.6103758 ], [ 76.9683668, 8.6105057 ], [ 76.9682987, 8.6105639 ] ] } },
{ "type": "Feature", "properties": { "full_id": "w900386113", "osm_id": "900386113", "osm_type": "way", "highway": "residential", "noexit": null, "cutting": null, "noname": null, "tunnel": null, "ford": null, "wheelchair": null, "id": null, "vehicle": null, "bicycle_road": null, "width": null, "name:en": null, "junction": null, "layer": null, "bridge": null, "maxspeed": null, "lanes": null, "_Shape_Le_1_": null, "_SHAPE_Leng_": null, "_OBJECTID_1_": null, "_OBJECTID_": null, "_ID_": null, "sidewalk": null, "motor_vehicle": null, "horse": null, "foot": null, "cycleway": null, "bicycle": null, "access": null, "surface": null, "lit": null, "oneway": null, "name": null }, "geometry": { "type": "LineString", "coordinates": [ [ 76.9760292, 8.6163588 ], [ 76.976074, 8.6161369 ], [ 76.9761191, 8.6158865 ], [ 76.9760869, 8.6156001 ], [ 76.9760633, 8.6153816 ], [ 76.9760933, 8.6151588 ], [ 76.9761169, 8.6145478 ], [ 76.9761041, 8.6141999 ] ] } },
{ "type": "Feature", "properties": { "full_id": "w755151856", "osm_id": "755151856", "osm_type": "way", "highway": "residential", "noexit": null, "cutting": null, "noname": null, "tunnel": null, "ford": null, "wheelchair": null, "id": null, "vehicle": null, "bicycle_road": null, "width": null, "name:en": null, "junction": null, "layer": null, "bridge": "yes", "maxspeed": null, "lanes": null, "_Shape_Le_1_": null, "_SHAPE_Leng_": null, "_OBJECTID_1_": null, "_OBJECTID_": null, "_ID_": null, "sidewalk": null, "motor_vehicle": null, "horse": null, "foot": null, "cycleway": null, "bicycle": null, "access": null, "surface": null, "lit": null, "oneway": null, "name": null }, "geometry": { "type": "LineString", "coordinates": [ [ 76.9702952, 8.608891 ], [ 76.970235, 8.6090524 ] ] } },
{ "type": "Feature", "properties": { "full_id": "w900386114", "osm_id": "900386114", "osm_type": "way", "highway": "residential", "noexit": null, "cutting": null, "noname": null, "tunnel": null, "ford": null, "wheelchair": null, "id": null, "vehicle": null, "bicycle_road": null, "width": null, "name:en": null, "junction": null, "layer": null, "bridge": null, "maxspeed": null, "lanes": null, "_Shape_Le_1_": null, "_SHAPE_Leng_": null, "_OBJECTID_1_": null, "_OBJECTID_": null, "_ID_": null, "sidewalk": null, "motor_vehicle": null, "horse": null, "foot": null, "cycleway": null, "bicycle": null, "access": null, "surface": null, "lit": null, "oneway": null, "name": "Kusarakkode Palayathimukkal Colony Road" }, "geometry": { "type": "LineString", "coordinates": [ [ 76.978528, 8.61656 ], [ 76.9785536, 8.6158931 ], [ 76.9786082, 8.6155421 ], [ 76.9787023, 8.615314 ], [ 76.97876, 8.615278 ], [ 76.9788298, 8.615278 ], [ 76.9791757, 8.615452 ], [ 76.9792941, 8.615458 ], [ 76.9793244, 8.61541 ], [ 76.9794124, 8.615191 ], [ 76.9794974, 8.614825 ], [ 76.9795216, 8.6146029 ], [ 76.979467, 8.6144079 ], [ 76.979467, 8.6141769 ], [ 76.9796127, 8.6139459 ], [ 76.9797432, 8.6137478 ], [ 76.9798221, 8.6137148 ], [ 76.979907, 8.6136308 ], [ 76.9799647, 8.6135468 ], [ 76.9800224, 8.6133608 ], [ 76.9800557, 8.6131868 ], [ 76.9801468, 8.6130398 ], [ 76.9802864, 8.6128717 ], [ 76.980344, 8.6126467 ], [ 76.9804077, 8.6124067 ], [ 76.9805595, 8.6121037 ], [ 76.9809236, 8.6115516 ] ] } },
{ "type": "Feature", "properties": { "full_id": "w755151857", "osm_id": "755151857", "osm_type": "way", "highway": "residential", "noexit": null, "cutting": null, "noname": null, "tunnel": null, "ford": null, "wheelchair": null, "id": null, "vehicle": null, "bicycle_road": null, "width": null, "name:en": null, "junction": null, "layer": null, "bridge": null, "maxspeed": null, "lanes": null, "_Shape_Le_1_": null, "_SHAPE_Leng_": null, "_OBJECTID_1_": null, "_OBJECTID_": null, "_ID_": null, "sidewalk": null, "motor_vehicle": null, "horse": null, "foot": null, "cycleway": null, "bicycle": null, "access": null, "surface": "asphalt", "lit": null, "oneway": null, "name": null }, "geometry": { "type": "LineString", "coordinates": [ [ 76.970235, 8.6090524 ], [ 76.9701451, 8.6092288 ], [ 76.9701183, 8.6093375 ], [ 76.9701076, 8.6096425 ], [ 76.9701183, 8.6097645 ], [ 76.9701207, 8.6097977 ], [ 76.9701236, 8.6098388 ] ] } },
{ "type": "Feature", "properties": { "full_id": "w900386785", "osm_id": "900386785", "osm_type": "way", "highway": "residential", "noexit": null, "cutting": null, "noname": null, "tunnel": null, "ford": null, "wheelchair": null, "id": null, "vehicle": null, "bicycle_road": null, "width": null, "name:en": null, "junction": null, "layer": null, "bridge": null, "maxspeed": null, "lanes": null, "_Shape_Le_1_": null, "_SHAPE_Leng_": null, "_OBJECTID_1_": null, "_OBJECTID_": null, "_ID_": null, "sidewalk": null, "motor_vehicle": null, "horse": null, "foot": null, "cycleway": null, "bicycle": null, "access": null, "surface": "ground", "lit": null, "oneway": null, "name": null }, "geometry": { "type": "LineString", "coordinates": [ [ 76.9748415, 8.6129562 ], [ 76.9751646, 8.6133584 ], [ 76.9753437, 8.6135653 ], [ 76.9754746, 8.6136342 ] ] } },
{ "type": "Feature", "properties": { "full_id": "w755151859", "osm_id": "755151859", "osm_type": "way", "highway": "residential", "noexit": null, "cutting": null, "noname": null, "tunnel": null, "ford": null, "wheelchair": null, "id": null, "vehicle": null, "bicycle_road": null, "width": null, "name:en": null, "junction": null, "layer": null, "bridge": null, "maxspeed": null, "lanes": null, "_Shape_Le_1_": null, "_SHAPE_Leng_": null, "_OBJECTID_1_": null, "_OBJECTID_": null, "_ID_": null, "sidewalk": null, "motor_vehicle": null, "horse": null, "foot": null, "cycleway": null, "bicycle": null, "access": null, "surface": "asphalt", "lit": null, "oneway": null, "name": null }, "geometry": { "type": "LineString", "coordinates": [ [ 76.9785436, 8.6107664 ], [ 76.9783938, 8.6108007 ], [ 76.9781382, 8.6108841 ], [ 76.9780019, 8.6108736 ], [ 76.9778551, 8.6107948 ], [ 76.977692, 8.6107633 ], [ 76.9774527, 8.6107664 ], [ 76.9772358, 8.6107631 ], [ 76.9770922, 8.6107493 ], [ 76.977018, 8.6107461 ], [ 76.9769514, 8.6108061 ], [ 76.9768842, 8.610915 ], [ 76.9767596, 8.6110503 ], [ 76.9764802, 8.6112398 ], [ 76.9761596, 8.6114629 ], [ 76.975942, 8.6116884 ], [ 76.9758207, 8.6118412 ], [ 76.975696, 8.6120667 ], [ 76.9756249, 8.612321 ], [ 76.9754696, 8.6124995 ], [ 76.9751919, 8.6127146 ], [ 76.9748415, 8.6129562 ], [ 76.9747174, 8.6130417 ], [ 76.9741851, 8.613551 ], [ 76.9741808, 8.6135535 ] ] } },
{ "type": "Feature", "properties": { "full_id": "w900647206", "osm_id": "900647206", "osm_type": "way", "highway": "residential", "noexit": null, "cutting": null, "noname": null, "tunnel": null, "ford": null, "wheelchair": null, "id": null, "vehicle": null, "bicycle_road": null, "width": null, "name:en": null, "junction": null, "layer": null, "bridge": null, "maxspeed": null, "lanes": null, "_Shape_Le_1_": null, "_SHAPE_Leng_": null, "_OBJECTID_1_": null, "_OBJECTID_": null, "_ID_": null, "sidewalk": null, "motor_vehicle": null, "horse": null, "foot": null, "cycleway": null, "bicycle": null, "access": null, "surface": null, "lit": null, "oneway": null, "name": null }, "geometry": { "type": "LineString", "coordinates": [ [ 77.0085474, 8.621117 ], [ 77.0084032, 8.6212844 ], [ 77.0081458, 8.621472 ], [ 77.0079054, 8.621677 ], [ 77.007749, 8.6218334 ], [ 77.007642, 8.6218807 ], [ 77.0075103, 8.6218859 ], [ 77.0074269, 8.6218554 ], [ 77.0073829, 8.6218181 ], [ 77.0073842, 8.6217554 ], [ 77.0073904, 8.6215141 ], [ 77.0073583, 8.6214281 ], [ 77.0072713, 8.6213294 ], [ 77.0071689, 8.6212794 ], [ 77.0068158, 8.6212338 ], [ 77.0065827, 8.6212429 ], [ 77.0063484, 8.6213 ], [ 77.0062008, 8.6213602 ], [ 77.0061201, 8.6214666 ], [ 77.006083, 8.6216026 ], [ 77.0060207, 8.6216851 ], [ 77.0058555, 8.6218139 ], [ 77.0056856, 8.6219144 ], [ 77.0055026, 8.6219782 ], [ 77.0052737, 8.622016 ], [ 77.005153, 8.6220564 ], [ 77.0050571, 8.6221204 ], [ 77.0049896, 8.6222168 ], [ 77.0047314, 8.6228295 ], [ 77.0046571, 8.6229293 ], [ 77.0045906, 8.6229486 ], [ 77.0044389, 8.6229073 ], [ 77.0040173, 8.6227753 ], [ 77.003821, 8.6227526 ], [ 77.0036034, 8.6227715 ], [ 77.00342, 8.6228017 ], [ 77.0030631, 8.6229743 ], [ 77.0027183, 8.6232356 ], [ 77.0026899, 8.6232643 ], [ 77.0025845, 8.623371 ], [ 77.0024268, 8.6234549 ], [ 77.0022806, 8.6235114 ], [ 77.00219, 8.6235348 ], [ 77.0020836, 8.6235622 ], [ 77.0019144, 8.6237056 ], [ 77.0017564, 8.6238973 ], [ 77.0016036, 8.6242013 ], [ 77.001535, 8.6243003 ], [ 77.0013878, 8.6243725 ], [ 77.0012719, 8.6243778 ], [ 77.0011655, 8.6243205 ], [ 77.0010847, 8.6241668 ], [ 77.0009871, 8.6240374 ], [ 77.0008991, 8.6240078 ], [ 77.0007373, 8.6239856 ], [ 77.0006325, 8.6239685 ], [ 77.000554, 8.6238949 ], [ 77.0004238, 8.6237751 ], [ 77.0003706, 8.6237584 ], [ 77.0002751, 8.6237552 ], [ 77.0001122, 8.6238221 ], [ 76.9998223, 8.623983 ], [ 76.999653, 8.6239912 ], [ 76.9993966, 8.6238938 ], [ 76.9991168, 8.6237113 ], [ 76.9990265, 8.623631 ], [ 76.9990099, 8.6235634 ], [ 76.9990281, 8.6234321 ], [ 76.9990939, 8.6231642 ], [ 76.9991291, 8.6229218 ], [ 76.9991676, 8.6228348 ], [ 76.9992619, 8.6226557 ], [ 76.9992914, 8.6224542 ], [ 76.9992985, 8.6221614 ], [ 76.9994929, 8.6211921 ], [ 76.9995951, 8.6205309 ] ] } },
{ "type": "Feature", "properties": { "full_id": "w1376657775", "osm_id": "1376657775", "osm_type": "way", "highway": "residential", "noexit": null, "cutting": null, "noname": null, "tunnel": null, "ford": null, "wheelchair": null, "id": null, "vehicle": null, "bicycle_road": null, "width": null, "name:en": null, "junction": null, "layer": null, "bridge": null, "maxspeed": null, "lanes": null, "_Shape_Le_1_": null, "_SHAPE_Leng_": null, "_OBJECTID_1_": null, "_OBJECTID_": null, "_ID_": null, "sidewalk": null, "motor_vehicle": null, "horse": null, "foot": null, "cycleway": null, "bicycle": null, "access": null, "surface": null, "lit": null, "oneway": null, "name": null }, "geometry": { "type": "LineString", "coordinates": [ [ 76.9963574, 8.6135619 ], [ 76.9966978, 8.6138056 ], [ 76.9967152, 8.6138332 ], [ 76.9967112, 8.6138687 ], [ 76.9966596, 8.6139439 ], [ 76.9966321, 8.6139864 ], [ 76.9966284, 8.6140282 ], [ 76.9966436, 8.6140814 ], [ 76.9967936, 8.6143796 ] ] } },
{ "type": "Feature", "properties": { "full_id": "w755151860", "osm_id": "755151860", "osm_type": "way", "highway": "residential", "noexit": null, "cutting": null, "noname": null, "tunnel": null, "ford": null, "wheelchair": null, "id": null, "vehicle": null, "bicycle_road": null, "width": null, "name:en": null, "junction": null, "layer": "1", "bridge": "yes", "maxspeed": null, "lanes": null, "_Shape_Le_1_": null, "_SHAPE_Leng_": null, "_OBJECTID_1_": null, "_OBJECTID_": null, "_ID_": null, "sidewalk": null, "motor_vehicle": null, "horse": null, "foot": null, "cycleway": null, "bicycle": null, "access": null, "surface": "asphalt", "lit": null, "oneway": null, "name": null }, "geometry": { "type": "LineString", "coordinates": [ [ 76.981502, 8.6079845 ], [ 76.9813992, 8.6080604 ] ] } },
{ "type": "Feature", "properties": { "full_id": "w900649610", "osm_id": "900649610", "osm_type": "way", "highway": "residential", "noexit": null, "cutting": null, "noname": null, "tunnel": null, "ford": null, "wheelchair": null, "id": null, "vehicle": null, "bicycle_road": null, "width": null, "name:en": null, "junction": null, "layer": null, "bridge": null, "maxspeed": null, "lanes": null, "_Shape_Le_1_": null, "_SHAPE_Leng_": null, "_OBJECTID_1_": null, "_OBJECTID_": null, "_ID_": null, "sidewalk": null, "motor_vehicle": null, "horse": null, "foot": null, "cycleway": null, "bicycle": null, "access": null, "surface": null, "lit": null, "oneway": null, "name": null }, "geometry": { "type": "LineString", "coordinates": [ [ 76.9845526, 8.5955383 ], [ 76.9841813, 8.596014 ], [ 76.983978, 8.5961427 ], [ 76.9834861, 8.5963155 ], [ 76.9832991, 8.5963195 ], [ 76.9831608, 8.5962673 ], [ 76.9827909, 8.5959417 ], [ 76.9825795, 8.5957487 ], [ 76.9824291, 8.595592 ], [ 76.9823152, 8.5950171 ], [ 76.9822136, 8.5944624 ] ] } },
{ "type": "Feature", "properties": { "full_id": "w1376657778", "osm_id": "1376657778", "osm_type": "way", "highway": "residential", "noexit": null, "cutting": null, "noname": null, "tunnel": null, "ford": null, "wheelchair": null, "id": null, "vehicle": null, "bicycle_road": null, "width": null, "name:en": null, "junction": null, "layer": null, "bridge": null, "maxspeed": null, "lanes": null, "_Shape_Le_1_": null, "_SHAPE_Leng_": null, "_OBJECTID_1_": null, "_OBJECTID_": null, "_ID_": null, "sidewalk": null, "motor_vehicle": null, "horse": null, "foot": null, "cycleway": null, "bicycle": null, "access": null, "surface": null, "lit": null, "oneway": null, "name": null }, "geometry": { "type": "LineString", "coordinates": [ [ 77.0081199, 8.6198628 ], [ 77.0077276, 8.6199499 ], [ 77.0072166, 8.6202463 ] ] } },
{ "type": "Feature", "properties": { "full_id": "w755151861", "osm_id": "755151861", "osm_type": "way", "highway": "residential", "noexit": null, "cutting": null, "noname": null, "tunnel": null, "ford": null, "wheelchair": null, "id": null, "vehicle": null, "bicycle_road": null, "width": null, "name:en": null, "junction": null, "layer": null, "bridge": null, "maxspeed": null, "lanes": null, "_Shape_Le_1_": null, "_SHAPE_Leng_": null, "_OBJECTID_1_": null, "_OBJECTID_": null, "_ID_": null, "sidewalk": null, "motor_vehicle": null, "horse": null, "foot": null, "cycleway": null, "bicycle": null, "access": null, "surface": "asphalt", "lit": null, "oneway": null, "name": null }, "geometry": { "type": "LineString", "coordinates": [ [ 76.9813992, 8.6080604 ], [ 76.9814659, 8.6081337 ], [ 76.9814715, 8.6082369 ], [ 76.9814322, 8.6082892 ], [ 76.9813372, 8.6083574 ], [ 76.9811806, 8.608434 ], [ 76.9809854, 8.6085324 ], [ 76.9808936, 8.6086107 ], [ 76.9807994, 8.6086966 ], [ 76.9806357, 8.6087444 ], [ 76.9804851, 8.608814 ], [ 76.9803817, 8.6089363 ], [ 76.9801809, 8.6090273 ], [ 76.9799338, 8.6090915 ], [ 76.9798347, 8.6091459 ], [ 76.9797199, 8.6092041 ], [ 76.979564, 8.6093645 ], [ 76.9794635, 8.6095089 ], [ 76.9794265, 8.6096731 ], [ 76.9793434, 8.6098129 ], [ 76.9791641, 8.6100723 ], [ 76.9791078, 8.6101415 ], [ 76.9790606, 8.6103438 ], [ 76.9789456, 8.6104713 ], [ 76.9787523, 8.6106485 ], [ 76.9786736, 8.6106796 ], [ 76.9786019, 8.6106817 ], [ 76.9783429, 8.6107002 ] ] } },
{ "type": "Feature", "properties": { "full_id": "w900671252", "osm_id": "900671252", "osm_type": "way", "highway": "residential", "noexit": null, "cutting": null, "noname": null, "tunnel": null, "ford": null, "wheelchair": null, "id": null, "vehicle": null, "bicycle_road": null, "width": null, "name:en": null, "junction": null, "layer": null, "bridge": null, "maxspeed": null, "lanes": null, "_Shape_Le_1_": null, "_SHAPE_Leng_": null, "_OBJECTID_1_": null, "_OBJECTID_": null, "_ID_": null, "sidewalk": null, "motor_vehicle": null, "horse": null, "foot": null, "cycleway": null, "bicycle": null, "access": null, "surface": null, "lit": null, "oneway": null, "name": null }, "geometry": { "type": "LineString", "coordinates": [ [ 76.9878893, 8.604796 ], [ 76.9880107, 8.6049467 ], [ 76.9881713, 8.6050894 ], [ 76.988216, 8.6051337 ], [ 76.9878441, 8.6053186 ], [ 76.9875534, 8.6055336 ], [ 76.987403, 8.6056602 ], [ 76.9872952, 8.6057406 ], [ 76.9870716, 8.6057949 ], [ 76.9866468, 8.6060924 ], [ 76.9864293, 8.6062069 ], [ 76.9864028, 8.6062331 ] ] } },
{ "type": "Feature", "properties": { "full_id": "w1376657781", "osm_id": "1376657781", "osm_type": "way", "highway": "residential", "noexit": null, "cutting": null, "noname": null, "tunnel": null, "ford": null, "wheelchair": null, "id": null, "vehicle": null, "bicycle_road": null, "width": null, "name:en": null, "junction": null, "layer": null, "bridge": null, "maxspeed": null, "lanes": null, "_Shape_Le_1_": null, "_SHAPE_Leng_": null, "_OBJECTID_1_": null, "_OBJECTID_": null, "_ID_": null, "sidewalk": null, "motor_vehicle": null, "horse": null, "foot": null, "cycleway": null, "bicycle": null, "access": null, "surface": null, "lit": null, "oneway": null, "name": null }, "geometry": { "type": "LineString", "coordinates": [ [ 77.0002424, 8.6257975 ], [ 77.0005611, 8.6257966 ], [ 77.0007436, 8.6257678 ], [ 77.0009035, 8.6257217 ], [ 77.000995, 8.6256742 ], [ 77.0011353, 8.6254985 ], [ 77.0012548, 8.6254164 ], [ 77.0014292, 8.6253518 ], [ 77.0017052, 8.6253154 ], [ 77.0018837, 8.6252604 ], [ 77.0022022, 8.625086 ], [ 77.002744, 8.6248203 ], [ 77.0029217, 8.6247053 ], [ 77.0031197, 8.6245604 ], [ 77.0035771, 8.6243307 ] ] } },
{ "type": "Feature", "properties": { "full_id": "w755151862", "osm_id": "755151862", "osm_type": "way", "highway": "residential", "noexit": null, "cutting": null, "noname": null, "tunnel": null, "ford": null, "wheelchair": null, "id": null, "vehicle": null, "bicycle_road": null, "width": null, "name:en": null, "junction": null, "layer": null, "bridge": null, "maxspeed": null, "lanes": null, "_Shape_Le_1_": null, "_SHAPE_Leng_": null, "_OBJECTID_1_": null, "_OBJECTID_": null, "_ID_": null, "sidewalk": null, "motor_vehicle": null, "horse": null, "foot": null, "cycleway": null, "bicycle": null, "access": null, "surface": "asphalt", "lit": null, "oneway": null, "name": null }, "geometry": { "type": "LineString", "coordinates": [ [ 76.9859192, 8.6056406 ], [ 76.9859524, 8.6055176 ], [ 76.9860224, 8.605477 ], [ 76.9861389, 8.605467 ], [ 76.9862545, 8.6054386 ], [ 76.9863741, 8.605399 ], [ 76.986575, 8.6053272 ], [ 76.9867554, 8.6053185 ], [ 76.9868789, 8.6052468 ], [ 76.986951, 8.6051579 ], [ 76.9869745, 8.6050738 ], [ 76.9870734, 8.6050117 ], [ 76.9873054, 8.6049678 ], [ 76.987683, 8.6048527 ], [ 76.9878893, 8.604796 ] ] } },
{ "type": "Feature", "properties": { "full_id": "w900671253", "osm_id": "900671253", "osm_type": "way", "highway": "residential", "noexit": null, "cutting": null, "noname": null, "tunnel": null, "ford": null, "wheelchair": null, "id": null, "vehicle": null, "bicycle_road": null, "width": null, "name:en": null, "junction": null, "layer": null, "bridge": null, "maxspeed": null, "lanes": null, "_Shape_Le_1_": null, "_SHAPE_Leng_": null, "_OBJECTID_1_": null, "_OBJECTID_": null, "_ID_": null, "sidewalk": null, "motor_vehicle": null, "horse": null, "foot": null, "cycleway": null, "bicycle": null, "access": null, "surface": null, "lit": null, "oneway": null, "name": null }, "geometry": { "type": "LineString", "coordinates": [ [ 76.9852012, 8.6066301 ], [ 76.9854289, 8.6065308 ], [ 76.9855772, 8.6064476 ] ] } },
{ "type": "Feature", "properties": { "full_id": "w1376657782", "osm_id": "1376657782", "osm_type": "way", "highway": "residential", "noexit": null, "cutting": null, "noname": null, "tunnel": null, "ford": null, "wheelchair": null, "id": null, "vehicle": null, "bicycle_road": null, "width": null, "name:en": null, "junction": null, "layer": null, "bridge": null, "maxspeed": null, "lanes": null, "_Shape_Le_1_": null, "_SHAPE_Leng_": null, "_OBJECTID_1_": null, "_OBJECTID_": null, "_ID_": null, "sidewalk": null, "motor_vehicle": null, "horse": null, "foot": null, "cycleway": null, "bicycle": null, "access": null, "surface": null, "lit": null, "oneway": null, "name": null }, "geometry": { "type": "LineString", "coordinates": [ [ 77.0022366, 8.6211555 ], [ 77.0022574, 8.6213538 ], [ 77.0023229, 8.6216383 ] ] } },
{ "type": "Feature", "properties": { "full_id": "w755151863", "osm_id": "755151863", "osm_type": "way", "highway": "residential", "noexit": null, "cutting": null, "noname": null, "tunnel": null, "ford": null, "wheelchair": null, "id": null, "vehicle": null, "bicycle_road": null, "width": null, "name:en": null, "junction": null, "layer": null, "bridge": "yes", "maxspeed": null, "lanes": null, "_Shape_Le_1_": null, "_SHAPE_Leng_": null, "_OBJECTID_1_": null, "_OBJECTID_": null, "_ID_": null, "sidewalk": null, "motor_vehicle": null, "horse": null, "foot": null, "cycleway": null, "bicycle": null, "access": null, "surface": "asphalt", "lit": null, "oneway": null, "name": null }, "geometry": { "type": "LineString", "coordinates": [ [ 76.9878852, 8.6046753 ], [ 76.9878893, 8.604796 ] ] } },
{ "type": "Feature", "properties": { "full_id": "w900675104", "osm_id": "900675104", "osm_type": "way", "highway": "residential", "noexit": null, "cutting": null, "noname": null, "tunnel": null, "ford": null, "wheelchair": null, "id": null, "vehicle": null, "bicycle_road": null, "width": null, "name:en": null, "junction": null, "layer": null, "bridge": null, "maxspeed": null, "lanes": null, "_Shape_Le_1_": null, "_SHAPE_Leng_": null, "_OBJECTID_1_": null, "_OBJECTID_": null, "_ID_": null, "sidewalk": null, "motor_vehicle": null, "horse": null, "foot": null, "cycleway": null, "bicycle": null, "access": null, "surface": null, "lit": null, "oneway": null, "name": null }, "geometry": { "type": "LineString", "coordinates": [ [ 76.9862536, 8.6118665 ], [ 76.9860305, 8.6117768 ], [ 76.98567, 8.6116748 ] ] } },
{ "type": "Feature", "properties": { "full_id": "w1376657783", "osm_id": "1376657783", "osm_type": "way", "highway": "residential", "noexit": null, "cutting": null, "noname": null, "tunnel": null, "ford": null, "wheelchair": null, "id": null, "vehicle": null, "bicycle_road": null, "width": null, "name:en": null, "junction": null, "layer": "1", "bridge": "yes", "maxspeed": null, "lanes": null, "_Shape_Le_1_": null, "_SHAPE_Leng_": null, "_OBJECTID_1_": null, "_OBJECTID_": null, "_ID_": null, "sidewalk": null, "motor_vehicle": null, "horse": null, "foot": null, "cycleway": null, "bicycle": null, "access": null, "surface": null, "lit": null, "oneway": null, "name": null }, "geometry": { "type": "LineString", "coordinates": [ [ 77.0023229, 8.6216383 ], [ 77.0023235, 8.6217396 ] ] } },
{ "type": "Feature", "properties": { "full_id": "w755151864", "osm_id": "755151864", "osm_type": "way", "highway": "residential", "noexit": null, "cutting": null, "noname": null, "tunnel": null, "ford": null, "wheelchair": null, "id": null, "vehicle": null, "bicycle_road": null, "width": null, "name:en": null, "junction": null, "layer": null, "bridge": null, "maxspeed": null, "lanes": null, "_Shape_Le_1_": null, "_SHAPE_Leng_": null, "_OBJECTID_1_": null, "_OBJECTID_": null, "_ID_": null, "sidewalk": null, "motor_vehicle": null, "horse": null, "foot": null, "cycleway": null, "bicycle": null, "access": null, "surface": "asphalt", "lit": null, "oneway": null, "name": null }, "geometry": { "type": "LineString", "coordinates": [ [ 76.9904438, 8.6030633 ], [ 76.9903448, 8.603165 ], [ 76.9902563, 8.6032247 ], [ 76.9901115, 8.6032711 ], [ 76.9899411, 8.603291 ], [ 76.9896716, 8.6032803 ], [ 76.9895308, 8.603291 ], [ 76.9894302, 8.6033161 ], [ 76.9893108, 8.6033374 ], [ 76.9892102, 8.6033228 ], [ 76.9891834, 8.6033122 ], [ 76.9891003, 8.6032525 ], [ 76.9890694, 8.6032114 ], [ 76.9890386, 8.6031066 ] ] } },
{ "type": "Feature", "properties": { "full_id": "w900675106", "osm_id": "900675106", "osm_type": "way", "highway": "residential", "noexit": null, "cutting": null, "noname": null, "tunnel": null, "ford": null, "wheelchair": null, "id": null, "vehicle": null, "bicycle_road": null, "width": null, "name:en": null, "junction": null, "layer": null, "bridge": null, "maxspeed": null, "lanes": null, "_Shape_Le_1_": null, "_SHAPE_Leng_": null, "_OBJECTID_1_": null, "_OBJECTID_": null, "_ID_": null, "sidewalk": null, "motor_vehicle": null, "horse": null, "foot": null, "cycleway": null, "bicycle": null, "access": null, "surface": null, "lit": null, "oneway": null, "name": null }, "geometry": { "type": "LineString", "coordinates": [ [ 76.9860038, 8.6124048 ], [ 76.9863071, 8.6124549 ] ] } },
{ "type": "Feature", "properties": { "full_id": "w755151866", "osm_id": "755151866", "osm_type": "way", "highway": "residential", "noexit": null, "cutting": null, "noname": null, "tunnel": null, "ford": null, "wheelchair": null, "id": null, "vehicle": null, "bicycle_road": null, "width": null, "name:en": null, "junction": null, "layer": null, "bridge": null, "maxspeed": null, "lanes": null, "_Shape_Le_1_": null, "_SHAPE_Leng_": null, "_OBJECTID_1_": null, "_OBJECTID_": null, "_ID_": null, "sidewalk": null, "motor_vehicle": null, "horse": null, "foot": null, "cycleway": null, "bicycle": null, "access": null, "surface": "asphalt", "lit": null, "oneway": null, "name": null }, "geometry": { "type": "LineString", "coordinates": [ [ 76.9916946, 8.6013333 ], [ 76.9916511, 8.6015327 ], [ 76.9915947, 8.6016414 ], [ 76.9915438, 8.601705 ], [ 76.9914043, 8.6018058 ], [ 76.9912058, 8.6019384 ], [ 76.9910905, 8.6020657 ], [ 76.9910524, 8.6021084 ], [ 76.99101, 8.6021559 ], [ 76.9909161, 8.6022434 ], [ 76.990782, 8.6022964 ], [ 76.9907432, 8.6023417 ], [ 76.9905862, 8.6025245 ], [ 76.9905031, 8.6027075 ], [ 76.9904602, 8.6028507 ], [ 76.9904575, 8.6029568 ], [ 76.9904438, 8.6030633 ], [ 76.9904387, 8.6031027 ], [ 76.990436, 8.6032538 ], [ 76.9904575, 8.6033811 ], [ 76.9904494, 8.6034899 ], [ 76.9903958, 8.6036039 ], [ 76.9903395, 8.6036914 ], [ 76.9902134, 8.6038081 ], [ 76.990031, 8.6039062 ], [ 76.9898674, 8.604015 ], [ 76.9897386, 8.6041316 ], [ 76.989626, 8.6041661 ], [ 76.9894811, 8.6041926 ], [ 76.9893363, 8.6042377 ], [ 76.9890439, 8.6044578 ], [ 76.9889501, 8.6045427 ], [ 76.9888589, 8.604662 ], [ 76.9887248, 8.6047787 ], [ 76.9886228, 8.6048477 ], [ 76.9885182, 8.6049697 ], [ 76.9884324, 8.6050439 ], [ 76.9883653, 8.605036 ], [ 76.9882634, 8.6049856 ], [ 76.9881481, 8.6048636 ], [ 76.9880757, 8.6047681 ], [ 76.9880033, 8.604731 ], [ 76.9878852, 8.6046753 ], [ 76.9877753, 8.6044658 ], [ 76.9876412, 8.6043332 ], [ 76.9874024, 8.6041688 ], [ 76.9872656, 8.6040521 ], [ 76.9872308, 8.6039619 ], [ 76.9872469, 8.603893 ], [ 76.9872817, 8.6038293 ], [ 76.9875178, 8.6035906 ], [ 76.9875659, 8.6035208 ], [ 76.9877136, 8.6032565 ], [ 76.9877511, 8.6032193 ] ] } },
{ "type": "Feature", "properties": { "full_id": "w900675107", "osm_id": "900675107", "osm_type": "way", "highway": "residential", "noexit": null, "cutting": null, "noname": null, "tunnel": null, "ford": null, "wheelchair": null, "id": null, "vehicle": null, "bicycle_road": null, "width": null, "name:en": null, "junction": null, "layer": null, "bridge": null, "maxspeed": null, "lanes": null, "_Shape_Le_1_": null, "_SHAPE_Leng_": null, "_OBJECTID_1_": null, "_OBJECTID_": null, "_ID_": null, "sidewalk": null, "motor_vehicle": null, "horse": null, "foot": null, "cycleway": null, "bicycle": null, "access": null, "surface": null, "lit": null, "oneway": null, "name": null }, "geometry": { "type": "LineString", "coordinates": [ [ 76.9858423, 8.6130244 ], [ 76.9856393, 8.6129853 ], [ 76.9854362, 8.6129287 ], [ 76.9852225, 8.6128964 ] ] } },
{ "type": "Feature", "properties": { "full_id": "w755151867", "osm_id": "755151867", "osm_type": "way", "highway": "residential", "noexit": null, "cutting": null, "noname": null, "tunnel": null, "ford": null, "wheelchair": null, "id": null, "vehicle": null, "bicycle_road": null, "width": null, "name:en": null, "junction": null, "layer": null, "bridge": null, "maxspeed": null, "lanes": null, "_Shape_Le_1_": null, "_SHAPE_Leng_": null, "_OBJECTID_1_": null, "_OBJECTID_": null, "_ID_": null, "sidewalk": null, "motor_vehicle": null, "horse": null, "foot": null, "cycleway": null, "bicycle": null, "access": null, "surface": "asphalt", "lit": null, "oneway": null, "name": null }, "geometry": { "type": "LineString", "coordinates": [ [ 76.987149, 8.614464 ], [ 76.9873354, 8.6141137 ], [ 76.9875634, 8.6136655 ], [ 76.9880784, 8.6136019 ], [ 76.9887677, 8.6135436 ], [ 76.988773, 8.6132439 ] ] } },
{ "type": "Feature", "properties": { "full_id": "w900675109", "osm_id": "900675109", "osm_type": "way", "highway": "residential", "noexit": null, "cutting": null, "noname": null, "tunnel": null, "ford": null, "wheelchair": null, "id": null, "vehicle": null, "bicycle_road": null, "width": null, "name:en": null, "junction": null, "layer": null, "bridge": null, "maxspeed": null, "lanes": null, "_Shape_Le_1_": null, "_SHAPE_Leng_": null, "_OBJECTID_1_": null, "_OBJECTID_": null, "_ID_": null, "sidewalk": null, "motor_vehicle": null, "horse": null, "foot": null, "cycleway": null, "bicycle": null, "access": null, "surface": null, "lit": null, "oneway": null, "name": null }, "geometry": { "type": "LineString", "coordinates": [ [ 76.9851992, 8.6146986 ], [ 76.9854401, 8.6147393 ], [ 76.98538, 8.6150988 ] ] } },
{ "type": "Feature", "properties": { "full_id": "w755151868", "osm_id": "755151868", "osm_type": "way", "highway": "residential", "noexit": null, "cutting": null, "noname": null, "tunnel": null, "ford": null, "wheelchair": null, "id": null, "vehicle": null, "bicycle_road": null, "width": null, "name:en": null, "junction": null, "layer": null, "bridge": null, "maxspeed": null, "lanes": null, "_Shape_Le_1_": null, "_SHAPE_Leng_": null, "_OBJECTID_1_": null, "_OBJECTID_": null, "_ID_": null, "sidewalk": null, "motor_vehicle": null, "horse": null, "foot": null, "cycleway": null, "bicycle": null, "access": null, "surface": "asphalt", "lit": null, "oneway": null, "name": null }, "geometry": { "type": "LineString", "coordinates": [ [ 76.9908045, 8.6107767 ], [ 76.9905406, 8.6108386 ], [ 76.9902965, 8.6109155 ], [ 76.9901893, 8.6109871 ], [ 76.9900659, 8.6110746 ], [ 76.9899774, 8.6111117 ], [ 76.989803, 8.6111382 ], [ 76.9891968, 8.6112735 ], [ 76.9889608, 8.6113769 ], [ 76.9888186, 8.611483 ], [ 76.9887382, 8.6114936 ], [ 76.9886363, 8.6114591 ], [ 76.988478, 8.6114485 ], [ 76.9883546, 8.6114671 ], [ 76.9878665, 8.6116288 ], [ 76.987735, 8.6116554 ] ] } },
{ "type": "Feature", "properties": { "full_id": "w900681603", "osm_id": "900681603", "osm_type": "way", "highway": "residential", "noexit": null, "cutting": null, "noname": null, "tunnel": null, "ford": null, "wheelchair": null, "id": null, "vehicle": null, "bicycle_road": null, "width": null, "name:en": null, "junction": null, "layer": null, "bridge": null, "maxspeed": null, "lanes": null, "_Shape_Le_1_": null, "_SHAPE_Leng_": null, "_OBJECTID_1_": null, "_OBJECTID_": null, "_ID_": null, "sidewalk": null, "motor_vehicle": null, "horse": null, "foot": null, "cycleway": null, "bicycle": null, "access": null, "surface": null, "lit": null, "oneway": null, "name": null }, "geometry": { "type": "LineString", "coordinates": [ [ 77.0060573, 8.6083531 ], [ 77.0064462, 8.608289 ], [ 77.0067988, 8.6083513 ], [ 77.0069739, 8.6084367 ], [ 77.0073569, 8.6087299 ], [ 77.0074269, 8.6087992 ], [ 77.0074434, 8.6088675 ], [ 77.007567, 8.6093787 ], [ 77.0075787, 8.6094226 ], [ 77.0074527, 8.609576 ], [ 77.0076499, 8.609714 ], [ 77.0079623, 8.609702 ], [ 77.0081613, 8.609735 ] ] } },
{ "type": "Feature", "properties": { "full_id": "w900681604", "osm_id": "900681604", "osm_type": "way", "highway": "residential", "noexit": null, "cutting": null, "noname": null, "tunnel": null, "ford": null, "wheelchair": null, "id": null, "vehicle": null, "bicycle_road": null, "width": null, "name:en": null, "junction": null, "layer": null, "bridge": null, "maxspeed": null, "lanes": null, "_Shape_Le_1_": null, "_SHAPE_Leng_": null, "_OBJECTID_1_": null, "_OBJECTID_": null, "_ID_": null, "sidewalk": null, "motor_vehicle": null, "horse": null, "foot": null, "cycleway": null, "bicycle": null, "access": null, "surface": null, "lit": null, "oneway": null, "name": null }, "geometry": { "type": "LineString", "coordinates": [ [ 77.0090078, 8.6092119 ], [ 77.0088296, 8.6094973 ], [ 77.008711, 8.6097037 ], [ 77.0086597, 8.6098384 ], [ 77.0086084, 8.6101289 ], [ 77.0085712, 8.6102514 ], [ 77.0084633, 8.6103651 ], [ 77.0081961, 8.610561 ], [ 77.007851, 8.6109057 ], [ 77.0078315, 8.6109477 ], [ 77.0078368, 8.6109845 ], [ 77.0079926, 8.6113081 ], [ 77.0078846, 8.6113781 ], [ 77.0078528, 8.6114166 ], [ 77.0078492, 8.6114639 ], [ 77.0078581, 8.6115094 ] ] } },
{ "type": "Feature", "properties": { "full_id": "w1132400506", "osm_id": "1132400506", "osm_type": "way", "highway": "residential", "noexit": null, "cutting": null, "noname": null, "tunnel": null, "ford": null, "wheelchair": null, "id": null, "vehicle": null, "bicycle_road": null, "width": null, "name:en": null, "junction": null, "layer": null, "bridge": null, "maxspeed": null, "lanes": null, "_Shape_Le_1_": null, "_SHAPE_Leng_": null, "_OBJECTID_1_": null, "_OBJECTID_": null, "_ID_": null, "sidewalk": null, "motor_vehicle": null, "horse": null, "foot": null, "cycleway": null, "bicycle": null, "access": null, "surface": null, "lit": null, "oneway": null, "name": null }, "geometry": { "type": "LineString", "coordinates": [ [ 76.9947356, 8.6105057 ], [ 76.994752, 8.610348 ], [ 76.9947757, 8.6100601 ], [ 76.9948149, 8.6097987 ] ] } },
{ "type": "Feature", "properties": { "full_id": "w1133458968", "osm_id": "1133458968", "osm_type": "way", "highway": "residential", "noexit": null, "cutting": null, "noname": null, "tunnel": null, "ford": null, "wheelchair": null, "id": null, "vehicle": null, "bicycle_road": null, "width": null, "name:en": null, "junction": null, "layer": null, "bridge": null, "maxspeed": null, "lanes": null, "_Shape_Le_1_": null, "_SHAPE_Leng_": null, "_OBJECTID_1_": null, "_OBJECTID_": null, "_ID_": null, "sidewalk": null, "motor_vehicle": null, "horse": null, "foot": null, "cycleway": null, "bicycle": null, "access": null, "surface": null, "lit": null, "oneway": null, "name": null }, "geometry": { "type": "LineString", "coordinates": [ [ 77.0074434, 8.6088675 ], [ 77.0074602, 8.6088675 ], [ 77.0079378, 8.608963 ], [ 77.0085216, 8.6090213 ] ] } },
{ "type": "Feature", "properties": { "full_id": "w1133458969", "osm_id": "1133458969", "osm_type": "way", "highway": "residential", "noexit": null, "cutting": null, "noname": null, "tunnel": null, "ford": null, "wheelchair": null, "id": null, "vehicle": null, "bicycle_road": null, "width": null, "name:en": null, "junction": null, "layer": null, "bridge": null, "maxspeed": null, "lanes": null, "_Shape_Le_1_": null, "_SHAPE_Leng_": null, "_OBJECTID_1_": null, "_OBJECTID_": null, "_ID_": null, "sidewalk": null, "motor_vehicle": null, "horse": null, "foot": null, "cycleway": null, "bicycle": null, "access": null, "surface": null, "lit": null, "oneway": null, "name": null }, "geometry": { "type": "LineString", "coordinates": [ [ 77.0076856, 8.6105489 ], [ 77.008158, 8.610082 ] ] } },
{ "type": "Feature", "properties": { "full_id": "w888702222", "osm_id": "888702222", "osm_type": "way", "highway": "residential", "noexit": null, "cutting": null, "noname": null, "tunnel": null, "ford": null, "wheelchair": null, "id": null, "vehicle": null, "bicycle_road": null, "width": null, "name:en": null, "junction": null, "layer": null, "bridge": null, "maxspeed": null, "lanes": null, "_Shape_Le_1_": null, "_SHAPE_Leng_": null, "_OBJECTID_1_": null, "_OBJECTID_": null, "_ID_": null, "sidewalk": null, "motor_vehicle": null, "horse": null, "foot": null, "cycleway": null, "bicycle": null, "access": null, "surface": null, "lit": null, "oneway": null, "name": null }, "geometry": { "type": "LineString", "coordinates": [ [ 77.0194756, 8.6231961 ], [ 77.0194427, 8.6229812 ], [ 77.0194084, 8.6227033 ], [ 77.0193998, 8.622419 ], [ 77.019344, 8.6222451 ], [ 77.0193612, 8.6220966 ], [ 77.019447, 8.6219481 ], [ 77.0194921, 8.621859 ], [ 77.0194384, 8.6217486 ], [ 77.0193762, 8.6216171 ], [ 77.0193612, 8.6214813 ], [ 77.0192668, 8.6214028 ], [ 77.0192238, 8.6213456 ], [ 77.0192324, 8.6210931 ], [ 77.0192067, 8.620864 ], [ 77.0192024, 8.6206391 ], [ 77.0191809, 8.620393 ], [ 77.0190608, 8.6202296 ], [ 77.0189041, 8.6201193 ], [ 77.0186745, 8.620062 ], [ 77.0183913, 8.6199644 ], [ 77.0181038, 8.6198987 ], [ 77.0178742, 8.6199284 ], [ 77.017769, 8.6199941 ], [ 77.0177261, 8.6201023 ], [ 77.0176918, 8.6202657 ], [ 77.0176467, 8.62048 ], [ 77.0175995, 8.6206009 ], [ 77.0175308, 8.6206179 ], [ 77.0174686, 8.6206264 ], [ 77.0174236, 8.620637 ], [ 77.0173999, 8.6206773 ], [ 77.0173785, 8.6207685 ], [ 77.0172712, 8.6209064 ], [ 77.0172004, 8.6209361 ], [ 77.017106, 8.6209319 ], [ 77.0168828, 8.6208767 ], [ 77.0166511, 8.6208343 ], [ 77.0164794, 8.6207303 ], [ 77.0161447, 8.6205436 ], [ 77.01587, 8.6203909 ], [ 77.0157069, 8.6203018 ], [ 77.0154453, 8.6201897 ] ] } },
{ "type": "Feature", "properties": { "full_id": "w888702223", "osm_id": "888702223", "osm_type": "way", "highway": "residential", "noexit": null, "cutting": null, "noname": null, "tunnel": null, "ford": null, "wheelchair": null, "id": null, "vehicle": null, "bicycle_road": null, "width": null, "name:en": null, "junction": null, "layer": null, "bridge": null, "maxspeed": null, "lanes": null, "_Shape_Le_1_": null, "_SHAPE_Leng_": null, "_OBJECTID_1_": null, "_OBJECTID_": null, "_ID_": null, "sidewalk": null, "motor_vehicle": null, "horse": null, "foot": null, "cycleway": null, "bicycle": null, "access": null, "surface": null, "lit": null, "oneway": null, "name": null }, "geometry": { "type": "LineString", "coordinates": [ [ 77.0172004, 8.6209361 ], [ 77.017194, 8.621021 ], [ 77.017121, 8.6211801 ], [ 77.0169751, 8.6213986 ], [ 77.0168828, 8.6215513 ], [ 77.0168206, 8.621668 ], [ 77.0167369, 8.6216892 ], [ 77.0166232, 8.6217317 ], [ 77.0165137, 8.6218568 ], [ 77.0163442, 8.6221348 ], [ 77.0162734, 8.6222917 ], [ 77.0161769, 8.6225824 ] ] } },
{ "type": "Feature", "properties": { "full_id": "w888702224", "osm_id": "888702224", "osm_type": "way", "highway": "residential", "noexit": null, "cutting": null, "noname": null, "tunnel": null, "ford": null, "wheelchair": null, "id": null, "vehicle": null, "bicycle_road": null, "width": null, "name:en": null, "junction": null, "layer": null, "bridge": null, "maxspeed": null, "lanes": null, "_Shape_Le_1_": null, "_SHAPE_Leng_": null, "_OBJECTID_1_": null, "_OBJECTID_": null, "_ID_": null, "sidewalk": null, "motor_vehicle": null, "horse": null, "foot": null, "cycleway": null, "bicycle": null, "access": null, "surface": null, "lit": null, "oneway": null, "name": "Kunjukonam Road" }, "geometry": { "type": "LineString", "coordinates": [ [ 77.0239277, 8.6277089 ], [ 77.0239502, 8.6279457 ], [ 77.023932, 8.6281467 ], [ 77.0238713, 8.6283087 ], [ 77.0238167, 8.6284677 ], [ 77.0237894, 8.6285697 ], [ 77.023753, 8.6286928 ], [ 77.0237499, 8.6288128 ], [ 77.0237196, 8.6289298 ], [ 77.0236225, 8.6291158 ], [ 77.0235223, 8.6293078 ], [ 77.0234768, 8.6294698 ], [ 77.0233918, 8.6298118 ], [ 77.0233888, 8.6299678 ], [ 77.0234101, 8.6301059 ], [ 77.0234434, 8.6303009 ], [ 77.0234586, 8.6305169 ], [ 77.0234192, 8.6307209 ], [ 77.0232917, 8.6310359 ], [ 77.0232158, 8.6312159 ], [ 77.0230854, 8.631444 ], [ 77.0229913, 8.631582 ], [ 77.0228669, 8.631723 ], [ 77.0227607, 8.631834 ], [ 77.0226332, 8.631939 ], [ 77.0224026, 8.632119 ], [ 77.0222933, 8.632269 ], [ 77.0220718, 8.632641 ], [ 77.0219777, 8.632893 ], [ 77.0218958, 8.6331181 ], [ 77.0216803, 8.6336221 ], [ 77.0215225, 8.6341051 ], [ 77.021298, 8.6346752 ], [ 77.0211978, 8.6349992 ], [ 77.0211463, 8.6351252 ], [ 77.0210795, 8.6353592 ], [ 77.0210613, 8.6355062 ], [ 77.0210886, 8.6356652 ], [ 77.0211857, 8.6359022 ], [ 77.0213253, 8.6360852 ], [ 77.0215408, 8.6363373 ], [ 77.0219353, 8.6367603 ], [ 77.0220233, 8.6369133 ], [ 77.0219653, 8.6371233 ] ] } },
{ "type": "Feature", "properties": { "full_id": "w960097770", "osm_id": "960097770", "osm_type": "way", "highway": "residential", "noexit": null, "cutting": null, "noname": null, "tunnel": null, "ford": null, "wheelchair": null, "id": null, "vehicle": null, "bicycle_road": null, "width": null, "name:en": null, "junction": null, "layer": null, "bridge": null, "maxspeed": null, "lanes": null, "_Shape_Le_1_": null, "_SHAPE_Leng_": null, "_OBJECTID_1_": null, "_OBJECTID_": null, "_ID_": null, "sidewalk": null, "motor_vehicle": null, "horse": null, "foot": null, "cycleway": null, "bicycle": null, "access": null, "surface": null, "lit": null, "oneway": null, "name": null }, "geometry": { "type": "LineString", "coordinates": [ [ 76.9957177, 8.5866916 ], [ 76.9959043, 8.586707 ], [ 76.9960737, 8.5866472 ], [ 76.9962369, 8.5865635 ], [ 76.99637, 8.5865157 ], [ 76.9965575, 8.5864678 ], [ 76.9967087, 8.586432 ], [ 76.9970231, 8.586426 ], [ 76.9972106, 8.5863483 ], [ 76.9976944, 8.5861629 ], [ 76.9978698, 8.5860971 ], [ 76.9980089, 8.5860014 ], [ 76.998154, 8.5858639 ], [ 76.998281, 8.5856546 ], [ 76.9984141, 8.5854812 ], [ 76.9985411, 8.5853137 ], [ 76.9985821, 8.5852325 ] ] } },
{ "type": "Feature", "properties": { "full_id": "w758322857", "osm_id": "758322857", "osm_type": "way", "highway": "residential", "noexit": null, "cutting": null, "noname": null, "tunnel": null, "ford": null, "wheelchair": null, "id": null, "vehicle": null, "bicycle_road": null, "width": null, "name:en": null, "junction": null, "layer": null, "bridge": null, "maxspeed": null, "lanes": null, "_Shape_Le_1_": null, "_SHAPE_Leng_": null, "_OBJECTID_1_": null, "_OBJECTID_": null, "_ID_": null, "sidewalk": null, "motor_vehicle": null, "horse": null, "foot": null, "cycleway": null, "bicycle": null, "access": null, "surface": "asphalt", "lit": null, "oneway": null, "name": null }, "geometry": { "type": "LineString", "coordinates": [ [ 77.0228221, 8.621705 ], [ 77.0230905, 8.6218245 ], [ 77.0231779, 8.6218563 ] ] } },
{ "type": "Feature", "properties": { "full_id": "w960097880", "osm_id": "960097880", "osm_type": "way", "highway": "residential", "noexit": null, "cutting": null, "noname": null, "tunnel": null, "ford": null, "wheelchair": null, "id": null, "vehicle": null, "bicycle_road": null, "width": null, "name:en": null, "junction": null, "layer": null, "bridge": null, "maxspeed": null, "lanes": null, "_Shape_Le_1_": null, "_SHAPE_Leng_": null, "_OBJECTID_1_": null, "_OBJECTID_": null, "_ID_": null, "sidewalk": null, "motor_vehicle": null, "horse": null, "foot": null, "cycleway": null, "bicycle": null, "access": null, "surface": null, "lit": null, "oneway": null, "name": null }, "geometry": { "type": "LineString", "coordinates": [ [ 76.9987998, 8.5848396 ], [ 76.9988076, 8.5848093 ], [ 76.9988136, 8.5847016 ], [ 76.9988348, 8.5846329 ], [ 76.9989225, 8.584603 ], [ 76.9990192, 8.584603 ], [ 76.9990858, 8.584585 ], [ 76.9991251, 8.5844654 ], [ 76.9991735, 8.5843339 ], [ 76.9991916, 8.5842173 ], [ 76.9992043, 8.5840535 ], [ 76.9992449, 8.5839647 ], [ 76.9992834, 8.5838823 ], [ 76.9993197, 8.5837596 ], [ 76.9993732, 8.5836624 ], [ 76.9994309, 8.5835419 ], [ 76.9994887, 8.583434 ], [ 76.9996255, 8.583489 ], [ 76.9997645, 8.5835207 ], [ 76.9999248, 8.5835778 ], [ 77.0000788, 8.5836011 ], [ 77.0001878, 8.5836243 ], [ 77.0003503, 8.5836708 ], [ 77.0004477, 8.5837205 ] ] } },
{ "type": "Feature", "properties": { "full_id": "w758322859", "osm_id": "758322859", "osm_type": "way", "highway": "residential", "noexit": null, "cutting": null, "noname": null, "tunnel": null, "ford": null, "wheelchair": null, "id": null, "vehicle": null, "bicycle_road": null, "width": null, "name:en": null, "junction": null, "layer": null, "bridge": null, "maxspeed": null, "lanes": null, "_Shape_Le_1_": null, "_SHAPE_Leng_": null, "_OBJECTID_1_": null, "_OBJECTID_": null, "_ID_": null, "sidewalk": null, "motor_vehicle": null, "horse": null, "foot": null, "cycleway": null, "bicycle": null, "access": null, "surface": "asphalt", "lit": null, "oneway": null, "name": null }, "geometry": { "type": "LineString", "coordinates": [ [ 77.0124569, 8.611515 ], [ 77.0124938, 8.6114936 ], [ 77.0126595, 8.6114339 ], [ 77.0128338, 8.6113544 ], [ 77.0128901, 8.6113265 ], [ 77.0129719, 8.6113265 ], [ 77.0130685, 8.6113464 ], [ 77.0132281, 8.6114008 ], [ 77.0133193, 8.6114047 ], [ 77.0133997, 8.6114034 ], [ 77.0134574, 8.6114074 ], [ 77.0135003, 8.6114193 ], [ 77.0136626, 8.611471 ], [ 77.0137256, 8.611487 ], [ 77.0139979, 8.611471 ], [ 77.0143126, 8.6115425 ], [ 77.0145889, 8.6116035 ], [ 77.0144682, 8.6120622 ], [ 77.0144011, 8.6124017 ], [ 77.014302, 8.6130652 ] ] } },
{ "type": "Feature", "properties": { "full_id": "w960098022", "osm_id": "960098022", "osm_type": "way", "highway": "residential", "noexit": null, "cutting": null, "noname": null, "tunnel": null, "ford": null, "wheelchair": null, "id": null, "vehicle": null, "bicycle_road": null, "width": null, "name:en": null, "junction": null, "layer": null, "bridge": null, "maxspeed": null, "lanes": null, "_Shape_Le_1_": null, "_SHAPE_Leng_": null, "_OBJECTID_1_": null, "_OBJECTID_": null, "_ID_": null, "sidewalk": null, "motor_vehicle": null, "horse": null, "foot": null, "cycleway": null, "bicycle": null, "access": null, "surface": null, "lit": null, "oneway": null, "name": null }, "geometry": { "type": "LineString", "coordinates": [ [ 76.9985821, 8.5852325 ], [ 76.9986503, 8.5851382 ], [ 76.9987138, 8.5850365 ], [ 76.9987652, 8.5849737 ], [ 76.9987807, 8.5849134 ] ] } },
{ "type": "Feature", "properties": { "full_id": "w758322861", "osm_id": "758322861", "osm_type": "way", "highway": "residential", "noexit": null, "cutting": null, "noname": null, "tunnel": null, "ford": null, "wheelchair": null, "id": null, "vehicle": null, "bicycle_road": null, "width": null, "name:en": null, "junction": null, "layer": null, "bridge": null, "maxspeed": null, "lanes": null, "_Shape_Le_1_": null, "_SHAPE_Leng_": null, "_OBJECTID_1_": null, "_OBJECTID_": null, "_ID_": null, "sidewalk": null, "motor_vehicle": null, "horse": null, "foot": null, "cycleway": null, "bicycle": null, "access": null, "surface": "asphalt", "lit": null, "oneway": null, "name": null }, "geometry": { "type": "LineString", "coordinates": [ [ 77.0122665, 8.6123144 ], [ 77.0122799, 8.6124297 ], [ 77.0123108, 8.6125332 ], [ 77.0123376, 8.6125796 ], [ 77.0123926, 8.6126207 ], [ 77.0124543, 8.6126512 ], [ 77.0125441, 8.6126565 ], [ 77.0126353, 8.6126432 ], [ 77.0127198, 8.6126074 ], [ 77.012807, 8.6125252 ], [ 77.012852, 8.612482 ], [ 77.0129412, 8.6124164 ] ] } },
{ "type": "Feature", "properties": { "full_id": "w960098023", "osm_id": "960098023", "osm_type": "way", "highway": "residential", "noexit": null, "cutting": null, "noname": null, "tunnel": null, "ford": null, "wheelchair": null, "id": null, "vehicle": null, "bicycle_road": null, "width": null, "name:en": null, "junction": null, "layer": "1", "bridge": "yes", "maxspeed": null, "lanes": null, "_Shape_Le_1_": null, "_SHAPE_Leng_": null, "_OBJECTID_1_": null, "_OBJECTID_": null, "_ID_": null, "sidewalk": null, "motor_vehicle": null, "horse": null, "foot": null, "cycleway": null, "bicycle": null, "access": null, "surface": null, "lit": null, "oneway": null, "name": null }, "geometry": { "type": "LineString", "coordinates": [ [ 76.9987807, 8.5849134 ], [ 76.9987998, 8.5848396 ] ] } },
{ "type": "Feature", "properties": { "full_id": "w758322862", "osm_id": "758322862", "osm_type": "way", "highway": "residential", "noexit": null, "cutting": null, "noname": null, "tunnel": null, "ford": null, "wheelchair": null, "id": null, "vehicle": null, "bicycle_road": null, "width": null, "name:en": null, "junction": null, "layer": null, "bridge": null, "maxspeed": null, "lanes": null, "_Shape_Le_1_": null, "_SHAPE_Leng_": null, "_OBJECTID_1_": null, "_OBJECTID_": null, "_ID_": null, "sidewalk": null, "motor_vehicle": null, "horse": null, "foot": null, "cycleway": null, "bicycle": null, "access": null, "surface": "asphalt", "lit": null, "oneway": null, "name": null }, "geometry": { "type": "LineString", "coordinates": [ [ 77.0110421, 8.613517 ], [ 77.0109831, 8.6134773 ], [ 77.0108959, 8.613468 ], [ 77.0108087, 8.6134759 ], [ 77.0107377, 8.6134852 ], [ 77.0106679, 8.6134879 ], [ 77.0106223, 8.6134799 ], [ 77.0105553, 8.613464 ], [ 77.010401, 8.6134706 ], [ 77.0102079, 8.6134746 ], [ 77.0101181, 8.613468 ], [ 77.0098606, 8.6133566 ], [ 77.0097063, 8.6132518 ], [ 77.0096232, 8.6131882 ], [ 77.0095628, 8.6131577 ], [ 77.0094851, 8.6131352 ], [ 77.0094368, 8.6131272 ], [ 77.0093872, 8.6131073 ], [ 77.0093697, 8.6130781 ], [ 77.0093563, 8.6130357 ], [ 77.0093241, 8.6129866 ], [ 77.0092906, 8.612931 ] ] } },
{ "type": "Feature", "properties": { "full_id": "w960098461", "osm_id": "960098461", "osm_type": "way", "highway": "residential", "noexit": null, "cutting": null, "noname": null, "tunnel": null, "ford": null, "wheelchair": null, "id": null, "vehicle": null, "bicycle_road": null, "width": null, "name:en": null, "junction": null, "layer": null, "bridge": null, "maxspeed": null, "lanes": null, "_Shape_Le_1_": null, "_SHAPE_Leng_": null, "_OBJECTID_1_": null, "_OBJECTID_": null, "_ID_": null, "sidewalk": null, "motor_vehicle": null, "horse": null, "foot": null, "cycleway": null, "bicycle": null, "access": null, "surface": null, "lit": null, "oneway": null, "name": null }, "geometry": { "type": "LineString", "coordinates": [ [ 77.0041129, 8.588085 ], [ 77.0044226, 8.5880974 ], [ 77.0045436, 8.5881345 ], [ 77.0047082, 8.5882856 ], [ 77.0047609, 8.5883166 ], [ 77.0048406, 8.5883371 ], [ 77.0049245, 8.5883294 ], [ 77.0051031, 8.5883214 ], [ 77.0052043, 8.5883492 ], [ 77.0052719, 8.5883767 ], [ 77.0053583, 8.5883786 ], [ 77.0054779, 8.5883223 ], [ 77.0055908, 8.5882628 ], [ 77.0057077, 8.5882039 ], [ 77.0058211, 8.5881402 ], [ 77.0059699, 8.5880737 ], [ 77.0061227, 8.5880322 ], [ 77.0062396, 8.5879867 ], [ 77.0064032, 8.5878826 ], [ 77.0064851, 8.5877788 ], [ 77.0065131, 8.5877138 ] ] } },
{ "type": "Feature", "properties": { "full_id": "w960098541", "osm_id": "960098541", "osm_type": "way", "highway": "residential", "noexit": null, "cutting": null, "noname": null, "tunnel": null, "ford": null, "wheelchair": null, "id": null, "vehicle": null, "bicycle_road": null, "width": null, "name:en": null, "junction": null, "layer": null, "bridge": null, "maxspeed": null, "lanes": null, "_Shape_Le_1_": null, "_SHAPE_Leng_": null, "_OBJECTID_1_": null, "_OBJECTID_": null, "_ID_": null, "sidewalk": null, "motor_vehicle": null, "horse": null, "foot": null, "cycleway": null, "bicycle": null, "access": null, "surface": null, "lit": null, "oneway": null, "name": null }, "geometry": { "type": "LineString", "coordinates": [ [ 77.0035644, 8.5880737 ], [ 77.0037052, 8.5880667 ], [ 77.0039658, 8.5880713 ], [ 77.0041129, 8.588085 ] ] } },
{ "type": "Feature", "properties": { "full_id": "w749990305", "osm_id": "749990305", "osm_type": "way", "highway": "residential", "noexit": null, "cutting": null, "noname": null, "tunnel": null, "ford": null, "wheelchair": null, "id": null, "vehicle": null, "bicycle_road": null, "width": null, "name:en": null, "junction": null, "layer": null, "bridge": null, "maxspeed": null, "lanes": null, "_Shape_Le_1_": null, "_SHAPE_Leng_": null, "_OBJECTID_1_": null, "_OBJECTID_": null, "_ID_": null, "sidewalk": null, "motor_vehicle": null, "horse": null, "foot": null, "cycleway": null, "bicycle": null, "access": null, "surface": "asphalt", "lit": null, "oneway": null, "name": null }, "geometry": { "type": "LineString", "coordinates": [ [ 77.02394, 8.6243261 ], [ 77.0239655, 8.624276 ], [ 77.0241648, 8.62413 ], [ 77.0246556, 8.6239789 ] ] } },
{ "type": "Feature", "properties": { "full_id": "w749991324", "osm_id": "749991324", "osm_type": "way", "highway": "residential", "noexit": null, "cutting": null, "noname": null, "tunnel": null, "ford": null, "wheelchair": null, "id": null, "vehicle": null, "bicycle_road": null, "width": null, "name:en": null, "junction": null, "layer": null, "bridge": null, "maxspeed": null, "lanes": null, "_Shape_Le_1_": null, "_SHAPE_Leng_": null, "_OBJECTID_1_": null, "_OBJECTID_": null, "_ID_": null, "sidewalk": null, "motor_vehicle": null, "horse": null, "foot": null, "cycleway": null, "bicycle": null, "access": null, "surface": null, "lit": null, "oneway": null, "name": null }, "geometry": { "type": "LineString", "coordinates": [ [ 76.9832587, 8.6019299 ], [ 76.983127, 8.602075 ], [ 76.9829862, 8.6021957 ], [ 76.9824886, 8.6017674 ], [ 76.9824176, 8.6017064 ], [ 76.9822633, 8.6016759 ], [ 76.9819077, 8.6017782 ], [ 76.9815788, 8.6018789 ], [ 76.9812587, 8.6019147 ], [ 76.981, 8.6020025 ], [ 76.9808081, 8.6021904 ], [ 76.980662, 8.6026465 ], [ 76.98019, 8.6029128 ], [ 76.979934, 8.602968 ], [ 76.9796185, 8.6030854 ], [ 76.9791076, 8.6032526 ], [ 76.9786944, 8.6034517 ], [ 76.9782578, 8.603812 ], [ 76.9780218, 8.6040382 ], [ 76.9778249, 8.6042174 ], [ 76.9776305, 8.6050072 ], [ 76.9774944, 8.6053251 ], [ 76.9774119, 8.6057855 ], [ 76.9772436, 8.6061883 ], [ 76.9771242, 8.606545 ], [ 76.9771197, 8.6069765 ], [ 76.9772315, 8.6073698 ], [ 76.9772261, 8.6075368 ], [ 76.9771805, 8.6077119 ], [ 76.9768737, 8.6078125 ], [ 76.9763141, 8.6079211 ], [ 76.9755097, 8.6079663 ], [ 76.97534, 8.6080658 ], [ 76.9751563, 8.6081788 ], [ 76.9750045, 8.6082152 ], [ 76.9747759, 8.6082157 ], [ 76.9746646, 8.6083298 ], [ 76.9745922, 8.6084968 ], [ 76.9745707, 8.6087117 ], [ 76.9745761, 8.6089159 ], [ 76.9746029, 8.6090909 ], [ 76.9746995, 8.6093296 ], [ 76.9747451, 8.609425 ], [ 76.9747558, 8.6095576 ], [ 76.9747236, 8.6096664 ], [ 76.9746137, 8.6098202 ], [ 76.9745386, 8.6098998 ], [ 76.9744983, 8.6099979 ], [ 76.9745091, 8.6101756 ], [ 76.9745547, 8.6105893 ], [ 76.9745734, 8.6110003 ], [ 76.974552, 8.6112072 ], [ 76.9744956, 8.6113689 ], [ 76.9743749, 8.6115015 ], [ 76.974155, 8.6116845 ], [ 76.9739351, 8.6118277 ], [ 76.9736025, 8.6120372 ], [ 76.9734281, 8.6121672 ], [ 76.9732887, 8.6122547 ], [ 76.9730768, 8.6123502 ], [ 76.9728756, 8.6124244 ], [ 76.9727817, 8.6124616 ], [ 76.9726744, 8.6125438 ], [ 76.9725054, 8.6126525 ], [ 76.9723311, 8.6127798 ], [ 76.9720978, 8.6129575 ], [ 76.9720139, 8.6130419 ], [ 76.9719422, 8.6131139 ], [ 76.9718295, 8.6132041 ], [ 76.9717088, 8.61335 ], [ 76.9715667, 8.613464 ], [ 76.9714192, 8.6135276 ], [ 76.971332, 8.6135833 ], [ 76.9710758, 8.6136629 ], [ 76.9708854, 8.613704 ], [ 76.9706346, 8.6137451 ], [ 76.9703932, 8.6137915 ], [ 76.9702578, 8.6138269 ], [ 76.9701344, 8.6138591 ], [ 76.9698997, 8.6139652 ], [ 76.9697307, 8.6140514 ], [ 76.9694585, 8.6141867 ], [ 76.9690186, 8.6143418 ] ] } },
{ "type": "Feature", "properties": { "full_id": "w749997145", "osm_id": "749997145", "osm_type": "way", "highway": "residential", "noexit": null, "cutting": null, "noname": null, "tunnel": null, "ford": null, "wheelchair": null, "id": null, "vehicle": null, "bicycle_road": null, "width": null, "name:en": null, "junction": null, "layer": null, "bridge": null, "maxspeed": null, "lanes": null, "_Shape_Le_1_": null, "_SHAPE_Leng_": null, "_OBJECTID_1_": null, "_OBJECTID_": null, "_ID_": null, "sidewalk": null, "motor_vehicle": null, "horse": null, "foot": null, "cycleway": null, "bicycle": null, "access": null, "surface": null, "lit": null, "oneway": null, "name": null }, "geometry": { "type": "LineString", "coordinates": [ [ 77.0194153, 8.6159535 ], [ 77.0191196, 8.6159237 ], [ 77.0186448, 8.615925 ] ] } },
{ "type": "Feature", "properties": { "full_id": "w749997146", "osm_id": "749997146", "osm_type": "way", "highway": "residential", "noexit": null, "cutting": null, "noname": null, "tunnel": null, "ford": null, "wheelchair": null, "id": null, "vehicle": null, "bicycle_road": null, "width": null, "name:en": null, "junction": null, "layer": null, "bridge": null, "maxspeed": null, "lanes": null, "_Shape_Le_1_": null, "_SHAPE_Leng_": null, "_OBJECTID_1_": null, "_OBJECTID_": null, "_ID_": null, "sidewalk": null, "motor_vehicle": null, "horse": null, "foot": null, "cycleway": null, "bicycle": null, "access": null, "surface": null, "lit": null, "oneway": null, "name": null }, "geometry": { "type": "LineString", "coordinates": [ [ 77.0201703, 8.6159761 ], [ 77.0201132, 8.6159734 ], [ 77.0194508, 8.6159582 ], [ 77.0194153, 8.6159535 ], [ 77.0193247, 8.6162207 ], [ 77.0192805, 8.6163984 ] ] } },
{ "type": "Feature", "properties": { "full_id": "w749997533", "osm_id": "749997533", "osm_type": "way", "highway": "residential", "noexit": null, "cutting": null, "noname": null, "tunnel": null, "ford": null, "wheelchair": null, "id": null, "vehicle": null, "bicycle_road": null, "width": null, "name:en": null, "junction": null, "layer": null, "bridge": null, "maxspeed": null, "lanes": null, "_Shape_Le_1_": null, "_SHAPE_Leng_": null, "_OBJECTID_1_": null, "_OBJECTID_": null, "_ID_": null, "sidewalk": null, "motor_vehicle": null, "horse": null, "foot": null, "cycleway": null, "bicycle": null, "access": null, "surface": null, "lit": null, "oneway": null, "name": null }, "geometry": { "type": "LineString", "coordinates": [ [ 76.967896, 8.6160638 ], [ 76.9677257, 8.6159807 ], [ 76.9675809, 8.6159542 ], [ 76.9673985, 8.6160125 ], [ 76.9672376, 8.6159807 ], [ 76.9668621, 8.615811 ], [ 76.9666099, 8.6157632 ], [ 76.9663364, 8.6157632 ], [ 76.9659984, 8.6157579 ], [ 76.9655746, 8.6156757 ], [ 76.9652689, 8.6156519 ], [ 76.9650704, 8.6150949 ], [ 76.9652259, 8.614957 ], [ 76.9653439, 8.6147502 ], [ 76.9653482, 8.6146224 ], [ 76.9651261, 8.6145053 ], [ 76.9649942, 8.6144809 ], [ 76.9648851, 8.6145435 ], [ 76.9646949, 8.6147131 ] ] } },
{ "type": "Feature", "properties": { "full_id": "w871424440", "osm_id": "871424440", "osm_type": "way", "highway": "residential", "noexit": null, "cutting": null, "noname": null, "tunnel": null, "ford": null, "wheelchair": null, "id": null, "vehicle": null, "bicycle_road": null, "width": null, "name:en": null, "junction": null, "layer": null, "bridge": null, "maxspeed": null, "lanes": null, "_Shape_Le_1_": null, "_SHAPE_Leng_": null, "_OBJECTID_1_": null, "_OBJECTID_": null, "_ID_": null, "sidewalk": null, "motor_vehicle": null, "horse": null, "foot": null, "cycleway": null, "bicycle": null, "access": null, "surface": null, "lit": null, "oneway": null, "name": null }, "geometry": { "type": "LineString", "coordinates": [ [ 76.9650855, 8.6194169 ], [ 76.9649998, 8.6193638 ], [ 76.9649225, 8.6193107 ], [ 76.9648495, 8.6192407 ], [ 76.9647466, 8.6191792 ], [ 76.964665, 8.6191304 ], [ 76.9646155, 8.619101 ], [ 76.964547, 8.6190922 ], [ 76.9644397, 8.6191028 ], [ 76.9643002, 8.6191771 ], [ 76.9641414, 8.6192789 ], [ 76.9639891, 8.6193786 ], [ 76.9638432, 8.6194932 ], [ 76.9637209, 8.6195696 ], [ 76.9635599, 8.6196523 ], [ 76.9633904, 8.6197223 ], [ 76.9632188, 8.6198008 ], [ 76.9630621, 8.6198772 ], [ 76.9628626, 8.6199557 ], [ 76.9627231, 8.6200278 ], [ 76.9626115, 8.6200893 ], [ 76.9624699, 8.6201148 ], [ 76.9622639, 8.6200681 ], [ 76.9621244, 8.6200427 ], [ 76.9620837, 8.6200278 ], [ 76.9620472, 8.6200363 ] ] } },
{ "type": "Feature", "properties": { "full_id": "w871425593", "osm_id": "871425593", "osm_type": "way", "highway": "residential", "noexit": null, "cutting": null, "noname": null, "tunnel": null, "ford": null, "wheelchair": null, "id": null, "vehicle": null, "bicycle_road": null, "width": null, "name:en": null, "junction": null, "layer": null, "bridge": null, "maxspeed": null, "lanes": null, "_Shape_Le_1_": null, "_SHAPE_Leng_": null, "_OBJECTID_1_": null, "_OBJECTID_": null, "_ID_": null, "sidewalk": null, "motor_vehicle": null, "horse": null, "foot": null, "cycleway": null, "bicycle": null, "access": null, "surface": null, "lit": null, "oneway": null, "name": null }, "geometry": { "type": "LineString", "coordinates": [ [ 76.9638734, 8.6171755 ], [ 76.9636892, 8.6172955 ], [ 76.9635376, 8.6174096 ], [ 76.9633139, 8.6175809 ], [ 76.9631732, 8.617745 ], [ 76.9631226, 8.6178235 ], [ 76.9630793, 8.6179199 ], [ 76.9630144, 8.6180198 ], [ 76.9628845, 8.6180768 ], [ 76.9627004, 8.6181197 ], [ 76.9625638, 8.6181342 ], [ 76.962497, 8.6181552 ], [ 76.9624636, 8.6182032 ], [ 76.9624454, 8.6182933 ], [ 76.9624576, 8.6185138 ], [ 76.9624712, 8.6186053 ], [ 76.962494, 8.6186938 ], [ 76.9624925, 8.6187868 ], [ 76.9624667, 8.6188843 ], [ 76.9624136, 8.6190208 ], [ 76.9623559, 8.6191873 ], [ 76.9622907, 8.6193779 ], [ 76.9622664, 8.6194664 ], [ 76.96223, 8.6196044 ], [ 76.9621678, 8.6197679 ], [ 76.9621056, 8.6199524 ], [ 76.9620837, 8.6200278 ] ] } },
{ "type": "Feature", "properties": { "full_id": "w871429816", "osm_id": "871429816", "osm_type": "way", "highway": "residential", "noexit": null, "cutting": null, "noname": null, "tunnel": null, "ford": null, "wheelchair": null, "id": null, "vehicle": null, "bicycle_road": null, "width": null, "name:en": null, "junction": null, "layer": null, "bridge": null, "maxspeed": null, "lanes": null, "_Shape_Le_1_": null, "_SHAPE_Leng_": null, "_OBJECTID_1_": null, "_OBJECTID_": null, "_ID_": null, "sidewalk": null, "motor_vehicle": null, "horse": null, "foot": null, "cycleway": null, "bicycle": null, "access": null, "surface": null, "lit": null, "oneway": null, "name": null }, "geometry": { "type": "LineString", "coordinates": [ [ 76.9620472, 8.6200363 ], [ 76.9619839, 8.6200298 ], [ 76.9619298, 8.6200512 ], [ 76.961881, 8.6201457 ], [ 76.9618432, 8.620226 ], [ 76.9617656, 8.6204419 ], [ 76.9616898, 8.6206845 ], [ 76.9616871, 8.620697 ], [ 76.9616555, 8.6208415 ], [ 76.9616266, 8.62092 ], [ 76.961614, 8.6209735 ], [ 76.9614877, 8.6210734 ], [ 76.9613812, 8.6211679 ], [ 76.9612603, 8.621291 ], [ 76.9611467, 8.6213838 ], [ 76.9610853, 8.6214284 ], [ 76.9610583, 8.6214944 ], [ 76.9609536, 8.6217014 ], [ 76.960858, 8.6218512 ], [ 76.9607551, 8.6220207 ], [ 76.9605657, 8.6223115 ], [ 76.960553, 8.6224096 ], [ 76.960713, 8.6228834 ], [ 76.9607921, 8.6230171 ], [ 76.9609197, 8.6231609 ], [ 76.9610141, 8.6231761 ], [ 76.9612821, 8.6231735 ], [ 76.9615755, 8.6231533 ], [ 76.9619149, 8.6231332 ] ] } },
{ "type": "Feature", "properties": { "full_id": "w871430366", "osm_id": "871430366", "osm_type": "way", "highway": "residential", "noexit": null, "cutting": null, "noname": null, "tunnel": null, "ford": null, "wheelchair": null, "id": null, "vehicle": null, "bicycle_road": null, "width": null, "name:en": null, "junction": null, "layer": null, "bridge": null, "maxspeed": null, "lanes": null, "_Shape_Le_1_": null, "_SHAPE_Leng_": null, "_OBJECTID_1_": null, "_OBJECTID_": null, "_ID_": null, "sidewalk": null, "motor_vehicle": null, "horse": null, "foot": null, "cycleway": null, "bicycle": null, "access": null, "surface": null, "lit": null, "oneway": null, "name": null }, "geometry": { "type": "LineString", "coordinates": [ [ 76.9665952, 8.6211898 ], [ 76.9667298, 8.6211202 ], [ 76.9668724, 8.6210572 ], [ 76.9670454, 8.6210122 ], [ 76.9672639, 8.6209567 ], [ 76.967455, 8.6209147 ], [ 76.9675855, 8.6208682 ], [ 76.9677524, 8.6208112 ] ] } },
{ "type": "Feature", "properties": { "full_id": "w875158301", "osm_id": "875158301", "osm_type": "way", "highway": "residential", "noexit": null, "cutting": null, "noname": null, "tunnel": null, "ford": null, "wheelchair": null, "id": null, "vehicle": null, "bicycle_road": null, "width": null, "name:en": null, "junction": null, "layer": null, "bridge": null, "maxspeed": null, "lanes": null, "_Shape_Le_1_": null, "_SHAPE_Leng_": null, "_OBJECTID_1_": null, "_OBJECTID_": null, "_ID_": null, "sidewalk": null, "motor_vehicle": null, "horse": null, "foot": null, "cycleway": null, "bicycle": null, "access": null, "surface": null, "lit": null, "oneway": null, "name": "Melathekkada-Kalluvarambu road" }, "geometry": { "type": "LineString", "coordinates": [ [ 76.9616871, 8.620697 ], [ 76.9617777, 8.6206972 ], [ 76.9619052, 8.6207072 ], [ 76.9620022, 8.6207161 ], [ 76.962126, 8.6207375 ], [ 76.9622918, 8.6207552 ], [ 76.962413, 8.6207539 ], [ 76.9624449, 8.620764 ], [ 76.9624819, 8.6207993 ], [ 76.9625432, 8.6208927 ], [ 76.9625917, 8.6209949 ], [ 76.9625955, 8.6211286 ], [ 76.9625441, 8.6213463 ], [ 76.9625116, 8.6215372 ], [ 76.9624971, 8.6217103 ], [ 76.9625152, 8.6218351 ], [ 76.9625711, 8.6220082 ], [ 76.9626289, 8.6221259 ], [ 76.9627119, 8.6222437 ], [ 76.9627985, 8.6223418 ], [ 76.963033, 8.622522 ], [ 76.963163, 8.6225969 ], [ 76.9631972, 8.6226611 ], [ 76.9632081, 8.622761 ], [ 76.963199, 8.6228502 ], [ 76.9631918, 8.6230072 ], [ 76.9632008, 8.6231 ], [ 76.9632315, 8.6231731 ], [ 76.9633037, 8.6232641 ], [ 76.9634174, 8.623339 ], [ 76.9636086, 8.6235049 ], [ 76.9636718, 8.6235727 ], [ 76.9637981, 8.6236673 ], [ 76.9638504, 8.6236958 ], [ 76.9638631, 8.6237565 ], [ 76.9638793, 8.6239723 ], [ 76.9638793, 8.624074 ], [ 76.9639118, 8.624231 ], [ 76.9639352, 8.6243166 ], [ 76.9639643, 8.624372 ], [ 76.9640523, 8.6243855 ], [ 76.9641646, 8.6243975 ], [ 76.9642283, 8.624435 ], [ 76.9642041, 8.6245415 ], [ 76.9641282, 8.62472 ], [ 76.9639932, 8.6249345 ], [ 76.9639309, 8.625116 ], [ 76.9638915, 8.6252555 ], [ 76.963849, 8.62547 ], [ 76.963805, 8.6257071 ], [ 76.9637716, 8.6257911 ], [ 76.9636327, 8.6258676 ] ] } },
{ "type": "Feature", "properties": { "full_id": "w875162044", "osm_id": "875162044", "osm_type": "way", "highway": "residential", "noexit": null, "cutting": null, "noname": null, "tunnel": null, "ford": null, "wheelchair": null, "id": null, "vehicle": null, "bicycle_road": null, "width": null, "name:en": null, "junction": null, "layer": null, "bridge": null, "maxspeed": null, "lanes": null, "_Shape_Le_1_": null, "_SHAPE_Leng_": null, "_OBJECTID_1_": null, "_OBJECTID_": null, "_ID_": null, "sidewalk": null, "motor_vehicle": null, "horse": null, "foot": null, "cycleway": null, "bicycle": null, "access": null, "surface": null, "lit": null, "oneway": null, "name": "Mancode - Kalluvarambu road" }, "geometry": { "type": "LineString", "coordinates": [ [ 76.9653482, 8.6146224 ], [ 76.9653999, 8.6146008 ], [ 76.9654818, 8.6145453 ], [ 76.9655182, 8.6144838 ], [ 76.9655258, 8.6144148 ], [ 76.9655288, 8.6143698 ], [ 76.9655152, 8.6143068 ], [ 76.9655061, 8.6142183 ], [ 76.965541, 8.6140908 ], [ 76.9656229, 8.6139542 ], [ 76.9656806, 8.6138402 ], [ 76.9657291, 8.6137307 ], [ 76.9657549, 8.6136692 ], [ 76.9658004, 8.6136287 ], [ 76.9658414, 8.6135912 ], [ 76.9658309, 8.613537 ], [ 76.9658312, 8.6134779 ], [ 76.9658487, 8.6134102 ], [ 76.9658384, 8.6133047 ], [ 76.9658444, 8.6132132 ], [ 76.9658505, 8.6131337 ], [ 76.9658626, 8.6130481 ], [ 76.9658748, 8.6129716 ], [ 76.9658763, 8.6128786 ], [ 76.9658869, 8.6127826 ], [ 76.9658844, 8.6127357 ], [ 76.9658793, 8.6126416 ], [ 76.9658869, 8.6125471 ], [ 76.965899, 8.6124841 ], [ 76.9659339, 8.6124586 ], [ 76.9660113, 8.6124031 ], [ 76.9660705, 8.6123746 ], [ 76.9662743, 8.6117326 ], [ 76.9662271, 8.611599 ], [ 76.9661391, 8.6114102 ], [ 76.9661262, 8.6113465 ], [ 76.9661777, 8.6112086 ], [ 76.9662571, 8.6110771 ], [ 76.9664181, 8.6109901 ], [ 76.9666048, 8.6109858 ], [ 76.9668301, 8.6110283 ], [ 76.966976, 8.6109922 ], [ 76.9672077, 8.6108967 ], [ 76.9673665, 8.610797 ], [ 76.9675103, 8.6107016 ], [ 76.9675854, 8.6106994 ], [ 76.967654, 8.6107503 ], [ 76.9677999, 8.6107503 ], [ 76.9679759, 8.6106973 ], [ 76.9681261, 8.61064 ], [ 76.9682987, 8.6105639 ] ] } },
{ "type": "Feature", "properties": { "full_id": "w875165104", "osm_id": "875165104", "osm_type": "way", "highway": "residential", "noexit": null, "cutting": null, "noname": null, "tunnel": null, "ford": null, "wheelchair": null, "id": null, "vehicle": null, "bicycle_road": null, "width": null, "name:en": null, "junction": null, "layer": null, "bridge": null, "maxspeed": null, "lanes": null, "_Shape_Le_1_": null, "_SHAPE_Leng_": null, "_OBJECTID_1_": null, "_OBJECTID_": null, "_ID_": null, "sidewalk": null, "motor_vehicle": null, "horse": null, "foot": null, "cycleway": null, "bicycle": null, "access": null, "surface": null, "lit": null, "oneway": null, "name": "Poovathoor - Narikkal Road" }, "geometry": { "type": "LineString", "coordinates": [ [ 76.9624363, 8.615247 ], [ 76.9624283, 8.6152467 ], [ 76.9622076, 8.6152587 ], [ 76.9620034, 8.6152637 ], [ 76.9618095, 8.6152688 ], [ 76.9615644, 8.6153006 ], [ 76.9610318, 8.6152896 ], [ 76.9607892, 8.6153222 ], [ 76.960618, 8.6154269 ], [ 76.9605984, 8.6155107 ], [ 76.9605674, 8.6155641 ], [ 76.9605005, 8.6155888 ], [ 76.9603725, 8.615604 ], [ 76.9602402, 8.615639 ], [ 76.9601357, 8.6157299 ], [ 76.9600207, 8.6158186 ], [ 76.9597825, 8.6158755 ], [ 76.959606, 8.6160329 ], [ 76.9593975, 8.6160926 ], [ 76.9592545, 8.6161125 ], [ 76.9591123, 8.6161165 ], [ 76.9590306, 8.6161468 ], [ 76.9590179, 8.6161821 ], [ 76.9590204, 8.6162628 ], [ 76.9590638, 8.6163789 ], [ 76.9590766, 8.6165101 ], [ 76.9590638, 8.6165984 ], [ 76.9589975, 8.6167169 ], [ 76.9589235, 8.6168633 ], [ 76.9588597, 8.6169642 ], [ 76.9588112, 8.6170424 ], [ 76.9587423, 8.6170727 ], [ 76.9586555, 8.6170676 ], [ 76.9584808, 8.6170791 ], [ 76.9581761, 8.6171371 ], [ 76.9578866, 8.6172956 ], [ 76.9576665, 8.6173726 ], [ 76.9575359, 8.6174051 ] ] } },
{ "type": "Feature", "properties": { "full_id": "w875166464", "osm_id": "875166464", "osm_type": "way", "highway": "residential", "noexit": null, "cutting": null, "noname": null, "tunnel": null, "ford": null, "wheelchair": null, "id": null, "vehicle": null, "bicycle_road": null, "width": null, "name:en": null, "junction": null, "layer": null, "bridge": null, "maxspeed": null, "lanes": null, "_Shape_Le_1_": null, "_SHAPE_Leng_": null, "_OBJECTID_1_": null, "_OBJECTID_": null, "_ID_": null, "sidewalk": null, "motor_vehicle": null, "horse": null, "foot": null, "cycleway": null, "bicycle": null, "access": null, "surface": null, "lit": null, "oneway": null, "name": null }, "geometry": { "type": "LineString", "coordinates": [ [ 76.9649336, 8.6052034 ], [ 76.964738, 8.6052171 ], [ 76.9646257, 8.6051721 ], [ 76.9645043, 8.6051301 ], [ 76.9642828, 8.6051241 ], [ 76.9641129, 8.6051811 ], [ 76.9639642, 8.6052801 ], [ 76.9638337, 8.6054092 ], [ 76.9636729, 8.6056852 ], [ 76.9635576, 8.6059042 ], [ 76.9634301, 8.6060002 ], [ 76.9629415, 8.6061383 ], [ 76.9627564, 8.6061863 ], [ 76.9626624, 8.6062433 ], [ 76.9626077, 8.6063153 ], [ 76.9626077, 8.6064443 ], [ 76.962717, 8.6067563 ], [ 76.9628444, 8.6070174 ], [ 76.9629385, 8.6071944 ], [ 76.9629992, 8.6073234 ], [ 76.9630508, 8.6073594 ], [ 76.9632055, 8.6073894 ], [ 76.963506, 8.6073834 ], [ 76.9639399, 8.6074134 ], [ 76.9642282, 8.6074674 ], [ 76.9644649, 8.6075394 ], [ 76.9645377, 8.6076625 ], [ 76.964562, 8.6077855 ], [ 76.9644679, 8.6080135 ], [ 76.9643283, 8.6082325 ], [ 76.9642373, 8.6084156 ], [ 76.9641827, 8.6085236 ], [ 76.9640552, 8.6088146 ], [ 76.9640097, 8.6089556 ], [ 76.9639945, 8.6091086 ], [ 76.9640249, 8.6092317 ], [ 76.9640643, 8.6094057 ], [ 76.9640886, 8.6095587 ], [ 76.964114, 8.6096867 ], [ 76.9640884, 8.6098449 ], [ 76.9639862, 8.6099902 ], [ 76.9638899, 8.6102358 ], [ 76.9639179, 8.6105947 ], [ 76.9639378, 8.6107986 ], [ 76.9637833, 8.6109957 ], [ 76.9635603, 8.6112323 ], [ 76.9634499, 8.6113759 ], [ 76.9634003, 8.6114835 ], [ 76.963421, 8.611587 ], [ 76.9635122, 8.6118851 ], [ 76.9635758, 8.6120639 ], [ 76.9636436, 8.6123757 ], [ 76.9634088, 8.6126812 ], [ 76.9633694, 8.6127961 ], [ 76.9633482, 8.6129941 ], [ 76.9634876, 8.6132628 ], [ 76.9636649, 8.6135088 ], [ 76.9638549, 8.6136392 ], [ 76.9640101, 8.6137698 ], [ 76.9638438, 8.613959 ], [ 76.9636695, 8.6142196 ], [ 76.9635437, 8.614425 ], [ 76.9633451, 8.6148012 ] ] } },
{ "type": "Feature", "properties": { "full_id": "w875166786", "osm_id": "875166786", "osm_type": "way", "highway": "residential", "noexit": null, "cutting": null, "noname": null, "tunnel": null, "ford": null, "wheelchair": null, "id": null, "vehicle": null, "bicycle_road": null, "width": null, "name:en": null, "junction": null, "layer": null, "bridge": null, "maxspeed": null, "lanes": null, "_Shape_Le_1_": null, "_SHAPE_Leng_": null, "_OBJECTID_1_": null, "_OBJECTID_": null, "_ID_": null, "sidewalk": null, "motor_vehicle": null, "horse": null, "foot": null, "cycleway": null, "bicycle": null, "access": null, "surface": null, "lit": null, "oneway": null, "name": null }, "geometry": { "type": "LineString", "coordinates": [ [ 76.9640101, 8.6137698 ], [ 76.9641463, 8.613675 ], [ 76.9642365, 8.6136137 ], [ 76.9645035, 8.6135067 ], [ 76.9647453, 8.6134317 ], [ 76.9648933, 8.6134175 ], [ 76.965099, 8.6133996 ], [ 76.9652469, 8.613264 ], [ 76.9653949, 8.6130607 ], [ 76.9655104, 8.6128716 ], [ 76.9656944, 8.6127966 ], [ 76.9658844, 8.6127357 ] ] } },
{ "type": "Feature", "properties": { "full_id": "w878560171", "osm_id": "878560171", "osm_type": "way", "highway": "residential", "noexit": null, "cutting": null, "noname": null, "tunnel": null, "ford": null, "wheelchair": null, "id": null, "vehicle": null, "bicycle_road": null, "width": null, "name:en": null, "junction": null, "layer": null, "bridge": null, "maxspeed": null, "lanes": null, "_Shape_Le_1_": null, "_SHAPE_Leng_": null, "_OBJECTID_1_": null, "_OBJECTID_": null, "_ID_": null, "sidewalk": null, "motor_vehicle": null, "horse": null, "foot": null, "cycleway": null, "bicycle": null, "access": null, "surface": null, "lit": null, "oneway": null, "name": "Poovathoor - Narikkal Road" }, "geometry": { "type": "LineString", "coordinates": [ [ 76.9642928, 8.6149526 ], [ 76.9642458, 8.6149332 ], [ 76.964176, 8.6149572 ], [ 76.9641031, 8.6149812 ], [ 76.9639878, 8.6149572 ], [ 76.9637693, 8.6148672 ], [ 76.9635387, 8.6148162 ], [ 76.9633809, 8.6148012 ], [ 76.9633451, 8.6148012 ], [ 76.9633111, 8.6148012 ], [ 76.9632322, 8.6148912 ], [ 76.9631017, 8.6150622 ], [ 76.9630267, 8.6151117 ], [ 76.9629514, 8.615147 ], [ 76.9628353, 8.6152177 ], [ 76.9626746, 8.6152568 ], [ 76.96251, 8.6152501 ] ] } },
{ "type": "Feature", "properties": { "full_id": "w878560172", "osm_id": "878560172", "osm_type": "way", "highway": "residential", "noexit": null, "cutting": null, "noname": null, "tunnel": null, "ford": null, "wheelchair": null, "id": null, "vehicle": null, "bicycle_road": null, "width": null, "name:en": null, "junction": null, "layer": "1", "bridge": "yes", "maxspeed": null, "lanes": null, "_Shape_Le_1_": null, "_SHAPE_Leng_": null, "_OBJECTID_1_": null, "_OBJECTID_": null, "_ID_": null, "sidewalk": null, "motor_vehicle": null, "horse": null, "foot": null, "cycleway": null, "bicycle": null, "access": null, "surface": null, "lit": null, "oneway": null, "name": "Poovathoor - Narikkal Road" }, "geometry": { "type": "LineString", "coordinates": [ [ 76.96251, 8.6152501 ], [ 76.9624363, 8.615247 ] ] } },
{ "type": "Feature", "properties": { "full_id": "w1218773367", "osm_id": "1218773367", "osm_type": "way", "highway": "residential", "noexit": null, "cutting": null, "noname": null, "tunnel": null, "ford": null, "wheelchair": null, "id": null, "vehicle": null, "bicycle_road": null, "width": null, "name:en": null, "junction": null, "layer": null, "bridge": null, "maxspeed": null, "lanes": null, "_Shape_Le_1_": null, "_SHAPE_Leng_": null, "_OBJECTID_1_": null, "_OBJECTID_": null, "_ID_": null, "sidewalk": null, "motor_vehicle": null, "horse": null, "foot": null, "cycleway": null, "bicycle": null, "access": null, "surface": null, "lit": null, "oneway": null, "name": null }, "geometry": { "type": "LineString", "coordinates": [ [ 76.9966907, 8.5828609 ], [ 76.9961651, 8.5827926 ], [ 76.9958809, 8.5827425 ] ] } },
{ "type": "Feature", "properties": { "full_id": "w883647954", "osm_id": "883647954", "osm_type": "way", "highway": "residential", "noexit": null, "cutting": null, "noname": null, "tunnel": null, "ford": null, "wheelchair": null, "id": null, "vehicle": null, "bicycle_road": null, "width": null, "name:en": null, "junction": null, "layer": null, "bridge": null, "maxspeed": null, "lanes": null, "_Shape_Le_1_": null, "_SHAPE_Leng_": null, "_OBJECTID_1_": null, "_OBJECTID_": null, "_ID_": null, "sidewalk": null, "motor_vehicle": null, "horse": null, "foot": null, "cycleway": null, "bicycle": null, "access": null, "surface": null, "lit": null, "oneway": null, "name": null }, "geometry": { "type": "LineString", "coordinates": [ [ 77.0010978, 8.613936 ], [ 77.0009077, 8.6138767 ], [ 77.0005804, 8.6137119 ], [ 77.0005967, 8.6136315 ], [ 77.0005926, 8.6135591 ], [ 77.0005723, 8.6135129 ], [ 77.0005153, 8.6134707 ], [ 77.0004889, 8.6134426 ], [ 77.0004442, 8.6133682 ], [ 77.0003629, 8.613131 ], [ 77.0002877, 8.6129522 ], [ 77.0001901, 8.6127632 ], [ 76.9999502, 8.6129059 ], [ 76.9996758, 8.6131029 ], [ 76.9996352, 8.6131431 ], [ 76.9997246, 8.6133481 ], [ 76.9997327, 8.6133762 ] ] } },
{ "type": "Feature", "properties": { "full_id": "w1218773585", "osm_id": "1218773585", "osm_type": "way", "highway": "residential", "noexit": null, "cutting": null, "noname": null, "tunnel": null, "ford": null, "wheelchair": null, "id": null, "vehicle": null, "bicycle_road": null, "width": null, "name:en": null, "junction": null, "layer": null, "bridge": null, "maxspeed": null, "lanes": null, "_Shape_Le_1_": null, "_SHAPE_Leng_": null, "_OBJECTID_1_": null, "_OBJECTID_": null, "_ID_": null, "sidewalk": null, "motor_vehicle": null, "horse": null, "foot": null, "cycleway": null, "bicycle": null, "access": null, "surface": null, "lit": null, "oneway": null, "name": null }, "geometry": { "type": "LineString", "coordinates": [ [ 76.997936, 8.5873358 ], [ 76.9978532, 8.5873269 ], [ 76.9976778, 8.5873412 ], [ 76.9974232, 8.5874023 ], [ 76.9966614, 8.5874182 ], [ 76.9965273, 8.5874501 ], [ 76.9956004, 8.5879487 ] ] } },
{ "type": "Feature", "properties": { "full_id": "w883647955", "osm_id": "883647955", "osm_type": "way", "highway": "residential", "noexit": null, "cutting": null, "noname": null, "tunnel": null, "ford": null, "wheelchair": null, "id": null, "vehicle": null, "bicycle_road": null, "width": null, "name:en": null, "junction": null, "layer": null, "bridge": null, "maxspeed": null, "lanes": null, "_Shape_Le_1_": null, "_SHAPE_Leng_": null, "_OBJECTID_1_": null, "_OBJECTID_": null, "_ID_": null, "sidewalk": null, "motor_vehicle": null, "horse": null, "foot": null, "cycleway": null, "bicycle": null, "access": null, "surface": null, "lit": null, "oneway": null, "name": null }, "geometry": { "type": "LineString", "coordinates": [ [ 77.0010978, 8.613936 ], [ 77.0006942, 8.6139329 ], [ 77.0006332, 8.6139329 ] ] } },
{ "type": "Feature", "properties": { "full_id": "w1218773586", "osm_id": "1218773586", "osm_type": "way", "highway": "residential", "noexit": null, "cutting": null, "noname": null, "tunnel": null, "ford": null, "wheelchair": null, "id": null, "vehicle": null, "bicycle_road": null, "width": null, "name:en": null, "junction": null, "layer": null, "bridge": null, "maxspeed": null, "lanes": null, "_Shape_Le_1_": null, "_SHAPE_Leng_": null, "_OBJECTID_1_": null, "_OBJECTID_": null, "_ID_": null, "sidewalk": null, "motor_vehicle": null, "horse": null, "foot": null, "cycleway": null, "bicycle": null, "access": null, "surface": null, "lit": null, "oneway": null, "name": null }, "geometry": { "type": "LineString", "coordinates": [ [ 76.998581, 8.5876718 ], [ 76.9985937, 8.5874889 ] ] } },
{ "type": "Feature", "properties": { "full_id": "w1392261824", "osm_id": "1392261824", "osm_type": "way", "highway": "residential", "noexit": null, "cutting": null, "noname": "yes", "tunnel": null, "ford": null, "wheelchair": null, "id": null, "vehicle": null, "bicycle_road": null, "width": null, "name:en": null, "junction": null, "layer": null, "bridge": null, "maxspeed": null, "lanes": null, "_Shape_Le_1_": null, "_SHAPE_Leng_": null, "_OBJECTID_1_": null, "_OBJECTID_": null, "_ID_": null, "sidewalk": null, "motor_vehicle": null, "horse": null, "foot": null, "cycleway": null, "bicycle": null, "access": null, "surface": null, "lit": null, "oneway": null, "name": null }, "geometry": { "type": "LineString", "coordinates": [ [ 76.9960178, 8.6078542 ], [ 76.9959874, 8.6079395 ], [ 76.9959564, 8.6080424 ], [ 76.9959441, 8.6081244 ], [ 76.9959385, 8.6081966 ], [ 76.9959436, 8.608261 ] ] } },
{ "type": "Feature", "properties": { "full_id": "w754800120", "osm_id": "754800120", "osm_type": "way", "highway": "residential", "noexit": null, "cutting": null, "noname": null, "tunnel": null, "ford": null, "wheelchair": null, "id": null, "vehicle": null, "bicycle_road": null, "width": null, "name:en": null, "junction": null, "layer": null, "bridge": null, "maxspeed": null, "lanes": null, "_Shape_Le_1_": null, "_SHAPE_Leng_": null, "_OBJECTID_1_": null, "_OBJECTID_": null, "_ID_": null, "sidewalk": null, "motor_vehicle": null, "horse": null, "foot": null, "cycleway": null, "bicycle": null, "access": null, "surface": null, "lit": null, "oneway": null, "name": null }, "geometry": { "type": "LineString", "coordinates": [ [ 77.0080668, 8.6196503 ], [ 77.0079213, 8.6196854 ], [ 77.0067975, 8.6200169 ], [ 77.0062932, 8.6199798 ], [ 77.0059097, 8.6202397 ], [ 77.00562, 8.620399 ], [ 77.0051882, 8.6202848 ], [ 77.0047992, 8.6203192 ], [ 77.0045632, 8.6207223 ], [ 77.0042118, 8.6208894 ], [ 77.0036727, 8.6209981 ], [ 77.0034233, 8.6209716 ], [ 77.0028761, 8.6210591 ], [ 77.0025623, 8.6211016 ], [ 77.0022366, 8.6211555 ], [ 77.0021304, 8.6211731 ], [ 77.0020339, 8.6211891 ], [ 77.0018515, 8.6210618 ], [ 77.0017228, 8.6210061 ], [ 77.0013928, 8.6209451 ], [ 77.0011836, 8.6208841 ], [ 77.0009744, 8.6206773 ], [ 77.0006847, 8.6206269 ], [ 77.0001295, 8.6206773 ], [ 76.9995951, 8.6205309 ], [ 76.9994321, 8.6204863 ], [ 76.9988528, 8.6203484 ], [ 76.9984397, 8.6202715 ], [ 76.9981757, 8.620246 ] ] } },
{ "type": "Feature", "properties": { "full_id": "w1218773587", "osm_id": "1218773587", "osm_type": "way", "highway": "residential", "noexit": null, "cutting": null, "noname": null, "tunnel": null, "ford": null, "wheelchair": null, "id": null, "vehicle": null, "bicycle_road": null, "width": null, "name:en": null, "junction": null, "layer": "1", "bridge": "yes", "maxspeed": null, "lanes": null, "_Shape_Le_1_": null, "_SHAPE_Leng_": null, "_OBJECTID_1_": null, "_OBJECTID_": null, "_ID_": null, "sidewalk": null, "motor_vehicle": null, "horse": null, "foot": null, "cycleway": null, "bicycle": null, "access": null, "surface": null, "lit": null, "oneway": null, "name": null }, "geometry": { "type": "LineString", "coordinates": [ [ 76.9985901, 8.587759 ], [ 76.998581, 8.5876718 ] ] } },
{ "type": "Feature", "properties": { "full_id": "w1218773588", "osm_id": "1218773588", "osm_type": "way", "highway": "residential", "noexit": null, "cutting": null, "noname": null, "tunnel": null, "ford": null, "wheelchair": null, "id": null, "vehicle": null, "bicycle_road": null, "width": null, "name:en": null, "junction": null, "layer": null, "bridge": null, "maxspeed": null, "lanes": null, "_Shape_Le_1_": null, "_SHAPE_Leng_": null, "_OBJECTID_1_": null, "_OBJECTID_": null, "_ID_": null, "sidewalk": null, "motor_vehicle": null, "horse": null, "foot": null, "cycleway": null, "bicycle": null, "access": null, "surface": null, "lit": null, "oneway": null, "name": null }, "geometry": { "type": "LineString", "coordinates": [ [ 76.9985908, 8.5877999 ], [ 76.9985901, 8.587759 ] ] } },
{ "type": "Feature", "properties": { "full_id": "w1218773787", "osm_id": "1218773787", "osm_type": "way", "highway": "residential", "noexit": null, "cutting": null, "noname": null, "tunnel": null, "ford": null, "wheelchair": null, "id": null, "vehicle": null, "bicycle_road": null, "width": null, "name:en": null, "junction": null, "layer": null, "bridge": null, "maxspeed": null, "lanes": null, "_Shape_Le_1_": null, "_SHAPE_Leng_": null, "_OBJECTID_1_": null, "_OBJECTID_": null, "_ID_": null, "sidewalk": null, "motor_vehicle": null, "horse": null, "foot": null, "cycleway": null, "bicycle": null, "access": null, "surface": null, "lit": null, "oneway": null, "name": null }, "geometry": { "type": "LineString", "coordinates": [ [ 76.9981158, 8.5895571 ], [ 76.998419, 8.5889514 ], [ 76.998403, 8.588478 ] ] } },
{ "type": "Feature", "properties": { "full_id": "w1218773788", "osm_id": "1218773788", "osm_type": "way", "highway": "residential", "noexit": null, "cutting": null, "noname": null, "tunnel": null, "ford": null, "wheelchair": null, "id": null, "vehicle": null, "bicycle_road": null, "width": null, "name:en": null, "junction": null, "layer": null, "bridge": null, "maxspeed": null, "lanes": null, "_Shape_Le_1_": null, "_SHAPE_Leng_": null, "_OBJECTID_1_": null, "_OBJECTID_": null, "_ID_": null, "sidewalk": null, "motor_vehicle": null, "horse": null, "foot": null, "cycleway": null, "bicycle": null, "access": null, "surface": null, "lit": null, "oneway": null, "name": null }, "geometry": { "type": "LineString", "coordinates": [ [ 76.9983066, 8.5898108 ], [ 76.9980546, 8.5901078 ], [ 76.9976253, 8.590336 ], [ 76.9975199, 8.5904279 ] ] } },
{ "type": "Feature", "properties": { "full_id": "w1414303322", "osm_id": "1414303322", "osm_type": "way", "highway": "residential", "noexit": null, "cutting": null, "noname": null, "tunnel": null, "ford": null, "wheelchair": null, "id": null, "vehicle": null, "bicycle_road": null, "width": null, "name:en": null, "junction": null, "layer": null, "bridge": null, "maxspeed": null, "lanes": null, "_Shape_Le_1_": null, "_SHAPE_Leng_": null, "_OBJECTID_1_": null, "_OBJECTID_": null, "_ID_": null, "sidewalk": null, "motor_vehicle": null, "horse": null, "foot": null, "cycleway": null, "bicycle": null, "access": null, "surface": null, "lit": null, "oneway": null, "name": null }, "geometry": { "type": "LineString", "coordinates": [ [ 77.0314921, 8.6267748 ], [ 77.0316562, 8.6258775 ], [ 77.0318628, 8.6250447 ], [ 77.0316321, 8.6245091 ], [ 77.0315962, 8.6243844 ], [ 77.0316536, 8.6242598 ], [ 77.0319379, 8.6241272 ], [ 77.032249, 8.6235862 ], [ 77.0320452, 8.622849 ], [ 77.0323295, 8.6220375 ], [ 77.0327412, 8.6206127 ] ] } },
{ "type": "Feature", "properties": { "full_id": "w1218773789", "osm_id": "1218773789", "osm_type": "way", "highway": "residential", "noexit": null, "cutting": null, "noname": null, "tunnel": null, "ford": null, "wheelchair": null, "id": null, "vehicle": null, "bicycle_road": null, "width": null, "name:en": null, "junction": null, "layer": null, "bridge": null, "maxspeed": null, "lanes": null, "_Shape_Le_1_": null, "_SHAPE_Leng_": null, "_OBJECTID_1_": null, "_OBJECTID_": null, "_ID_": null, "sidewalk": null, "motor_vehicle": null, "horse": null, "foot": null, "cycleway": null, "bicycle": null, "access": null, "surface": null, "lit": null, "oneway": null, "name": null }, "geometry": { "type": "LineString", "coordinates": [ [ 76.9973938, 8.5906188 ], [ 76.9972699, 8.5907174 ], [ 76.9971316, 8.590702 ], [ 76.996715, 8.5905823 ] ] } },
{ "type": "Feature", "properties": { "full_id": "w1218773790", "osm_id": "1218773790", "osm_type": "way", "highway": "residential", "noexit": null, "cutting": null, "noname": null, "tunnel": null, "ford": null, "wheelchair": null, "id": null, "vehicle": null, "bicycle_road": null, "width": null, "name:en": null, "junction": null, "layer": null, "bridge": null, "maxspeed": null, "lanes": null, "_Shape_Le_1_": null, "_SHAPE_Leng_": null, "_OBJECTID_1_": null, "_OBJECTID_": null, "_ID_": null, "sidewalk": null, "motor_vehicle": null, "horse": null, "foot": null, "cycleway": null, "bicycle": null, "access": null, "surface": null, "lit": null, "oneway": null, "name": null }, "geometry": { "type": "LineString", "coordinates": [ [ 76.9975199, 8.5904279 ], [ 76.997477, 8.5905181 ], [ 76.9974609, 8.5905605 ], [ 76.9974368, 8.590595 ], [ 76.9973938, 8.5906188 ] ] } },
{ "type": "Feature", "properties": { "full_id": "w1218774779", "osm_id": "1218774779", "osm_type": "way", "highway": "residential", "noexit": null, "cutting": null, "noname": null, "tunnel": null, "ford": null, "wheelchair": null, "id": null, "vehicle": null, "bicycle_road": null, "width": null, "name:en": null, "junction": null, "layer": null, "bridge": null, "maxspeed": null, "lanes": null, "_Shape_Le_1_": null, "_SHAPE_Leng_": null, "_OBJECTID_1_": null, "_OBJECTID_": null, "_ID_": null, "sidewalk": null, "motor_vehicle": null, "horse": null, "foot": null, "cycleway": null, "bicycle": null, "access": null, "surface": null, "lit": null, "oneway": null, "name": null }, "geometry": { "type": "LineString", "coordinates": [ [ 76.9921285, 8.5891264 ], [ 76.9921875, 8.589137 ], [ 76.9929492, 8.5890044 ], [ 76.9933677, 8.5890309 ], [ 76.9934638, 8.5890128 ] ] } },
{ "type": "Feature", "properties": { "full_id": "w1218774780", "osm_id": "1218774780", "osm_type": "way", "highway": "residential", "noexit": null, "cutting": null, "noname": null, "tunnel": null, "ford": null, "wheelchair": null, "id": null, "vehicle": null, "bicycle_road": null, "width": null, "name:en": null, "junction": null, "layer": null, "bridge": null, "maxspeed": null, "lanes": null, "_Shape_Le_1_": null, "_SHAPE_Leng_": null, "_OBJECTID_1_": null, "_OBJECTID_": null, "_ID_": null, "sidewalk": null, "motor_vehicle": null, "horse": null, "foot": null, "cycleway": null, "bicycle": null, "access": null, "surface": null, "lit": null, "oneway": null, "name": null }, "geometry": { "type": "LineString", "coordinates": [ [ 76.9892833, 8.589259 ], [ 76.9896874, 8.5889885 ], [ 76.9897732, 8.5889513 ], [ 76.9899234, 8.5889513 ], [ 76.9899664, 8.5889354 ], [ 76.990138, 8.588771 ], [ 76.9905941, 8.5884474 ], [ 76.9907014, 8.5884262 ], [ 76.9913022, 8.5888134 ], [ 76.991431, 8.5888963 ], [ 76.9921285, 8.5891264 ] ] } },
{ "type": "Feature", "properties": { "full_id": "w1218775433", "osm_id": "1218775433", "osm_type": "way", "highway": "residential", "noexit": null, "cutting": null, "noname": null, "tunnel": null, "ford": null, "wheelchair": null, "id": null, "vehicle": null, "bicycle_road": null, "width": null, "name:en": null, "junction": null, "layer": null, "bridge": null, "maxspeed": null, "lanes": null, "_Shape_Le_1_": null, "_SHAPE_Leng_": null, "_OBJECTID_1_": null, "_OBJECTID_": null, "_ID_": null, "sidewalk": null, "motor_vehicle": null, "horse": null, "foot": null, "cycleway": null, "bicycle": null, "access": null, "surface": null, "lit": null, "oneway": null, "name": null }, "geometry": { "type": "LineString", "coordinates": [ [ 76.9866306, 8.5889246 ], [ 76.9865823, 8.5881924 ], [ 76.9865954, 8.5881334 ] ] } },
{ "type": "Feature", "properties": { "full_id": "w888032750", "osm_id": "888032750", "osm_type": "way", "highway": "residential", "noexit": null, "cutting": null, "noname": null, "tunnel": null, "ford": null, "wheelchair": null, "id": null, "vehicle": null, "bicycle_road": null, "width": null, "name:en": null, "junction": null, "layer": null, "bridge": null, "maxspeed": null, "lanes": null, "_Shape_Le_1_": null, "_SHAPE_Leng_": null, "_OBJECTID_1_": null, "_OBJECTID_": null, "_ID_": null, "sidewalk": null, "motor_vehicle": null, "horse": null, "foot": null, "cycleway": null, "bicycle": null, "access": null, "surface": null, "lit": null, "oneway": null, "name": null }, "geometry": { "type": "LineString", "coordinates": [ [ 76.9566362, 8.616805 ], [ 76.9568062, 8.616118 ], [ 76.9569012, 8.6159984 ], [ 76.957134, 8.6158232 ], [ 76.9574274, 8.6156811 ], [ 76.9578936, 8.615446 ], [ 76.9579947, 8.6153056 ], [ 76.9580656, 8.6150911 ], [ 76.9580925, 8.614652 ], [ 76.9580379, 8.6143165 ], [ 76.9579588, 8.6140334 ], [ 76.9579025, 8.6136734 ], [ 76.9579199, 8.6134491 ], [ 76.9578915, 8.6133538 ], [ 76.9578253, 8.6133252 ], [ 76.9576489, 8.6133262 ], [ 76.9575295, 8.6133359 ], [ 76.9571267, 8.6133668 ], [ 76.9568498, 8.6133403 ], [ 76.9566743, 8.6133403 ], [ 76.9565804, 8.6132894 ], [ 76.9565018, 8.6132206 ], [ 76.9563959, 8.613053 ], [ 76.9562446, 8.6128556 ], [ 76.9562143, 8.612682 ], [ 76.9562778, 8.6124487 ], [ 76.9563444, 8.6121794 ], [ 76.9563142, 8.6119909 ], [ 76.9561629, 8.6117396 ], [ 76.9559752, 8.6115242 ], [ 76.9558845, 8.6113177 ], [ 76.9559299, 8.6111801 ], [ 76.9560025, 8.6110664 ], [ 76.9562627, 8.6110275 ], [ 76.9566561, 8.6109603 ], [ 76.9567778, 8.610858 ], [ 76.9567758, 8.610755 ], [ 76.9566197, 8.6105402 ], [ 76.9564923, 8.6104554 ], [ 76.9563323, 8.6104262 ], [ 76.9560388, 8.6103723 ], [ 76.9557876, 8.6103484 ], [ 76.9556999, 8.6102616 ], [ 76.9556908, 8.6100941 ], [ 76.95583, 8.6098996 ], [ 76.9561447, 8.6097021 ], [ 76.9563747, 8.6094299 ], [ 76.9565241, 8.6093644 ], [ 76.9566817, 8.6093966 ], [ 76.957028, 8.6096237 ], [ 76.9572787, 8.6098007 ], [ 76.9574399, 8.6098238 ], [ 76.9577625, 8.6097815 ], [ 76.9579089, 8.6096004 ], [ 76.9579573, 8.6094478 ], [ 76.9579754, 8.6092683 ], [ 76.9578877, 8.6089302 ], [ 76.9578241, 8.6086998 ], [ 76.9576365, 8.6084844 ], [ 76.9574792, 8.6083498 ], [ 76.9574308, 8.6082331 ], [ 76.9573702, 8.607895 ], [ 76.9573551, 8.6076796 ], [ 76.9574277, 8.6073146 ], [ 76.9577031, 8.6069286 ], [ 76.9578727, 8.6066896 ], [ 76.9580074, 8.6064998 ] ] } },
{ "type": "Feature", "properties": { "full_id": "w888032751", "osm_id": "888032751", "osm_type": "way", "highway": "residential", "noexit": null, "cutting": null, "noname": null, "tunnel": null, "ford": null, "wheelchair": null, "id": null, "vehicle": null, "bicycle_road": null, "width": null, "name:en": null, "junction": null, "layer": null, "bridge": null, "maxspeed": null, "lanes": null, "_Shape_Le_1_": null, "_SHAPE_Leng_": null, "_OBJECTID_1_": null, "_OBJECTID_": null, "_ID_": null, "sidewalk": null, "motor_vehicle": null, "horse": null, "foot": null, "cycleway": null, "bicycle": null, "access": null, "surface": null, "lit": null, "oneway": null, "name": null }, "geometry": { "type": "LineString", "coordinates": [ [ 76.9565968, 8.6169514 ], [ 76.956613, 8.6169072 ] ] } },
{ "type": "Feature", "properties": { "full_id": "w888032752", "osm_id": "888032752", "osm_type": "way", "highway": "residential", "noexit": null, "cutting": null, "noname": null, "tunnel": null, "ford": null, "wheelchair": null, "id": null, "vehicle": null, "bicycle_road": null, "width": null, "name:en": null, "junction": null, "layer": "1", "bridge": "yes", "maxspeed": null, "lanes": null, "_Shape_Le_1_": null, "_SHAPE_Leng_": null, "_OBJECTID_1_": null, "_OBJECTID_": null, "_ID_": null, "sidewalk": null, "motor_vehicle": null, "horse": null, "foot": null, "cycleway": null, "bicycle": null, "access": null, "surface": null, "lit": null, "oneway": null, "name": null }, "geometry": { "type": "LineString", "coordinates": [ [ 76.956613, 8.6169072 ], [ 76.9566362, 8.616805 ] ] } },
{ "type": "Feature", "properties": { "full_id": "w746831441", "osm_id": "746831441", "osm_type": "way", "highway": "residential", "noexit": null, "cutting": null, "noname": null, "tunnel": null, "ford": null, "wheelchair": null, "id": null, "vehicle": null, "bicycle_road": null, "width": null, "name:en": null, "junction": null, "layer": null, "bridge": null, "maxspeed": null, "lanes": null, "_Shape_Le_1_": null, "_SHAPE_Leng_": null, "_OBJECTID_1_": null, "_OBJECTID_": null, "_ID_": null, "sidewalk": null, "motor_vehicle": null, "horse": null, "foot": null, "cycleway": null, "bicycle": null, "access": null, "surface": null, "lit": null, "oneway": null, "name": null }, "geometry": { "type": "LineString", "coordinates": [ [ 77.0174633, 8.6265088 ], [ 77.0179287, 8.6266997 ], [ 77.0181124, 8.6267421 ], [ 77.0183524, 8.6267501 ], [ 77.0184417, 8.6268182 ], [ 77.0188098, 8.6270988 ], [ 77.0190686, 8.6272698 ], [ 77.0192268, 8.6273189 ], [ 77.0193207, 8.6273308 ], [ 77.0193596, 8.6273282 ], [ 77.0194387, 8.6272367 ], [ 77.019479, 8.6271545 ], [ 77.0195554, 8.6271531 ], [ 77.019719, 8.6271518 ] ] } },
{ "type": "Feature", "properties": { "full_id": "w959919957", "osm_id": "959919957", "osm_type": "way", "highway": "residential", "noexit": null, "cutting": null, "noname": null, "tunnel": null, "ford": null, "wheelchair": null, "id": null, "vehicle": null, "bicycle_road": null, "width": null, "name:en": null, "junction": null, "layer": null, "bridge": null, "maxspeed": null, "lanes": null, "_Shape_Le_1_": null, "_SHAPE_Leng_": null, "_OBJECTID_1_": null, "_OBJECTID_": null, "_ID_": null, "sidewalk": null, "motor_vehicle": null, "horse": null, "foot": null, "cycleway": null, "bicycle": null, "access": null, "surface": null, "lit": null, "oneway": null, "name": null }, "geometry": { "type": "LineString", "coordinates": [ [ 77.0305699, 8.6382552 ], [ 77.0307737, 8.6380618 ], [ 77.0310098, 8.6380618 ], [ 77.0312072, 8.638083 ], [ 77.031375, 8.6381333 ] ] } },
{ "type": "Feature", "properties": { "full_id": "w746831853", "osm_id": "746831853", "osm_type": "way", "highway": "residential", "noexit": null, "cutting": null, "noname": null, "tunnel": null, "ford": null, "wheelchair": null, "id": null, "vehicle": null, "bicycle_road": null, "width": null, "name:en": null, "junction": null, "layer": null, "bridge": null, "maxspeed": null, "lanes": null, "_Shape_Le_1_": null, "_SHAPE_Leng_": null, "_OBJECTID_1_": null, "_OBJECTID_": null, "_ID_": null, "sidewalk": null, "motor_vehicle": null, "horse": null, "foot": null, "cycleway": null, "bicycle": null, "access": null, "surface": null, "lit": null, "oneway": null, "name": null }, "geometry": { "type": "LineString", "coordinates": [ [ 76.9963629, 8.613772 ], [ 76.9958353, 8.6135992 ], [ 76.9953418, 8.6134295 ], [ 76.9948697, 8.6132704 ], [ 76.9945382, 8.6132304 ], [ 76.9943869, 8.6132121 ], [ 76.9940221, 8.6132969 ], [ 76.9936466, 8.6135886 ], [ 76.993325, 8.6137617 ], [ 76.99274, 8.6140766 ], [ 76.9926435, 8.6140819 ], [ 76.9923431, 8.6142198 ], [ 76.9921446, 8.6143312 ], [ 76.9918925, 8.6143206 ], [ 76.991576, 8.6143842 ], [ 76.9911361, 8.6144373 ], [ 76.9906342, 8.6143959 ], [ 76.9905567, 8.6143895 ], [ 76.9897735, 8.6143789 ], [ 76.9894872, 8.6144274 ], [ 76.9892102, 8.6144744 ], [ 76.988588, 8.6145433 ], [ 76.9882446, 8.6146123 ], [ 76.9879479, 8.6149084 ] ] } },
{ "type": "Feature", "properties": { "full_id": "w959920841", "osm_id": "959920841", "osm_type": "way", "highway": "residential", "noexit": null, "cutting": null, "noname": null, "tunnel": null, "ford": null, "wheelchair": null, "id": null, "vehicle": null, "bicycle_road": null, "width": null, "name:en": null, "junction": null, "layer": null, "bridge": null, "maxspeed": null, "lanes": null, "_Shape_Le_1_": null, "_SHAPE_Leng_": null, "_OBJECTID_1_": null, "_OBJECTID_": null, "_ID_": null, "sidewalk": null, "motor_vehicle": null, "horse": null, "foot": null, "cycleway": null, "bicycle": null, "access": null, "surface": null, "lit": null, "oneway": null, "name": null }, "geometry": { "type": "LineString", "coordinates": [ [ 77.0320024, 8.6399848 ], [ 77.0318918, 8.6400553 ], [ 77.0317233, 8.6401461 ], [ 77.0314886, 8.6402521 ], [ 77.0312487, 8.6404135 ], [ 77.0309425, 8.6407516 ] ] } },
{ "type": "Feature", "properties": { "full_id": "w747179435", "osm_id": "747179435", "osm_type": "way", "highway": "residential", "noexit": null, "cutting": null, "noname": null, "tunnel": null, "ford": null, "wheelchair": null, "id": null, "vehicle": null, "bicycle_road": null, "width": null, "name:en": null, "junction": null, "layer": null, "bridge": null, "maxspeed": null, "lanes": null, "_Shape_Le_1_": null, "_SHAPE_Leng_": null, "_OBJECTID_1_": null, "_OBJECTID_": null, "_ID_": null, "sidewalk": null, "motor_vehicle": null, "horse": null, "foot": null, "cycleway": null, "bicycle": null, "access": null, "surface": null, "lit": null, "oneway": null, "name": null }, "geometry": { "type": "LineString", "coordinates": [ [ 76.9853419, 8.6180417 ], [ 76.9850703, 8.6176938 ], [ 76.9845821, 8.6171356 ], [ 76.9845767, 8.6171091 ], [ 76.9846076, 8.6170866 ], [ 76.9846746, 8.6170521 ], [ 76.9847108, 8.6170176 ], [ 76.9847055, 8.6169871 ], [ 76.9846357, 8.6169208 ], [ 76.9845231, 8.6167776 ], [ 76.9844654, 8.6167126 ], [ 76.984397, 8.6166463 ], [ 76.98433, 8.6166026 ], [ 76.9842334, 8.6165628 ], [ 76.9841127, 8.6165204 ], [ 76.9840349, 8.6164912 ], [ 76.9839142, 8.6164541 ], [ 76.9837788, 8.6163944 ], [ 76.983701, 8.6163374 ], [ 76.9836232, 8.6162804 ], [ 76.9835655, 8.616222 ], [ 76.9835307, 8.6161743 ], [ 76.9834824, 8.6161597 ], [ 76.9834059, 8.616157 ], [ 76.9833074, 8.616165 ], [ 76.9832913, 8.616157 ], [ 76.9832517, 8.6161279 ], [ 76.9832169, 8.6160735 ], [ 76.9831565, 8.6159582 ], [ 76.9830747, 8.6157394 ], [ 76.9830235, 8.6155781 ] ] } },
{ "type": "Feature", "properties": { "full_id": "w747179436", "osm_id": "747179436", "osm_type": "way", "highway": "residential", "noexit": null, "cutting": null, "noname": null, "tunnel": null, "ford": null, "wheelchair": null, "id": null, "vehicle": null, "bicycle_road": null, "width": null, "name:en": null, "junction": null, "layer": null, "bridge": null, "maxspeed": null, "lanes": null, "_Shape_Le_1_": null, "_SHAPE_Leng_": null, "_OBJECTID_1_": null, "_OBJECTID_": null, "_ID_": null, "sidewalk": null, "motor_vehicle": null, "horse": null, "foot": null, "cycleway": null, "bicycle": null, "access": null, "surface": null, "lit": null, "oneway": null, "name": "Chalacheri Rd" }, "geometry": { "type": "LineString", "coordinates": [ [ 76.9876355, 8.6154667 ], [ 76.9874802, 8.6155842 ], [ 76.9874346, 8.6156359 ], [ 76.9873595, 8.615742 ], [ 76.9873233, 8.6158057 ], [ 76.9872697, 8.6159051 ], [ 76.9871865, 8.6160523 ], [ 76.9871503, 8.6161517 ], [ 76.9871195, 8.6162379 ], [ 76.9870538, 8.6164183 ], [ 76.9870108, 8.6165641 ], [ 76.9869572, 8.6166861 ], [ 76.9869237, 8.6167325 ], [ 76.9868284, 8.6168068 ], [ 76.9865844, 8.6169884 ], [ 76.9864409, 8.6171184 ], [ 76.9862974, 8.6172404 ], [ 76.9861713, 8.6173677 ], [ 76.9861029, 8.6174446 ], [ 76.9860533, 8.6174989 ], [ 76.9860023, 8.6175467 ], [ 76.9858219, 8.61767 ], [ 76.9856684, 8.6177747 ], [ 76.9855738, 8.617853 ], [ 76.9854894, 8.6179146 ], [ 76.9853552, 8.6180293 ], [ 76.9853419, 8.6180417 ], [ 76.9852835, 8.6180976 ], [ 76.9851963, 8.6181858 ], [ 76.985081, 8.6182812 ], [ 76.9849107, 8.6184324 ], [ 76.9848087, 8.6184947 ], [ 76.984731, 8.6185464 ], [ 76.9846599, 8.6186127 ], [ 76.984201, 8.6188331 ], [ 76.983885, 8.6193077 ], [ 76.9835153, 8.6198682 ], [ 76.9832934, 8.6201119 ], [ 76.9835276, 8.6204166 ], [ 76.9842271, 8.6210893 ] ] } },
{ "type": "Feature", "properties": { "full_id": "w959921457", "osm_id": "959921457", "osm_type": "way", "highway": "residential", "noexit": null, "cutting": null, "noname": null, "tunnel": null, "ford": null, "wheelchair": null, "id": null, "vehicle": null, "bicycle_road": null, "width": null, "name:en": null, "junction": null, "layer": null, "bridge": null, "maxspeed": null, "lanes": null, "_Shape_Le_1_": null, "_SHAPE_Leng_": null, "_OBJECTID_1_": null, "_OBJECTID_": null, "_ID_": null, "sidewalk": null, "motor_vehicle": null, "horse": null, "foot": null, "cycleway": null, "bicycle": null, "access": null, "surface": null, "lit": null, "oneway": null, "name": null }, "geometry": { "type": "LineString", "coordinates": [ [ 77.0023235, 8.6217396 ], [ 77.0023267, 8.6222609 ], [ 77.0023083, 8.6228226 ], [ 77.0022852, 8.6230544 ], [ 77.0023361, 8.6231556 ], [ 77.0024588, 8.6231678 ], [ 77.002624, 8.6231727 ], [ 77.0026899, 8.6232643 ] ] } },
{ "type": "Feature", "properties": { "full_id": "w747470616", "osm_id": "747470616", "osm_type": "way", "highway": "residential", "noexit": null, "cutting": null, "noname": null, "tunnel": null, "ford": null, "wheelchair": null, "id": null, "vehicle": null, "bicycle_road": null, "width": null, "name:en": null, "junction": null, "layer": null, "bridge": null, "maxspeed": null, "lanes": null, "_Shape_Le_1_": null, "_SHAPE_Leng_": null, "_OBJECTID_1_": null, "_OBJECTID_": null, "_ID_": null, "sidewalk": null, "motor_vehicle": null, "horse": null, "foot": null, "cycleway": null, "bicycle": null, "access": null, "surface": null, "lit": null, "oneway": null, "name": null }, "geometry": { "type": "LineString", "coordinates": [ [ 77.0155925, 8.6013311 ], [ 77.0156085, 8.6014658 ], [ 77.0155909, 8.6016363 ], [ 77.0155814, 8.6017276 ], [ 77.015428, 8.6017187 ], [ 77.0153587, 8.6017365 ], [ 77.0152655, 8.601799 ], [ 77.0150398, 8.602037 ] ] } },
{ "type": "Feature", "properties": { "full_id": "w747471681", "osm_id": "747471681", "osm_type": "way", "highway": "residential", "noexit": null, "cutting": null, "noname": null, "tunnel": null, "ford": null, "wheelchair": null, "id": null, "vehicle": null, "bicycle_road": null, "width": null, "name:en": null, "junction": null, "layer": null, "bridge": null, "maxspeed": null, "lanes": null, "_Shape_Le_1_": null, "_SHAPE_Leng_": null, "_OBJECTID_1_": null, "_OBJECTID_": null, "_ID_": null, "sidewalk": null, "motor_vehicle": null, "horse": null, "foot": null, "cycleway": null, "bicycle": null, "access": null, "surface": null, "lit": null, "oneway": null, "name": null }, "geometry": { "type": "LineString", "coordinates": [ [ 77.0031011, 8.5919872 ], [ 77.0029604, 8.5920211 ], [ 77.0028669, 8.5920545 ], [ 77.002698, 8.592206 ], [ 77.0025889, 8.5922985 ], [ 77.0025448, 8.5923756 ], [ 77.0025006, 8.5926505 ], [ 77.0024668, 8.5928945 ], [ 77.0024434, 8.592969 ], [ 77.0023863, 8.5930229 ], [ 77.0021654, 8.5930641 ], [ 77.0019498, 8.5930743 ], [ 77.0013185, 8.5932259 ], [ 77.0009444, 8.593249 ], [ 77.0003988, 8.5932079 ], [ 77.0001624, 8.5931976 ], [ 77.0000844, 8.5932028 ], [ 76.9999883, 8.5932567 ], [ 76.9998038, 8.59338 ], [ 76.9996921, 8.5935419 ], [ 76.9995206, 8.5939349 ], [ 76.9993232, 8.594292 ], [ 76.9990946, 8.594649 ], [ 76.9990686, 8.5947111 ], [ 76.9990322, 8.594798 ], [ 76.9989673, 8.5949624 ], [ 76.9988841, 8.5950729 ], [ 76.998736, 8.595168 ], [ 76.9985931, 8.5951988 ], [ 76.9985204, 8.5952373 ], [ 76.9984658, 8.5953092 ], [ 76.9983749, 8.5956021 ], [ 76.9983203, 8.5960465 ], [ 76.998271, 8.5961826 ], [ 76.998206, 8.5962957 ], [ 76.9981141, 8.59639 ], [ 76.9980683, 8.596437 ], [ 76.9980297, 8.5964782 ], [ 76.9980034, 8.5965063 ], [ 76.9979177, 8.5966142 ], [ 76.9977488, 8.5968557 ], [ 76.997676, 8.5969918 ], [ 76.9976708, 8.5970972 ], [ 76.9976812, 8.5972539 ], [ 76.9976916, 8.5975698 ], [ 76.9976527, 8.5978421 ], [ 76.9976553, 8.5980707 ], [ 76.9976656, 8.5982711 ], [ 76.9976604, 8.5983636 ], [ 76.9976401, 8.5984013 ], [ 76.9974838, 8.5986924 ], [ 76.9972408, 8.599143 ], [ 76.997182, 8.5991967 ], [ 76.9970992, 8.5992274 ], [ 76.9968125, 8.5992323 ], [ 76.9965741, 8.5992222 ], [ 76.9964136, 8.5992327 ], [ 76.9962892, 8.5992162 ], [ 76.9961279, 8.599193 ], [ 76.9960259, 8.5992072 ], [ 76.9959687, 8.5992462 ], [ 76.9959148, 8.5993242 ], [ 76.9958731, 8.5994266 ], [ 76.9958538, 8.5995694 ], [ 76.9958955, 8.5998697 ], [ 76.9959119, 8.6000139 ], [ 76.995906, 8.6001127 ], [ 76.9958613, 8.6002045 ] ] } },
{ "type": "Feature", "properties": { "full_id": "w747471682", "osm_id": "747471682", "osm_type": "way", "highway": "residential", "noexit": null, "cutting": null, "noname": null, "tunnel": null, "ford": null, "wheelchair": null, "id": null, "vehicle": null, "bicycle_road": null, "width": null, "name:en": null, "junction": null, "layer": null, "bridge": null, "maxspeed": null, "lanes": null, "_Shape_Le_1_": null, "_SHAPE_Leng_": null, "_OBJECTID_1_": null, "_OBJECTID_": null, "_ID_": null, "sidewalk": null, "motor_vehicle": null, "horse": null, "foot": null, "cycleway": null, "bicycle": null, "access": null, "surface": null, "lit": null, "oneway": null, "name": null }, "geometry": { "type": "LineString", "coordinates": [ [ 76.9981141, 8.59639 ], [ 76.9981671, 8.5966271 ], [ 76.9981853, 8.596699 ], [ 76.9982112, 8.5967401 ], [ 76.9982996, 8.596794 ], [ 76.9984451, 8.5968788 ], [ 76.9987075, 8.5970252 ], [ 76.9987464, 8.5970638 ], [ 76.9987464, 8.5971126 ], [ 76.998775, 8.5971922 ], [ 76.9989439, 8.59739 ], [ 76.9989828, 8.5974285 ], [ 76.999001, 8.5974825 ], [ 76.9989854, 8.5976084 ], [ 76.9989361, 8.5977625 ], [ 76.9989049, 8.5981273 ], [ 76.9988764, 8.5985235 ], [ 76.9988737, 8.5985614 ], [ 76.9988789, 8.5987412 ], [ 76.9989049, 8.5988774 ], [ 76.9989023, 8.5990392 ], [ 76.9988607, 8.5991342 ], [ 76.9987542, 8.5992678 ], [ 76.9986867, 8.599368 ], [ 76.9986747, 8.5994323 ] ] } },
{ "type": "Feature", "properties": { "full_id": "w748015905", "osm_id": "748015905", "osm_type": "way", "highway": "residential", "noexit": null, "cutting": null, "noname": null, "tunnel": null, "ford": null, "wheelchair": null, "id": null, "vehicle": null, "bicycle_road": null, "width": null, "name:en": null, "junction": null, "layer": null, "bridge": null, "maxspeed": null, "lanes": null, "_Shape_Le_1_": null, "_SHAPE_Leng_": null, "_OBJECTID_1_": null, "_OBJECTID_": null, "_ID_": null, "sidewalk": null, "motor_vehicle": null, "horse": null, "foot": null, "cycleway": null, "bicycle": null, "access": null, "surface": null, "lit": null, "oneway": null, "name": null }, "geometry": { "type": "LineString", "coordinates": [ [ 76.9995601, 8.5991311 ], [ 76.9995973, 8.5988922 ], [ 76.9996551, 8.598733 ], [ 76.9996964, 8.5986228 ], [ 76.9997996, 8.5985004 ], [ 76.9999812, 8.5982882 ], [ 77.0000968, 8.5981412 ], [ 77.0002165, 8.598031 ], [ 77.0003651, 8.5979576 ], [ 77.0004931, 8.5979371 ], [ 77.0006004, 8.5979535 ], [ 77.0007697, 8.5980229 ], [ 77.0008935, 8.5980392 ], [ 77.0010215, 8.5979698 ], [ 77.0012706, 8.5977471 ], [ 77.0015258, 8.5976786 ], [ 77.0017877, 8.5975422 ], [ 77.0019177, 8.5975348 ] ] } },
{ "type": "Feature", "properties": { "full_id": "w749683592", "osm_id": "749683592", "osm_type": "way", "highway": "residential", "noexit": null, "cutting": null, "noname": null, "tunnel": null, "ford": null, "wheelchair": null, "id": null, "vehicle": null, "bicycle_road": null, "width": null, "name:en": null, "junction": null, "layer": null, "bridge": null, "maxspeed": null, "lanes": null, "_Shape_Le_1_": null, "_SHAPE_Leng_": null, "_OBJECTID_1_": null, "_OBJECTID_": null, "_ID_": null, "sidewalk": null, "motor_vehicle": null, "horse": null, "foot": null, "cycleway": null, "bicycle": null, "access": null, "surface": null, "lit": null, "oneway": null, "name": null }, "geometry": { "type": "LineString", "coordinates": [ [ 77.0059811, 8.6137032 ], [ 77.0056924, 8.6136921 ], [ 77.0056576, 8.6135356 ], [ 77.0055744, 8.613411 ], [ 77.0054483, 8.6133261 ], [ 77.0051989, 8.6131617 ], [ 77.0050943, 8.6130503 ], [ 77.0050353, 8.6126923 ], [ 77.0048529, 8.6126764 ], [ 77.004692, 8.612687 ], [ 77.0043674, 8.6126896 ], [ 77.0043299, 8.6124801 ], [ 77.0043245, 8.6123581 ], [ 77.004303, 8.6122308 ], [ 77.0041799, 8.6118155 ] ] } },
{ "type": "Feature", "properties": { "full_id": "w749683652", "osm_id": "749683652", "osm_type": "way", "highway": "residential", "noexit": null, "cutting": null, "noname": null, "tunnel": null, "ford": null, "wheelchair": null, "id": null, "vehicle": null, "bicycle_road": null, "width": null, "name:en": null, "junction": null, "layer": null, "bridge": null, "maxspeed": null, "lanes": null, "_Shape_Le_1_": null, "_SHAPE_Leng_": null, "_OBJECTID_1_": null, "_OBJECTID_": null, "_ID_": null, "sidewalk": null, "motor_vehicle": null, "horse": null, "foot": null, "cycleway": null, "bicycle": null, "access": null, "surface": null, "lit": null, "oneway": null, "name": null }, "geometry": { "type": "LineString", "coordinates": [ [ 77.0316613, 8.6344962 ], [ 77.0323053, 8.6347069 ], [ 77.0323496, 8.6347076 ], [ 77.032363, 8.6346943 ], [ 77.0323656, 8.6346684 ], [ 77.0323777, 8.6337788 ] ] } },
{ "type": "Feature", "properties": { "full_id": "w749695123", "osm_id": "749695123", "osm_type": "way", "highway": "residential", "noexit": null, "cutting": null, "noname": null, "tunnel": null, "ford": null, "wheelchair": null, "id": null, "vehicle": null, "bicycle_road": null, "width": null, "name:en": null, "junction": null, "layer": null, "bridge": null, "maxspeed": null, "lanes": null, "_Shape_Le_1_": null, "_SHAPE_Leng_": null, "_OBJECTID_1_": null, "_OBJECTID_": null, "_ID_": null, "sidewalk": null, "motor_vehicle": null, "horse": null, "foot": null, "cycleway": null, "bicycle": null, "access": null, "surface": null, "lit": null, "oneway": null, "name": null }, "geometry": { "type": "LineString", "coordinates": [ [ 77.0057818, 8.6011472 ], [ 77.0058869, 8.6011017 ], [ 77.0063335, 8.6010288 ], [ 77.0063724, 8.6012104 ], [ 77.0067962, 8.6012873 ] ] } },
{ "type": "Feature", "properties": { "full_id": "w744268338", "osm_id": "744268338", "osm_type": "way", "highway": "residential", "noexit": null, "cutting": null, "noname": null, "tunnel": null, "ford": null, "wheelchair": null, "id": null, "vehicle": null, "bicycle_road": null, "width": null, "name:en": null, "junction": null, "layer": null, "bridge": null, "maxspeed": null, "lanes": null, "_Shape_Le_1_": null, "_SHAPE_Leng_": null, "_OBJECTID_1_": null, "_OBJECTID_": null, "_ID_": null, "sidewalk": null, "motor_vehicle": null, "horse": null, "foot": null, "cycleway": null, "bicycle": null, "access": null, "surface": null, "lit": null, "oneway": null, "name": null }, "geometry": { "type": "LineString", "coordinates": [ [ 76.9978185, 8.6141934 ], [ 76.9978952, 8.6142145 ], [ 76.9981897, 8.6142499 ], [ 76.9982707, 8.6142596 ], [ 76.9984719, 8.6142941 ], [ 76.9986355, 8.6144028 ], [ 76.9988823, 8.6146202 ], [ 76.9990942, 8.6146865 ], [ 76.9991096, 8.6146882 ], [ 76.9992149, 8.6146998 ], [ 76.9993329, 8.6146547 ], [ 76.999526, 8.6146441 ], [ 76.9997996, 8.6146441 ], [ 77.0003977, 8.6146017 ], [ 77.0008054, 8.6145725 ], [ 77.0010951, 8.6144372 ] ] } },
{ "type": "Feature", "properties": { "full_id": "w744796687", "osm_id": "744796687", "osm_type": "way", "highway": "residential", "noexit": null, "cutting": null, "noname": null, "tunnel": null, "ford": null, "wheelchair": null, "id": null, "vehicle": null, "bicycle_road": null, "width": null, "name:en": null, "junction": null, "layer": null, "bridge": null, "maxspeed": null, "lanes": null, "_Shape_Le_1_": null, "_SHAPE_Leng_": null, "_OBJECTID_1_": null, "_OBJECTID_": null, "_ID_": null, "sidewalk": null, "motor_vehicle": null, "horse": null, "foot": null, "cycleway": null, "bicycle": null, "access": null, "surface": null, "lit": null, "oneway": null, "name": null }, "geometry": { "type": "LineString", "coordinates": [ [ 77.0019203, 8.6127048 ], [ 77.0019266, 8.61287 ], [ 77.0018005, 8.6132028 ], [ 77.0018689, 8.6132731 ], [ 77.0020299, 8.6135436 ], [ 77.0021626, 8.6136828 ], [ 77.0024469, 8.613761 ], [ 77.0026414, 8.6137623 ], [ 77.0026843, 8.6137504 ] ] } },
{ "type": "Feature", "properties": { "full_id": "w744797401", "osm_id": "744797401", "osm_type": "way", "highway": "residential", "noexit": null, "cutting": null, "noname": null, "tunnel": null, "ford": null, "wheelchair": null, "id": null, "vehicle": null, "bicycle_road": null, "width": null, "name:en": null, "junction": null, "layer": null, "bridge": null, "maxspeed": null, "lanes": null, "_Shape_Le_1_": null, "_SHAPE_Leng_": null, "_OBJECTID_1_": null, "_OBJECTID_": null, "_ID_": null, "sidewalk": null, "motor_vehicle": null, "horse": null, "foot": null, "cycleway": null, "bicycle": null, "access": null, "surface": null, "lit": null, "oneway": null, "name": null }, "geometry": { "type": "LineString", "coordinates": [ [ 77.022471, 8.6261096 ], [ 77.0226359, 8.6265353 ], [ 77.0231268, 8.6271107 ], [ 77.0236096, 8.6275138 ], [ 77.0238054, 8.627779 ], [ 77.0238456, 8.627726 ], [ 77.0239277, 8.6277089 ], [ 77.0243311, 8.6276252 ], [ 77.0246181, 8.6275881 ], [ 77.0248568, 8.6275576 ], [ 77.0250164, 8.6275549 ], [ 77.0253465, 8.6275442 ], [ 77.0254715, 8.6275311 ] ] } },
{ "type": "Feature", "properties": { "full_id": "w827088807", "osm_id": "827088807", "osm_type": "way", "highway": "residential", "noexit": null, "cutting": null, "noname": null, "tunnel": null, "ford": null, "wheelchair": null, "id": null, "vehicle": null, "bicycle_road": null, "width": null, "name:en": null, "junction": null, "layer": null, "bridge": null, "maxspeed": null, "lanes": null, "_Shape_Le_1_": null, "_SHAPE_Leng_": null, "_OBJECTID_1_": null, "_OBJECTID_": null, "_ID_": null, "sidewalk": null, "motor_vehicle": null, "horse": null, "foot": null, "cycleway": null, "bicycle": null, "access": null, "surface": null, "lit": null, "oneway": null, "name": null }, "geometry": { "type": "LineString", "coordinates": [ [ 76.9831589, 8.605608 ], [ 76.983042, 8.6054246 ], [ 76.982899, 8.6051504 ], [ 76.9828561, 8.6049582 ], [ 76.9828476, 8.6046728 ], [ 76.9828447, 8.6044636 ], [ 76.9828419, 8.6044269 ], [ 76.9821701, 8.6044099 ], [ 76.9818728, 8.6043986 ], [ 76.9814755, 8.6043704 ] ] } },
{ "type": "Feature", "properties": { "full_id": "w744797402", "osm_id": "744797402", "osm_type": "way", "highway": "residential", "noexit": null, "cutting": null, "noname": null, "tunnel": null, "ford": null, "wheelchair": null, "id": null, "vehicle": null, "bicycle_road": null, "width": null, "name:en": null, "junction": null, "layer": null, "bridge": null, "maxspeed": null, "lanes": null, "_Shape_Le_1_": null, "_SHAPE_Leng_": null, "_OBJECTID_1_": null, "_OBJECTID_": null, "_ID_": null, "sidewalk": null, "motor_vehicle": null, "horse": null, "foot": null, "cycleway": null, "bicycle": null, "access": null, "surface": null, "lit": null, "oneway": null, "name": null }, "geometry": { "type": "LineString", "coordinates": [ [ 77.0219171, 8.6234697 ], [ 77.0218769, 8.6237137 ], [ 77.021842, 8.6239603 ], [ 77.0218407, 8.6241101 ], [ 77.0218085, 8.6244164 ], [ 77.0218085, 8.6244535 ], [ 77.0218943, 8.6245503 ], [ 77.0219104, 8.6248328 ], [ 77.0219547, 8.6251139 ], [ 77.0221598, 8.6253221 ], [ 77.0222443, 8.6254891 ], [ 77.0223395, 8.6257278 ], [ 77.0224214, 8.6259134 ], [ 77.022471, 8.6261096 ], [ 77.0222081, 8.6260075 ], [ 77.0220231, 8.6260606 ], [ 77.0218527, 8.6261773 ], [ 77.0216288, 8.626457 ], [ 77.0213096, 8.6267567 ], [ 77.0208938, 8.6269821 ], [ 77.0207235, 8.6271697 ], [ 77.0205022, 8.6272354 ], [ 77.0204044, 8.6272513 ], [ 77.0202112, 8.6272341 ], [ 77.0198854, 8.6271837 ], [ 77.019719, 8.6271518 ] ] } },
{ "type": "Feature", "properties": { "full_id": "w829269748", "osm_id": "829269748", "osm_type": "way", "highway": "residential", "noexit": null, "cutting": null, "noname": null, "tunnel": null, "ford": null, "wheelchair": null, "id": null, "vehicle": null, "bicycle_road": null, "width": null, "name:en": null, "junction": null, "layer": "1", "bridge": "yes", "maxspeed": null, "lanes": null, "_Shape_Le_1_": null, "_SHAPE_Leng_": null, "_OBJECTID_1_": null, "_OBJECTID_": null, "_ID_": null, "sidewalk": null, "motor_vehicle": null, "horse": null, "foot": null, "cycleway": null, "bicycle": null, "access": null, "surface": null, "lit": null, "oneway": null, "name": null }, "geometry": { "type": "LineString", "coordinates": [ [ 76.9907432, 8.6023417 ], [ 76.990824, 8.602417 ] ] } },
{ "type": "Feature", "properties": { "full_id": "w829269749", "osm_id": "829269749", "osm_type": "way", "highway": "residential", "noexit": null, "cutting": null, "noname": null, "tunnel": null, "ford": null, "wheelchair": null, "id": null, "vehicle": null, "bicycle_road": null, "width": null, "name:en": null, "junction": null, "layer": null, "bridge": null, "maxspeed": null, "lanes": null, "_Shape_Le_1_": null, "_SHAPE_Leng_": null, "_OBJECTID_1_": null, "_OBJECTID_": null, "_ID_": null, "sidewalk": null, "motor_vehicle": null, "horse": null, "foot": null, "cycleway": null, "bicycle": null, "access": null, "surface": null, "lit": null, "oneway": null, "name": null }, "geometry": { "type": "LineString", "coordinates": [ [ 76.990824, 8.602417 ], [ 76.9910474, 8.6026252 ] ] } },
{ "type": "Feature", "properties": { "full_id": "w829269750", "osm_id": "829269750", "osm_type": "way", "highway": "residential", "noexit": null, "cutting": null, "noname": null, "tunnel": null, "ford": null, "wheelchair": null, "id": null, "vehicle": null, "bicycle_road": null, "width": null, "name:en": null, "junction": null, "layer": "1", "bridge": "yes", "maxspeed": null, "lanes": null, "_Shape_Le_1_": null, "_SHAPE_Leng_": null, "_OBJECTID_1_": null, "_OBJECTID_": null, "_ID_": null, "sidewalk": null, "motor_vehicle": null, "horse": null, "foot": null, "cycleway": null, "bicycle": null, "access": null, "surface": null, "lit": null, "oneway": null, "name": null }, "geometry": { "type": "LineString", "coordinates": [ [ 76.9910524, 8.6021084 ], [ 76.9911309, 8.6022026 ] ] } },
{ "type": "Feature", "properties": { "full_id": "w829269751", "osm_id": "829269751", "osm_type": "way", "highway": "residential", "noexit": null, "cutting": null, "noname": null, "tunnel": null, "ford": null, "wheelchair": null, "id": null, "vehicle": null, "bicycle_road": null, "width": null, "name:en": null, "junction": null, "layer": null, "bridge": null, "maxspeed": null, "lanes": null, "_Shape_Le_1_": null, "_SHAPE_Leng_": null, "_OBJECTID_1_": null, "_OBJECTID_": null, "_ID_": null, "sidewalk": null, "motor_vehicle": null, "horse": null, "foot": null, "cycleway": null, "bicycle": null, "access": null, "surface": null, "lit": null, "oneway": null, "name": null }, "geometry": { "type": "LineString", "coordinates": [ [ 76.9911309, 8.6022026 ], [ 76.991381, 8.6025023 ] ] } },
{ "type": "Feature", "properties": { "full_id": "w745184907", "osm_id": "745184907", "osm_type": "way", "highway": "residential", "noexit": null, "cutting": null, "noname": null, "tunnel": null, "ford": null, "wheelchair": null, "id": null, "vehicle": null, "bicycle_road": null, "width": null, "name:en": null, "junction": null, "layer": null, "bridge": null, "maxspeed": null, "lanes": null, "_Shape_Le_1_": null, "_SHAPE_Leng_": null, "_OBJECTID_1_": null, "_OBJECTID_": null, "_ID_": null, "sidewalk": null, "motor_vehicle": null, "horse": null, "foot": null, "cycleway": null, "bicycle": null, "access": null, "surface": null, "lit": null, "oneway": null, "name": null }, "geometry": { "type": "LineString", "coordinates": [ [ 77.0263553, 8.6295358 ], [ 77.0262275, 8.6295504 ], [ 77.0261443, 8.6295637 ], [ 77.0261204, 8.6296962 ], [ 77.0260667, 8.6298659 ], [ 77.0258602, 8.630513 ], [ 77.0256805, 8.6309638 ], [ 77.0256268, 8.631107 ], [ 77.0254356, 8.6314561 ], [ 77.0252808, 8.6316798 ], [ 77.0250985, 8.631945 ], [ 77.0248276, 8.6325231 ], [ 77.0246586, 8.6327246 ], [ 77.0245432, 8.6329155 ], [ 77.0244011, 8.6331807 ], [ 77.0242911, 8.6335122 ], [ 77.024106, 8.6337084 ], [ 77.0239505, 8.6337986 ], [ 77.0238405, 8.633849 ], [ 77.0237225, 8.6339895 ], [ 77.023642, 8.6341911 ], [ 77.0235964, 8.6342998 ], [ 77.0234999, 8.6343899 ], [ 77.0233979, 8.6344615 ], [ 77.023288, 8.6345225 ], [ 77.0232424, 8.6346021 ], [ 77.0232129, 8.6348142 ], [ 77.0231378, 8.6351165 ], [ 77.0230224, 8.6353817 ], [ 77.0229366, 8.6355673 ], [ 77.0226838, 8.6358012 ], [ 77.0225481, 8.6359705 ], [ 77.0225289, 8.6360328 ], [ 77.0224868, 8.6361691 ], [ 77.0225034, 8.6364528 ], [ 77.0222412, 8.6368432 ], [ 77.0221878, 8.636954 ], [ 77.0222168, 8.6370656 ] ] } },
{ "type": "Feature", "properties": { "full_id": "w871418525", "osm_id": "871418525", "osm_type": "way", "highway": "residential", "noexit": null, "cutting": null, "noname": null, "tunnel": null, "ford": null, "wheelchair": null, "id": null, "vehicle": null, "bicycle_road": null, "width": null, "name:en": null, "junction": null, "layer": null, "bridge": null, "maxspeed": null, "lanes": null, "_Shape_Le_1_": null, "_SHAPE_Leng_": null, "_OBJECTID_1_": null, "_OBJECTID_": null, "_ID_": null, "sidewalk": null, "motor_vehicle": null, "horse": null, "foot": null, "cycleway": null, "bicycle": null, "access": null, "surface": null, "lit": null, "oneway": null, "name": null }, "geometry": { "type": "LineString", "coordinates": [ [ 76.9658498, 8.6203668 ], [ 76.9657764, 8.6203687 ], [ 76.9655898, 8.6203657 ], [ 76.9654957, 8.6203507 ], [ 76.965394, 8.6203192 ], [ 76.9652711, 8.6202862 ], [ 76.9652104, 8.6202517 ], [ 76.9651493, 8.6201914 ], [ 76.9651136, 8.6200855 ], [ 76.9650855, 8.6199694 ], [ 76.9650804, 8.6198735 ], [ 76.9650728, 8.6197903 ], [ 76.9650728, 8.619649 ], [ 76.9650855, 8.6194169 ], [ 76.965111, 8.6193387 ], [ 76.965208, 8.6191696 ], [ 76.9652641, 8.6190157 ], [ 76.9653534, 8.6188063 ], [ 76.9654249, 8.6186323 ], [ 76.9654938, 8.6185162 ], [ 76.9655244, 8.6183472 ], [ 76.9656163, 8.6182286 ], [ 76.9656826, 8.6181428 ], [ 76.9656673, 8.6180898 ], [ 76.9655678, 8.617999 ], [ 76.9654606, 8.6178981 ], [ 76.9653101, 8.6177871 ], [ 76.9651391, 8.6176685 ], [ 76.9649503, 8.6175297 ], [ 76.9647359, 8.6174465 ], [ 76.9646032, 8.6174036 ], [ 76.9645752, 8.6173556 ], [ 76.9646007, 8.6173077 ], [ 76.9646849, 8.617179 ], [ 76.9647487, 8.6169822 ], [ 76.964764, 8.6168662 ], [ 76.9647895, 8.6166997 ], [ 76.9648788, 8.616465 ], [ 76.9650294, 8.6162001 ], [ 76.9651263, 8.6159554 ], [ 76.9652361, 8.6157182 ], [ 76.9652689, 8.6156519 ] ] } },
{ "type": "Feature", "properties": { "full_id": "w829269752", "osm_id": "829269752", "osm_type": "way", "highway": "residential", "noexit": null, "cutting": null, "noname": null, "tunnel": null, "ford": null, "wheelchair": null, "id": null, "vehicle": null, "bicycle_road": null, "width": null, "name:en": null, "junction": null, "layer": "1", "bridge": "yes", "maxspeed": null, "lanes": null, "_Shape_Le_1_": null, "_SHAPE_Leng_": null, "_OBJECTID_1_": null, "_OBJECTID_": null, "_ID_": null, "sidewalk": null, "motor_vehicle": null, "horse": null, "foot": null, "cycleway": null, "bicycle": null, "access": null, "surface": "paved", "lit": null, "oneway": "no", "name": "Parking Area Road" }, "geometry": { "type": "LineString", "coordinates": [ [ 76.9928154, 8.6016408 ], [ 76.9928081, 8.6017612 ] ] } },
{ "type": "Feature", "properties": { "full_id": "w829269753", "osm_id": "829269753", "osm_type": "way", "highway": "residential", "noexit": null, "cutting": null, "noname": null, "tunnel": null, "ford": null, "wheelchair": null, "id": null, "vehicle": null, "bicycle_road": null, "width": null, "name:en": null, "junction": null, "layer": null, "bridge": null, "maxspeed": null, "lanes": null, "_Shape_Le_1_": null, "_SHAPE_Leng_": null, "_OBJECTID_1_": null, "_OBJECTID_": null, "_ID_": null, "sidewalk": null, "motor_vehicle": null, "horse": null, "foot": null, "cycleway": null, "bicycle": null, "access": null, "surface": "paved", "lit": null, "oneway": "no", "name": "Parking Area Road" }, "geometry": { "type": "LineString", "coordinates": [ [ 76.9928081, 8.6017612 ], [ 76.9927853, 8.6019161 ], [ 76.9927592, 8.6020548 ], [ 76.9927168, 8.6021226 ], [ 76.992658, 8.6021452 ], [ 76.9925177, 8.6021355 ], [ 76.9924219, 8.6021237 ] ] } },
{ "type": "Feature", "properties": { "full_id": "w829271058", "osm_id": "829271058", "osm_type": "way", "highway": "residential", "noexit": null, "cutting": null, "noname": null, "tunnel": null, "ford": null, "wheelchair": null, "id": null, "vehicle": null, "bicycle_road": null, "width": null, "name:en": null, "junction": null, "layer": null, "bridge": null, "maxspeed": null, "lanes": null, "_Shape_Le_1_": null, "_SHAPE_Leng_": null, "_OBJECTID_1_": null, "_OBJECTID_": null, "_ID_": null, "sidewalk": null, "motor_vehicle": null, "horse": null, "foot": null, "cycleway": null, "bicycle": null, "access": null, "surface": null, "lit": null, "oneway": null, "name": null }, "geometry": { "type": "LineString", "coordinates": [ [ 76.9947023, 8.6022664 ], [ 76.9944626, 8.6021927 ], [ 76.9943502, 8.6021444 ], [ 76.9939882, 8.602158 ] ] } },
{ "type": "Feature", "properties": { "full_id": "w829271059", "osm_id": "829271059", "osm_type": "way", "highway": "residential", "noexit": null, "cutting": null, "noname": null, "tunnel": null, "ford": null, "wheelchair": null, "id": null, "vehicle": null, "bicycle_road": null, "width": null, "name:en": null, "junction": null, "layer": null, "bridge": null, "maxspeed": null, "lanes": null, "_Shape_Le_1_": null, "_SHAPE_Leng_": null, "_OBJECTID_1_": null, "_OBJECTID_": null, "_ID_": null, "sidewalk": null, "motor_vehicle": null, "horse": null, "foot": null, "cycleway": null, "bicycle": null, "access": null, "surface": null, "lit": null, "oneway": null, "name": null }, "geometry": { "type": "LineString", "coordinates": [ [ 76.99474, 8.603367 ], [ 76.9944093, 8.6033159 ], [ 76.9942562, 8.6032611 ], [ 76.9941584, 8.6032429 ], [ 76.9941178, 8.6032684 ], [ 76.9940846, 8.6033122 ], [ 76.9940403, 8.6033323 ], [ 76.9936454, 8.6033304 ], [ 76.9934923, 8.603294 ], [ 76.9934037, 8.6032867 ], [ 76.9932617, 8.6033049 ], [ 76.9929517, 8.6033742 ], [ 76.9928133, 8.6034052 ] ] } },
{ "type": "Feature", "properties": { "full_id": "w829271060", "osm_id": "829271060", "osm_type": "way", "highway": "residential", "noexit": null, "cutting": null, "noname": null, "tunnel": null, "ford": null, "wheelchair": null, "id": null, "vehicle": null, "bicycle_road": null, "width": null, "name:en": null, "junction": null, "layer": null, "bridge": null, "maxspeed": null, "lanes": null, "_Shape_Le_1_": null, "_SHAPE_Leng_": null, "_OBJECTID_1_": null, "_OBJECTID_": null, "_ID_": null, "sidewalk": null, "motor_vehicle": null, "horse": null, "foot": null, "cycleway": null, "bicycle": null, "access": null, "surface": null, "lit": null, "oneway": null, "name": null }, "geometry": { "type": "LineString", "coordinates": [ [ 76.9941032, 8.6070945 ], [ 76.9940318, 8.6073156 ], [ 76.9940235, 8.607673 ], [ 76.9940229, 8.6076993 ], [ 76.9939311, 8.6077479 ], [ 76.993884, 8.6077871 ], [ 76.9939431, 8.6079297 ] ] } },
{ "type": "Feature", "properties": { "full_id": "w829271061", "osm_id": "829271061", "osm_type": "way", "highway": "residential", "noexit": null, "cutting": null, "noname": null, "tunnel": null, "ford": null, "wheelchair": null, "id": null, "vehicle": null, "bicycle_road": null, "width": null, "name:en": null, "junction": null, "layer": null, "bridge": null, "maxspeed": null, "lanes": null, "_Shape_Le_1_": null, "_SHAPE_Leng_": null, "_OBJECTID_1_": null, "_OBJECTID_": null, "_ID_": null, "sidewalk": null, "motor_vehicle": null, "horse": null, "foot": null, "cycleway": null, "bicycle": null, "access": null, "surface": null, "lit": null, "oneway": null, "name": null }, "geometry": { "type": "LineString", "coordinates": [ [ 76.9852807, 8.6140502 ], [ 76.9851694, 8.6138065 ], [ 76.985081, 8.6137588 ], [ 76.9850328, 8.6137059 ], [ 76.9850355, 8.6135946 ], [ 76.9850382, 8.6134569 ], [ 76.9850007, 8.6133271 ], [ 76.9848748, 8.6129484 ], [ 76.984848, 8.612808 ], [ 76.984848, 8.6126888 ], [ 76.9848935, 8.6124849 ], [ 76.9849337, 8.6122121 ], [ 76.9849257, 8.6120108 ], [ 76.9849444, 8.6117115 ], [ 76.9849739, 8.6112295 ], [ 76.9849016, 8.6111447 ], [ 76.9848025, 8.6111077 ], [ 76.9847248, 8.6110759 ], [ 76.9846551, 8.6110229 ], [ 76.9846257, 8.6109461 ], [ 76.9846337, 8.6108243 ], [ 76.9846873, 8.6105674 ], [ 76.9847596, 8.6100032 ], [ 76.9849917, 8.6094704 ] ] } },
{ "type": "Feature", "properties": { "full_id": "w745534174", "osm_id": "745534174", "osm_type": "way", "highway": "residential", "noexit": null, "cutting": null, "noname": null, "tunnel": null, "ford": null, "wheelchair": null, "id": null, "vehicle": null, "bicycle_road": null, "width": null, "name:en": null, "junction": null, "layer": null, "bridge": null, "maxspeed": null, "lanes": null, "_Shape_Le_1_": null, "_SHAPE_Leng_": null, "_OBJECTID_1_": null, "_OBJECTID_": null, "_ID_": null, "sidewalk": null, "motor_vehicle": null, "horse": null, "foot": null, "cycleway": null, "bicycle": null, "access": null, "surface": null, "lit": null, "oneway": null, "name": null }, "geometry": { "type": "LineString", "coordinates": [ [ 77.0006612, 8.6160105 ], [ 77.0011903, 8.6161332 ], [ 77.0012735, 8.6160589 ], [ 77.0013016, 8.6160496 ], [ 77.0012426, 8.6167882 ] ] } },
{ "type": "Feature", "properties": { "full_id": "w829271062", "osm_id": "829271062", "osm_type": "way", "highway": "residential", "noexit": null, "cutting": null, "noname": null, "tunnel": null, "ford": null, "wheelchair": null, "id": null, "vehicle": null, "bicycle_road": null, "width": null, "name:en": null, "junction": null, "layer": null, "bridge": null, "maxspeed": null, "lanes": null, "_Shape_Le_1_": null, "_SHAPE_Leng_": null, "_OBJECTID_1_": null, "_OBJECTID_": null, "_ID_": null, "sidewalk": null, "motor_vehicle": null, "horse": null, "foot": null, "cycleway": null, "bicycle": null, "access": null, "surface": null, "lit": null, "oneway": null, "name": null }, "geometry": { "type": "LineString", "coordinates": [ [ 76.9884127, 8.6107994 ], [ 76.9883234, 8.6104685 ], [ 76.9882419, 8.6100438 ], [ 76.9882385, 8.610026 ], [ 76.9881536, 8.6097058 ], [ 76.9881464, 8.6096461 ] ] } },
{ "type": "Feature", "properties": { "full_id": "w745534175", "osm_id": "745534175", "osm_type": "way", "highway": "residential", "noexit": null, "cutting": null, "noname": null, "tunnel": null, "ford": null, "wheelchair": null, "id": null, "vehicle": null, "bicycle_road": null, "width": null, "name:en": null, "junction": null, "layer": null, "bridge": null, "maxspeed": null, "lanes": null, "_Shape_Le_1_": null, "_SHAPE_Leng_": null, "_OBJECTID_1_": null, "_OBJECTID_": null, "_ID_": null, "sidewalk": null, "motor_vehicle": null, "horse": null, "foot": null, "cycleway": null, "bicycle": null, "access": null, "surface": null, "lit": null, "oneway": null, "name": null }, "geometry": { "type": "LineString", "coordinates": [ [ 77.0018005, 8.6132028 ], [ 77.0015994, 8.6131352 ], [ 77.0010978, 8.613936 ], [ 77.0010951, 8.6144372 ], [ 77.0011568, 8.614843 ], [ 77.0010006, 8.6152116 ], [ 77.0007893, 8.6157102 ], [ 77.0006612, 8.6160105 ], [ 77.0005506, 8.6162698 ], [ 77.0003793, 8.61668 ], [ 77.0002261, 8.6170468 ], [ 77.0000035, 8.6171078 ], [ 76.999813, 8.6175294 ], [ 76.9996548, 8.6180916 ], [ 76.9995046, 8.6186485 ], [ 76.9992256, 8.6195581 ], [ 76.9991505, 8.6195741 ], [ 76.9989145, 8.6194388 ], [ 76.9987375, 8.6193407 ], [ 76.998086, 8.6194908 ] ] } },
{ "type": "Feature", "properties": { "full_id": "w829271063", "osm_id": "829271063", "osm_type": "way", "highway": "residential", "noexit": null, "cutting": null, "noname": null, "tunnel": null, "ford": null, "wheelchair": null, "id": null, "vehicle": null, "bicycle_road": null, "width": null, "name:en": null, "junction": null, "layer": null, "bridge": null, "maxspeed": null, "lanes": null, "_Shape_Le_1_": null, "_SHAPE_Leng_": null, "_OBJECTID_1_": null, "_OBJECTID_": null, "_ID_": null, "sidewalk": null, "motor_vehicle": null, "horse": null, "foot": null, "cycleway": null, "bicycle": null, "access": null, "surface": null, "lit": null, "oneway": null, "name": null }, "geometry": { "type": "LineString", "coordinates": [ [ 76.9882419, 8.6100438 ], [ 76.9884572, 8.6099847 ], [ 76.9886126, 8.6099435 ], [ 76.98865, 8.6099136 ], [ 76.9886587, 8.6098937 ], [ 76.988663, 8.6098723 ], [ 76.9886601, 8.6098538 ], [ 76.9886457, 8.6098353 ], [ 76.9885896, 8.6098353 ], [ 76.9884989, 8.6098581 ], [ 76.988345, 8.6098979 ] ] } },
{ "type": "Feature", "properties": { "full_id": "w829272085", "osm_id": "829272085", "osm_type": "way", "highway": "residential", "noexit": null, "cutting": null, "noname": null, "tunnel": null, "ford": null, "wheelchair": null, "id": null, "vehicle": null, "bicycle_road": null, "width": null, "name:en": null, "junction": null, "layer": null, "bridge": null, "maxspeed": null, "lanes": null, "_Shape_Le_1_": null, "_SHAPE_Leng_": null, "_OBJECTID_1_": null, "_OBJECTID_": null, "_ID_": null, "sidewalk": null, "motor_vehicle": null, "horse": null, "foot": null, "cycleway": null, "bicycle": null, "access": null, "surface": null, "lit": null, "oneway": null, "name": null }, "geometry": { "type": "LineString", "coordinates": [ [ 76.9901033, 8.608448 ], [ 76.9888265, 8.6085052 ], [ 76.9887461, 8.6080205 ], [ 76.9887254, 8.6076684 ], [ 76.98866, 8.6073643 ], [ 76.988732, 8.6071186 ] ] } },
{ "type": "Feature", "properties": { "full_id": "w745535001", "osm_id": "745535001", "osm_type": "way", "highway": "residential", "noexit": null, "cutting": null, "noname": null, "tunnel": null, "ford": null, "wheelchair": null, "id": null, "vehicle": null, "bicycle_road": null, "width": null, "name:en": null, "junction": null, "layer": null, "bridge": null, "maxspeed": null, "lanes": null, "_Shape_Le_1_": null, "_SHAPE_Leng_": null, "_OBJECTID_1_": null, "_OBJECTID_": null, "_ID_": null, "sidewalk": null, "motor_vehicle": null, "horse": null, "foot": null, "cycleway": null, "bicycle": null, "access": null, "surface": null, "lit": null, "oneway": null, "name": null }, "geometry": { "type": "LineString", "coordinates": [ [ 77.0179472, 8.5983648 ], [ 77.0180815, 8.5985544 ], [ 77.0183176, 8.5987294 ], [ 77.0184302, 8.5988302 ], [ 77.018559, 8.5990609 ], [ 77.0185053, 8.5993288 ], [ 77.0185912, 8.5994004 ], [ 77.018728, 8.5995436 ], [ 77.0187736, 8.5997027 ], [ 77.0187011, 8.6000634 ], [ 77.0186743, 8.6002888 ], [ 77.0185107, 8.6005487 ], [ 77.0183551, 8.6006283 ], [ 77.0178616, 8.6007742 ], [ 77.0176524, 8.6008537 ], [ 77.0175719, 8.6009359 ], [ 77.0173788, 8.6012436 ], [ 77.0172018, 8.6013735 ], [ 77.0170167, 8.6014955 ], [ 77.0169765, 8.6018005 ], [ 77.0169175, 8.6019915 ], [ 77.016845, 8.6022434 ], [ 77.0163301, 8.6022779 ], [ 77.0163381, 8.6020631 ], [ 77.0163113, 8.6017554 ], [ 77.0161879, 8.6015486 ], [ 77.0160243, 8.6013894 ], [ 77.0158929, 8.6012409 ], [ 77.0158446, 8.6011826 ], [ 77.0155925, 8.6013311 ], [ 77.0155656, 8.6011216 ], [ 77.0153403, 8.6006283 ], [ 77.0153457, 8.6005806 ], [ 77.0154503, 8.6004798 ], [ 77.0153671, 8.6002305 ], [ 77.015351, 8.6001847 ], [ 77.015276, 8.5999706 ], [ 77.0151365, 8.599594 ], [ 77.0150399, 8.5992864 ], [ 77.0148741, 8.5989611 ] ] } },
{ "type": "Feature", "properties": { "full_id": "w829272086", "osm_id": "829272086", "osm_type": "way", "highway": "residential", "noexit": null, "cutting": null, "noname": null, "tunnel": null, "ford": null, "wheelchair": null, "id": null, "vehicle": null, "bicycle_road": null, "width": null, "name:en": null, "junction": null, "layer": null, "bridge": null, "maxspeed": null, "lanes": null, "_Shape_Le_1_": null, "_SHAPE_Leng_": null, "_OBJECTID_1_": null, "_OBJECTID_": null, "_ID_": null, "sidewalk": null, "motor_vehicle": null, "horse": null, "foot": null, "cycleway": null, "bicycle": null, "access": null, "surface": null, "lit": null, "oneway": null, "name": null }, "geometry": { "type": "LineString", "coordinates": [ [ 76.9888265, 8.6085052 ], [ 76.9888426, 8.60868 ], [ 76.9888265, 8.6087383 ], [ 76.9887595, 8.6088336 ], [ 76.9884515, 8.6090534 ], [ 76.9882184, 8.6092229 ], [ 76.9880738, 8.6094746 ], [ 76.9880497, 8.6095408 ] ] } },
{ "type": "Feature", "properties": { "full_id": "w746538150", "osm_id": "746538150", "osm_type": "way", "highway": "residential", "noexit": null, "cutting": null, "noname": null, "tunnel": null, "ford": null, "wheelchair": null, "id": null, "vehicle": null, "bicycle_road": null, "width": null, "name:en": null, "junction": null, "layer": null, "bridge": null, "maxspeed": null, "lanes": null, "_Shape_Le_1_": null, "_SHAPE_Leng_": null, "_OBJECTID_1_": null, "_OBJECTID_": null, "_ID_": null, "sidewalk": null, "motor_vehicle": null, "horse": null, "foot": null, "cycleway": null, "bicycle": null, "access": null, "surface": null, "lit": null, "oneway": null, "name": null }, "geometry": { "type": "LineString", "coordinates": [ [ 76.9861582, 8.6008273 ], [ 76.986174, 8.6007815 ], [ 76.986168, 8.6007311 ], [ 76.9860566, 8.6006429 ], [ 76.9858944, 8.6005103 ], [ 76.9858287, 8.6004659 ], [ 76.9857455, 8.6004453 ], [ 76.9854954, 8.6004327 ], [ 76.9851507, 8.6004599 ], [ 76.9848865, 8.6004838 ], [ 76.9848147, 8.6003004 ], [ 76.9847511, 8.6001377 ], [ 76.9847175, 8.6000833 ], [ 76.9846465, 8.6000561 ], [ 76.9845989, 8.6000422 ], [ 76.9845539, 8.600021 ], [ 76.9845311, 8.5999931 ], [ 76.9845325, 8.5999215 ], [ 76.9845258, 8.5998247 ], [ 76.9844744, 8.5997622 ], [ 76.9838592, 8.5994422 ], [ 76.9836031, 8.5993328 ], [ 76.9832099, 8.5991596 ] ] } },
{ "type": "Feature", "properties": { "full_id": "w799302907", "osm_id": "799302907", "osm_type": "way", "highway": "residential", "noexit": null, "cutting": null, "noname": null, "tunnel": null, "ford": null, "wheelchair": null, "id": null, "vehicle": null, "bicycle_road": null, "width": null, "name:en": null, "junction": null, "layer": null, "bridge": null, "maxspeed": null, "lanes": null, "_Shape_Le_1_": null, "_SHAPE_Leng_": null, "_OBJECTID_1_": null, "_OBJECTID_": null, "_ID_": null, "sidewalk": null, "motor_vehicle": null, "horse": null, "foot": null, "cycleway": null, "bicycle": null, "access": null, "surface": null, "lit": null, "oneway": null, "name": null }, "geometry": { "type": "LineString", "coordinates": [ [ 77.0117019, 8.6136205 ], [ 77.0113273, 8.6139574 ], [ 77.0115312, 8.6140953 ], [ 77.0120032, 8.6145938 ], [ 77.0119818, 8.6148166 ], [ 77.0120462, 8.6149651 ], [ 77.0121105, 8.6152515 ], [ 77.0119389, 8.6154531 ], [ 77.0117565, 8.6155167 ], [ 77.0113488, 8.6160259 ], [ 77.0111879, 8.6161956 ], [ 77.0110591, 8.616376 ], [ 77.0107909, 8.6166518 ], [ 77.0105549, 8.6168427 ], [ 77.010351, 8.6170761 ], [ 77.0101042, 8.6173519 ], [ 77.0096107, 8.6176489 ], [ 77.0092245, 8.6176064 ], [ 77.0088061, 8.6174579 ], [ 77.0087417, 8.6171185 ], [ 77.0086344, 8.6169912 ], [ 77.0080014, 8.6169276 ], [ 77.0077761, 8.6172352 ], [ 77.0075079, 8.617267 ], [ 77.0074006, 8.6173837 ], [ 77.0072396, 8.6174792 ], [ 77.0069549, 8.6178892 ] ] } },
{ "type": "Feature", "properties": { "full_id": "w799306137", "osm_id": "799306137", "osm_type": "way", "highway": "residential", "noexit": null, "cutting": null, "noname": null, "tunnel": null, "ford": null, "wheelchair": null, "id": null, "vehicle": null, "bicycle_road": null, "width": null, "name:en": null, "junction": null, "layer": null, "bridge": null, "maxspeed": null, "lanes": null, "_Shape_Le_1_": null, "_SHAPE_Leng_": null, "_OBJECTID_1_": null, "_OBJECTID_": null, "_ID_": null, "sidewalk": null, "motor_vehicle": null, "horse": null, "foot": null, "cycleway": null, "bicycle": null, "access": null, "surface": null, "lit": null, "oneway": null, "name": null }, "geometry": { "type": "LineString", "coordinates": [ [ 77.0438924, 8.6249203 ], [ 77.0434648, 8.6249428 ], [ 77.0430831, 8.6252314 ], [ 77.0428943, 8.6253742 ], [ 77.0424244, 8.6260821 ], [ 77.0423013, 8.6263033 ], [ 77.0422006, 8.6266351 ], [ 77.0420328, 8.626967 ], [ 77.0419209, 8.6272767 ], [ 77.0417643, 8.6276085 ], [ 77.0415561, 8.627777 ], [ 77.041149, 8.6281063 ], [ 77.0410147, 8.6283054 ], [ 77.0408581, 8.6284934 ], [ 77.0403435, 8.6290796 ], [ 77.0400862, 8.6296659 ], [ 77.0397393, 8.6303074 ], [ 77.0394149, 8.6310927 ], [ 77.0391128, 8.6313471 ], [ 77.0389674, 8.6319666 ], [ 77.0388636, 8.6324079 ], [ 77.0388555, 8.6324422 ], [ 77.0383297, 8.6323979 ], [ 77.0379269, 8.6323316 ], [ 77.0375913, 8.6323537 ], [ 77.0374906, 8.6325528 ], [ 77.0372892, 8.6327961 ], [ 77.0371662, 8.6330395 ] ] } },
{ "type": "Feature", "properties": { "full_id": "w799306138", "osm_id": "799306138", "osm_type": "way", "highway": "residential", "noexit": null, "cutting": null, "noname": null, "tunnel": null, "ford": null, "wheelchair": null, "id": null, "vehicle": null, "bicycle_road": null, "width": null, "name:en": null, "junction": null, "layer": null, "bridge": null, "maxspeed": null, "lanes": null, "_Shape_Le_1_": null, "_SHAPE_Leng_": null, "_OBJECTID_1_": null, "_OBJECTID_": null, "_ID_": null, "sidewalk": null, "motor_vehicle": null, "horse": null, "foot": null, "cycleway": null, "bicycle": null, "access": null, "surface": null, "lit": null, "oneway": null, "name": null }, "geometry": { "type": "LineString", "coordinates": [ [ 77.0371997, 8.6343004 ], [ 77.0372892, 8.6340903 ], [ 77.0374682, 8.6339022 ], [ 77.037513, 8.6337252 ], [ 77.0376249, 8.6335483 ], [ 77.0378262, 8.6334045 ], [ 77.0382626, 8.6332828 ], [ 77.0384751, 8.6329842 ], [ 77.0387101, 8.6328625 ], [ 77.038822, 8.6326192 ], [ 77.0388555, 8.6324422 ] ] } },
{ "type": "Feature", "properties": { "full_id": "w799306142", "osm_id": "799306142", "osm_type": "way", "highway": "residential", "noexit": null, "cutting": null, "noname": null, "tunnel": null, "ford": null, "wheelchair": null, "id": null, "vehicle": null, "bicycle_road": null, "width": null, "name:en": null, "junction": null, "layer": null, "bridge": null, "maxspeed": null, "lanes": null, "_Shape_Le_1_": null, "_SHAPE_Leng_": null, "_OBJECTID_1_": null, "_OBJECTID_": null, "_ID_": null, "sidewalk": null, "motor_vehicle": null, "horse": null, "foot": null, "cycleway": null, "bicycle": null, "access": null, "surface": null, "lit": null, "oneway": null, "name": null }, "geometry": { "type": "LineString", "coordinates": [ [ 77.037155, 8.6185056 ], [ 77.0367153, 8.6187179 ], [ 77.0361347, 8.6190677 ], [ 77.0364088, 8.6193929 ], [ 77.0362171, 8.6195683 ], [ 77.0365824, 8.6199876 ], [ 77.0369801, 8.6204494 ] ] } },
{ "type": "Feature", "properties": { "full_id": "w799306143", "osm_id": "799306143", "osm_type": "way", "highway": "residential", "noexit": null, "cutting": null, "noname": null, "tunnel": null, "ford": null, "wheelchair": null, "id": null, "vehicle": null, "bicycle_road": null, "width": null, "name:en": null, "junction": null, "layer": null, "bridge": null, "maxspeed": null, "lanes": null, "_Shape_Le_1_": null, "_SHAPE_Leng_": null, "_OBJECTID_1_": null, "_OBJECTID_": null, "_ID_": null, "sidewalk": null, "motor_vehicle": null, "horse": null, "foot": null, "cycleway": null, "bicycle": null, "access": null, "surface": null, "lit": null, "oneway": null, "name": null }, "geometry": { "type": "LineString", "coordinates": [ [ 77.0351137, 8.6209767 ], [ 77.0351972, 8.6209633 ], [ 77.0353644, 8.621068 ], [ 77.0356894, 8.6212664 ], [ 77.0357767, 8.6213729 ], [ 77.035799, 8.6215529 ], [ 77.0358213, 8.6216263 ], [ 77.0358845, 8.6218486 ], [ 77.0359365, 8.6219422 ], [ 77.0359904, 8.6219569 ], [ 77.0360554, 8.6219496 ], [ 77.0361167, 8.6218927 ], [ 77.0363191, 8.6216061 ], [ 77.0365904, 8.6211617 ], [ 77.0366739, 8.6209854 ], [ 77.0368021, 8.6207411 ], [ 77.0369801, 8.6204494 ], [ 77.0375182, 8.619923 ], [ 77.0383034, 8.6192669 ], [ 77.0384282, 8.6192315 ], [ 77.0385397, 8.6192333 ], [ 77.0389614, 8.6192607 ], [ 77.039117, 8.6192406 ], [ 77.0392033, 8.6191778 ], [ 77.0392353, 8.6190709 ], [ 77.0392381, 8.6188928 ], [ 77.0392008, 8.6185548 ], [ 77.03921, 8.6182893 ], [ 77.0392838, 8.6181404 ] ] } },
{ "type": "Feature", "properties": { "full_id": "w799306144", "osm_id": "799306144", "osm_type": "way", "highway": "residential", "noexit": null, "cutting": null, "noname": null, "tunnel": null, "ford": null, "wheelchair": null, "id": null, "vehicle": null, "bicycle_road": null, "width": null, "name:en": null, "junction": null, "layer": null, "bridge": null, "maxspeed": null, "lanes": null, "_Shape_Le_1_": null, "_SHAPE_Leng_": null, "_OBJECTID_1_": null, "_OBJECTID_": null, "_ID_": null, "sidewalk": null, "motor_vehicle": null, "horse": null, "foot": null, "cycleway": null, "bicycle": null, "access": null, "surface": null, "lit": null, "oneway": null, "name": null }, "geometry": { "type": "LineString", "coordinates": [ [ 77.0400161, 8.6220188 ], [ 77.0394535, 8.6224352 ], [ 77.0390527, 8.6234179 ], [ 77.0389565, 8.6242897 ], [ 77.0387962, 8.6248761 ], [ 77.0385557, 8.6254785 ], [ 77.038203, 8.6263502 ], [ 77.0378984, 8.6270001 ], [ 77.0377541, 8.6281255 ], [ 77.0374495, 8.6290765 ], [ 77.037209, 8.6300592 ], [ 77.0373052, 8.6304555 ], [ 77.0376259, 8.6310895 ], [ 77.0373854, 8.6315491 ], [ 77.0375625, 8.6322911 ], [ 77.0375913, 8.6323537 ] ] } },
{ "type": "Feature", "properties": { "full_id": "w844207024", "osm_id": "844207024", "osm_type": "way", "highway": "residential", "noexit": null, "cutting": null, "noname": null, "tunnel": null, "ford": null, "wheelchair": null, "id": null, "vehicle": null, "bicycle_road": null, "width": null, "name:en": null, "junction": null, "layer": null, "bridge": null, "maxspeed": null, "lanes": null, "_Shape_Le_1_": null, "_SHAPE_Leng_": null, "_OBJECTID_1_": null, "_OBJECTID_": null, "_ID_": null, "sidewalk": null, "motor_vehicle": null, "horse": null, "foot": null, "cycleway": null, "bicycle": null, "access": null, "surface": null, "lit": null, "oneway": null, "name": "Mele Thekkada - Chiramukku Road" }, "geometry": { "type": "LineString", "coordinates": [ [ 76.9577486, 8.6217523 ], [ 76.9579189, 8.6220861 ], [ 76.9580287, 8.622408 ], [ 76.9582269, 8.6230659 ], [ 76.9583649, 8.6232653 ], [ 76.958733, 8.6235208 ], [ 76.95914, 8.6236327 ], [ 76.9594797, 8.6238077 ], [ 76.9601097, 8.6237902 ], [ 76.9606512, 8.6236992 ], [ 76.9610016, 8.6237167 ], [ 76.9611573, 8.6238077 ], [ 76.96149, 8.6241226 ], [ 76.9620917, 8.6248609 ], [ 76.9626691, 8.6254433 ] ] } },
{ "type": "Feature", "properties": { "full_id": "w797998360", "osm_id": "797998360", "osm_type": "way", "highway": "residential", "noexit": null, "cutting": null, "noname": null, "tunnel": null, "ford": null, "wheelchair": null, "id": null, "vehicle": null, "bicycle_road": null, "width": null, "name:en": null, "junction": null, "layer": null, "bridge": null, "maxspeed": null, "lanes": null, "_Shape_Le_1_": null, "_SHAPE_Leng_": null, "_OBJECTID_1_": null, "_OBJECTID_": null, "_ID_": null, "sidewalk": null, "motor_vehicle": null, "horse": null, "foot": null, "cycleway": null, "bicycle": null, "access": null, "surface": null, "lit": null, "oneway": null, "name": "residential road" }, "geometry": { "type": "LineString", "coordinates": [ [ 76.9973505, 8.616675 ], [ 76.9974869, 8.6166173 ], [ 76.9975946, 8.6166253 ], [ 76.9977247, 8.6166273 ], [ 76.9978304, 8.6166334 ], [ 76.9979503, 8.6166535 ] ] } },
{ "type": "Feature", "properties": { "full_id": "w797998361", "osm_id": "797998361", "osm_type": "way", "highway": "residential", "noexit": null, "cutting": null, "noname": null, "tunnel": null, "ford": null, "wheelchair": null, "id": null, "vehicle": null, "bicycle_road": null, "width": null, "name:en": null, "junction": null, "layer": null, "bridge": null, "maxspeed": null, "lanes": null, "_Shape_Le_1_": null, "_SHAPE_Leng_": null, "_OBJECTID_1_": null, "_OBJECTID_": null, "_ID_": null, "sidewalk": null, "motor_vehicle": null, "horse": null, "foot": null, "cycleway": null, "bicycle": null, "access": null, "surface": null, "lit": null, "oneway": null, "name": null }, "geometry": { "type": "LineString", "coordinates": [ [ 76.9974672, 8.6168618 ], [ 76.9980194, 8.6169449 ] ] } },
{ "type": "Feature", "properties": { "full_id": "w844215488", "osm_id": "844215488", "osm_type": "way", "highway": "residential", "noexit": null, "cutting": null, "noname": null, "tunnel": null, "ford": null, "wheelchair": null, "id": null, "vehicle": null, "bicycle_road": null, "width": null, "name:en": null, "junction": null, "layer": null, "bridge": null, "maxspeed": null, "lanes": null, "_Shape_Le_1_": null, "_SHAPE_Leng_": null, "_OBJECTID_1_": null, "_OBJECTID_": null, "_ID_": null, "sidewalk": null, "motor_vehicle": null, "horse": null, "foot": null, "cycleway": null, "bicycle": null, "access": null, "surface": null, "lit": null, "oneway": null, "name": null }, "geometry": { "type": "LineString", "coordinates": [ [ 76.9720139, 8.6130419 ], [ 76.9721068, 8.6131161 ], [ 76.9721318, 8.6132222 ], [ 76.9720782, 8.6134307 ], [ 76.9720568, 8.6136711 ], [ 76.9720353, 8.6139008 ], [ 76.9719781, 8.6142154 ], [ 76.9720246, 8.614378 ], [ 76.9721068, 8.6144628 ], [ 76.9724761, 8.6145723 ], [ 76.9728141, 8.6144788 ] ] } },
{ "type": "Feature", "properties": { "full_id": "w797998365", "osm_id": "797998365", "osm_type": "way", "highway": "residential", "noexit": null, "cutting": null, "noname": null, "tunnel": null, "ford": null, "wheelchair": null, "id": null, "vehicle": null, "bicycle_road": null, "width": null, "name:en": null, "junction": null, "layer": "-1", "bridge": null, "maxspeed": null, "lanes": null, "_Shape_Le_1_": null, "_SHAPE_Leng_": null, "_OBJECTID_1_": null, "_OBJECTID_": null, "_ID_": null, "sidewalk": null, "motor_vehicle": null, "horse": null, "foot": null, "cycleway": null, "bicycle": null, "access": null, "surface": null, "lit": null, "oneway": null, "name": null }, "geometry": { "type": "LineString", "coordinates": [ [ 76.9974196, 8.6179088 ], [ 76.9979016, 8.6180041 ] ] } },
{ "type": "Feature", "properties": { "full_id": "w844215489", "osm_id": "844215489", "osm_type": "way", "highway": "residential", "noexit": null, "cutting": null, "noname": null, "tunnel": null, "ford": null, "wheelchair": null, "id": null, "vehicle": null, "bicycle_road": null, "width": null, "name:en": null, "junction": null, "layer": null, "bridge": null, "maxspeed": null, "lanes": null, "_Shape_Le_1_": null, "_SHAPE_Leng_": null, "_OBJECTID_1_": null, "_OBJECTID_": null, "_ID_": null, "sidewalk": null, "motor_vehicle": null, "horse": null, "foot": null, "cycleway": null, "bicycle": null, "access": null, "surface": null, "lit": null, "oneway": null, "name": null }, "geometry": { "type": "LineString", "coordinates": [ [ 76.9741851, 8.613551 ], [ 76.9741087, 8.6138089 ], [ 76.9740551, 8.6139892 ], [ 76.9741204, 8.6143056 ], [ 76.9743449, 8.6143189 ], [ 76.9745885, 8.6143022 ], [ 76.9746664, 8.6142931 ], [ 76.97467, 8.6143497 ], [ 76.9746807, 8.6144557 ], [ 76.9746986, 8.614636 ], [ 76.9747236, 8.6147031 ], [ 76.9748022, 8.6147738 ], [ 76.9749059, 8.6148657 ], [ 76.9750096, 8.614947 ], [ 76.9750489, 8.6151096 ], [ 76.9750918, 8.6152333 ], [ 76.9750775, 8.6153005 ], [ 76.9750203, 8.6153782 ], [ 76.9749486, 8.6154447 ], [ 76.9748477, 8.6154935 ], [ 76.9745967, 8.6158287 ], [ 76.9745688, 8.6162891 ], [ 76.9745537, 8.6168067 ], [ 76.9745323, 8.6171144 ], [ 76.9746052, 8.6173902 ], [ 76.9747061, 8.6176193 ], [ 76.9749893, 8.617806 ], [ 76.9751178, 8.6178902 ] ] } },
{ "type": "Feature", "properties": { "full_id": "w798018261", "osm_id": "798018261", "osm_type": "way", "highway": "residential", "noexit": null, "cutting": null, "noname": null, "tunnel": null, "ford": null, "wheelchair": null, "id": null, "vehicle": null, "bicycle_road": null, "width": null, "name:en": null, "junction": null, "layer": null, "bridge": null, "maxspeed": null, "lanes": null, "_Shape_Le_1_": null, "_SHAPE_Leng_": null, "_OBJECTID_1_": null, "_OBJECTID_": null, "_ID_": null, "sidewalk": null, "motor_vehicle": null, "horse": null, "foot": null, "cycleway": null, "bicycle": null, "access": null, "surface": null, "lit": null, "oneway": null, "name": null }, "geometry": { "type": "LineString", "coordinates": [ [ 76.9979503, 8.6166535 ], [ 76.9981154, 8.6167037 ], [ 76.9982392, 8.6167291 ], [ 76.9983933, 8.6167453 ], [ 76.9985406, 8.6167659 ], [ 76.9985917, 8.616773 ] ] } },
{ "type": "Feature", "properties": { "full_id": "w837285285", "osm_id": "837285285", "osm_type": "way", "highway": "residential", "noexit": null, "cutting": null, "noname": null, "tunnel": null, "ford": null, "wheelchair": null, "id": null, "vehicle": null, "bicycle_road": null, "width": null, "name:en": null, "junction": null, "layer": null, "bridge": null, "maxspeed": null, "lanes": null, "_Shape_Le_1_": null, "_SHAPE_Leng_": null, "_OBJECTID_1_": null, "_OBJECTID_": null, "_ID_": null, "sidewalk": null, "motor_vehicle": null, "horse": null, "foot": null, "cycleway": null, "bicycle": null, "access": null, "surface": null, "lit": null, "oneway": null, "name": null }, "geometry": { "type": "LineString", "coordinates": [ [ 76.9985406, 8.6167659 ], [ 76.9986089, 8.6164567 ], [ 76.9986361, 8.6164245 ], [ 76.9987174, 8.6164326 ], [ 76.9989616, 8.6164567 ], [ 76.999108, 8.616446 ], [ 76.9995203, 8.6162663 ], [ 76.999797, 8.6161724 ], [ 76.9998377, 8.6161778 ], [ 76.9998946, 8.6163038 ], [ 76.9999163, 8.6164674 ], [ 76.9999299, 8.6165908 ], [ 77.0003793, 8.61668 ] ] } },
{ "type": "Feature", "properties": { "full_id": "w837287997", "osm_id": "837287997", "osm_type": "way", "highway": "residential", "noexit": null, "cutting": null, "noname": null, "tunnel": null, "ford": null, "wheelchair": null, "id": null, "vehicle": null, "bicycle_road": null, "width": null, "name:en": null, "junction": null, "layer": null, "bridge": null, "maxspeed": null, "lanes": null, "_Shape_Le_1_": null, "_SHAPE_Leng_": null, "_OBJECTID_1_": null, "_OBJECTID_": null, "_ID_": null, "sidewalk": null, "motor_vehicle": null, "horse": null, "foot": null, "cycleway": null, "bicycle": null, "access": null, "surface": null, "lit": null, "oneway": null, "name": null }, "geometry": { "type": "LineString", "coordinates": [ [ 76.9869572, 8.6166861 ], [ 76.9866546, 8.6164517 ], [ 76.9867106, 8.6163132 ], [ 76.9864733, 8.6161709 ], [ 76.9865817, 8.6155041 ] ] } },
{ "type": "Feature", "properties": { "full_id": "w837288022", "osm_id": "837288022", "osm_type": "way", "highway": "residential", "noexit": null, "cutting": null, "noname": null, "tunnel": null, "ford": null, "wheelchair": null, "id": null, "vehicle": null, "bicycle_road": null, "width": null, "name:en": null, "junction": null, "layer": null, "bridge": null, "maxspeed": null, "lanes": null, "_Shape_Le_1_": null, "_SHAPE_Leng_": null, "_OBJECTID_1_": null, "_OBJECTID_": null, "_ID_": null, "sidewalk": null, "motor_vehicle": null, "horse": null, "foot": null, "cycleway": null, "bicycle": null, "access": null, "surface": null, "lit": null, "oneway": null, "name": null }, "geometry": { "type": "LineString", "coordinates": [ [ 76.9797417, 8.6165553 ], [ 76.9797184, 8.6168348 ], [ 76.9797428, 8.6169475 ], [ 76.9797564, 8.6170226 ], [ 76.9797781, 8.617103 ], [ 76.9797401, 8.6172666 ], [ 76.9797103, 8.6174704 ], [ 76.9797401, 8.6176394 ], [ 76.9798486, 8.617929 ], [ 76.979854, 8.6179961 ], [ 76.9798622, 8.6180899 ], [ 76.9797591, 8.6185566 ], [ 76.9797455, 8.6186638 ], [ 76.9797455, 8.618755 ], [ 76.9798133, 8.6189991 ], [ 76.9798269, 8.6191466 ], [ 76.9798079, 8.6191868 ], [ 76.9797184, 8.6192458 ], [ 76.9793061, 8.6195032 ], [ 76.979203, 8.6196212 ], [ 76.9791732, 8.6197151 ], [ 76.9789831, 8.6201496 ] ] } }
]
}
