{"type":"FeatureCollection","features":[{"type":"Feature","properties":{"s":0.94,"t":1},"geometry":{"type":"Point","coordinates":[76.99749,8.583187]}},{"type":"Feature","properties":{"s":0.9,"t":0},"geometry":{"type":"Point","coordinates":[76.997682,8.583163]}},{"type":"Feature","properties":{"s":0.75,"t":0},"geometry":{"type":"Point","coordinates":[76.997889,8.583447]}},{"type":"Feature","properties":{"s":0.87,"t":0},"geometry":{"type":"Point","coordinates":[76.998097,8.583375]}},{"type":"Feature","properties":{"s":1.11,"t":1},"geometry":{"type":"Point","coordinates":[76.996595,8.583946]}},{"type":"Feature","properties":{"s":0.96,"t":1},"geometry":{"type":"Point","coordinates":[76.996965,8.583775]}},{"type":"Feature","properties":{"s":1.15,"t":1},"geometry":{"type":"Point","coordinates":[76.998546,8.583751]}},{"type":"Feature","properties":{"s":0.94,"t":0},"geometry":{"type":"Point","coordinates":[77.000574,8.583876]}},{"type":"Feature","properties":{"s":0.84,"t":1},"geometry":{"type":"Point","coordinates":[76.996465,8.584133]}},{"type":"Feature","properties":{"s":1.3,"t":0},"geometry":{"type":"Point","coordinates":[76.996808,8.584228]}},{"type":"Feature","properties":{"s":1.14,"t":0},"geometry":{"type":"Point","coordinates":[76.997496,8.584296]}},{"type":"Feature","properties":{"s":1.27,"t":1},"geometry":{"type":"Point","coordinates":[76.997705,8.584299]}},{"type":"Feature","properties":{"s":1.1,"t":1},"geometry":{"type":"Point","coordinates":[76.998709,8.584434]}},{"type":"Feature","properties":{"s":1.05,"t":1},"geometry":{"type":"Point","coordinates":[76.998859,8.584388]}},{"type":"Feature","properties":{"s":0.83,"t":1},"geometry":{"type":"Point","coordinates":[77.00024,8.584392]}},{"type":"Feature","properties":{"s":1.34,"t":1},"geometry":{"type":"Point","coordinates":[77.000863,8.584322]}},{"type":"Feature","properties":{"s":0.83,"t":0},"geometry":{"type":"Point","coordinates":[77.001417,8.584442]}},{"type":"Feature","properties":{"s":1.13,"t":0},"geometry":{"type":"Point","coordinates":[76.996925,8.584795]}},{"type":"Feature","properties":{"s":1.29,"t":0},"geometry":{"type":"Point","coordinates":[76.997654,8.584623]}},{"type":"Feature","properties":{"s":1.21,"t":1},"geometry":{"type":"Point","coordinates":[76.998243,8.584544]}},{"type":"Feature","properties":{"s":1.08,"t":1},"geometry":{"type":"Point","coordinates":[76.998541,8.584718]}},{"type":"Feature","properties":{"s":1.3,"t":1},"geometry":{"type":"Point","coordinates":[77.001461,8.584603]}},{"type":"Feature","properties":{"s":1.27,"t":1},"geometry":{"type":"Point","coordinates":[77.001835,8.584599]}},{"type":"Feature","properties":{"s":0.95,"t":0},"geometry":{"type":"Point","coordinates":[76.997045,8.585126]}},{"type":"Feature","properties":{"s":0.9,"t":0},"geometry":{"type":"Point","coordinates":[76.997877,8.585181]}},{"type":"Feature","properties":{"s":1.34,"t":1},"geometry":{"type":"Point","coordinates":[76.998235,8.585055]}},{"type":"Feature","properties":{"s":0.94,"t":1},"geometry":{"type":"Point","coordinates":[77.000551,8.585024]}},{"type":"Feature","properties":{"s":0.89,"t":1},"geometry":{"type":"Point","coordinates":[77.002752,8.585017]}},{"type":"Feature","properties":{"s":1.13,"t":1},"geometry":{"type":"Point","coordinates":[76.994459,8.585597]}},{"type":"Feature","properties":{"s":0.81,"t":0},"geometry":{"type":"Point","coordinates":[76.996796,8.585641]}},{"type":"Feature","properties":{"s":1.08,"t":0},"geometry":{"type":"Point","coordinates":[76.997192,8.585553]}},{"type":"Feature","properties":{"s":1.25,"t":0},"geometry":{"type":"Point","coordinates":[76.997923,8.585456]}},{"type":"Feature","properties":{"s":0.9,"t":1},"geometry":{"type":"Point","coordinates":[76.998078,8.585554]}},{"type":"Feature","properties":{"s":0.85,"t":1},"geometry":{"type":"Point","coordinates":[77.000641,8.585359]}},{"type":"Feature","properties":{"s":1.12,"t":0},"geometry":{"type":"Point","coordinates":[77.001449,8.585651]}},{"type":"Feature","properties":{"s":0.98,"t":1},"geometry":{"type":"Point","coordinates":[77.002016,8.585536]}},{"type":"Feature","properties":{"s":1.21,"t":0},"geometry":{"type":"Point","coordinates":[77.002734,8.585601]}},{"type":"Feature","properties":{"s":0.95,"t":0},"geometry":{"type":"Point","coordinates":[76.994298,8.585854]}},{"type":"Feature","properties":{"s":1.21,"t":0},"geometry":{"type":"Point","coordinates":[76.997028,8.585931]}},{"type":"Feature","properties":{"s":0.87,"t":0},"geometry":{"type":"Point","coordinates":[76.99773,8.585818]}},{"type":"Feature","properties":{"s":0.87,"t":0},"geometry":{"type":"Point","coordinates":[76.998635,8.585955]}},{"type":"Feature","properties":{"s":1.24,"t":0},"geometry":{"type":"Point","coordinates":[76.999134,8.58603]}},{"type":"Feature","properties":{"s":0.9,"t":1},"geometry":{"type":"Point","coordinates":[76.999562,8.586065]}},{"type":"Feature","properties":{"s":0.86,"t":1},"geometry":{"type":"Point","coordinates":[76.999776,8.585972]}},{"type":"Feature","properties":{"s":0.75,"t":1},"geometry":{"type":"Point","coordinates":[77.000547,8.586115]}},{"type":"Feature","properties":{"s":1.31,"t":1},"geometry":{"type":"Point","coordinates":[77.001285,8.585957]}},{"type":"Feature","properties":{"s":0.76,"t":1},"geometry":{"type":"Point","coordinates":[77.001381,8.58592]}},{"type":"Feature","properties":{"s":1.33,"t":1},"geometry":{"type":"Point","coordinates":[77.002271,8.585985]}},{"type":"Feature","properties":{"s":1.31,"t":0},"geometry":{"type":"Point","coordinates":[77.002679,8.586029]}},{"type":"Feature","properties":{"s":1.2,"t":0},"geometry":{"type":"Point","coordinates":[76.993991,8.586353]}},{"type":"Feature","properties":{"s":1.27,"t":0},"geometry":{"type":"Point","coordinates":[76.994364,8.586343]}},{"type":"Feature","properties":{"s":1.19,"t":1},"geometry":{"type":"Point","coordinates":[76.994739,8.586281]}},{"type":"Feature","properties":{"s":1.18,"t":1},"geometry":{"type":"Point","coordinates":[76.995275,8.586413]}},{"type":"Feature","properties":{"s":1.19,"t":0},"geometry":{"type":"Point","coordinates":[76.998329,8.586492]}},{"type":"Feature","properties":{"s":1.04,"t":1},"geometry":{"type":"Point","coordinates":[76.998728,8.586238]}},{"type":"Feature","properties":{"s":1.13,"t":0},"geometry":{"type":"Point","coordinates":[76.999542,8.586293]}},{"type":"Feature","properties":{"s":0.93,"t":0},"geometry":{"type":"Point","coordinates":[77.000592,8.586258]}},{"type":"Feature","properties":{"s":1.3,"t":0},"geometry":{"type":"Point","coordinates":[77.000974,8.586513]}},{"type":"Feature","properties":{"s":1.16,"t":1},"geometry":{"type":"Point","coordinates":[77.003271,8.58642]}},{"type":"Feature","properties":{"s":1.31,"t":0},"geometry":{"type":"Point","coordinates":[76.993094,8.586889]}},{"type":"Feature","properties":{"s":1.28,"t":0},"geometry":{"type":"Point","coordinates":[76.993748,8.58685]}},{"type":"Feature","properties":{"s":1.32,"t":0},"geometry":{"type":"Point","coordinates":[76.993999,8.586885]}},{"type":"Feature","properties":{"s":1.19,"t":1},"geometry":{"type":"Point","coordinates":[76.995261,8.586908]}},{"type":"Feature","properties":{"s":1.21,"t":1},"geometry":{"type":"Point","coordinates":[76.99815,8.586758]}},{"type":"Feature","properties":{"s":1.1,"t":1},"geometry":{"type":"Point","coordinates":[76.999124,8.58674]}},{"type":"Feature","properties":{"s":0.83,"t":0},"geometry":{"type":"Point","coordinates":[77.000628,8.586812]}},{"type":"Feature","properties":{"s":1.28,"t":1},"geometry":{"type":"Point","coordinates":[77.001108,8.586626]}},{"type":"Feature","properties":{"s":1.0,"t":1},"geometry":{"type":"Point","coordinates":[77.002049,8.586714]}},{"type":"Feature","properties":{"s":0.74,"t":0},"geometry":{"type":"Point","coordinates":[77.00345,8.586739]}},{"type":"Feature","properties":{"s":0.94,"t":1},"geometry":{"type":"Point","coordinates":[77.004354,8.58682]}},{"type":"Feature","properties":{"s":1.26,"t":1},"geometry":{"type":"Point","coordinates":[76.989915,8.587245]}},{"type":"Feature","properties":{"s":1.32,"t":0},"geometry":{"type":"Point","coordinates":[76.992333,8.587244]}},{"type":"Feature","properties":{"s":0.78,"t":1},"geometry":{"type":"Point","coordinates":[76.994074,8.587278]}},{"type":"Feature","properties":{"s":0.96,"t":0},"geometry":{"type":"Point","coordinates":[76.998108,8.587119]}},{"type":"Feature","properties":{"s":0.88,"t":0},"geometry":{"type":"Point","coordinates":[76.998875,8.587269]}},{"type":"Feature","properties":{"s":1.16,"t":0},"geometry":{"type":"Point","coordinates":[77.000569,8.587231]}},{"type":"Feature","properties":{"s":1.32,"t":0},"geometry":{"type":"Point","coordinates":[77.002932,8.587279]}},{"type":"Feature","properties":{"s":0.85,"t":0},"geometry":{"type":"Point","coordinates":[77.004497,8.587306]}},{"type":"Feature","properties":{"s":0.82,"t":0},"geometry":{"type":"Point","coordinates":[76.989855,8.587529]}},{"type":"Feature","properties":{"s":1.09,"t":1},"geometry":{"type":"Point","coordinates":[76.991001,8.587499]}},{"type":"Feature","properties":{"s":1.31,"t":1},"geometry":{"type":"Point","coordinates":[76.993107,8.587565]}},{"type":"Feature","properties":{"s":0.85,"t":1},"geometry":{"type":"Point","coordinates":[76.994134,8.587446]}},{"type":"Feature","properties":{"s":1.21,"t":1},"geometry":{"type":"Point","coordinates":[76.994695,8.58766]}},{"type":"Feature","properties":{"s":1.07,"t":0},"geometry":{"type":"Point","coordinates":[76.996451,8.587703]}},{"type":"Feature","properties":{"s":0.84,"t":1},"geometry":{"type":"Point","coordinates":[76.997492,8.587632]}},{"type":"Feature","properties":{"s":1.14,"t":1},"geometry":{"type":"Point","coordinates":[76.999914,8.587481]}},{"type":"Feature","properties":{"s":1.09,"t":0},"geometry":{"type":"Point","coordinates":[77.002484,8.587623]}},{"type":"Feature","properties":{"s":1.07,"t":1},"geometry":{"type":"Point","coordinates":[77.002636,8.587517]}},{"type":"Feature","properties":{"s":0.83,"t":1},"geometry":{"type":"Point","coordinates":[77.00402,8.587765]}},{"type":"Feature","properties":{"s":1.24,"t":1},"geometry":{"type":"Point","coordinates":[77.005223,8.587459]}},{"type":"Feature","properties":{"s":1.05,"t":0},"geometry":{"type":"Point","coordinates":[77.005697,8.587658]}},{"type":"Feature","properties":{"s":1.26,"t":1},"geometry":{"type":"Point","coordinates":[76.987234,8.58815]}},{"type":"Feature","properties":{"s":1.2,"t":0},"geometry":{"type":"Point","coordinates":[76.988033,8.588026]}},{"type":"Feature","properties":{"s":0.98,"t":0},"geometry":{"type":"Point","coordinates":[76.989942,8.588031]}},{"type":"Feature","properties":{"s":1.22,"t":1},"geometry":{"type":"Point","coordinates":[76.990607,8.587886]}},{"type":"Feature","properties":{"s":0.91,"t":0},"geometry":{"type":"Point","coordinates":[76.991127,8.588174]}},{"type":"Feature","properties":{"s":1.26,"t":1},"geometry":{"type":"Point","coordinates":[76.991554,8.588119]}},{"type":"Feature","properties":{"s":1.16,"t":0},"geometry":{"type":"Point","coordinates":[76.991756,8.587901]}},{"type":"Feature","properties":{"s":1.33,"t":0},"geometry":{"type":"Point","coordinates":[76.992899,8.588033]}},{"type":"Feature","properties":{"s":0.98,"t":0},"geometry":{"type":"Point","coordinates":[76.994818,8.588094]}},{"type":"Feature","properties":{"s":1.15,"t":1},"geometry":{"type":"Point","coordinates":[76.995196,8.588119]}},{"type":"Feature","properties":{"s":1.21,"t":1},"geometry":{"type":"Point","coordinates":[77.001912,8.58796]}},{"type":"Feature","properties":{"s":1.13,"t":0},"geometry":{"type":"Point","coordinates":[77.002365,8.588086]}},{"type":"Feature","properties":{"s":0.86,"t":1},"geometry":{"type":"Point","coordinates":[77.002717,8.588043]}},{"type":"Feature","properties":{"s":1.17,"t":0},"geometry":{"type":"Point","coordinates":[77.007017,8.588078]}},{"type":"Feature","properties":{"s":0.76,"t":0},"geometry":{"type":"Point","coordinates":[76.986121,8.588276]}},{"type":"Feature","properties":{"s":1.12,"t":1},"geometry":{"type":"Point","coordinates":[76.986318,8.588318]}},{"type":"Feature","properties":{"s":1.01,"t":0},"geometry":{"type":"Point","coordinates":[76.986914,8.588441]}},{"type":"Feature","properties":{"s":1.29,"t":0},"geometry":{"type":"Point","coordinates":[76.987279,8.58827]}},{"type":"Feature","properties":{"s":1.06,"t":1},"geometry":{"type":"Point","coordinates":[76.987754,8.58852]}},{"type":"Feature","properties":{"s":0.86,"t":1},"geometry":{"type":"Point","coordinates":[76.991229,8.588548]}},{"type":"Feature","properties":{"s":1.22,"t":1},"geometry":{"type":"Point","coordinates":[76.991462,8.58861]}},{"type":"Feature","properties":{"s":0.79,"t":0},"geometry":{"type":"Point","coordinates":[76.991978,8.588366]}},{"type":"Feature","properties":{"s":1.08,"t":1},"geometry":{"type":"Point","coordinates":[76.992411,8.588561]}},{"type":"Feature","properties":{"s":1.1,"t":0},"geometry":{"type":"Point","coordinates":[76.993429,8.588475]}},{"type":"Feature","properties":{"s":0.9,"t":1},"geometry":{"type":"Point","coordinates":[77.002214,8.588606]}},{"type":"Feature","properties":{"s":0.91,"t":0},"geometry":{"type":"Point","coordinates":[77.002959,8.588383]}},{"type":"Feature","properties":{"s":1.0,"t":0},"geometry":{"type":"Point","coordinates":[77.003139,8.588448]}},{"type":"Feature","properties":{"s":1.13,"t":0},"geometry":{"type":"Point","coordinates":[77.006115,8.588421]}},{"type":"Feature","properties":{"s":0.81,"t":1},"geometry":{"type":"Point","coordinates":[77.007659,8.588302]}},{"type":"Feature","properties":{"s":0.78,"t":0},"geometry":{"type":"Point","coordinates":[76.984377,8.588851]}},{"type":"Feature","properties":{"s":1.34,"t":0},"geometry":{"type":"Point","coordinates":[76.985941,8.588914]}},{"type":"Feature","properties":{"s":0.98,"t":0},"geometry":{"type":"Point","coordinates":[76.987403,8.588936]}},{"type":"Feature","properties":{"s":0.76,"t":1},"geometry":{"type":"Point","coordinates":[76.987787,8.588791]}},{"type":"Feature","properties":{"s":1.12,"t":0},"geometry":{"type":"Point","coordinates":[76.992165,8.588723]}},{"type":"Feature","properties":{"s":0.89,"t":1},"geometry":{"type":"Point","coordinates":[76.994138,8.588978]}},{"type":"Feature","properties":{"s":0.81,"t":0},"geometry":{"type":"Point","coordinates":[76.995354,8.588955]}},{"type":"Feature","properties":{"s":0.91,"t":1},"geometry":{"type":"Point","coordinates":[76.997905,8.5887]}},{"type":"Feature","properties":{"s":1.25,"t":0},"geometry":{"type":"Point","coordinates":[77.001286,8.588816]}},{"type":"Feature","properties":{"s":1.09,"t":1},"geometry":{"type":"Point","coordinates":[77.002807,8.588895]}},{"type":"Feature","properties":{"s":1.28,"t":0},"geometry":{"type":"Point","coordinates":[77.003212,8.588929]}},{"type":"Feature","properties":{"s":0.85,"t":0},"geometry":{"type":"Point","coordinates":[77.00396,8.589017]}},{"type":"Feature","properties":{"s":0.94,"t":1},"geometry":{"type":"Point","coordinates":[77.004835,8.588762]}},{"type":"Feature","properties":{"s":0.86,"t":0},"geometry":{"type":"Point","coordinates":[77.005731,8.588851]}},{"type":"Feature","properties":{"s":0.87,"t":1},"geometry":{"type":"Point","coordinates":[76.984034,8.589281]}},{"type":"Feature","properties":{"s":0.94,"t":1},"geometry":{"type":"Point","coordinates":[76.98559,8.589382]}},{"type":"Feature","properties":{"s":1.32,"t":0},"geometry":{"type":"Point","coordinates":[76.98599,8.589135]}},{"type":"Feature","properties":{"s":0.79,"t":0},"geometry":{"type":"Point","coordinates":[76.986357,8.589147]}},{"type":"Feature","properties":{"s":1.28,"t":1},"geometry":{"type":"Point","coordinates":[76.987019,8.589177]}},{"type":"Feature","properties":{"s":1.03,"t":1},"geometry":{"type":"Point","coordinates":[76.987828,8.589203]}},{"type":"Feature","properties":{"s":0.97,"t":1},"geometry":{"type":"Point","coordinates":[76.98833,8.589172]}},{"type":"Feature","properties":{"s":0.9,"t":0},"geometry":{"type":"Point","coordinates":[76.990274,8.589111]}},{"type":"Feature","properties":{"s":0.99,"t":1},"geometry":{"type":"Point","coordinates":[76.990569,8.589338]}},{"type":"Feature","properties":{"s":1.33,"t":1},"geometry":{"type":"Point","coordinates":[76.991628,8.589201]}},{"type":"Feature","properties":{"s":1.02,"t":1},"geometry":{"type":"Point","coordinates":[76.992357,8.589206]}},{"type":"Feature","properties":{"s":1.0,"t":0},"geometry":{"type":"Point","coordinates":[76.993597,8.589205]}},{"type":"Feature","properties":{"s":1.04,"t":0},"geometry":{"type":"Point","coordinates":[76.994129,8.589183]}},{"type":"Feature","properties":{"s":1.19,"t":1},"geometry":{"type":"Point","coordinates":[76.999457,8.589124]}},{"type":"Feature","properties":{"s":1.24,"t":1},"geometry":{"type":"Point","coordinates":[76.999848,8.589309]}},{"type":"Feature","properties":{"s":0.84,"t":1},"geometry":{"type":"Point","coordinates":[77.000301,8.589123]}},{"type":"Feature","properties":{"s":0.89,"t":0},"geometry":{"type":"Point","coordinates":[77.000635,8.589403]}},{"type":"Feature","properties":{"s":1.34,"t":1},"geometry":{"type":"Point","coordinates":[77.002406,8.589301]}},{"type":"Feature","properties":{"s":0.88,"t":1},"geometry":{"type":"Point","coordinates":[77.003115,8.589438]}},{"type":"Feature","properties":{"s":1.17,"t":0},"geometry":{"type":"Point","coordinates":[77.005239,8.589184]}},{"type":"Feature","properties":{"s":1.2,"t":1},"geometry":{"type":"Point","coordinates":[77.006013,8.589416]}},{"type":"Feature","properties":{"s":1.06,"t":0},"geometry":{"type":"Point","coordinates":[77.007058,8.589168]}},{"type":"Feature","properties":{"s":1.07,"t":0},"geometry":{"type":"Point","coordinates":[77.007487,8.589246]}},{"type":"Feature","properties":{"s":0.82,"t":0},"geometry":{"type":"Point","coordinates":[77.007652,8.589265]}},{"type":"Feature","properties":{"s":1.34,"t":0},"geometry":{"type":"Point","coordinates":[77.008133,8.589328]}},{"type":"Feature","properties":{"s":0.76,"t":0},"geometry":{"type":"Point","coordinates":[77.008472,8.589431]}},{"type":"Feature","properties":{"s":1.32,"t":1},"geometry":{"type":"Point","coordinates":[76.984062,8.589539]}},{"type":"Feature","properties":{"s":0.96,"t":1},"geometry":{"type":"Point","coordinates":[76.98431,8.589529]}},{"type":"Feature","properties":{"s":1.33,"t":0},"geometry":{"type":"Point","coordinates":[76.985772,8.589804]}},{"type":"Feature","properties":{"s":0.97,"t":0},"geometry":{"type":"Point","coordinates":[76.985975,8.589618]}},{"type":"Feature","properties":{"s":1.1,"t":1},"geometry":{"type":"Point","coordinates":[76.98747,8.589623]}},{"type":"Feature","properties":{"s":1.05,"t":0},"geometry":{"type":"Point","coordinates":[76.987672,8.589603]}},{"type":"Feature","properties":{"s":0.79,"t":1},"geometry":{"type":"Point","coordinates":[76.988008,8.589562]}},{"type":"Feature","properties":{"s":1.23,"t":1},"geometry":{"type":"Point","coordinates":[76.988556,8.589786]}},{"type":"Feature","properties":{"s":1.27,"t":1},"geometry":{"type":"Point","coordinates":[76.989979,8.589852]}},{"type":"Feature","properties":{"s":1.15,"t":1},"geometry":{"type":"Point","coordinates":[76.990324,8.589635]}},{"type":"Feature","properties":{"s":1.28,"t":0},"geometry":{"type":"Point","coordinates":[76.990777,8.589692]}},{"type":"Feature","properties":{"s":1.3,"t":1},"geometry":{"type":"Point","coordinates":[76.991145,8.589599]}},{"type":"Feature","properties":{"s":1.09,"t":0},"geometry":{"type":"Point","coordinates":[76.991401,8.589517]}},{"type":"Feature","properties":{"s":0.84,"t":1},"geometry":{"type":"Point","coordinates":[76.992077,8.589692]}},{"type":"Feature","properties":{"s":1.3,"t":0},"geometry":{"type":"Point","coordinates":[76.992925,8.589554]}},{"type":"Feature","properties":{"s":1.32,"t":1},"geometry":{"type":"Point","coordinates":[76.993023,8.589654]}},{"type":"Feature","properties":{"s":0.78,"t":0},"geometry":{"type":"Point","coordinates":[76.99431,8.58968]}},{"type":"Feature","properties":{"s":1.06,"t":1},"geometry":{"type":"Point","coordinates":[77.001809,8.589553]}},{"type":"Feature","properties":{"s":1.1,"t":1},"geometry":{"type":"Point","coordinates":[77.002511,8.589682]}},{"type":"Feature","properties":{"s":1.12,"t":0},"geometry":{"type":"Point","coordinates":[77.002915,8.589844]}},{"type":"Feature","properties":{"s":1.26,"t":0},"geometry":{"type":"Point","coordinates":[77.003145,8.589603]}},{"type":"Feature","properties":{"s":1.24,"t":1},"geometry":{"type":"Point","coordinates":[77.004062,8.589727]}},{"type":"Feature","properties":{"s":1.3,"t":0},"geometry":{"type":"Point","coordinates":[77.004327,8.589589]}},{"type":"Feature","properties":{"s":1.27,"t":0},"geometry":{"type":"Point","coordinates":[77.005373,8.58965]}},{"type":"Feature","properties":{"s":1.21,"t":1},"geometry":{"type":"Point","coordinates":[77.005999,8.589763]}},{"type":"Feature","properties":{"s":0.82,"t":1},"geometry":{"type":"Point","coordinates":[77.006678,8.589858]}},{"type":"Feature","properties":{"s":0.96,"t":1},"geometry":{"type":"Point","coordinates":[77.006849,8.58971]}},{"type":"Feature","properties":{"s":0.98,"t":0},"geometry":{"type":"Point","coordinates":[77.007435,8.589837]}},{"type":"Feature","properties":{"s":1.32,"t":0},"geometry":{"type":"Point","coordinates":[77.007914,8.589845]}},{"type":"Feature","properties":{"s":0.89,"t":1},"geometry":{"type":"Point","coordinates":[77.008078,8.58963]}},{"type":"Feature","properties":{"s":1.26,"t":0},"geometry":{"type":"Point","coordinates":[77.00958,8.589648]}},{"type":"Feature","properties":{"s":0.88,"t":0},"geometry":{"type":"Point","coordinates":[76.981059,8.589981]}},{"type":"Feature","properties":{"s":0.96,"t":0},"geometry":{"type":"Point","coordinates":[76.982392,8.590074]}},{"type":"Feature","properties":{"s":1.12,"t":0},"geometry":{"type":"Point","coordinates":[76.982878,8.590267]}},{"type":"Feature","properties":{"s":1.17,"t":1},"geometry":{"type":"Point","coordinates":[76.983579,8.590172]}},{"type":"Feature","properties":{"s":0.79,"t":0},"geometry":{"type":"Point","coordinates":[76.984056,8.590222]}},{"type":"Feature","properties":{"s":0.8,"t":1},"geometry":{"type":"Point","coordinates":[76.985244,8.590177]}},{"type":"Feature","properties":{"s":0.99,"t":1},"geometry":{"type":"Point","coordinates":[76.985566,8.590211]}},{"type":"Feature","properties":{"s":1.03,"t":1},"geometry":{"type":"Point","coordinates":[76.986033,8.590179]}},{"type":"Feature","properties":{"s":1.2,"t":1},"geometry":{"type":"Point","coordinates":[76.986405,8.590011]}},{"type":"Feature","properties":{"s":1.12,"t":1},"geometry":{"type":"Point","coordinates":[76.987265,8.589977]}},{"type":"Feature","properties":{"s":0.75,"t":0},"geometry":{"type":"Point","coordinates":[76.987618,8.59025]}},{"type":"Feature","properties":{"s":1.07,"t":0},"geometry":{"type":"Point","coordinates":[76.98892,8.589998]}},{"type":"Feature","properties":{"s":1.04,"t":0},"geometry":{"type":"Point","coordinates":[76.990607,8.58995]}},{"type":"Feature","properties":{"s":0.92,"t":1},"geometry":{"type":"Point","coordinates":[76.991154,8.590185]}},{"type":"Feature","properties":{"s":0.74,"t":0},"geometry":{"type":"Point","coordinates":[76.99273,8.589975]}},{"type":"Feature","properties":{"s":1.0,"t":1},"geometry":{"type":"Point","coordinates":[76.993671,8.590217]}},{"type":"Feature","properties":{"s":1.1,"t":0},"geometry":{"type":"Point","coordinates":[76.993942,8.589934]}},{"type":"Feature","properties":{"s":0.98,"t":1},"geometry":{"type":"Point","coordinates":[76.99446,8.589994]}},{"type":"Feature","properties":{"s":1.03,"t":0},"geometry":{"type":"Point","coordinates":[76.994903,8.590061]}},{"type":"Feature","properties":{"s":1.0,"t":0},"geometry":{"type":"Point","coordinates":[76.997085,8.590075]}},{"type":"Feature","properties":{"s":1.3,"t":1},"geometry":{"type":"Point","coordinates":[76.997932,8.590252]}},{"type":"Feature","properties":{"s":1.24,"t":0},"geometry":{"type":"Point","coordinates":[77.000738,8.590076]}},{"type":"Feature","properties":{"s":1.13,"t":1},"geometry":{"type":"Point","coordinates":[77.000946,8.590027]}},{"type":"Feature","properties":{"s":0.88,"t":0},"geometry":{"type":"Point","coordinates":[77.001849,8.590162]}},{"type":"Feature","properties":{"s":1.12,"t":1},"geometry":{"type":"Point","coordinates":[77.004092,8.590006]}},{"type":"Feature","properties":{"s":1.16,"t":0},"geometry":{"type":"Point","coordinates":[77.004334,8.590071]}},{"type":"Feature","properties":{"s":1.22,"t":1},"geometry":{"type":"Point","coordinates":[77.004885,8.590132]}},{"type":"Feature","properties":{"s":1.0,"t":1},"geometry":{"type":"Point","coordinates":[77.005265,8.590117]}},{"type":"Feature","properties":{"s":1.22,"t":1},"geometry":{"type":"Point","coordinates":[77.0066,8.589986]}},{"type":"Feature","properties":{"s":1.23,"t":1},"geometry":{"type":"Point","coordinates":[77.007396,8.590208]}},{"type":"Feature","properties":{"s":1.07,"t":1},"geometry":{"type":"Point","coordinates":[77.007773,8.589944]}},{"type":"Feature","properties":{"s":1.07,"t":0},"geometry":{"type":"Point","coordinates":[77.008075,8.590089]}},{"type":"Feature","properties":{"s":0.82,"t":1},"geometry":{"type":"Point","coordinates":[77.009484,8.59018]}},{"type":"Feature","properties":{"s":1.23,"t":0},"geometry":{"type":"Point","coordinates":[76.980632,8.590385]}},{"type":"Feature","properties":{"s":0.94,"t":0},"geometry":{"type":"Point","coordinates":[76.981104,8.590481]}},{"type":"Feature","properties":{"s":0.94,"t":1},"geometry":{"type":"Point","coordinates":[76.981711,8.590643]}},{"type":"Feature","properties":{"s":0.86,"t":0},"geometry":{"type":"Point","coordinates":[76.982442,8.590514]}},{"type":"Feature","properties":{"s":1.26,"t":1},"geometry":{"type":"Point","coordinates":[76.982615,8.590472]}},{"type":"Feature","properties":{"s":0.86,"t":1},"geometry":{"type":"Point","coordinates":[76.983942,8.590685]}},{"type":"Feature","properties":{"s":0.93,"t":0},"geometry":{"type":"Point","coordinates":[76.984253,8.590404]}},{"type":"Feature","properties":{"s":1.16,"t":1},"geometry":{"type":"Point","coordinates":[76.985659,8.590352]}},{"type":"Feature","properties":{"s":0.81,"t":0},"geometry":{"type":"Point","coordinates":[76.986142,8.590601]}},{"type":"Feature","properties":{"s":1.24,"t":1},"geometry":{"type":"Point","coordinates":[76.988814,8.590399]}},{"type":"Feature","properties":{"s":1.25,"t":1},"geometry":{"type":"Point","coordinates":[76.989411,8.590685]}},{"type":"Feature","properties":{"s":0.86,"t":0},"geometry":{"type":"Point","coordinates":[76.993434,8.590688]}},{"type":"Feature","properties":{"s":1.12,"t":0},"geometry":{"type":"Point","coordinates":[76.99428,8.590382]}},{"type":"Feature","properties":{"s":1.21,"t":1},"geometry":{"type":"Point","coordinates":[76.996013,8.590525]}},{"type":"Feature","properties":{"s":1.03,"t":1},"geometry":{"type":"Point","coordinates":[77.002238,8.590597]}},{"type":"Feature","properties":{"s":1.25,"t":1},"geometry":{"type":"Point","coordinates":[77.00357,8.59067]}},{"type":"Feature","properties":{"s":1.11,"t":1},"geometry":{"type":"Point","coordinates":[77.004025,8.590532]}},{"type":"Feature","properties":{"s":1.27,"t":1},"geometry":{"type":"Point","coordinates":[77.004605,8.590695]}},{"type":"Feature","properties":{"s":0.82,"t":1},"geometry":{"type":"Point","coordinates":[77.00542,8.590519]}},{"type":"Feature","properties":{"s":1.32,"t":0},"geometry":{"type":"Point","coordinates":[77.00609,8.590446]}},{"type":"Feature","properties":{"s":0.77,"t":1},"geometry":{"type":"Point","coordinates":[77.007955,8.590391]}},{"type":"Feature","properties":{"s":1.23,"t":0},"geometry":{"type":"Point","coordinates":[77.008047,8.590612]}},{"type":"Feature","properties":{"s":1.17,"t":1},"geometry":{"type":"Point","coordinates":[77.008944,8.590348]}},{"type":"Feature","properties":{"s":1.18,"t":1},"geometry":{"type":"Point","coordinates":[76.980255,8.591026]}},{"type":"Feature","properties":{"s":0.99,"t":1},"geometry":{"type":"Point","coordinates":[76.982649,8.591107]}},{"type":"Feature","properties":{"s":1.06,"t":1},"geometry":{"type":"Point","coordinates":[76.984442,8.590999]}},{"type":"Feature","properties":{"s":0.94,"t":1},"geometry":{"type":"Point","coordinates":[76.985513,8.591101]}},{"type":"Feature","properties":{"s":1.24,"t":0},"geometry":{"type":"Point","coordinates":[76.987755,8.591048]}},{"type":"Feature","properties":{"s":1.28,"t":1},"geometry":{"type":"Point","coordinates":[76.989293,8.590766]}},{"type":"Feature","properties":{"s":1.24,"t":1},"geometry":{"type":"Point","coordinates":[76.989954,8.590997]}},{"type":"Feature","properties":{"s":1.12,"t":1},"geometry":{"type":"Point","coordinates":[76.990321,8.591108]}},{"type":"Feature","properties":{"s":0.93,"t":1},"geometry":{"type":"Point","coordinates":[76.992305,8.591047]}},{"type":"Feature","properties":{"s":0.84,"t":0},"geometry":{"type":"Point","coordinates":[76.992573,8.59079]}},{"type":"Feature","properties":{"s":0.8,"t":1},"geometry":{"type":"Point","coordinates":[76.993986,8.590846]}},{"type":"Feature","properties":{"s":1.29,"t":0},"geometry":{"type":"Point","coordinates":[76.994574,8.590822]}},{"type":"Feature","properties":{"s":1.33,"t":0},"geometry":{"type":"Point","coordinates":[76.996057,8.5909]}},{"type":"Feature","properties":{"s":0.9,"t":1},"geometry":{"type":"Point","coordinates":[76.998168,8.590784]}},{"type":"Feature","properties":{"s":1.03,"t":0},"geometry":{"type":"Point","coordinates":[76.998622,8.591095]}},{"type":"Feature","properties":{"s":0.91,"t":0},"geometry":{"type":"Point","coordinates":[77.001007,8.590874]}},{"type":"Feature","properties":{"s":0.85,"t":1},"geometry":{"type":"Point","coordinates":[77.002315,8.590936]}},{"type":"Feature","properties":{"s":0.89,"t":1},"geometry":{"type":"Point","coordinates":[77.003375,8.590873]}},{"type":"Feature","properties":{"s":1.23,"t":0},"geometry":{"type":"Point","coordinates":[77.003746,8.590972]}},{"type":"Feature","properties":{"s":0.96,"t":1},"geometry":{"type":"Point","coordinates":[77.004623,8.590937]}},{"type":"Feature","properties":{"s":1.14,"t":1},"geometry":{"type":"Point","coordinates":[77.004697,8.59081]}},{"type":"Feature","properties":{"s":0.99,"t":0},"geometry":{"type":"Point","coordinates":[77.005389,8.590943]}},{"type":"Feature","properties":{"s":0.87,"t":0},"geometry":{"type":"Point","coordinates":[77.006388,8.591034]}},{"type":"Feature","properties":{"s":1.17,"t":1},"geometry":{"type":"Point","coordinates":[77.010626,8.590949]}},{"type":"Feature","properties":{"s":1.13,"t":0},"geometry":{"type":"Point","coordinates":[77.011039,8.590986]}},{"type":"Feature","properties":{"s":1.08,"t":1},"geometry":{"type":"Point","coordinates":[76.980159,8.591474]}},{"type":"Feature","properties":{"s":0.95,"t":1},"geometry":{"type":"Point","coordinates":[76.98055,8.591181]}},{"type":"Feature","properties":{"s":0.97,"t":0},"geometry":{"type":"Point","coordinates":[76.981912,8.591439]}},{"type":"Feature","properties":{"s":1.27,"t":0},"geometry":{"type":"Point","coordinates":[76.982238,8.591393]}},{"type":"Feature","properties":{"s":1.16,"t":1},"geometry":{"type":"Point","coordinates":[76.983877,8.591487]}},{"type":"Feature","properties":{"s":0.89,"t":1},"geometry":{"type":"Point","coordinates":[76.987462,8.591258]}},{"type":"Feature","properties":{"s":1.12,"t":0},"geometry":{"type":"Point","coordinates":[76.98766,8.591237]}},{"type":"Feature","properties":{"s":1.32,"t":1},"geometry":{"type":"Point","coordinates":[76.988694,8.59127]}},{"type":"Feature","properties":{"s":0.83,"t":1},"geometry":{"type":"Point","coordinates":[76.989998,8.591204]}},{"type":"Feature","properties":{"s":1.25,"t":0},"geometry":{"type":"Point","coordinates":[76.990322,8.591443]}},{"type":"Feature","properties":{"s":0.77,"t":1},"geometry":{"type":"Point","coordinates":[76.992373,8.59118]}},{"type":"Feature","properties":{"s":0.94,"t":0},"geometry":{"type":"Point","coordinates":[76.992715,8.591196]}},{"type":"Feature","properties":{"s":1.11,"t":1},"geometry":{"type":"Point","coordinates":[76.993682,8.59133]}},{"type":"Feature","properties":{"s":1.01,"t":0},"geometry":{"type":"Point","coordinates":[76.994266,8.59131]}},{"type":"Feature","properties":{"s":0.84,"t":0},"geometry":{"type":"Point","coordinates":[76.998542,8.591311]}},{"type":"Feature","properties":{"s":1.27,"t":1},"geometry":{"type":"Point","coordinates":[76.999428,8.591196]}},{"type":"Feature","properties":{"s":1.02,"t":1},"geometry":{"type":"Point","coordinates":[77.000194,8.591516]}},{"type":"Feature","properties":{"s":1.1,"t":1},"geometry":{"type":"Point","coordinates":[77.001794,8.591187]}},{"type":"Feature","properties":{"s":1.18,"t":0},"geometry":{"type":"Point","coordinates":[77.002642,8.591318]}},{"type":"Feature","properties":{"s":1.33,"t":0},"geometry":{"type":"Point","coordinates":[77.003135,8.591215]}},{"type":"Feature","properties":{"s":1.28,"t":1},"geometry":{"type":"Point","coordinates":[77.003577,8.591362]}},{"type":"Feature","properties":{"s":1.32,"t":0},"geometry":{"type":"Point","coordinates":[77.003882,8.591345]}},{"type":"Feature","properties":{"s":0.98,"t":1},"geometry":{"type":"Point","coordinates":[77.004576,8.591224]}},{"type":"Feature","properties":{"s":0.95,"t":0},"geometry":{"type":"Point","coordinates":[77.006706,8.591499]}},{"type":"Feature","properties":{"s":0.97,"t":0},"geometry":{"type":"Point","coordinates":[77.006938,8.591378]}},{"type":"Feature","properties":{"s":0.96,"t":1},"geometry":{"type":"Point","coordinates":[77.010567,8.591227]}},{"type":"Feature","properties":{"s":1.11,"t":1},"geometry":{"type":"Point","coordinates":[77.011069,8.591341]}},{"type":"Feature","properties":{"s":1.19,"t":0},"geometry":{"type":"Point","coordinates":[76.979961,8.591825]}},{"type":"Feature","properties":{"s":0.89,"t":0},"geometry":{"type":"Point","coordinates":[76.980066,8.591804]}},{"type":"Feature","properties":{"s":1.01,"t":0},"geometry":{"type":"Point","coordinates":[76.980987,8.591649]}},{"type":"Feature","properties":{"s":1.21,"t":0},"geometry":{"type":"Point","coordinates":[76.982202,8.591931]}},{"type":"Feature","properties":{"s":0.94,"t":0},"geometry":{"type":"Point","coordinates":[76.983164,8.591808]}},{"type":"Feature","properties":{"s":0.98,"t":0},"geometry":{"type":"Point","coordinates":[76.983971,8.591739]}},{"type":"Feature","properties":{"s":1.24,"t":1},"geometry":{"type":"Point","coordinates":[76.984441,8.591699]}},{"type":"Feature","properties":{"s":1.3,"t":0},"geometry":{"type":"Point","coordinates":[76.984648,8.591786]}},{"type":"Feature","properties":{"s":1.27,"t":1},"geometry":{"type":"Point","coordinates":[76.985091,8.591595]}},{"type":"Feature","properties":{"s":0.97,"t":0},"geometry":{"type":"Point","coordinates":[76.985971,8.591848]}},{"type":"Feature","properties":{"s":1.21,"t":0},"geometry":{"type":"Point","coordinates":[76.986519,8.591792]}},{"type":"Feature","properties":{"s":1.09,"t":1},"geometry":{"type":"Point","coordinates":[76.986864,8.591745]}},{"type":"Feature","properties":{"s":0.98,"t":1},"geometry":{"type":"Point","coordinates":[76.987484,8.591602]}},{"type":"Feature","properties":{"s":1.3,"t":0},"geometry":{"type":"Point","coordinates":[76.988247,8.591924]}},{"type":"Feature","properties":{"s":0.97,"t":1},"geometry":{"type":"Point","coordinates":[76.988462,8.5916]}},{"type":"Feature","properties":{"s":1.26,"t":1},"geometry":{"type":"Point","coordinates":[76.988879,8.591817]}},{"type":"Feature","properties":{"s":0.95,"t":0},"geometry":{"type":"Point","coordinates":[76.992294,8.59182]}},{"type":"Feature","properties":{"s":1.12,"t":0},"geometry":{"type":"Point","coordinates":[76.994085,8.591912]}},{"type":"Feature","properties":{"s":1.08,"t":0},"geometry":{"type":"Point","coordinates":[76.997413,8.591918]}},{"type":"Feature","properties":{"s":1.2,"t":1},"geometry":{"type":"Point","coordinates":[76.998272,8.591861]}},{"type":"Feature","properties":{"s":1.11,"t":0},"geometry":{"type":"Point","coordinates":[76.998762,8.591629]}},{"type":"Feature","properties":{"s":1.0,"t":0},"geometry":{"type":"Point","coordinates":[76.999119,8.591792]}},{"type":"Feature","properties":{"s":1.33,"t":0},"geometry":{"type":"Point","coordinates":[76.999436,8.591896]}},{"type":"Feature","properties":{"s":0.86,"t":1},"geometry":{"type":"Point","coordinates":[77.000125,8.591672]}},{"type":"Feature","properties":{"s":1.28,"t":0},"geometry":{"type":"Point","coordinates":[77.000848,8.591837]}},{"type":"Feature","properties":{"s":0.89,"t":0},"geometry":{"type":"Point","coordinates":[77.003129,8.591604]}},{"type":"Feature","properties":{"s":0.83,"t":1},"geometry":{"type":"Point","coordinates":[77.004177,8.591753]}},{"type":"Feature","properties":{"s":0.93,"t":1},"geometry":{"type":"Point","coordinates":[77.005672,8.591695]}},{"type":"Feature","properties":{"s":1.09,"t":0},"geometry":{"type":"Point","coordinates":[77.0066,8.591634]}},{"type":"Feature","properties":{"s":1.19,"t":1},"geometry":{"type":"Point","coordinates":[77.009535,8.591608]}},{"type":"Feature","properties":{"s":1.26,"t":0},"geometry":{"type":"Point","coordinates":[77.010271,8.591682]}},{"type":"Feature","properties":{"s":0.76,"t":0},"geometry":{"type":"Point","coordinates":[77.01078,8.591904]}},{"type":"Feature","properties":{"s":0.8,"t":1},"geometry":{"type":"Point","coordinates":[77.011552,8.591931]}},{"type":"Feature","properties":{"s":1.09,"t":0},"geometry":{"type":"Point","coordinates":[77.014188,8.591886]}},{"type":"Feature","properties":{"s":0.99,"t":1},"geometry":{"type":"Point","coordinates":[76.980036,8.59228]}},{"type":"Feature","properties":{"s":1.2,"t":1},"geometry":{"type":"Point","coordinates":[76.981141,8.592304]}},{"type":"Feature","properties":{"s":0.77,"t":1},"geometry":{"type":"Point","coordinates":[76.981407,8.592071]}},{"type":"Feature","properties":{"s":0.84,"t":1},"geometry":{"type":"Point","coordinates":[76.981959,8.592107]}},{"type":"Feature","properties":{"s":0.97,"t":0},"geometry":{"type":"Point","coordinates":[76.982268,8.592133]}},{"type":"Feature","properties":{"s":0.75,"t":1},"geometry":{"type":"Point","coordinates":[76.982688,8.592154]}},{"type":"Feature","properties":{"s":1.07,"t":1},"geometry":{"type":"Point","coordinates":[76.983045,8.592332]}},{"type":"Feature","properties":{"s":1.13,"t":1},"geometry":{"type":"Point","coordinates":[76.98409,8.592121]}},{"type":"Feature","properties":{"s":1.07,"t":1},"geometry":{"type":"Point","coordinates":[76.985128,8.592083]}},{"type":"Feature","properties":{"s":1.04,"t":1},"geometry":{"type":"Point","coordinates":[76.985524,8.5922]}},{"type":"Feature","properties":{"s":0.95,"t":1},"geometry":{"type":"Point","coordinates":[76.986174,8.592048]}},{"type":"Feature","properties":{"s":0.84,"t":1},"geometry":{"type":"Point","coordinates":[76.986445,8.592097]}},{"type":"Feature","properties":{"s":1.0,"t":0},"geometry":{"type":"Point","coordinates":[76.988664,8.592096]}},{"type":"Feature","properties":{"s":1.22,"t":0},"geometry":{"type":"Point","coordinates":[76.991609,8.592334]}},{"type":"Feature","properties":{"s":1.24,"t":0},"geometry":{"type":"Point","coordinates":[76.993939,8.592139]}},{"type":"Feature","properties":{"s":1.32,"t":1},"geometry":{"type":"Point","coordinates":[76.994465,8.592159]}},{"type":"Feature","properties":{"s":0.86,"t":0},"geometry":{"type":"Point","coordinates":[76.996075,8.592263]}},{"type":"Feature","properties":{"s":1.32,"t":1},"geometry":{"type":"Point","coordinates":[76.997319,8.592147]}},{"type":"Feature","properties":{"s":1.11,"t":1},"geometry":{"type":"Point","coordinates":[76.998297,8.592037]}},{"type":"Feature","properties":{"s":1.29,"t":1},"geometry":{"type":"Point","coordinates":[76.998536,8.592195]}},{"type":"Feature","properties":{"s":0.88,"t":1},"geometry":{"type":"Point","coordinates":[76.999504,8.592297]}},{"type":"Feature","properties":{"s":1.08,"t":0},"geometry":{"type":"Point","coordinates":[76.999936,8.592099]}},{"type":"Feature","properties":{"s":0.87,"t":1},"geometry":{"type":"Point","coordinates":[77.001256,8.59216]}},{"type":"Feature","properties":{"s":1.1,"t":1},"geometry":{"type":"Point","coordinates":[77.002442,8.592079]}},{"type":"Feature","properties":{"s":1.06,"t":1},"geometry":{"type":"Point","coordinates":[77.003877,8.592033]}},{"type":"Feature","properties":{"s":1.0,"t":0},"geometry":{"type":"Point","coordinates":[77.004337,8.592327]}},{"type":"Feature","properties":{"s":1.1,"t":0},"geometry":{"type":"Point","coordinates":[77.006153,8.592074]}},{"type":"Feature","properties":{"s":1.28,"t":0},"geometry":{"type":"Point","coordinates":[77.008651,8.592195]}},{"type":"Feature","properties":{"s":1.13,"t":1},"geometry":{"type":"Point","coordinates":[77.010875,8.592148]}},{"type":"Feature","properties":{"s":1.15,"t":0},"geometry":{"type":"Point","coordinates":[77.011839,8.592253]}},{"type":"Feature","properties":{"s":1.03,"t":0},"geometry":{"type":"Point","coordinates":[77.014022,8.592188]}},{"type":"Feature","properties":{"s":0.88,"t":0},"geometry":{"type":"Point","coordinates":[76.979533,8.592461]}},{"type":"Feature","properties":{"s":1.08,"t":1},"geometry":{"type":"Point","coordinates":[76.979677,8.592775]}},{"type":"Feature","properties":{"s":1.0,"t":1},"geometry":{"type":"Point","coordinates":[76.981317,8.592469]}},{"type":"Feature","properties":{"s":1.27,"t":0},"geometry":{"type":"Point","coordinates":[76.981799,8.592637]}},{"type":"Feature","properties":{"s":1.31,"t":0},"geometry":{"type":"Point","coordinates":[76.982661,8.592716]}},{"type":"Feature","properties":{"s":1.13,"t":1},"geometry":{"type":"Point","coordinates":[76.984104,8.592435]}},{"type":"Feature","properties":{"s":0.84,"t":0},"geometry":{"type":"Point","coordinates":[76.986528,8.592547]}},{"type":"Feature","properties":{"s":1.11,"t":0},"geometry":{"type":"Point","coordinates":[76.987172,8.59271]}},{"type":"Feature","properties":{"s":1.12,"t":0},"geometry":{"type":"Point","coordinates":[76.987885,8.592657]}},{"type":"Feature","properties":{"s":1.17,"t":1},"geometry":{"type":"Point","coordinates":[76.988513,8.592672]}},{"type":"Feature","properties":{"s":0.85,"t":0},"geometry":{"type":"Point","coordinates":[76.988911,8.592518]}},{"type":"Feature","properties":{"s":0.73,"t":1},"geometry":{"type":"Point","coordinates":[76.989252,8.592508]}},{"type":"Feature","properties":{"s":0.96,"t":1},"geometry":{"type":"Point","coordinates":[76.989738,8.592703]}},{"type":"Feature","properties":{"s":1.05,"t":0},"geometry":{"type":"Point","coordinates":[76.990696,8.592724]}},{"type":"Feature","properties":{"s":0.87,"t":1},"geometry":{"type":"Point","coordinates":[76.991471,8.592521]}},{"type":"Feature","properties":{"s":0.98,"t":1},"geometry":{"type":"Point","coordinates":[76.991879,8.592597]}},{"type":"Feature","properties":{"s":1.03,"t":0},"geometry":{"type":"Point","coordinates":[76.993031,8.592691]}},{"type":"Feature","properties":{"s":1.26,"t":0},"geometry":{"type":"Point","coordinates":[76.998168,8.592703]}},{"type":"Feature","properties":{"s":0.81,"t":1},"geometry":{"type":"Point","coordinates":[76.998707,8.592523]}},{"type":"Feature","properties":{"s":0.8,"t":1},"geometry":{"type":"Point","coordinates":[76.999064,8.592579]}},{"type":"Feature","properties":{"s":0.98,"t":0},"geometry":{"type":"Point","coordinates":[76.999558,8.592726]}},{"type":"Feature","properties":{"s":1.17,"t":0},"geometry":{"type":"Point","coordinates":[76.999946,8.592662]}},{"type":"Feature","properties":{"s":1.0,"t":1},"geometry":{"type":"Point","coordinates":[77.000315,8.592491]}},{"type":"Feature","properties":{"s":1.15,"t":0},"geometry":{"type":"Point","coordinates":[77.001236,8.592524]}},{"type":"Feature","properties":{"s":1.15,"t":0},"geometry":{"type":"Point","coordinates":[77.001888,8.592593]}},{"type":"Feature","properties":{"s":0.98,"t":0},"geometry":{"type":"Point","coordinates":[77.005375,8.59248]}},{"type":"Feature","properties":{"s":1.27,"t":0},"geometry":{"type":"Point","coordinates":[77.010026,8.592581]}},{"type":"Feature","properties":{"s":0.81,"t":1},"geometry":{"type":"Point","coordinates":[77.010581,8.592619]}},{"type":"Feature","properties":{"s":1.01,"t":0},"geometry":{"type":"Point","coordinates":[77.011989,8.592751]}},{"type":"Feature","properties":{"s":0.98,"t":0},"geometry":{"type":"Point","coordinates":[77.012508,8.592664]}},{"type":"Feature","properties":{"s":1.2,"t":0},"geometry":{"type":"Point","coordinates":[77.013299,8.592515]}},{"type":"Feature","properties":{"s":0.81,"t":1},"geometry":{"type":"Point","coordinates":[77.013572,8.592763]}},{"type":"Feature","properties":{"s":1.32,"t":0},"geometry":{"type":"Point","coordinates":[76.972527,8.59308]}},{"type":"Feature","properties":{"s":1.33,"t":1},"geometry":{"type":"Point","coordinates":[76.973102,8.593085]}},{"type":"Feature","properties":{"s":0.84,"t":1},"geometry":{"type":"Point","coordinates":[76.979725,8.593163]}},{"type":"Feature","properties":{"s":0.94,"t":1},"geometry":{"type":"Point","coordinates":[76.9807,8.59314]}},{"type":"Feature","properties":{"s":1.24,"t":0},"geometry":{"type":"Point","coordinates":[76.981068,8.593145]}},{"type":"Feature","properties":{"s":1.32,"t":1},"geometry":{"type":"Point","coordinates":[76.981536,8.592963]}},{"type":"Feature","properties":{"s":0.77,"t":0},"geometry":{"type":"Point","coordinates":[76.982758,8.593002]}},{"type":"Feature","properties":{"s":0.9,"t":1},"geometry":{"type":"Point","coordinates":[76.983069,8.593032]}},{"type":"Feature","properties":{"s":0.85,"t":0},"geometry":{"type":"Point","coordinates":[76.986031,8.592983]}},{"type":"Feature","properties":{"s":1.17,"t":1},"geometry":{"type":"Point","coordinates":[76.98707,8.592917]}},{"type":"Feature","properties":{"s":0.79,"t":1},"geometry":{"type":"Point","coordinates":[76.987712,8.592988]}},{"type":"Feature","properties":{"s":1.19,"t":1},"geometry":{"type":"Point","coordinates":[76.988123,8.592878]}},{"type":"Feature","properties":{"s":0.77,"t":0},"geometry":{"type":"Point","coordinates":[76.98861,8.592954]}},{"type":"Feature","properties":{"s":1.17,"t":0},"geometry":{"type":"Point","coordinates":[76.992997,8.592971]}},{"type":"Feature","properties":{"s":1.15,"t":0},"geometry":{"type":"Point","coordinates":[76.994824,8.593075]}},{"type":"Feature","properties":{"s":1.19,"t":0},"geometry":{"type":"Point","coordinates":[76.995987,8.592888]}},{"type":"Feature","properties":{"s":1.32,"t":1},"geometry":{"type":"Point","coordinates":[76.997511,8.593087]}},{"type":"Feature","properties":{"s":0.98,"t":0},"geometry":{"type":"Point","coordinates":[76.998307,8.592982]}},{"type":"Feature","properties":{"s":0.92,"t":1},"geometry":{"type":"Point","coordinates":[76.998558,8.592858]}},{"type":"Feature","properties":{"s":1.28,"t":1},"geometry":{"type":"Point","coordinates":[76.998965,8.593025]}},{"type":"Feature","properties":{"s":1.27,"t":1},"geometry":{"type":"Point","coordinates":[76.999604,8.593032]}},{"type":"Feature","properties":{"s":0.97,"t":0},"geometry":{"type":"Point","coordinates":[76.999711,8.592902]}},{"type":"Feature","properties":{"s":1.32,"t":0},"geometry":{"type":"Point","coordinates":[77.003145,8.593105]}},{"type":"Feature","properties":{"s":0.73,"t":1},"geometry":{"type":"Point","coordinates":[77.003779,8.593077]}},{"type":"Feature","properties":{"s":1.34,"t":1},"geometry":{"type":"Point","coordinates":[77.004559,8.592926]}},{"type":"Feature","properties":{"s":0.84,"t":0},"geometry":{"type":"Point","coordinates":[77.004911,8.592931]}},{"type":"Feature","properties":{"s":1.24,"t":1},"geometry":{"type":"Point","coordinates":[77.005957,8.593148]}},{"type":"Feature","properties":{"s":1.19,"t":1},"geometry":{"type":"Point","coordinates":[77.006468,8.593122]}},{"type":"Feature","properties":{"s":1.16,"t":0},"geometry":{"type":"Point","coordinates":[77.006931,8.593181]}},{"type":"Feature","properties":{"s":0.77,"t":0},"geometry":{"type":"Point","coordinates":[77.007744,8.592946]}},{"type":"Feature","properties":{"s":1.27,"t":0},"geometry":{"type":"Point","coordinates":[77.010144,8.593035]}},{"type":"Feature","properties":{"s":1.29,"t":0},"geometry":{"type":"Point","coordinates":[77.011546,8.593089]}},{"type":"Feature","properties":{"s":0.94,"t":1},"geometry":{"type":"Point","coordinates":[77.011992,8.592925]}},{"type":"Feature","properties":{"s":0.94,"t":0},"geometry":{"type":"Point","coordinates":[77.012428,8.592859]}},{"type":"Feature","properties":{"s":1.17,"t":1},"geometry":{"type":"Point","coordinates":[77.012939,8.592901]}},{"type":"Feature","properties":{"s":0.81,"t":1},"geometry":{"type":"Point","coordinates":[77.013106,8.592996]}},{"type":"Feature","properties":{"s":1.04,"t":1},"geometry":{"type":"Point","coordinates":[77.015799,8.59285]}},{"type":"Feature","properties":{"s":0.98,"t":0},"geometry":{"type":"Point","coordinates":[76.979347,8.593316]}},{"type":"Feature","properties":{"s":0.77,"t":1},"geometry":{"type":"Point","coordinates":[76.979751,8.593293]}},{"type":"Feature","properties":{"s":0.78,"t":1},"geometry":{"type":"Point","coordinates":[76.980297,8.593497]}},{"type":"Feature","properties":{"s":1.07,"t":1},"geometry":{"type":"Point","coordinates":[76.980515,8.593523]}},{"type":"Feature","properties":{"s":0.97,"t":1},"geometry":{"type":"Point","coordinates":[76.98122,8.593414]}},{"type":"Feature","properties":{"s":0.86,"t":0},"geometry":{"type":"Point","coordinates":[76.981293,8.593433]}},{"type":"Feature","properties":{"s":0.77,"t":1},"geometry":{"type":"Point","coordinates":[76.98216,8.593608]}},{"type":"Feature","properties":{"s":1.2,"t":1},"geometry":{"type":"Point","coordinates":[76.98261,8.593287]}},{"type":"Feature","properties":{"s":0.95,"t":1},"geometry":{"type":"Point","coordinates":[76.982994,8.593397]}},{"type":"Feature","properties":{"s":1.22,"t":0},"geometry":{"type":"Point","coordinates":[76.984856,8.593338]}},{"type":"Feature","properties":{"s":1.01,"t":0},"geometry":{"type":"Point","coordinates":[76.98599,8.593602]}},{"type":"Feature","properties":{"s":1.15,"t":1},"geometry":{"type":"Point","coordinates":[76.986458,8.59344]}},{"type":"Feature","properties":{"s":0.73,"t":1},"geometry":{"type":"Point","coordinates":[76.987719,8.593592]}},{"type":"Feature","properties":{"s":0.84,"t":0},"geometry":{"type":"Point","coordinates":[76.988011,8.593412]}},{"type":"Feature","properties":{"s":1.11,"t":0},"geometry":{"type":"Point","coordinates":[76.988729,8.593385]}},{"type":"Feature","properties":{"s":0.84,"t":1},"geometry":{"type":"Point","coordinates":[76.988911,8.593325]}},{"type":"Feature","properties":{"s":1.17,"t":1},"geometry":{"type":"Point","coordinates":[76.991616,8.593507]}},{"type":"Feature","properties":{"s":1.11,"t":0},"geometry":{"type":"Point","coordinates":[76.991801,8.593534]}},{"type":"Feature","properties":{"s":1.31,"t":0},"geometry":{"type":"Point","coordinates":[76.992809,8.593581]}},{"type":"Feature","properties":{"s":0.84,"t":1},"geometry":{"type":"Point","coordinates":[76.994359,8.593412]}},{"type":"Feature","properties":{"s":0.91,"t":1},"geometry":{"type":"Point","coordinates":[76.996772,8.593332]}},{"type":"Feature","properties":{"s":0.93,"t":1},"geometry":{"type":"Point","coordinates":[76.99919,8.593288]}},{"type":"Feature","properties":{"s":1.21,"t":1},"geometry":{"type":"Point","coordinates":[76.999335,8.593471]}},{"type":"Feature","properties":{"s":0.84,"t":0},"geometry":{"type":"Point","coordinates":[77.000316,8.593391]}},{"type":"Feature","properties":{"s":1.23,"t":0},"geometry":{"type":"Point","coordinates":[77.000723,8.593277]}},{"type":"Feature","properties":{"s":0.81,"t":0},"geometry":{"type":"Point","coordinates":[77.001229,8.593415]}},{"type":"Feature","properties":{"s":0.85,"t":1},"geometry":{"type":"Point","coordinates":[77.001661,8.593581]}},{"type":"Feature","properties":{"s":0.8,"t":0},"geometry":{"type":"Point","coordinates":[77.001787,8.593599]}},{"type":"Feature","properties":{"s":0.9,"t":1},"geometry":{"type":"Point","coordinates":[77.003237,8.593413]}},{"type":"Feature","properties":{"s":0.72,"t":1},"geometry":{"type":"Point","coordinates":[77.003621,8.593374]}},{"type":"Feature","properties":{"s":0.94,"t":0},"geometry":{"type":"Point","coordinates":[77.004095,8.593495]}},{"type":"Feature","properties":{"s":1.15,"t":1},"geometry":{"type":"Point","coordinates":[77.004514,8.593477]}},{"type":"Feature","properties":{"s":0.75,"t":0},"geometry":{"type":"Point","coordinates":[77.004786,8.593295]}},{"type":"Feature","properties":{"s":1.02,"t":0},"geometry":{"type":"Point","coordinates":[77.006563,8.593456]}},{"type":"Feature","properties":{"s":1.09,"t":0},"geometry":{"type":"Point","coordinates":[77.006886,8.593337]}},{"type":"Feature","properties":{"s":1.14,"t":0},"geometry":{"type":"Point","coordinates":[77.011703,8.593551]}},{"type":"Feature","properties":{"s":0.89,"t":1},"geometry":{"type":"Point","coordinates":[77.011805,8.593348]}},{"type":"Feature","properties":{"s":1.12,"t":1},"geometry":{"type":"Point","coordinates":[77.012387,8.593588]}},{"type":"Feature","properties":{"s":0.82,"t":1},"geometry":{"type":"Point","coordinates":[77.013106,8.593317]}},{"type":"Feature","properties":{"s":1.28,"t":1},"geometry":{"type":"Point","coordinates":[77.014191,8.593429]}},{"type":"Feature","properties":{"s":0.96,"t":1},"geometry":{"type":"Point","coordinates":[77.014557,8.59361]}},{"type":"Feature","properties":{"s":1.16,"t":0},"geometry":{"type":"Point","coordinates":[76.972172,8.593829]}},{"type":"Feature","properties":{"s":0.88,"t":0},"geometry":{"type":"Point","coordinates":[76.973146,8.593755]}},{"type":"Feature","properties":{"s":0.87,"t":0},"geometry":{"type":"Point","coordinates":[76.97529,8.593728]}},{"type":"Feature","properties":{"s":1.19,"t":0},"geometry":{"type":"Point","coordinates":[76.979468,8.593804]}},{"type":"Feature","properties":{"s":1.2,"t":1},"geometry":{"type":"Point","coordinates":[76.979665,8.593941]}},{"type":"Feature","properties":{"s":1.13,"t":1},"geometry":{"type":"Point","coordinates":[76.980536,8.593807]}},{"type":"Feature","properties":{"s":0.95,"t":1},"geometry":{"type":"Point","coordinates":[76.981138,8.593877]}},{"type":"Feature","properties":{"s":0.85,"t":1},"geometry":{"type":"Point","coordinates":[76.981363,8.593993]}},{"type":"Feature","properties":{"s":1.25,"t":0},"geometry":{"type":"Point","coordinates":[76.98178,8.593936]}},{"type":"Feature","properties":{"s":1.29,"t":1},"geometry":{"type":"Point","coordinates":[76.982468,8.59396]}},{"type":"Feature","properties":{"s":0.95,"t":0},"geometry":{"type":"Point","coordinates":[76.982865,8.593718]}},{"type":"Feature","properties":{"s":0.84,"t":1},"geometry":{"type":"Point","coordinates":[76.983001,8.593726]}},{"type":"Feature","properties":{"s":0.98,"t":1},"geometry":{"type":"Point","coordinates":[76.984647,8.593848]}},{"type":"Feature","properties":{"s":0.82,"t":1},"geometry":{"type":"Point","coordinates":[76.985378,8.593882]}},{"type":"Feature","properties":{"s":0.9,"t":1},"geometry":{"type":"Point","coordinates":[76.98558,8.593805]}},{"type":"Feature","properties":{"s":1.23,"t":1},"geometry":{"type":"Point","coordinates":[76.986151,8.594008]}},{"type":"Feature","properties":{"s":1.12,"t":1},"geometry":{"type":"Point","coordinates":[76.988399,8.593992]}},{"type":"Feature","properties":{"s":1.07,"t":0},"geometry":{"type":"Point","coordinates":[76.989234,8.593828]}},{"type":"Feature","properties":{"s":1.08,"t":1},"geometry":{"type":"Point","coordinates":[76.989873,8.593763]}},{"type":"Feature","properties":{"s":0.88,"t":0},"geometry":{"type":"Point","coordinates":[76.99061,8.593687]}},{"type":"Feature","properties":{"s":0.91,"t":1},"geometry":{"type":"Point","coordinates":[76.991552,8.593939]}},{"type":"Feature","properties":{"s":1.07,"t":1},"geometry":{"type":"Point","coordinates":[76.992081,8.59377]}},{"type":"Feature","properties":{"s":0.75,"t":0},"geometry":{"type":"Point","coordinates":[76.99348,8.593806]}},{"type":"Feature","properties":{"s":1.17,"t":0},"geometry":{"type":"Point","coordinates":[76.993867,8.593677]}},{"type":"Feature","properties":{"s":0.87,"t":1},"geometry":{"type":"Point","coordinates":[76.994551,8.593822]}},{"type":"Feature","properties":{"s":1.05,"t":1},"geometry":{"type":"Point","coordinates":[77.000419,8.593793]}},{"type":"Feature","properties":{"s":1.03,"t":1},"geometry":{"type":"Point","coordinates":[77.000843,8.593702]}},{"type":"Feature","properties":{"s":1.17,"t":1},"geometry":{"type":"Point","coordinates":[77.001095,8.593988]}},{"type":"Feature","properties":{"s":1.27,"t":0},"geometry":{"type":"Point","coordinates":[77.001659,8.593675]}},{"type":"Feature","properties":{"s":1.01,"t":1},"geometry":{"type":"Point","coordinates":[77.001928,8.593823]}},{"type":"Feature","properties":{"s":1.08,"t":0},"geometry":{"type":"Point","coordinates":[77.002439,8.593695]}},{"type":"Feature","properties":{"s":1.14,"t":0},"geometry":{"type":"Point","coordinates":[77.003288,8.593946]}},{"type":"Feature","properties":{"s":0.76,"t":0},"geometry":{"type":"Point","coordinates":[77.003503,8.593785]}},{"type":"Feature","properties":{"s":0.91,"t":1},"geometry":{"type":"Point","coordinates":[77.003902,8.593704]}},{"type":"Feature","properties":{"s":0.85,"t":1},"geometry":{"type":"Point","coordinates":[77.004543,8.593899]}},{"type":"Feature","properties":{"s":0.85,"t":0},"geometry":{"type":"Point","coordinates":[77.004697,8.593922]}},{"type":"Feature","properties":{"s":1.28,"t":0},"geometry":{"type":"Point","coordinates":[77.00584,8.593909]}},{"type":"Feature","properties":{"s":0.95,"t":1},"geometry":{"type":"Point","coordinates":[77.006423,8.593716]}},{"type":"Feature","properties":{"s":1.12,"t":1},"geometry":{"type":"Point","coordinates":[77.007871,8.593887]}},{"type":"Feature","properties":{"s":0.88,"t":0},"geometry":{"type":"Point","coordinates":[77.009455,8.593782]}},{"type":"Feature","properties":{"s":1.31,"t":0},"geometry":{"type":"Point","coordinates":[77.012434,8.593676]}},{"type":"Feature","properties":{"s":0.88,"t":0},"geometry":{"type":"Point","coordinates":[77.01316,8.593776]}},{"type":"Feature","properties":{"s":1.32,"t":1},"geometry":{"type":"Point","coordinates":[77.01354,8.593873]}},{"type":"Feature","properties":{"s":1.28,"t":0},"geometry":{"type":"Point","coordinates":[77.014178,8.593741]}},{"type":"Feature","properties":{"s":1.17,"t":1},"geometry":{"type":"Point","coordinates":[77.014413,8.59397]}},{"type":"Feature","properties":{"s":1.0,"t":0},"geometry":{"type":"Point","coordinates":[77.014825,8.593749]}},{"type":"Feature","properties":{"s":1.28,"t":0},"geometry":{"type":"Point","coordinates":[76.97029,8.594292]}},{"type":"Feature","properties":{"s":0.91,"t":1},"geometry":{"type":"Point","coordinates":[76.970429,8.59431]}},{"type":"Feature","properties":{"s":0.81,"t":0},"geometry":{"type":"Point","coordinates":[76.971598,8.594243]}},{"type":"Feature","properties":{"s":0.74,"t":1},"geometry":{"type":"Point","coordinates":[76.971966,8.594194]}},{"type":"Feature","properties":{"s":1.03,"t":1},"geometry":{"type":"Point","coordinates":[76.972223,8.5941]}},{"type":"Feature","properties":{"s":1.04,"t":1},"geometry":{"type":"Point","coordinates":[76.973381,8.594442]}},{"type":"Feature","properties":{"s":1.15,"t":0},"geometry":{"type":"Point","coordinates":[76.97383,8.594326]}},{"type":"Feature","properties":{"s":0.73,"t":0},"geometry":{"type":"Point","coordinates":[76.974293,8.594358]}},{"type":"Feature","properties":{"s":0.98,"t":1},"geometry":{"type":"Point","coordinates":[76.974647,8.594345]}},{"type":"Feature","properties":{"s":1.25,"t":0},"geometry":{"type":"Point","coordinates":[76.975357,8.59422]}},{"type":"Feature","properties":{"s":1.06,"t":0},"geometry":{"type":"Point","coordinates":[76.975696,8.594301]}},{"type":"Feature","properties":{"s":1.11,"t":0},"geometry":{"type":"Point","coordinates":[76.976916,8.594096]}},{"type":"Feature","properties":{"s":1.04,"t":0},"geometry":{"type":"Point","coordinates":[76.977702,8.59409]}},{"type":"Feature","properties":{"s":0.88,"t":1},"geometry":{"type":"Point","coordinates":[76.978079,8.594325]}},{"type":"Feature","properties":{"s":0.95,"t":0},"geometry":{"type":"Point","coordinates":[76.979275,8.594409]}},{"type":"Feature","properties":{"s":0.87,"t":1},"geometry":{"type":"Point","coordinates":[76.979929,8.594272]}},{"type":"Feature","properties":{"s":1.11,"t":1},"geometry":{"type":"Point","coordinates":[76.981156,8.59413]}},{"type":"Feature","properties":{"s":1.07,"t":0},"geometry":{"type":"Point","coordinates":[76.981619,8.594235]}},{"type":"Feature","properties":{"s":0.94,"t":0},"geometry":{"type":"Point","coordinates":[76.982391,8.5942]}},{"type":"Feature","properties":{"s":0.99,"t":1},"geometry":{"type":"Point","coordinates":[76.982655,8.594122]}},{"type":"Feature","properties":{"s":1.12,"t":0},"geometry":{"type":"Point","coordinates":[76.984924,8.594214]}},{"type":"Feature","properties":{"s":1.24,"t":1},"geometry":{"type":"Point","coordinates":[76.986574,8.594325]}},{"type":"Feature","properties":{"s":1.29,"t":1},"geometry":{"type":"Point","coordinates":[76.986958,8.594215]}},{"type":"Feature","properties":{"s":0.87,"t":1},"geometry":{"type":"Point","coordinates":[76.987635,8.594392]}},{"type":"Feature","properties":{"s":1.14,"t":1},"geometry":{"type":"Point","coordinates":[76.988217,8.594342]}},{"type":"Feature","properties":{"s":1.32,"t":1},"geometry":{"type":"Point","coordinates":[76.988653,8.594327]}},{"type":"Feature","properties":{"s":1.03,"t":1},"geometry":{"type":"Point","coordinates":[76.99092,8.594144]}},{"type":"Feature","properties":{"s":0.87,"t":0},"geometry":{"type":"Point","coordinates":[76.991842,8.594193]}},{"type":"Feature","properties":{"s":1.31,"t":0},"geometry":{"type":"Point","coordinates":[76.994116,8.59423]}},{"type":"Feature","properties":{"s":1.17,"t":0},"geometry":{"type":"Point","coordinates":[76.996031,8.594137]}},{"type":"Feature","properties":{"s":0.79,"t":1},"geometry":{"type":"Point","coordinates":[76.998331,8.594284]}},{"type":"Feature","properties":{"s":0.87,"t":0},"geometry":{"type":"Point","coordinates":[76.998582,8.594326]}},{"type":"Feature","properties":{"s":1.1,"t":1},"geometry":{"type":"Point","coordinates":[76.999113,8.594248]}},{"type":"Feature","properties":{"s":0.88,"t":1},"geometry":{"type":"Point","coordinates":[76.999547,8.59416]}},{"type":"Feature","properties":{"s":0.92,"t":0},"geometry":{"type":"Point","coordinates":[77.001221,8.594373]}},{"type":"Feature","properties":{"s":0.77,"t":0},"geometry":{"type":"Point","coordinates":[77.002738,8.594434]}},{"type":"Feature","properties":{"s":0.88,"t":1},"geometry":{"type":"Point","coordinates":[77.003262,8.594264]}},{"type":"Feature","properties":{"s":1.33,"t":0},"geometry":{"type":"Point","coordinates":[77.003693,8.594407]}},{"type":"Feature","properties":{"s":1.05,"t":1},"geometry":{"type":"Point","coordinates":[77.003888,8.594381]}},{"type":"Feature","properties":{"s":1.16,"t":0},"geometry":{"type":"Point","coordinates":[77.004478,8.594146]}},{"type":"Feature","properties":{"s":0.91,"t":0},"geometry":{"type":"Point","coordinates":[77.004745,8.594125]}},{"type":"Feature","properties":{"s":1.13,"t":1},"geometry":{"type":"Point","coordinates":[77.007426,8.594109]}},{"type":"Feature","properties":{"s":0.8,"t":1},"geometry":{"type":"Point","coordinates":[77.008199,8.594289]}},{"type":"Feature","properties":{"s":0.81,"t":1},"geometry":{"type":"Point","coordinates":[77.009217,8.594182]}},{"type":"Feature","properties":{"s":1.32,"t":1},"geometry":{"type":"Point","coordinates":[77.013236,8.594115]}},{"type":"Feature","properties":{"s":0.84,"t":1},"geometry":{"type":"Point","coordinates":[77.013594,8.594108]}},{"type":"Feature","properties":{"s":0.82,"t":0},"geometry":{"type":"Point","coordinates":[77.013912,8.594407]}},{"type":"Feature","properties":{"s":0.84,"t":0},"geometry":{"type":"Point","coordinates":[77.014581,8.594298]}},{"type":"Feature","properties":{"s":0.87,"t":0},"geometry":{"type":"Point","coordinates":[77.015039,8.594153]}},{"type":"Feature","properties":{"s":0.95,"t":0},"geometry":{"type":"Point","coordinates":[77.015328,8.594417]}},{"type":"Feature","properties":{"s":0.77,"t":1},"geometry":{"type":"Point","coordinates":[77.015632,8.594162]}},{"type":"Feature","properties":{"s":1.24,"t":0},"geometry":{"type":"Point","coordinates":[76.97031,8.594817]}},{"type":"Feature","properties":{"s":0.91,"t":0},"geometry":{"type":"Point","coordinates":[76.970644,8.594636]}},{"type":"Feature","properties":{"s":0.91,"t":0},"geometry":{"type":"Point","coordinates":[76.970962,8.59471]}},{"type":"Feature","properties":{"s":1.04,"t":0},"geometry":{"type":"Point","coordinates":[76.971523,8.594683]}},{"type":"Feature","properties":{"s":1.03,"t":0},"geometry":{"type":"Point","coordinates":[76.973372,8.594734]}},{"type":"Feature","properties":{"s":0.77,"t":1},"geometry":{"type":"Point","coordinates":[76.974443,8.594701]}},{"type":"Feature","properties":{"s":1.02,"t":1},"geometry":{"type":"Point","coordinates":[76.974644,8.594799]}},{"type":"Feature","properties":{"s":0.88,"t":1},"geometry":{"type":"Point","coordinates":[76.975144,8.594818]}},{"type":"Feature","properties":{"s":0.73,"t":0},"geometry":{"type":"Point","coordinates":[76.975582,8.594784]}},{"type":"Feature","properties":{"s":1.31,"t":0},"geometry":{"type":"Point","coordinates":[76.976887,8.594733]}},{"type":"Feature","properties":{"s":0.81,"t":1},"geometry":{"type":"Point","coordinates":[76.977831,8.594728]}},{"type":"Feature","properties":{"s":1.34,"t":1},"geometry":{"type":"Point","coordinates":[76.978138,8.594612]}},{"type":"Feature","properties":{"s":1.21,"t":0},"geometry":{"type":"Point","coordinates":[76.979098,8.594719]}},{"type":"Feature","properties":{"s":0.76,"t":1},"geometry":{"type":"Point","coordinates":[76.979827,8.594635]}},{"type":"Feature","properties":{"s":0.91,"t":1},"geometry":{"type":"Point","coordinates":[76.981186,8.594579]}},{"type":"Feature","properties":{"s":1.18,"t":0},"geometry":{"type":"Point","coordinates":[76.981735,8.594676]}},{"type":"Feature","properties":{"s":1.03,"t":1},"geometry":{"type":"Point","coordinates":[76.98246,8.594574]}},{"type":"Feature","properties":{"s":1.17,"t":0},"geometry":{"type":"Point","coordinates":[76.982638,8.594693]}},{"type":"Feature","properties":{"s":0.91,"t":0},"geometry":{"type":"Point","coordinates":[76.986989,8.594557]}},{"type":"Feature","properties":{"s":1.27,"t":1},"geometry":{"type":"Point","coordinates":[76.990398,8.594761]}},{"type":"Feature","properties":{"s":0.73,"t":1},"geometry":{"type":"Point","coordinates":[76.992376,8.594707]}},{"type":"Feature","properties":{"s":1.16,"t":0},"geometry":{"type":"Point","coordinates":[76.993007,8.594542]}},{"type":"Feature","properties":{"s":0.72,"t":0},"geometry":{"type":"Point","coordinates":[76.995548,8.59465]}},{"type":"Feature","properties":{"s":1.13,"t":1},"geometry":{"type":"Point","coordinates":[76.997479,8.594759]}},{"type":"Feature","properties":{"s":1.33,"t":0},"geometry":{"type":"Point","coordinates":[76.997797,8.594803]}},{"type":"Feature","properties":{"s":1.06,"t":0},"geometry":{"type":"Point","coordinates":[76.998093,8.594647]}},{"type":"Feature","properties":{"s":1.04,"t":1},"geometry":{"type":"Point","coordinates":[76.998731,8.594702]}},{"type":"Feature","properties":{"s":0.92,"t":0},"geometry":{"type":"Point","coordinates":[76.998929,8.594538]}},{"type":"Feature","properties":{"s":0.87,"t":1},"geometry":{"type":"Point","coordinates":[77.000689,8.594561]}},{"type":"Feature","properties":{"s":1.27,"t":1},"geometry":{"type":"Point","coordinates":[77.001255,8.594543]}},{"type":"Feature","properties":{"s":1.28,"t":1},"geometry":{"type":"Point","coordinates":[77.001813,8.594846]}},{"type":"Feature","properties":{"s":1.0,"t":1},"geometry":{"type":"Point","coordinates":[77.002403,8.594611]}},{"type":"Feature","properties":{"s":0.97,"t":1},"geometry":{"type":"Point","coordinates":[77.002641,8.594771]}},{"type":"Feature","properties":{"s":1.06,"t":1},"geometry":{"type":"Point","coordinates":[77.00303,8.594662]}},{"type":"Feature","properties":{"s":0.8,"t":0},"geometry":{"type":"Point","coordinates":[77.003739,8.59462]}},{"type":"Feature","properties":{"s":1.08,"t":1},"geometry":{"type":"Point","coordinates":[77.00441,8.594527]}},{"type":"Feature","properties":{"s":0.93,"t":0},"geometry":{"type":"Point","coordinates":[77.00534,8.594747]}},{"type":"Feature","properties":{"s":1.27,"t":0},"geometry":{"type":"Point","coordinates":[77.006808,8.594837]}},{"type":"Feature","properties":{"s":0.83,"t":1},"geometry":{"type":"Point","coordinates":[77.007486,8.594791]}},{"type":"Feature","properties":{"s":1.01,"t":0},"geometry":{"type":"Point","coordinates":[77.007972,8.594713]}},{"type":"Feature","properties":{"s":0.9,"t":1},"geometry":{"type":"Point","coordinates":[77.008242,8.594665]}},{"type":"Feature","properties":{"s":1.02,"t":0},"geometry":{"type":"Point","coordinates":[77.008495,8.594843]}},{"type":"Feature","properties":{"s":0.8,"t":0},"geometry":{"type":"Point","coordinates":[76.967353,8.594974]}},{"type":"Feature","properties":{"s":1.09,"t":1},"geometry":{"type":"Point","coordinates":[76.968786,8.595259]}},{"type":"Feature","properties":{"s":0.9,"t":0},"geometry":{"type":"Point","coordinates":[76.969254,8.595243]}},{"type":"Feature","properties":{"s":1.13,"t":1},"geometry":{"type":"Point","coordinates":[76.970178,8.595241]}},{"type":"Feature","properties":{"s":1.24,"t":0},"geometry":{"type":"Point","coordinates":[76.970571,8.595023]}},{"type":"Feature","properties":{"s":1.05,"t":1},"geometry":{"type":"Point","coordinates":[76.971005,8.594999]}},{"type":"Feature","properties":{"s":1.18,"t":1},"geometry":{"type":"Point","coordinates":[76.971288,8.595194]}},{"type":"Feature","properties":{"s":0.72,"t":1},"geometry":{"type":"Point","coordinates":[76.97175,8.595197]}},{"type":"Feature","properties":{"s":1.16,"t":1},"geometry":{"type":"Point","coordinates":[76.972251,8.595183]}},{"type":"Feature","properties":{"s":1.19,"t":1},"geometry":{"type":"Point","coordinates":[76.973099,8.595257]}},{"type":"Feature","properties":{"s":0.91,"t":0},"geometry":{"type":"Point","coordinates":[76.973521,8.595117]}},{"type":"Feature","properties":{"s":0.89,"t":0},"geometry":{"type":"Point","coordinates":[76.974511,8.595084]}},{"type":"Feature","properties":{"s":1.22,"t":1},"geometry":{"type":"Point","coordinates":[76.974874,8.595226]}},{"type":"Feature","properties":{"s":1.07,"t":1},"geometry":{"type":"Point","coordinates":[76.97522,8.595174]}},{"type":"Feature","properties":{"s":0.82,"t":1},"geometry":{"type":"Point","coordinates":[76.976483,8.59521]}},{"type":"Feature","properties":{"s":0.82,"t":0},"geometry":{"type":"Point","coordinates":[76.97686,8.594995]}},{"type":"Feature","properties":{"s":0.78,"t":1},"geometry":{"type":"Point","coordinates":[76.977361,8.595175]}},{"type":"Feature","properties":{"s":0.92,"t":1},"geometry":{"type":"Point","coordinates":[76.977584,8.595134]}},{"type":"Feature","properties":{"s":0.92,"t":1},"geometry":{"type":"Point","coordinates":[76.978251,8.595129]}},{"type":"Feature","properties":{"s":1.21,"t":1},"geometry":{"type":"Point","coordinates":[76.978366,8.594946]}},{"type":"Feature","properties":{"s":1.09,"t":0},"geometry":{"type":"Point","coordinates":[76.978967,8.595031]}},{"type":"Feature","properties":{"s":0.96,"t":1},"geometry":{"type":"Point","coordinates":[76.979541,8.595011]}},{"type":"Feature","properties":{"s":1.14,"t":1},"geometry":{"type":"Point","coordinates":[76.979839,8.595197]}},{"type":"Feature","properties":{"s":1.11,"t":1},"geometry":{"type":"Point","coordinates":[76.980699,8.595052]}},{"type":"Feature","properties":{"s":1.33,"t":0},"geometry":{"type":"Point","coordinates":[76.981221,8.595167]}},{"type":"Feature","properties":{"s":0.92,"t":1},"geometry":{"type":"Point","coordinates":[76.981422,8.595109]}},{"type":"Feature","properties":{"s":0.94,"t":0},"geometry":{"type":"Point","coordinates":[76.983545,8.595201]}},{"type":"Feature","properties":{"s":1.31,"t":1},"geometry":{"type":"Point","coordinates":[76.986035,8.595111]}},{"type":"Feature","properties":{"s":1.05,"t":0},"geometry":{"type":"Point","coordinates":[76.98726,8.595053]}},{"type":"Feature","properties":{"s":1.03,"t":0},"geometry":{"type":"Point","coordinates":[76.989118,8.594978]}},{"type":"Feature","properties":{"s":1.18,"t":0},"geometry":{"type":"Point","coordinates":[76.992192,8.594949]}},{"type":"Feature","properties":{"s":1.31,"t":0},"geometry":{"type":"Point","coordinates":[76.992859,8.595041]}},{"type":"Feature","properties":{"s":1.1,"t":0},"geometry":{"type":"Point","coordinates":[76.995574,8.595047]}},{"type":"Feature","properties":{"s":0.76,"t":1},"geometry":{"type":"Point","coordinates":[76.99706,8.594957]}},{"type":"Feature","properties":{"s":0.93,"t":0},"geometry":{"type":"Point","coordinates":[76.999391,8.595052]}},{"type":"Feature","properties":{"s":1.08,"t":1},"geometry":{"type":"Point","coordinates":[76.999787,8.595267]}},{"type":"Feature","properties":{"s":1.14,"t":1},"geometry":{"type":"Point","coordinates":[77.000636,8.59517]}},{"type":"Feature","properties":{"s":1.21,"t":0},"geometry":{"type":"Point","coordinates":[77.002513,8.595249]}},{"type":"Feature","properties":{"s":1.31,"t":0},"geometry":{"type":"Point","coordinates":[77.003049,8.595126]}},{"type":"Feature","properties":{"s":0.77,"t":1},"geometry":{"type":"Point","coordinates":[77.003788,8.595001]}},{"type":"Feature","properties":{"s":0.84,"t":1},"geometry":{"type":"Point","coordinates":[77.003972,8.595]}},{"type":"Feature","properties":{"s":1.1,"t":1},"geometry":{"type":"Point","coordinates":[77.004527,8.595034]}},{"type":"Feature","properties":{"s":1.18,"t":1},"geometry":{"type":"Point","coordinates":[77.006638,8.59515]}},{"type":"Feature","properties":{"s":0.9,"t":0},"geometry":{"type":"Point","coordinates":[77.007419,8.595058]}},{"type":"Feature","properties":{"s":1.07,"t":1},"geometry":{"type":"Point","coordinates":[77.008087,8.595118]}},{"type":"Feature","properties":{"s":0.84,"t":1},"geometry":{"type":"Point","coordinates":[77.011168,8.59526]}},{"type":"Feature","properties":{"s":1.34,"t":1},"geometry":{"type":"Point","coordinates":[76.965972,8.595608]}},{"type":"Feature","properties":{"s":0.85,"t":1},"geometry":{"type":"Point","coordinates":[76.96693,8.59541]}},{"type":"Feature","properties":{"s":0.93,"t":1},"geometry":{"type":"Point","coordinates":[76.967385,8.595545]}},{"type":"Feature","properties":{"s":0.74,"t":0},"geometry":{"type":"Point","coordinates":[76.967529,8.595638]}},{"type":"Feature","properties":{"s":0.98,"t":0},"geometry":{"type":"Point","coordinates":[76.968618,8.595359]}},{"type":"Feature","properties":{"s":1.25,"t":0},"geometry":{"type":"Point","coordinates":[76.968942,8.595488]}},{"type":"Feature","properties":{"s":0.99,"t":1},"geometry":{"type":"Point","coordinates":[76.969302,8.595579]}},{"type":"Feature","properties":{"s":0.97,"t":0},"geometry":{"type":"Point","coordinates":[76.970017,8.595623]}},{"type":"Feature","properties":{"s":0.74,"t":1},"geometry":{"type":"Point","coordinates":[76.970737,8.595338]}},{"type":"Feature","properties":{"s":1.27,"t":0},"geometry":{"type":"Point","coordinates":[76.970977,8.59549]}},{"type":"Feature","properties":{"s":0.87,"t":0},"geometry":{"type":"Point","coordinates":[76.971502,8.595372]}},{"type":"Feature","properties":{"s":1.11,"t":0},"geometry":{"type":"Point","coordinates":[76.97179,8.595442]}},{"type":"Feature","properties":{"s":1.22,"t":0},"geometry":{"type":"Point","coordinates":[76.973088,8.595476]}},{"type":"Feature","properties":{"s":0.8,"t":1},"geometry":{"type":"Point","coordinates":[76.973493,8.595558]}},{"type":"Feature","properties":{"s":1.27,"t":0},"geometry":{"type":"Point","coordinates":[76.973875,8.595673]}},{"type":"Feature","properties":{"s":1.33,"t":0},"geometry":{"type":"Point","coordinates":[76.974898,8.595419]}},{"type":"Feature","properties":{"s":1.12,"t":0},"geometry":{"type":"Point","coordinates":[76.975185,8.595434]}},{"type":"Feature","properties":{"s":0.87,"t":1},"geometry":{"type":"Point","coordinates":[76.975512,8.595565]}},{"type":"Feature","properties":{"s":0.72,"t":0},"geometry":{"type":"Point","coordinates":[76.976054,8.595408]}},{"type":"Feature","properties":{"s":0.78,"t":1},"geometry":{"type":"Point","coordinates":[76.976332,8.595651]}},{"type":"Feature","properties":{"s":0.88,"t":0},"geometry":{"type":"Point","coordinates":[76.978026,8.595418]}},{"type":"Feature","properties":{"s":1.25,"t":1},"geometry":{"type":"Point","coordinates":[76.978403,8.59543]}},{"type":"Feature","properties":{"s":1.05,"t":1},"geometry":{"type":"Point","coordinates":[76.9793,8.595448]}},{"type":"Feature","properties":{"s":0.82,"t":0},"geometry":{"type":"Point","coordinates":[76.980894,8.595504]}},{"type":"Feature","properties":{"s":1.19,"t":0},"geometry":{"type":"Point","coordinates":[76.981904,8.595478]}},{"type":"Feature","properties":{"s":0.84,"t":0},"geometry":{"type":"Point","coordinates":[76.98239,8.595399]}},{"type":"Feature","properties":{"s":0.98,"t":1},"geometry":{"type":"Point","coordinates":[76.982565,8.595479]}},{"type":"Feature","properties":{"s":1.23,"t":0},"geometry":{"type":"Point","coordinates":[76.983933,8.595457]}},{"type":"Feature","properties":{"s":1.27,"t":1},"geometry":{"type":"Point","coordinates":[76.984361,8.595374]}},{"type":"Feature","properties":{"s":1.18,"t":1},"geometry":{"type":"Point","coordinates":[76.986018,8.595498]}},{"type":"Feature","properties":{"s":1.19,"t":1},"geometry":{"type":"Point","coordinates":[76.987372,8.595667]}},{"type":"Feature","properties":{"s":0.83,"t":0},"geometry":{"type":"Point","coordinates":[76.98891,8.595458]}},{"type":"Feature","properties":{"s":0.9,"t":0},"geometry":{"type":"Point","coordinates":[76.992353,8.595502]}},{"type":"Feature","properties":{"s":1.25,"t":1},"geometry":{"type":"Point","coordinates":[76.992573,8.595437]}},{"type":"Feature","properties":{"s":0.95,"t":0},"geometry":{"type":"Point","coordinates":[76.996796,8.595599]}},{"type":"Feature","properties":{"s":0.87,"t":0},"geometry":{"type":"Point","coordinates":[76.997171,8.59566]}},{"type":"Feature","properties":{"s":1.27,"t":0},"geometry":{"type":"Point","coordinates":[76.997599,8.595379]}},{"type":"Feature","properties":{"s":1.32,"t":0},"geometry":{"type":"Point","coordinates":[76.998305,8.595471]}},{"type":"Feature","properties":{"s":1.12,"t":0},"geometry":{"type":"Point","coordinates":[76.999548,8.595551]}},{"type":"Feature","properties":{"s":1.15,"t":0},"geometry":{"type":"Point","coordinates":[76.999975,8.595395]}},{"type":"Feature","properties":{"s":1.1,"t":1},"geometry":{"type":"Point","coordinates":[77.00035,8.595379]}},{"type":"Feature","properties":{"s":0.74,"t":1},"geometry":{"type":"Point","coordinates":[77.000515,8.595416]}},{"type":"Feature","properties":{"s":0.99,"t":0},"geometry":{"type":"Point","coordinates":[77.000963,8.595453]}},{"type":"Feature","properties":{"s":1.11,"t":1},"geometry":{"type":"Point","coordinates":[77.002189,8.595458]}},{"type":"Feature","properties":{"s":0.98,"t":1},"geometry":{"type":"Point","coordinates":[77.003125,8.595518]}},{"type":"Feature","properties":{"s":0.89,"t":1},"geometry":{"type":"Point","coordinates":[77.003597,8.595647]}},{"type":"Feature","properties":{"s":1.0,"t":1},"geometry":{"type":"Point","coordinates":[77.004054,8.595451]}},{"type":"Feature","properties":{"s":0.81,"t":0},"geometry":{"type":"Point","coordinates":[77.004475,8.595554]}},{"type":"Feature","properties":{"s":1.11,"t":0},"geometry":{"type":"Point","coordinates":[77.005377,8.595599]}},{"type":"Feature","properties":{"s":0.95,"t":0},"geometry":{"type":"Point","coordinates":[77.005978,8.595384]}},{"type":"Feature","properties":{"s":0.89,"t":1},"geometry":{"type":"Point","coordinates":[77.006908,8.595691]}},{"type":"Feature","properties":{"s":0.78,"t":1},"geometry":{"type":"Point","coordinates":[77.007555,8.595411]}},{"type":"Feature","properties":{"s":0.74,"t":1},"geometry":{"type":"Point","coordinates":[77.007747,8.59568]}},{"type":"Feature","properties":{"s":0.92,"t":0},"geometry":{"type":"Point","coordinates":[77.008245,8.595349]}},{"type":"Feature","properties":{"s":1.24,"t":1},"geometry":{"type":"Point","coordinates":[77.008688,8.595641]}},{"type":"Feature","properties":{"s":0.93,"t":0},"geometry":{"type":"Point","coordinates":[77.010869,8.595565]}},{"type":"Feature","properties":{"s":0.92,"t":0},"geometry":{"type":"Point","coordinates":[77.011611,8.59557]}},{"type":"Feature","properties":{"s":1.15,"t":1},"geometry":{"type":"Point","coordinates":[77.01187,8.595542]}},{"type":"Feature","properties":{"s":0.89,"t":1},"geometry":{"type":"Point","coordinates":[77.015346,8.595559]}},{"type":"Feature","properties":{"s":0.78,"t":1},"geometry":{"type":"Point","coordinates":[76.957574,8.596066]}},{"type":"Feature","properties":{"s":0.84,"t":1},"geometry":{"type":"Point","coordinates":[76.958998,8.596023]}},{"type":"Feature","properties":{"s":0.94,"t":0},"geometry":{"type":"Point","coordinates":[76.964411,8.595922]}},{"type":"Feature","properties":{"s":0.9,"t":1},"geometry":{"type":"Point","coordinates":[76.96602,8.595814]}},{"type":"Feature","properties":{"s":1.05,"t":0},"geometry":{"type":"Point","coordinates":[76.967098,8.595873]}},{"type":"Feature","properties":{"s":1.06,"t":1},"geometry":{"type":"Point","coordinates":[76.967517,8.595876]}},{"type":"Feature","properties":{"s":1.19,"t":1},"geometry":{"type":"Point","coordinates":[76.968262,8.595937]}},{"type":"Feature","properties":{"s":1.32,"t":1},"geometry":{"type":"Point","coordinates":[76.968659,8.595894]}},{"type":"Feature","properties":{"s":0.82,"t":1},"geometry":{"type":"Point","coordinates":[76.969079,8.595931]}},{"type":"Feature","properties":{"s":0.82,"t":1},"geometry":{"type":"Point","coordinates":[76.969249,8.596063]}},{"type":"Feature","properties":{"s":1.2,"t":0},"geometry":{"type":"Point","coordinates":[76.970182,8.596074]}},{"type":"Feature","properties":{"s":0.77,"t":1},"geometry":{"type":"Point","coordinates":[76.971597,8.595808]}},{"type":"Feature","properties":{"s":0.83,"t":0},"geometry":{"type":"Point","coordinates":[76.971882,8.595804]}},{"type":"Feature","properties":{"s":1.0,"t":0},"geometry":{"type":"Point","coordinates":[76.972327,8.59599]}},{"type":"Feature","properties":{"s":1.23,"t":1},"geometry":{"type":"Point","coordinates":[76.973568,8.596008]}},{"type":"Feature","properties":{"s":1.17,"t":1},"geometry":{"type":"Point","coordinates":[76.974102,8.595897]}},{"type":"Feature","properties":{"s":0.94,"t":0},"geometry":{"type":"Point","coordinates":[76.974776,8.595896]}},{"type":"Feature","properties":{"s":1.16,"t":1},"geometry":{"type":"Point","coordinates":[76.975532,8.595891]}},{"type":"Feature","properties":{"s":1.09,"t":0},"geometry":{"type":"Point","coordinates":[76.975894,8.59577]}},{"type":"Feature","properties":{"s":0.8,"t":0},"geometry":{"type":"Point","coordinates":[76.976284,8.59579]}},{"type":"Feature","properties":{"s":0.76,"t":1},"geometry":{"type":"Point","coordinates":[76.977296,8.596024]}},{"type":"Feature","properties":{"s":1.11,"t":0},"geometry":{"type":"Point","coordinates":[76.978564,8.595903]}},{"type":"Feature","properties":{"s":0.72,"t":0},"geometry":{"type":"Point","coordinates":[76.979266,8.595895]}},{"type":"Feature","properties":{"s":1.19,"t":0},"geometry":{"type":"Point","coordinates":[76.979642,8.595811]}},{"type":"Feature","properties":{"s":1.18,"t":1},"geometry":{"type":"Point","coordinates":[76.980889,8.595763]}},{"type":"Feature","properties":{"s":0.74,"t":1},"geometry":{"type":"Point","coordinates":[76.98318,8.595826]}},{"type":"Feature","properties":{"s":0.74,"t":1},"geometry":{"type":"Point","coordinates":[76.98384,8.596089]}},{"type":"Feature","properties":{"s":0.74,"t":1},"geometry":{"type":"Point","coordinates":[76.984347,8.595803]}},{"type":"Feature","properties":{"s":1.01,"t":0},"geometry":{"type":"Point","coordinates":[76.98474,8.596026]}},{"type":"Feature","properties":{"s":1.01,"t":1},"geometry":{"type":"Point","coordinates":[76.985579,8.595967]}},{"type":"Feature","properties":{"s":1.14,"t":1},"geometry":{"type":"Point","coordinates":[76.986221,8.595866]}},{"type":"Feature","properties":{"s":0.86,"t":1},"geometry":{"type":"Point","coordinates":[76.988055,8.595762]}},{"type":"Feature","properties":{"s":1.06,"t":1},"geometry":{"type":"Point","coordinates":[76.988428,8.595836]}},{"type":"Feature","properties":{"s":0.85,"t":0},"geometry":{"type":"Point","coordinates":[76.989034,8.595779]}},{"type":"Feature","properties":{"s":1.2,"t":0},"geometry":{"type":"Point","coordinates":[76.989513,8.595807]}},{"type":"Feature","properties":{"s":0.91,"t":1},"geometry":{"type":"Point","coordinates":[76.990749,8.595942]}},{"type":"Feature","properties":{"s":1.33,"t":0},"geometry":{"type":"Point","coordinates":[76.992657,8.595867]}},{"type":"Feature","properties":{"s":0.84,"t":0},"geometry":{"type":"Point","coordinates":[76.995378,8.595833]}},{"type":"Feature","properties":{"s":1.06,"t":1},"geometry":{"type":"Point","coordinates":[76.999187,8.596024]}},{"type":"Feature","properties":{"s":0.74,"t":0},"geometry":{"type":"Point","coordinates":[77.00023,8.595846]}},{"type":"Feature","properties":{"s":0.74,"t":0},"geometry":{"type":"Point","coordinates":[77.000686,8.595922]}},{"type":"Feature","properties":{"s":0.81,"t":0},"geometry":{"type":"Point","coordinates":[77.000998,8.595797]}},{"type":"Feature","properties":{"s":1.19,"t":0},"geometry":{"type":"Point","coordinates":[77.002417,8.596056]}},{"type":"Feature","properties":{"s":1.19,"t":0},"geometry":{"type":"Point","coordinates":[77.003327,8.596008]}},{"type":"Feature","properties":{"s":1.11,"t":1},"geometry":{"type":"Point","coordinates":[77.003504,8.595844]}},{"type":"Feature","properties":{"s":1.22,"t":0},"geometry":{"type":"Point","coordinates":[77.005594,8.595808]}},{"type":"Feature","properties":{"s":0.95,"t":0},"geometry":{"type":"Point","coordinates":[77.006104,8.595793]}},{"type":"Feature","properties":{"s":0.92,"t":1},"geometry":{"type":"Point","coordinates":[77.006486,8.595909]}},{"type":"Feature","properties":{"s":1.17,"t":1},"geometry":{"type":"Point","coordinates":[77.006976,8.595973]}},{"type":"Feature","properties":{"s":0.78,"t":1},"geometry":{"type":"Point","coordinates":[77.007374,8.595865]}},{"type":"Feature","properties":{"s":1.24,"t":1},"geometry":{"type":"Point","coordinates":[77.007894,8.595867]}},{"type":"Feature","properties":{"s":0.98,"t":1},"geometry":{"type":"Point","coordinates":[77.01015,8.59579]}},{"type":"Feature","properties":{"s":0.88,"t":0},"geometry":{"type":"Point","coordinates":[77.010587,8.596056]}},{"type":"Feature","properties":{"s":0.92,"t":1},"geometry":{"type":"Point","coordinates":[77.013372,8.595938]}},{"type":"Feature","properties":{"s":1.27,"t":0},"geometry":{"type":"Point","coordinates":[76.958357,8.596347]}},{"type":"Feature","properties":{"s":1.33,"t":0},"geometry":{"type":"Point","coordinates":[76.960518,8.596514]}},{"type":"Feature","properties":{"s":1.27,"t":1},"geometry":{"type":"Point","coordinates":[76.964854,8.596519]}},{"type":"Feature","properties":{"s":0.84,"t":1},"geometry":{"type":"Point","coordinates":[76.966058,8.596285]}},{"type":"Feature","properties":{"s":0.91,"t":1},"geometry":{"type":"Point","coordinates":[76.967082,8.596402]}},{"type":"Feature","properties":{"s":1.0,"t":1},"geometry":{"type":"Point","coordinates":[76.967699,8.59631]}},{"type":"Feature","properties":{"s":1.0,"t":1},"geometry":{"type":"Point","coordinates":[76.968265,8.596299]}},{"type":"Feature","properties":{"s":0.72,"t":0},"geometry":{"type":"Point","coordinates":[76.968415,8.596215]}},{"type":"Feature","properties":{"s":1.01,"t":1},"geometry":{"type":"Point","coordinates":[76.969088,8.596293]}},{"type":"Feature","properties":{"s":1.17,"t":1},"geometry":{"type":"Point","coordinates":[76.969247,8.596392]}},{"type":"Feature","properties":{"s":0.96,"t":1},"geometry":{"type":"Point","coordinates":[76.970571,8.596456]}},{"type":"Feature","properties":{"s":0.84,"t":0},"geometry":{"type":"Point","coordinates":[76.970915,8.596332]}},{"type":"Feature","properties":{"s":0.88,"t":1},"geometry":{"type":"Point","coordinates":[76.971425,8.596488]}},{"type":"Feature","properties":{"s":1.24,"t":0},"geometry":{"type":"Point","coordinates":[76.971749,8.596353]}},{"type":"Feature","properties":{"s":1.33,"t":1},"geometry":{"type":"Point","coordinates":[76.972217,8.596234]}},{"type":"Feature","properties":{"s":0.86,"t":0},"geometry":{"type":"Point","coordinates":[76.973392,8.596322]}},{"type":"Feature","properties":{"s":1.26,"t":1},"geometry":{"type":"Point","coordinates":[76.974093,8.596313]}},{"type":"Feature","properties":{"s":1.32,"t":1},"geometry":{"type":"Point","coordinates":[76.975261,8.596341]}},{"type":"Feature","properties":{"s":1.22,"t":1},"geometry":{"type":"Point","coordinates":[76.975464,8.596366]}},{"type":"Feature","properties":{"s":1.01,"t":1},"geometry":{"type":"Point","coordinates":[76.975908,8.596265]}},{"type":"Feature","properties":{"s":1.18,"t":0},"geometry":{"type":"Point","coordinates":[76.976392,8.596486]}},{"type":"Feature","properties":{"s":0.94,"t":1},"geometry":{"type":"Point","coordinates":[76.977387,8.596251]}},{"type":"Feature","properties":{"s":0.95,"t":0},"geometry":{"type":"Point","coordinates":[76.978299,8.596179]}},{"type":"Feature","properties":{"s":0.77,"t":1},"geometry":{"type":"Point","coordinates":[76.979798,8.596198]}},{"type":"Feature","properties":{"s":0.91,"t":1},"geometry":{"type":"Point","coordinates":[76.980174,8.596423]}},{"type":"Feature","properties":{"s":1.23,"t":1},"geometry":{"type":"Point","coordinates":[76.980557,8.596197]}},{"type":"Feature","properties":{"s":0.85,"t":1},"geometry":{"type":"Point","coordinates":[76.980985,8.596318]}},{"type":"Feature","properties":{"s":1.02,"t":0},"geometry":{"type":"Point","coordinates":[76.981398,8.596436]}},{"type":"Feature","properties":{"s":0.76,"t":1},"geometry":{"type":"Point","coordinates":[76.982339,8.596345]}},{"type":"Feature","properties":{"s":0.96,"t":1},"geometry":{"type":"Point","coordinates":[76.982672,8.59643]}},{"type":"Feature","properties":{"s":0.78,"t":0},"geometry":{"type":"Point","coordinates":[76.983894,8.596476]}},{"type":"Feature","properties":{"s":1.06,"t":1},"geometry":{"type":"Point","coordinates":[76.984806,8.596413]}},{"type":"Feature","properties":{"s":0.72,"t":1},"geometry":{"type":"Point","coordinates":[76.986127,8.596486]}},{"type":"Feature","properties":{"s":0.99,"t":1},"geometry":{"type":"Point","coordinates":[76.986624,8.596281]}},{"type":"Feature","properties":{"s":0.98,"t":0},"geometry":{"type":"Point","coordinates":[76.987798,8.596415]}},{"type":"Feature","properties":{"s":1.31,"t":1},"geometry":{"type":"Point","coordinates":[76.988246,8.596287]}},{"type":"Feature","properties":{"s":1.25,"t":0},"geometry":{"type":"Point","coordinates":[76.988459,8.596263]}},{"type":"Feature","properties":{"s":1.09,"t":1},"geometry":{"type":"Point","coordinates":[76.99051,8.596218]}},{"type":"Feature","properties":{"s":1.27,"t":1},"geometry":{"type":"Point","coordinates":[76.994123,8.596238]}},{"type":"Feature","properties":{"s":1.24,"t":1},"geometry":{"type":"Point","coordinates":[76.999353,8.596231]}},{"type":"Feature","properties":{"s":1.11,"t":1},"geometry":{"type":"Point","coordinates":[76.999858,8.596445]}},{"type":"Feature","properties":{"s":0.75,"t":0},"geometry":{"type":"Point","coordinates":[77.000346,8.596387]}},{"type":"Feature","properties":{"s":1.08,"t":1},"geometry":{"type":"Point","coordinates":[77.001135,8.596189]}},{"type":"Feature","properties":{"s":1.19,"t":0},"geometry":{"type":"Point","coordinates":[77.002396,8.596243]}},{"type":"Feature","properties":{"s":0.81,"t":1},"geometry":{"type":"Point","coordinates":[77.005406,8.596237]}},{"type":"Feature","properties":{"s":1.24,"t":0},"geometry":{"type":"Point","coordinates":[77.005537,8.596179]}},{"type":"Feature","properties":{"s":0.9,"t":1},"geometry":{"type":"Point","coordinates":[77.006178,8.596501]}},{"type":"Feature","properties":{"s":1.06,"t":1},"geometry":{"type":"Point","coordinates":[77.006903,8.596504]}},{"type":"Feature","properties":{"s":0.88,"t":1},"geometry":{"type":"Point","coordinates":[77.007246,8.596258]}},{"type":"Feature","properties":{"s":1.33,"t":0},"geometry":{"type":"Point","coordinates":[77.007918,8.596291]}},{"type":"Feature","properties":{"s":1.13,"t":0},"geometry":{"type":"Point","coordinates":[77.009802,8.59629]}},{"type":"Feature","properties":{"s":1.26,"t":1},"geometry":{"type":"Point","coordinates":[77.010277,8.596447]}},{"type":"Feature","properties":{"s":1.17,"t":0},"geometry":{"type":"Point","coordinates":[77.010689,8.596308]}},{"type":"Feature","properties":{"s":1.27,"t":1},"geometry":{"type":"Point","coordinates":[77.011124,8.596461]}},{"type":"Feature","properties":{"s":1.0,"t":1},"geometry":{"type":"Point","coordinates":[77.013618,8.596263]}},{"type":"Feature","properties":{"s":1.09,"t":0},"geometry":{"type":"Point","coordinates":[77.014016,8.596327]}},{"type":"Feature","properties":{"s":0.85,"t":0},"geometry":{"type":"Point","coordinates":[76.957702,8.596647]}},{"type":"Feature","properties":{"s":0.81,"t":0},"geometry":{"type":"Point","coordinates":[76.958101,8.596921]}},{"type":"Feature","properties":{"s":0.74,"t":0},"geometry":{"type":"Point","coordinates":[76.960653,8.596649]}},{"type":"Feature","properties":{"s":0.76,"t":1},"geometry":{"type":"Point","coordinates":[76.964178,8.59691]}},{"type":"Feature","properties":{"s":1.33,"t":0},"geometry":{"type":"Point","coordinates":[76.96816,8.596835]}},{"type":"Feature","properties":{"s":1.19,"t":0},"geometry":{"type":"Point","coordinates":[76.968339,8.596835]}},{"type":"Feature","properties":{"s":0.76,"t":0},"geometry":{"type":"Point","coordinates":[76.970358,8.596587]}},{"type":"Feature","properties":{"s":1.13,"t":0},"geometry":{"type":"Point","coordinates":[76.970528,8.59678]}},{"type":"Feature","properties":{"s":0.81,"t":1},"geometry":{"type":"Point","coordinates":[76.970968,8.596641]}},{"type":"Feature","properties":{"s":1.01,"t":0},"geometry":{"type":"Point","coordinates":[76.971415,8.596618]}},{"type":"Feature","properties":{"s":0.97,"t":1},"geometry":{"type":"Point","coordinates":[76.973076,8.596909]}},{"type":"Feature","properties":{"s":0.85,"t":1},"geometry":{"type":"Point","coordinates":[76.974699,8.596913]}},{"type":"Feature","properties":{"s":1.16,"t":0},"geometry":{"type":"Point","coordinates":[76.975149,8.59687]}},{"type":"Feature","properties":{"s":1.17,"t":1},"geometry":{"type":"Point","coordinates":[76.975779,8.596919]}},{"type":"Feature","properties":{"s":1.08,"t":0},"geometry":{"type":"Point","coordinates":[76.976042,8.596687]}},{"type":"Feature","properties":{"s":1.13,"t":0},"geometry":{"type":"Point","coordinates":[76.976308,8.596731]}},{"type":"Feature","properties":{"s":0.76,"t":1},"geometry":{"type":"Point","coordinates":[76.977697,8.596737]}},{"type":"Feature","properties":{"s":0.92,"t":0},"geometry":{"type":"Point","coordinates":[76.978625,8.596621]}},{"type":"Feature","properties":{"s":1.06,"t":1},"geometry":{"type":"Point","coordinates":[76.979516,8.59677]}},{"type":"Feature","properties":{"s":1.31,"t":1},"geometry":{"type":"Point","coordinates":[76.979851,8.596883]}},{"type":"Feature","properties":{"s":1.27,"t":0},"geometry":{"type":"Point","coordinates":[76.980307,8.596635]}},{"type":"Feature","properties":{"s":1.14,"t":1},"geometry":{"type":"Point","coordinates":[76.980708,8.596871]}},{"type":"Feature","properties":{"s":0.89,"t":1},"geometry":{"type":"Point","coordinates":[76.980983,8.596826]}},{"type":"Feature","properties":{"s":1.31,"t":1},"geometry":{"type":"Point","coordinates":[76.981346,8.596675]}},{"type":"Feature","properties":{"s":0.76,"t":1},"geometry":{"type":"Point","coordinates":[76.981991,8.59686]}},{"type":"Feature","properties":{"s":0.85,"t":1},"geometry":{"type":"Point","coordinates":[76.982671,8.596626]}},{"type":"Feature","properties":{"s":1.24,"t":0},"geometry":{"type":"Point","coordinates":[76.98486,8.596663]}},{"type":"Feature","properties":{"s":0.77,"t":0},"geometry":{"type":"Point","coordinates":[76.986457,8.596598]}},{"type":"Feature","properties":{"s":1.13,"t":0},"geometry":{"type":"Point","coordinates":[76.987913,8.596693]}},{"type":"Feature","properties":{"s":1.2,"t":1},"geometry":{"type":"Point","coordinates":[76.987996,8.596745]}},{"type":"Feature","properties":{"s":0.75,"t":1},"geometry":{"type":"Point","coordinates":[76.988623,8.596884]}},{"type":"Feature","properties":{"s":0.84,"t":0},"geometry":{"type":"Point","coordinates":[76.989028,8.596854]}},{"type":"Feature","properties":{"s":1.01,"t":0},"geometry":{"type":"Point","coordinates":[76.989236,8.596714]}},{"type":"Feature","properties":{"s":0.87,"t":1},"geometry":{"type":"Point","coordinates":[76.994025,8.596898]}},{"type":"Feature","properties":{"s":0.83,"t":0},"geometry":{"type":"Point","coordinates":[76.997463,8.59672]}},{"type":"Feature","properties":{"s":0.96,"t":1},"geometry":{"type":"Point","coordinates":[76.99893,8.596817]}},{"type":"Feature","properties":{"s":0.93,"t":1},"geometry":{"type":"Point","coordinates":[76.999528,8.596795]}},{"type":"Feature","properties":{"s":1.34,"t":1},"geometry":{"type":"Point","coordinates":[76.999749,8.596807]}},{"type":"Feature","properties":{"s":1.33,"t":0},"geometry":{"type":"Point","coordinates":[77.001165,8.596767]}},{"type":"Feature","properties":{"s":0.85,"t":1},"geometry":{"type":"Point","coordinates":[77.004854,8.596587]}},{"type":"Feature","properties":{"s":1.28,"t":1},"geometry":{"type":"Point","coordinates":[77.005755,8.596633]}},{"type":"Feature","properties":{"s":1.27,"t":1},"geometry":{"type":"Point","coordinates":[77.006136,8.596721]}},{"type":"Feature","properties":{"s":1.32,"t":1},"geometry":{"type":"Point","coordinates":[77.006483,8.596783]}},{"type":"Feature","properties":{"s":0.9,"t":1},"geometry":{"type":"Point","coordinates":[77.007093,8.596703]}},{"type":"Feature","properties":{"s":1.04,"t":0},"geometry":{"type":"Point","coordinates":[77.007405,8.596664]}},{"type":"Feature","properties":{"s":1.21,"t":0},"geometry":{"type":"Point","coordinates":[77.00946,8.596886]}},{"type":"Feature","properties":{"s":1.28,"t":1},"geometry":{"type":"Point","coordinates":[77.010416,8.596608]}},{"type":"Feature","properties":{"s":0.97,"t":0},"geometry":{"type":"Point","coordinates":[77.011446,8.596632]}},{"type":"Feature","properties":{"s":1.03,"t":0},"geometry":{"type":"Point","coordinates":[77.012508,8.596866]}},{"type":"Feature","properties":{"s":1.29,"t":0},"geometry":{"type":"Point","coordinates":[77.012932,8.596743]}},{"type":"Feature","properties":{"s":0.94,"t":1},"geometry":{"type":"Point","coordinates":[77.013147,8.596775]}},{"type":"Feature","properties":{"s":1.07,"t":0},"geometry":{"type":"Point","coordinates":[77.013591,8.596904]}},{"type":"Feature","properties":{"s":1.15,"t":0},"geometry":{"type":"Point","coordinates":[77.014057,8.596694]}},{"type":"Feature","properties":{"s":1.11,"t":0},"geometry":{"type":"Point","coordinates":[76.95688,8.597266]}},{"type":"Feature","properties":{"s":1.15,"t":0},"geometry":{"type":"Point","coordinates":[76.957386,8.597129]}},{"type":"Feature","properties":{"s":1.03,"t":1},"geometry":{"type":"Point","coordinates":[76.957727,8.597321]}},{"type":"Feature","properties":{"s":1.02,"t":1},"geometry":{"type":"Point","coordinates":[76.958039,8.59704]}},{"type":"Feature","properties":{"s":1.08,"t":1},"geometry":{"type":"Point","coordinates":[76.959464,8.597292]}},{"type":"Feature","properties":{"s":1.24,"t":0},"geometry":{"type":"Point","coordinates":[76.964055,8.597293]}},{"type":"Feature","properties":{"s":1.31,"t":0},"geometry":{"type":"Point","coordinates":[76.964457,8.597176]}},{"type":"Feature","properties":{"s":1.12,"t":1},"geometry":{"type":"Point","coordinates":[76.964815,8.597198]}},{"type":"Feature","properties":{"s":1.21,"t":0},"geometry":{"type":"Point","coordinates":[76.965075,8.597337]}},{"type":"Feature","properties":{"s":1.21,"t":0},"geometry":{"type":"Point","coordinates":[76.967636,8.597268]}},{"type":"Feature","properties":{"s":0.96,"t":1},"geometry":{"type":"Point","coordinates":[76.968885,8.59704]}},{"type":"Feature","properties":{"s":1.01,"t":0},"geometry":{"type":"Point","coordinates":[76.969501,8.597097]}},{"type":"Feature","properties":{"s":1.12,"t":0},"geometry":{"type":"Point","coordinates":[76.97047,8.597032]}},{"type":"Feature","properties":{"s":0.98,"t":0},"geometry":{"type":"Point","coordinates":[76.971376,8.597115]}},{"type":"Feature","properties":{"s":0.75,"t":1},"geometry":{"type":"Point","coordinates":[76.972356,8.597019]}},{"type":"Feature","properties":{"s":1.28,"t":0},"geometry":{"type":"Point","coordinates":[76.974205,8.597136]}},{"type":"Feature","properties":{"s":1.14,"t":0},"geometry":{"type":"Point","coordinates":[76.975098,8.597045]}},{"type":"Feature","properties":{"s":1.1,"t":1},"geometry":{"type":"Point","coordinates":[76.975641,8.597263]}},{"type":"Feature","properties":{"s":1.24,"t":1},"geometry":{"type":"Point","coordinates":[76.976023,8.597303]}},{"type":"Feature","properties":{"s":0.83,"t":1},"geometry":{"type":"Point","coordinates":[76.978446,8.597128]}},{"type":"Feature","properties":{"s":0.76,"t":0},"geometry":{"type":"Point","coordinates":[76.979813,8.597333]}},{"type":"Feature","properties":{"s":0.78,"t":0},"geometry":{"type":"Point","coordinates":[76.980276,8.597112]}},{"type":"Feature","properties":{"s":0.99,"t":0},"geometry":{"type":"Point","coordinates":[76.980681,8.597116]}},{"type":"Feature","properties":{"s":0.79,"t":1},"geometry":{"type":"Point","coordinates":[76.98103,8.597073]}},{"type":"Feature","properties":{"s":0.86,"t":0},"geometry":{"type":"Point","coordinates":[76.981803,8.597314]}},{"type":"Feature","properties":{"s":1.03,"t":1},"geometry":{"type":"Point","coordinates":[76.982896,8.597321]}},{"type":"Feature","properties":{"s":0.87,"t":1},"geometry":{"type":"Point","coordinates":[76.983297,8.59705]}},{"type":"Feature","properties":{"s":0.82,"t":1},"geometry":{"type":"Point","coordinates":[76.984135,8.597093]}},{"type":"Feature","properties":{"s":0.99,"t":0},"geometry":{"type":"Point","coordinates":[76.985101,8.597039]}},{"type":"Feature","properties":{"s":1.26,"t":1},"geometry":{"type":"Point","coordinates":[76.995357,8.597168]}},{"type":"Feature","properties":{"s":0.84,"t":1},"geometry":{"type":"Point","coordinates":[77.00064,8.597277]}},{"type":"Feature","properties":{"s":0.8,"t":1},"geometry":{"type":"Point","coordinates":[77.005193,8.597037]}},{"type":"Feature","properties":{"s":1.33,"t":0},"geometry":{"type":"Point","coordinates":[77.005576,8.59722]}},{"type":"Feature","properties":{"s":0.91,"t":0},"geometry":{"type":"Point","coordinates":[77.012456,8.597146]}},{"type":"Feature","properties":{"s":1.09,"t":0},"geometry":{"type":"Point","coordinates":[77.014792,8.597222]}},{"type":"Feature","properties":{"s":0.75,"t":0},"geometry":{"type":"Point","coordinates":[77.01544,8.59707]}},{"type":"Feature","properties":{"s":1.26,"t":1},"geometry":{"type":"Point","coordinates":[77.015668,8.597219]}},{"type":"Feature","properties":{"s":1.26,"t":1},"geometry":{"type":"Point","coordinates":[76.957662,8.597648]}},{"type":"Feature","properties":{"s":0.97,"t":1},"geometry":{"type":"Point","coordinates":[76.958145,8.597602]}},{"type":"Feature","properties":{"s":0.77,"t":0},"geometry":{"type":"Point","coordinates":[76.958555,8.597659]}},{"type":"Feature","properties":{"s":0.97,"t":1},"geometry":{"type":"Point","coordinates":[76.96026,8.597504]}},{"type":"Feature","properties":{"s":1.1,"t":1},"geometry":{"type":"Point","coordinates":[76.960493,8.597717]}},{"type":"Feature","properties":{"s":1.25,"t":1},"geometry":{"type":"Point","coordinates":[76.963585,8.597597]}},{"type":"Feature","properties":{"s":1.31,"t":1},"geometry":{"type":"Point","coordinates":[76.964019,8.597536]}},{"type":"Feature","properties":{"s":1.34,"t":1},"geometry":{"type":"Point","coordinates":[76.964221,8.597615]}},{"type":"Feature","properties":{"s":0.84,"t":1},"geometry":{"type":"Point","coordinates":[76.96486,8.59743]}},{"type":"Feature","properties":{"s":0.91,"t":1},"geometry":{"type":"Point","coordinates":[76.965213,8.597432]}},{"type":"Feature","properties":{"s":0.79,"t":1},"geometry":{"type":"Point","coordinates":[76.965642,8.597563]}},{"type":"Feature","properties":{"s":1.03,"t":1},"geometry":{"type":"Point","coordinates":[76.967128,8.597594]}},{"type":"Feature","properties":{"s":1.15,"t":0},"geometry":{"type":"Point","coordinates":[76.967727,8.597705]}},{"type":"Feature","properties":{"s":1.13,"t":0},"geometry":{"type":"Point","coordinates":[76.968619,8.597544]}},{"type":"Feature","properties":{"s":1.3,"t":0},"geometry":{"type":"Point","coordinates":[76.969489,8.597479]}},{"type":"Feature","properties":{"s":1.04,"t":0},"geometry":{"type":"Point","coordinates":[76.971167,8.597543]}},{"type":"Feature","properties":{"s":1.21,"t":1},"geometry":{"type":"Point","coordinates":[76.971393,8.597554]}},{"type":"Feature","properties":{"s":0.99,"t":0},"geometry":{"type":"Point","coordinates":[76.97202,8.597715]}},{"type":"Feature","properties":{"s":0.84,"t":0},"geometry":{"type":"Point","coordinates":[76.973511,8.597754]}},{"type":"Feature","properties":{"s":0.9,"t":0},"geometry":{"type":"Point","coordinates":[76.974083,8.597438]}},{"type":"Feature","properties":{"s":1.06,"t":0},"geometry":{"type":"Point","coordinates":[76.974339,8.597637]}},{"type":"Feature","properties":{"s":1.31,"t":0},"geometry":{"type":"Point","coordinates":[76.974915,8.597459]}},{"type":"Feature","properties":{"s":0.77,"t":0},"geometry":{"type":"Point","coordinates":[76.975135,8.597444]}},{"type":"Feature","properties":{"s":0.81,"t":1},"geometry":{"type":"Point","coordinates":[76.976371,8.597438]}},{"type":"Feature","properties":{"s":1.29,"t":1},"geometry":{"type":"Point","coordinates":[76.976973,8.597532]}},{"type":"Feature","properties":{"s":1.33,"t":1},"geometry":{"type":"Point","coordinates":[76.977981,8.597454]}},{"type":"Feature","properties":{"s":1.11,"t":0},"geometry":{"type":"Point","coordinates":[76.979405,8.59768]}},{"type":"Feature","properties":{"s":1.21,"t":0},"geometry":{"type":"Point","coordinates":[76.981982,8.597489]}},{"type":"Feature","properties":{"s":1.17,"t":0},"geometry":{"type":"Point","coordinates":[76.982409,8.597508]}},{"type":"Feature","properties":{"s":1.09,"t":0},"geometry":{"type":"Point","coordinates":[76.986804,8.597737]}},{"type":"Feature","properties":{"s":0.92,"t":1},"geometry":{"type":"Point","coordinates":[76.987187,8.597577]}},{"type":"Feature","properties":{"s":1.13,"t":1},"geometry":{"type":"Point","coordinates":[76.990701,8.59767]}},{"type":"Feature","properties":{"s":0.93,"t":1},"geometry":{"type":"Point","coordinates":[76.992037,8.59772]}},{"type":"Feature","properties":{"s":0.93,"t":1},"geometry":{"type":"Point","coordinates":[76.994422,8.597736]}},{"type":"Feature","properties":{"s":0.79,"t":0},"geometry":{"type":"Point","coordinates":[76.996254,8.597742]}},{"type":"Feature","properties":{"s":0.79,"t":0},"geometry":{"type":"Point","coordinates":[76.996674,8.597666]}},{"type":"Feature","properties":{"s":1.08,"t":1},"geometry":{"type":"Point","coordinates":[76.998313,8.597436]}},{"type":"Feature","properties":{"s":1.24,"t":0},"geometry":{"type":"Point","coordinates":[76.999149,8.597584]}},{"type":"Feature","properties":{"s":1.33,"t":0},"geometry":{"type":"Point","coordinates":[76.999275,8.597624]}},{"type":"Feature","properties":{"s":0.84,"t":0},"geometry":{"type":"Point","coordinates":[77.005356,8.597563]}},{"type":"Feature","properties":{"s":1.07,"t":0},"geometry":{"type":"Point","coordinates":[77.005831,8.59775]}},{"type":"Feature","properties":{"s":1.05,"t":0},"geometry":{"type":"Point","coordinates":[77.006159,8.597514]}},{"type":"Feature","properties":{"s":0.76,"t":0},"geometry":{"type":"Point","coordinates":[77.013727,8.597749]}},{"type":"Feature","properties":{"s":0.78,"t":1},"geometry":{"type":"Point","coordinates":[77.014208,8.597733]}},{"type":"Feature","properties":{"s":0.9,"t":1},"geometry":{"type":"Point","coordinates":[77.014503,8.597681]}},{"type":"Feature","properties":{"s":1.04,"t":1},"geometry":{"type":"Point","coordinates":[77.014979,8.597569]}},{"type":"Feature","properties":{"s":0.93,"t":0},"geometry":{"type":"Point","coordinates":[77.015145,8.597629]}},{"type":"Feature","properties":{"s":0.81,"t":0},"geometry":{"type":"Point","coordinates":[77.015576,8.59764]}},{"type":"Feature","properties":{"s":1.11,"t":0},"geometry":{"type":"Point","coordinates":[77.016239,8.597725]}},{"type":"Feature","properties":{"s":0.81,"t":1},"geometry":{"type":"Point","coordinates":[76.957371,8.598052]}},{"type":"Feature","properties":{"s":0.87,"t":1},"geometry":{"type":"Point","coordinates":[76.957941,8.597966]}},{"type":"Feature","properties":{"s":0.99,"t":0},"geometry":{"type":"Point","coordinates":[76.963607,8.597978]}},{"type":"Feature","properties":{"s":0.85,"t":0},"geometry":{"type":"Point","coordinates":[76.96382,8.597878]}},{"type":"Feature","properties":{"s":1.05,"t":0},"geometry":{"type":"Point","coordinates":[76.964425,8.597868]}},{"type":"Feature","properties":{"s":1.25,"t":1},"geometry":{"type":"Point","coordinates":[76.96467,8.597924]}},{"type":"Feature","properties":{"s":1.24,"t":1},"geometry":{"type":"Point","coordinates":[76.966097,8.598052]}},{"type":"Feature","properties":{"s":0.97,"t":1},"geometry":{"type":"Point","coordinates":[76.967706,8.598153]}},{"type":"Feature","properties":{"s":1.03,"t":0},"geometry":{"type":"Point","coordinates":[76.968011,8.597916]}},{"type":"Feature","properties":{"s":0.94,"t":1},"geometry":{"type":"Point","coordinates":[76.968391,8.597864]}},{"type":"Feature","properties":{"s":1.22,"t":0},"geometry":{"type":"Point","coordinates":[76.968761,8.597875]}},{"type":"Feature","properties":{"s":0.82,"t":1},"geometry":{"type":"Point","coordinates":[76.969205,8.597856]}},{"type":"Feature","properties":{"s":1.24,"t":0},"geometry":{"type":"Point","coordinates":[76.97118,8.597901]}},{"type":"Feature","properties":{"s":1.1,"t":0},"geometry":{"type":"Point","coordinates":[76.971464,8.597967]}},{"type":"Feature","properties":{"s":1.25,"t":0},"geometry":{"type":"Point","coordinates":[76.971796,8.597992]}},{"type":"Feature","properties":{"s":0.75,"t":0},"geometry":{"type":"Point","coordinates":[76.973239,8.598104]}},{"type":"Feature","properties":{"s":1.1,"t":1},"geometry":{"type":"Point","coordinates":[76.974331,8.59801]}},{"type":"Feature","properties":{"s":1.29,"t":0},"geometry":{"type":"Point","coordinates":[76.974895,8.597858]}},{"type":"Feature","properties":{"s":1.16,"t":0},"geometry":{"type":"Point","coordinates":[76.975458,8.598159]}},{"type":"Feature","properties":{"s":1.03,"t":0},"geometry":{"type":"Point","coordinates":[76.975884,8.597838]}},{"type":"Feature","properties":{"s":0.93,"t":0},"geometry":{"type":"Point","coordinates":[76.976544,8.597914]}},{"type":"Feature","properties":{"s":0.86,"t":1},"geometry":{"type":"Point","coordinates":[76.977436,8.597844]}},{"type":"Feature","properties":{"s":1.07,"t":0},"geometry":{"type":"Point","coordinates":[76.977637,8.598097]}},{"type":"Feature","properties":{"s":1.07,"t":0},"geometry":{"type":"Point","coordinates":[76.978091,8.597865]}},{"type":"Feature","properties":{"s":0.92,"t":0},"geometry":{"type":"Point","coordinates":[76.979376,8.597915]}},{"type":"Feature","properties":{"s":1.2,"t":0},"geometry":{"type":"Point","coordinates":[76.979961,8.597951]}},{"type":"Feature","properties":{"s":1.14,"t":0},"geometry":{"type":"Point","coordinates":[76.980291,8.598008]}},{"type":"Feature","properties":{"s":1.04,"t":0},"geometry":{"type":"Point","coordinates":[76.980502,8.597899]}},{"type":"Feature","properties":{"s":0.9,"t":1},"geometry":{"type":"Point","coordinates":[76.981037,8.598144]}},{"type":"Feature","properties":{"s":1.15,"t":0},"geometry":{"type":"Point","coordinates":[76.983497,8.598072]}},{"type":"Feature","properties":{"s":1.14,"t":1},"geometry":{"type":"Point","coordinates":[76.983953,8.598023]}},{"type":"Feature","properties":{"s":0.81,"t":1},"geometry":{"type":"Point","coordinates":[76.985079,8.598083]}},{"type":"Feature","properties":{"s":1.29,"t":1},"geometry":{"type":"Point","coordinates":[76.99205,8.597905]}},{"type":"Feature","properties":{"s":1.18,"t":1},"geometry":{"type":"Point","coordinates":[76.998181,8.597873]}},{"type":"Feature","properties":{"s":1.11,"t":1},"geometry":{"type":"Point","coordinates":[76.999196,8.598001]}},{"type":"Feature","properties":{"s":0.79,"t":1},"geometry":{"type":"Point","coordinates":[76.999284,8.597962]}},{"type":"Feature","properties":{"s":1.08,"t":0},"geometry":{"type":"Point","coordinates":[77.000698,8.597847]}},{"type":"Feature","properties":{"s":1.31,"t":0},"geometry":{"type":"Point","coordinates":[77.004529,8.59806]}},{"type":"Feature","properties":{"s":1.12,"t":1},"geometry":{"type":"Point","coordinates":[77.005793,8.598071]}},{"type":"Feature","properties":{"s":1.24,"t":1},"geometry":{"type":"Point","coordinates":[77.008705,8.598127]}},{"type":"Feature","properties":{"s":0.98,"t":1},"geometry":{"type":"Point","coordinates":[77.012003,8.598144]}},{"type":"Feature","properties":{"s":1.16,"t":0},"geometry":{"type":"Point","coordinates":[77.013763,8.597853]}},{"type":"Feature","properties":{"s":1.32,"t":1},"geometry":{"type":"Point","coordinates":[77.014858,8.597901]}},{"type":"Feature","properties":{"s":1.03,"t":0},"geometry":{"type":"Point","coordinates":[76.957757,8.598328]}},{"type":"Feature","properties":{"s":0.94,"t":0},"geometry":{"type":"Point","coordinates":[76.958107,8.598566]}},{"type":"Feature","properties":{"s":1.05,"t":1},"geometry":{"type":"Point","coordinates":[76.95944,8.598416]}},{"type":"Feature","properties":{"s":0.87,"t":1},"geometry":{"type":"Point","coordinates":[76.961568,8.598345]}},{"type":"Feature","properties":{"s":1.27,"t":0},"geometry":{"type":"Point","coordinates":[76.961796,8.598432]}},{"type":"Feature","properties":{"s":0.9,"t":0},"geometry":{"type":"Point","coordinates":[76.963573,8.598485]}},{"type":"Feature","properties":{"s":1.16,"t":0},"geometry":{"type":"Point","coordinates":[76.963998,8.598345]}},{"type":"Feature","properties":{"s":0.9,"t":1},"geometry":{"type":"Point","coordinates":[76.964477,8.598391]}},{"type":"Feature","properties":{"s":1.15,"t":0},"geometry":{"type":"Point","coordinates":[76.964793,8.598489]}},{"type":"Feature","properties":{"s":0.81,"t":1},"geometry":{"type":"Point","coordinates":[76.965312,8.598289]}},{"type":"Feature","properties":{"s":0.93,"t":1},"geometry":{"type":"Point","coordinates":[76.965537,8.598487]}},{"type":"Feature","properties":{"s":0.89,"t":0},"geometry":{"type":"Point","coordinates":[76.965844,8.598267]}},{"type":"Feature","properties":{"s":0.75,"t":0},"geometry":{"type":"Point","coordinates":[76.966249,8.598567]}},{"type":"Feature","properties":{"s":1.0,"t":0},"geometry":{"type":"Point","coordinates":[76.967749,8.598359]}},{"type":"Feature","properties":{"s":1.15,"t":1},"geometry":{"type":"Point","coordinates":[76.968034,8.598385]}},{"type":"Feature","properties":{"s":0.9,"t":0},"geometry":{"type":"Point","coordinates":[76.968622,8.598264]}},{"type":"Feature","properties":{"s":1.23,"t":0},"geometry":{"type":"Point","coordinates":[76.969063,8.598311]}},{"type":"Feature","properties":{"s":0.96,"t":1},"geometry":{"type":"Point","coordinates":[76.969236,8.598325]}},{"type":"Feature","properties":{"s":1.22,"t":0},"geometry":{"type":"Point","coordinates":[76.9698,8.598374]}},{"type":"Feature","properties":{"s":0.96,"t":1},"geometry":{"type":"Point","coordinates":[76.97033,8.5984]}},{"type":"Feature","properties":{"s":1.26,"t":1},"geometry":{"type":"Point","coordinates":[76.970865,8.598525]}},{"type":"Feature","properties":{"s":1.07,"t":1},"geometry":{"type":"Point","coordinates":[76.971434,8.598444]}},{"type":"Feature","properties":{"s":0.73,"t":0},"geometry":{"type":"Point","coordinates":[76.972206,8.598498]}},{"type":"Feature","properties":{"s":1.08,"t":0},"geometry":{"type":"Point","coordinates":[76.974108,8.598366]}},{"type":"Feature","properties":{"s":1.06,"t":1},"geometry":{"type":"Point","coordinates":[76.97452,8.598348]}},{"type":"Feature","properties":{"s":1.15,"t":1},"geometry":{"type":"Point","coordinates":[76.975959,8.598257]}},{"type":"Feature","properties":{"s":0.95,"t":0},"geometry":{"type":"Point","coordinates":[76.978023,8.598495]}},{"type":"Feature","properties":{"s":0.9,"t":0},"geometry":{"type":"Point","coordinates":[76.978789,8.598346]}},{"type":"Feature","properties":{"s":1.32,"t":1},"geometry":{"type":"Point","coordinates":[76.979716,8.59843]}},{"type":"Feature","properties":{"s":0.8,"t":1},"geometry":{"type":"Point","coordinates":[76.980747,8.598274]}},{"type":"Feature","properties":{"s":0.9,"t":0},"geometry":{"type":"Point","coordinates":[76.981782,8.598359]}},{"type":"Feature","properties":{"s":0.8,"t":1},"geometry":{"type":"Point","coordinates":[76.983715,8.598383]}},{"type":"Feature","properties":{"s":0.78,"t":0},"geometry":{"type":"Point","coordinates":[76.984515,8.598349]}},{"type":"Feature","properties":{"s":0.95,"t":0},"geometry":{"type":"Point","coordinates":[76.985635,8.598443]}},{"type":"Feature","properties":{"s":1.29,"t":1},"geometry":{"type":"Point","coordinates":[76.986143,8.598494]}},{"type":"Feature","properties":{"s":1.21,"t":1},"geometry":{"type":"Point","coordinates":[76.988096,8.598507]}},{"type":"Feature","properties":{"s":1.26,"t":0},"geometry":{"type":"Point","coordinates":[76.994597,8.598328]}},{"type":"Feature","properties":{"s":1.05,"t":1},"geometry":{"type":"Point","coordinates":[76.999148,8.598334]}},{"type":"Feature","properties":{"s":0.9,"t":0},"geometry":{"type":"Point","coordinates":[77.000117,8.598522]}},{"type":"Feature","properties":{"s":1.04,"t":1},"geometry":{"type":"Point","coordinates":[77.000644,8.598524]}},{"type":"Feature","properties":{"s":0.89,"t":0},"geometry":{"type":"Point","coordinates":[77.001262,8.598297]}},{"type":"Feature","properties":{"s":1.08,"t":1},"geometry":{"type":"Point","coordinates":[77.00304,8.598572]}},{"type":"Feature","properties":{"s":0.99,"t":1},"geometry":{"type":"Point","coordinates":[77.003704,8.598503]}},{"type":"Feature","properties":{"s":1.02,"t":1},"geometry":{"type":"Point","coordinates":[77.004558,8.598471]}},{"type":"Feature","properties":{"s":0.92,"t":1},"geometry":{"type":"Point","coordinates":[77.005621,8.598567]}},{"type":"Feature","properties":{"s":1.31,"t":0},"geometry":{"type":"Point","coordinates":[77.011631,8.598447]}},{"type":"Feature","properties":{"s":1.21,"t":1},"geometry":{"type":"Point","coordinates":[77.011946,8.598514]}},{"type":"Feature","properties":{"s":1.2,"t":0},"geometry":{"type":"Point","coordinates":[77.013186,8.598264]}},{"type":"Feature","properties":{"s":1.24,"t":1},"geometry":{"type":"Point","coordinates":[77.020672,8.598581]}},{"type":"Feature","properties":{"s":0.93,"t":1},"geometry":{"type":"Point","coordinates":[77.021054,8.598587]}},{"type":"Feature","properties":{"s":1.16,"t":1},"geometry":{"type":"Point","coordinates":[76.959334,8.599008]}},{"type":"Feature","properties":{"s":0.75,"t":0},"geometry":{"type":"Point","coordinates":[76.959618,8.599005]}},{"type":"Feature","properties":{"s":1.07,"t":0},"geometry":{"type":"Point","coordinates":[76.961701,8.598963]}},{"type":"Feature","properties":{"s":1.21,"t":0},"geometry":{"type":"Point","coordinates":[76.964042,8.598682]}},{"type":"Feature","properties":{"s":0.86,"t":1},"geometry":{"type":"Point","coordinates":[76.964231,8.599014]}},{"type":"Feature","properties":{"s":0.79,"t":1},"geometry":{"type":"Point","coordinates":[76.964775,8.599013]}},{"type":"Feature","properties":{"s":0.83,"t":0},"geometry":{"type":"Point","coordinates":[76.965428,8.598964]}},{"type":"Feature","properties":{"s":0.81,"t":1},"geometry":{"type":"Point","coordinates":[76.967179,8.598781]}},{"type":"Feature","properties":{"s":0.99,"t":0},"geometry":{"type":"Point","coordinates":[76.968551,8.598751]}},{"type":"Feature","properties":{"s":0.85,"t":1},"geometry":{"type":"Point","coordinates":[76.968802,8.598934]}},{"type":"Feature","properties":{"s":0.84,"t":0},"geometry":{"type":"Point","coordinates":[76.969197,8.598913]}},{"type":"Feature","properties":{"s":0.98,"t":1},"geometry":{"type":"Point","coordinates":[76.969919,8.598744]}},{"type":"Feature","properties":{"s":1.24,"t":1},"geometry":{"type":"Point","coordinates":[76.970183,8.598972]}},{"type":"Feature","properties":{"s":1.06,"t":1},"geometry":{"type":"Point","coordinates":[76.970515,8.598751]}},{"type":"Feature","properties":{"s":1.24,"t":1},"geometry":{"type":"Point","coordinates":[76.971473,8.598904]}},{"type":"Feature","properties":{"s":1.15,"t":0},"geometry":{"type":"Point","coordinates":[76.971932,8.598788]}},{"type":"Feature","properties":{"s":0.81,"t":0},"geometry":{"type":"Point","coordinates":[76.972758,8.598774]}},{"type":"Feature","properties":{"s":1.02,"t":0},"geometry":{"type":"Point","coordinates":[76.973523,8.598899]}},{"type":"Feature","properties":{"s":0.79,"t":1},"geometry":{"type":"Point","coordinates":[76.97385,8.599018]}},{"type":"Feature","properties":{"s":1.17,"t":1},"geometry":{"type":"Point","coordinates":[76.974324,8.599013]}},{"type":"Feature","properties":{"s":1.08,"t":0},"geometry":{"type":"Point","coordinates":[76.977352,8.598968]}},{"type":"Feature","properties":{"s":0.75,"t":0},"geometry":{"type":"Point","coordinates":[76.977955,8.598729]}},{"type":"Feature","properties":{"s":0.97,"t":0},"geometry":{"type":"Point","coordinates":[76.979541,8.598903]}},{"type":"Feature","properties":{"s":1.07,"t":1},"geometry":{"type":"Point","coordinates":[76.979676,8.59897]}},{"type":"Feature","properties":{"s":1.14,"t":0},"geometry":{"type":"Point","coordinates":[76.980259,8.598889]}},{"type":"Feature","properties":{"s":0.77,"t":1},"geometry":{"type":"Point","coordinates":[76.981919,8.598839]}},{"type":"Feature","properties":{"s":1.33,"t":1},"geometry":{"type":"Point","coordinates":[76.985313,8.598901]}},{"type":"Feature","properties":{"s":1.1,"t":0},"geometry":{"type":"Point","coordinates":[76.985714,8.598869]}},{"type":"Feature","properties":{"s":0.85,"t":0},"geometry":{"type":"Point","coordinates":[76.986523,8.598913]}},{"type":"Feature","properties":{"s":0.94,"t":0},"geometry":{"type":"Point","coordinates":[76.988817,8.598796]}},{"type":"Feature","properties":{"s":1.06,"t":0},"geometry":{"type":"Point","coordinates":[76.990319,8.598932]}},{"type":"Feature","properties":{"s":1.14,"t":0},"geometry":{"type":"Point","coordinates":[76.998086,8.598885]}},{"type":"Feature","properties":{"s":1.14,"t":1},"geometry":{"type":"Point","coordinates":[76.999463,8.599005]}},{"type":"Feature","properties":{"s":0.99,"t":1},"geometry":{"type":"Point","coordinates":[77.000307,8.598737]}},{"type":"Feature","properties":{"s":1.31,"t":1},"geometry":{"type":"Point","coordinates":[77.000631,8.598898]}},{"type":"Feature","properties":{"s":1.08,"t":0},"geometry":{"type":"Point","coordinates":[77.001959,8.598868]}},{"type":"Feature","properties":{"s":0.91,"t":1},"geometry":{"type":"Point","coordinates":[77.003503,8.598807]}},{"type":"Feature","properties":{"s":0.76,"t":0},"geometry":{"type":"Point","coordinates":[77.004071,8.598792]}},{"type":"Feature","properties":{"s":1.27,"t":1},"geometry":{"type":"Point","coordinates":[77.00463,8.598783]}},{"type":"Feature","properties":{"s":0.89,"t":1},"geometry":{"type":"Point","coordinates":[77.005145,8.598838]}},{"type":"Feature","properties":{"s":0.9,"t":1},"geometry":{"type":"Point","coordinates":[77.007276,8.598964]}},{"type":"Feature","properties":{"s":0.97,"t":1},"geometry":{"type":"Point","coordinates":[77.007667,8.598914]}},{"type":"Feature","properties":{"s":0.82,"t":1},"geometry":{"type":"Point","coordinates":[77.011812,8.598756]}},{"type":"Feature","properties":{"s":0.84,"t":1},"geometry":{"type":"Point","coordinates":[77.012753,8.598893]}},{"type":"Feature","properties":{"s":1.34,"t":1},"geometry":{"type":"Point","coordinates":[77.013085,8.598958]}},{"type":"Feature","properties":{"s":1.16,"t":1},"geometry":{"type":"Point","coordinates":[77.016444,8.598786]}},{"type":"Feature","properties":{"s":0.81,"t":0},"geometry":{"type":"Point","coordinates":[77.017105,8.598845]}},{"type":"Feature","properties":{"s":0.8,"t":0},"geometry":{"type":"Point","coordinates":[77.020054,8.598774]}},{"type":"Feature","properties":{"s":0.78,"t":0},"geometry":{"type":"Point","coordinates":[77.020887,8.599011]}},{"type":"Feature","properties":{"s":1.19,"t":0},"geometry":{"type":"Point","coordinates":[77.021108,8.598729]}},{"type":"Feature","properties":{"s":1.23,"t":0},"geometry":{"type":"Point","coordinates":[77.021659,8.598874]}},{"type":"Feature","properties":{"s":1.01,"t":1},"geometry":{"type":"Point","coordinates":[76.956118,8.599427]}},{"type":"Feature","properties":{"s":1.02,"t":1},"geometry":{"type":"Point","coordinates":[76.956852,8.599226]}},{"type":"Feature","properties":{"s":0.96,"t":0},"geometry":{"type":"Point","coordinates":[76.959421,8.599244]}},{"type":"Feature","properties":{"s":1.26,"t":1},"geometry":{"type":"Point","coordinates":[76.959674,8.599117]}},{"type":"Feature","properties":{"s":1.05,"t":0},"geometry":{"type":"Point","coordinates":[76.962316,8.599365]}},{"type":"Feature","properties":{"s":0.75,"t":1},"geometry":{"type":"Point","coordinates":[76.962596,8.599338]}},{"type":"Feature","properties":{"s":0.85,"t":1},"geometry":{"type":"Point","coordinates":[76.963391,8.599138]}},{"type":"Feature","properties":{"s":0.97,"t":1},"geometry":{"type":"Point","coordinates":[76.964812,8.599083]}},{"type":"Feature","properties":{"s":0.8,"t":0},"geometry":{"type":"Point","coordinates":[76.965317,8.599086]}},{"type":"Feature","properties":{"s":0.79,"t":1},"geometry":{"type":"Point","coordinates":[76.966128,8.599379]}},{"type":"Feature","properties":{"s":0.72,"t":1},"geometry":{"type":"Point","coordinates":[76.96669,8.599089]}},{"type":"Feature","properties":{"s":1.2,"t":1},"geometry":{"type":"Point","coordinates":[76.967337,8.599417]}},{"type":"Feature","properties":{"s":0.84,"t":0},"geometry":{"type":"Point","coordinates":[76.968212,8.599224]}},{"type":"Feature","properties":{"s":0.97,"t":0},"geometry":{"type":"Point","coordinates":[76.968551,8.599207]}},{"type":"Feature","properties":{"s":0.98,"t":0},"geometry":{"type":"Point","coordinates":[76.969719,8.599143]}},{"type":"Feature","properties":{"s":1.23,"t":0},"geometry":{"type":"Point","coordinates":[76.970952,8.599294]}},{"type":"Feature","properties":{"s":1.26,"t":1},"geometry":{"type":"Point","coordinates":[76.971573,8.599414]}},{"type":"Feature","properties":{"s":0.73,"t":1},"geometry":{"type":"Point","coordinates":[76.97194,8.599329]}},{"type":"Feature","properties":{"s":0.89,"t":0},"geometry":{"type":"Point","coordinates":[76.973248,8.599386]}},{"type":"Feature","properties":{"s":0.81,"t":1},"geometry":{"type":"Point","coordinates":[76.973436,8.599428]}},{"type":"Feature","properties":{"s":0.98,"t":0},"geometry":{"type":"Point","coordinates":[76.973787,8.599293]}},{"type":"Feature","properties":{"s":0.84,"t":0},"geometry":{"type":"Point","coordinates":[76.974746,8.599386]}},{"type":"Feature","properties":{"s":0.74,"t":0},"geometry":{"type":"Point","coordinates":[76.975069,8.599265]}},{"type":"Feature","properties":{"s":1.06,"t":1},"geometry":{"type":"Point","coordinates":[76.97774,8.599176]}},{"type":"Feature","properties":{"s":1.25,"t":1},"geometry":{"type":"Point","coordinates":[76.979238,8.599334]}},{"type":"Feature","properties":{"s":1.16,"t":0},"geometry":{"type":"Point","coordinates":[76.981195,8.599342]}},{"type":"Feature","properties":{"s":1.05,"t":0},"geometry":{"type":"Point","coordinates":[76.9815,8.599285]}},{"type":"Feature","properties":{"s":1.18,"t":1},"geometry":{"type":"Point","coordinates":[76.983001,8.599134]}},{"type":"Feature","properties":{"s":0.9,"t":1},"geometry":{"type":"Point","coordinates":[76.988592,8.599279]}},{"type":"Feature","properties":{"s":1.17,"t":0},"geometry":{"type":"Point","coordinates":[76.989276,8.599177]}},{"type":"Feature","properties":{"s":0.73,"t":1},"geometry":{"type":"Point","coordinates":[76.99,8.599378]}},{"type":"Feature","properties":{"s":1.12,"t":1},"geometry":{"type":"Point","coordinates":[76.990415,8.599184]}},{"type":"Feature","properties":{"s":0.8,"t":0},"geometry":{"type":"Point","coordinates":[76.990502,8.599391]}},{"type":"Feature","properties":{"s":1.32,"t":1},"geometry":{"type":"Point","coordinates":[76.991196,8.599368]}},{"type":"Feature","properties":{"s":1.24,"t":1},"geometry":{"type":"Point","coordinates":[76.991997,8.599093]}},{"type":"Feature","properties":{"s":0.87,"t":0},"geometry":{"type":"Point","coordinates":[76.994744,8.599179]}},{"type":"Feature","properties":{"s":0.75,"t":1},"geometry":{"type":"Point","coordinates":[76.99651,8.599409]}},{"type":"Feature","properties":{"s":0.78,"t":1},"geometry":{"type":"Point","coordinates":[76.996913,8.599374]}},{"type":"Feature","properties":{"s":1.12,"t":1},"geometry":{"type":"Point","coordinates":[76.997874,8.599118]}},{"type":"Feature","properties":{"s":1.16,"t":0},"geometry":{"type":"Point","coordinates":[76.999681,8.599307]}},{"type":"Feature","properties":{"s":1.08,"t":0},"geometry":{"type":"Point","coordinates":[77.001827,8.599267]}},{"type":"Feature","properties":{"s":1.15,"t":0},"geometry":{"type":"Point","coordinates":[77.002928,8.59926]}},{"type":"Feature","properties":{"s":1.0,"t":0},"geometry":{"type":"Point","coordinates":[77.00328,8.599344]}},{"type":"Feature","properties":{"s":0.88,"t":0},"geometry":{"type":"Point","coordinates":[77.003743,8.599191]}},{"type":"Feature","properties":{"s":1.1,"t":1},"geometry":{"type":"Point","coordinates":[77.004587,8.599093]}},{"type":"Feature","properties":{"s":0.99,"t":0},"geometry":{"type":"Point","coordinates":[77.005313,8.599144]}},{"type":"Feature","properties":{"s":0.88,"t":1},"geometry":{"type":"Point","coordinates":[77.006957,8.599221]}},{"type":"Feature","properties":{"s":1.09,"t":1},"geometry":{"type":"Point","coordinates":[77.012749,8.599163]}},{"type":"Feature","properties":{"s":0.95,"t":1},"geometry":{"type":"Point","coordinates":[77.016667,8.599157]}},{"type":"Feature","properties":{"s":0.89,"t":0},"geometry":{"type":"Point","coordinates":[77.016823,8.599394]}},{"type":"Feature","properties":{"s":1.24,"t":0},"geometry":{"type":"Point","coordinates":[77.017236,8.599143]}},{"type":"Feature","properties":{"s":1.09,"t":0},"geometry":{"type":"Point","coordinates":[77.017701,8.59935]}},{"type":"Feature","properties":{"s":1.24,"t":1},"geometry":{"type":"Point","coordinates":[77.018091,8.599159]}},{"type":"Feature","properties":{"s":0.77,"t":0},"geometry":{"type":"Point","coordinates":[77.019634,8.599298]}},{"type":"Feature","properties":{"s":1.08,"t":1},"geometry":{"type":"Point","coordinates":[77.020462,8.599265]}},{"type":"Feature","properties":{"s":1.08,"t":1},"geometry":{"type":"Point","coordinates":[77.020857,8.599239]}},{"type":"Feature","properties":{"s":0.73,"t":0},"geometry":{"type":"Point","coordinates":[77.021011,8.599146]}},{"type":"Feature","properties":{"s":1.02,"t":0},"geometry":{"type":"Point","coordinates":[77.021677,8.599099]}},{"type":"Feature","properties":{"s":1.0,"t":0},"geometry":{"type":"Point","coordinates":[76.957799,8.599618]}},{"type":"Feature","properties":{"s":1.06,"t":1},"geometry":{"type":"Point","coordinates":[76.958418,8.599543]}},{"type":"Feature","properties":{"s":0.79,"t":0},"geometry":{"type":"Point","coordinates":[76.95957,8.599692]}},{"type":"Feature","properties":{"s":0.84,"t":1},"geometry":{"type":"Point","coordinates":[76.965088,8.599639]}},{"type":"Feature","properties":{"s":1.16,"t":1},"geometry":{"type":"Point","coordinates":[76.965845,8.599565]}},{"type":"Feature","properties":{"s":1.21,"t":0},"geometry":{"type":"Point","coordinates":[76.966772,8.599574]}},{"type":"Feature","properties":{"s":0.96,"t":0},"geometry":{"type":"Point","coordinates":[76.96719,8.599813]}},{"type":"Feature","properties":{"s":1.26,"t":0},"geometry":{"type":"Point","coordinates":[76.967584,8.599834]}},{"type":"Feature","properties":{"s":1.0,"t":1},"geometry":{"type":"Point","coordinates":[76.967956,8.599666]}},{"type":"Feature","properties":{"s":1.29,"t":1},"geometry":{"type":"Point","coordinates":[76.968682,8.599792]}},{"type":"Feature","properties":{"s":0.89,"t":1},"geometry":{"type":"Point","coordinates":[76.970751,8.599686]}},{"type":"Feature","properties":{"s":1.26,"t":0},"geometry":{"type":"Point","coordinates":[76.97119,8.599631]}},{"type":"Feature","properties":{"s":1.03,"t":1},"geometry":{"type":"Point","coordinates":[76.971322,8.599542]}},{"type":"Feature","properties":{"s":0.94,"t":1},"geometry":{"type":"Point","coordinates":[76.971871,8.599808]}},{"type":"Feature","properties":{"s":1.26,"t":1},"geometry":{"type":"Point","coordinates":[76.972343,8.599535]}},{"type":"Feature","properties":{"s":0.79,"t":0},"geometry":{"type":"Point","coordinates":[76.973999,8.599831]}},{"type":"Feature","properties":{"s":1.19,"t":0},"geometry":{"type":"Point","coordinates":[76.97466,8.599593]}},{"type":"Feature","properties":{"s":1.17,"t":1},"geometry":{"type":"Point","coordinates":[76.978648,8.599849]}},{"type":"Feature","properties":{"s":1.1,"t":0},"geometry":{"type":"Point","coordinates":[76.979111,8.599661]}},{"type":"Feature","properties":{"s":0.73,"t":1},"geometry":{"type":"Point","coordinates":[76.979387,8.599631]}},{"type":"Feature","properties":{"s":0.75,"t":0},"geometry":{"type":"Point","coordinates":[76.980615,8.599724]}},{"type":"Feature","properties":{"s":1.31,"t":0},"geometry":{"type":"Point","coordinates":[76.982284,8.599699]}},{"type":"Feature","properties":{"s":1.04,"t":1},"geometry":{"type":"Point","coordinates":[76.982559,8.599818]}},{"type":"Feature","properties":{"s":0.76,"t":0},"geometry":{"type":"Point","coordinates":[76.988558,8.599589]}},{"type":"Feature","properties":{"s":1.12,"t":1},"geometry":{"type":"Point","coordinates":[76.989324,8.599556]}},{"type":"Feature","properties":{"s":0.81,"t":1},"geometry":{"type":"Point","coordinates":[76.989909,8.599554]}},{"type":"Feature","properties":{"s":1.06,"t":0},"geometry":{"type":"Point","coordinates":[76.990081,8.599748]}},{"type":"Feature","properties":{"s":1.05,"t":1},"geometry":{"type":"Point","coordinates":[76.990524,8.599821]}},{"type":"Feature","properties":{"s":1.34,"t":0},"geometry":{"type":"Point","coordinates":[76.992501,8.599639]}},{"type":"Feature","properties":{"s":1.21,"t":0},"geometry":{"type":"Point","coordinates":[76.992692,8.599841]}},{"type":"Feature","properties":{"s":0.77,"t":0},"geometry":{"type":"Point","coordinates":[76.994887,8.599609]}},{"type":"Feature","properties":{"s":0.89,"t":1},"geometry":{"type":"Point","coordinates":[76.996487,8.599798]}},{"type":"Feature","properties":{"s":1.05,"t":0},"geometry":{"type":"Point","coordinates":[76.996963,8.599531]}},{"type":"Feature","properties":{"s":1.32,"t":1},"geometry":{"type":"Point","coordinates":[76.999453,8.599836]}},{"type":"Feature","properties":{"s":0.96,"t":1},"geometry":{"type":"Point","coordinates":[76.999865,8.599586]}},{"type":"Feature","properties":{"s":1.28,"t":0},"geometry":{"type":"Point","coordinates":[77.001677,8.599848]}},{"type":"Feature","properties":{"s":1.18,"t":0},"geometry":{"type":"Point","coordinates":[77.00328,8.599541]}},{"type":"Feature","properties":{"s":1.0,"t":0},"geometry":{"type":"Point","coordinates":[77.00345,8.599638]}},{"type":"Feature","properties":{"s":0.74,"t":1},"geometry":{"type":"Point","coordinates":[77.004048,8.59963]}},{"type":"Feature","properties":{"s":0.93,"t":1},"geometry":{"type":"Point","coordinates":[77.004434,8.599517]}},{"type":"Feature","properties":{"s":0.96,"t":1},"geometry":{"type":"Point","coordinates":[77.012891,8.599757]}},{"type":"Feature","properties":{"s":0.81,"t":0},"geometry":{"type":"Point","coordinates":[77.013162,8.599722]}},{"type":"Feature","properties":{"s":0.84,"t":1},"geometry":{"type":"Point","coordinates":[77.014541,8.599802]}},{"type":"Feature","properties":{"s":0.74,"t":1},"geometry":{"type":"Point","coordinates":[77.014748,8.599672]}},{"type":"Feature","properties":{"s":1.14,"t":0},"geometry":{"type":"Point","coordinates":[77.017134,8.599738]}},{"type":"Feature","properties":{"s":0.75,"t":1},"geometry":{"type":"Point","coordinates":[77.017301,8.599805]}},{"type":"Feature","properties":{"s":0.87,"t":1},"geometry":{"type":"Point","coordinates":[77.019863,8.599713]}},{"type":"Feature","properties":{"s":1.06,"t":0},"geometry":{"type":"Point","coordinates":[77.021162,8.59959]}},{"type":"Feature","properties":{"s":0.77,"t":1},"geometry":{"type":"Point","coordinates":[76.956489,8.600267]}},{"type":"Feature","properties":{"s":0.87,"t":1},"geometry":{"type":"Point","coordinates":[76.956969,8.600203]}},{"type":"Feature","properties":{"s":1.01,"t":1},"geometry":{"type":"Point","coordinates":[76.957574,8.600062]}},{"type":"Feature","properties":{"s":0.86,"t":1},"geometry":{"type":"Point","coordinates":[76.958568,8.600085]}},{"type":"Feature","properties":{"s":0.89,"t":1},"geometry":{"type":"Point","coordinates":[76.959006,8.600167]}},{"type":"Feature","properties":{"s":1.07,"t":1},"geometry":{"type":"Point","coordinates":[76.959561,8.600113]}},{"type":"Feature","properties":{"s":0.75,"t":0},"geometry":{"type":"Point","coordinates":[76.960432,8.600052]}},{"type":"Feature","properties":{"s":0.92,"t":0},"geometry":{"type":"Point","coordinates":[76.962224,8.599982]}},{"type":"Feature","properties":{"s":1.23,"t":1},"geometry":{"type":"Point","coordinates":[76.962607,8.599916]}},{"type":"Feature","properties":{"s":0.93,"t":0},"geometry":{"type":"Point","coordinates":[76.963236,8.600148]}},{"type":"Feature","properties":{"s":1.04,"t":0},"geometry":{"type":"Point","coordinates":[76.963558,8.600065]}},{"type":"Feature","properties":{"s":1.28,"t":0},"geometry":{"type":"Point","coordinates":[76.963904,8.600099]}},{"type":"Feature","properties":{"s":0.82,"t":1},"geometry":{"type":"Point","coordinates":[76.964489,8.60004]}},{"type":"Feature","properties":{"s":0.89,"t":1},"geometry":{"type":"Point","coordinates":[76.964577,8.600238]}},{"type":"Feature","properties":{"s":1.14,"t":1},"geometry":{"type":"Point","coordinates":[76.965733,8.600213]}},{"type":"Feature","properties":{"s":0.8,"t":1},"geometry":{"type":"Point","coordinates":[76.966121,8.600153]}},{"type":"Feature","properties":{"s":0.89,"t":1},"geometry":{"type":"Point","coordinates":[76.967823,8.599997]}},{"type":"Feature","properties":{"s":0.93,"t":0},"geometry":{"type":"Point","coordinates":[76.968078,8.600237]}},{"type":"Feature","properties":{"s":1.28,"t":1},"geometry":{"type":"Point","coordinates":[76.968625,8.600146]}},{"type":"Feature","properties":{"s":0.86,"t":0},"geometry":{"type":"Point","coordinates":[76.96881,8.599929]}},{"type":"Feature","properties":{"s":0.81,"t":0},"geometry":{"type":"Point","coordinates":[76.969222,8.600206]}},{"type":"Feature","properties":{"s":1.19,"t":1},"geometry":{"type":"Point","coordinates":[76.969649,8.600044]}},{"type":"Feature","properties":{"s":1.3,"t":0},"geometry":{"type":"Point","coordinates":[76.971863,8.600088]}},{"type":"Feature","properties":{"s":0.96,"t":0},"geometry":{"type":"Point","coordinates":[76.973079,8.600209]}},{"type":"Feature","properties":{"s":1.27,"t":0},"geometry":{"type":"Point","coordinates":[76.97362,8.600211]}},{"type":"Feature","properties":{"s":1.03,"t":1},"geometry":{"type":"Point","coordinates":[76.973852,8.599965]}},{"type":"Feature","properties":{"s":0.91,"t":1},"geometry":{"type":"Point","coordinates":[76.974376,8.600239]}},{"type":"Feature","properties":{"s":1.09,"t":1},"geometry":{"type":"Point","coordinates":[76.974864,8.600183]}},{"type":"Feature","properties":{"s":1.33,"t":1},"geometry":{"type":"Point","coordinates":[76.97735,8.600112]}},{"type":"Feature","properties":{"s":1.32,"t":0},"geometry":{"type":"Point","coordinates":[76.978654,8.600043]}},{"type":"Feature","properties":{"s":1.12,"t":0},"geometry":{"type":"Point","coordinates":[76.978811,8.600186]}},{"type":"Feature","properties":{"s":1.26,"t":1},"geometry":{"type":"Point","coordinates":[76.982877,8.599983]}},{"type":"Feature","properties":{"s":1.27,"t":1},"geometry":{"type":"Point","coordinates":[76.983146,8.600151]}},{"type":"Feature","properties":{"s":1.2,"t":1},"geometry":{"type":"Point","coordinates":[76.98387,8.600251]}},{"type":"Feature","properties":{"s":1.05,"t":1},"geometry":{"type":"Point","coordinates":[76.98942,8.600108]}},{"type":"Feature","properties":{"s":0.84,"t":1},"geometry":{"type":"Point","coordinates":[76.989815,8.599961]}},{"type":"Feature","properties":{"s":0.93,"t":1},"geometry":{"type":"Point","coordinates":[76.990222,8.599968]}},{"type":"Feature","properties":{"s":0.78,"t":1},"geometry":{"type":"Point","coordinates":[76.990512,8.6]}},{"type":"Feature","properties":{"s":1.22,"t":0},"geometry":{"type":"Point","coordinates":[76.99183,8.600041]}},{"type":"Feature","properties":{"s":1.31,"t":0},"geometry":{"type":"Point","coordinates":[76.992399,8.600121]}},{"type":"Feature","properties":{"s":0.74,"t":1},"geometry":{"type":"Point","coordinates":[76.993319,8.600197]}},{"type":"Feature","properties":{"s":1.24,"t":1},"geometry":{"type":"Point","coordinates":[76.996148,8.600009]}},{"type":"Feature","properties":{"s":1.18,"t":1},"geometry":{"type":"Point","coordinates":[76.999432,8.599922]}},{"type":"Feature","properties":{"s":0.87,"t":0},"geometry":{"type":"Point","coordinates":[76.999707,8.600255]}},{"type":"Feature","properties":{"s":1.14,"t":1},"geometry":{"type":"Point","coordinates":[77.002707,8.599993]}},{"type":"Feature","properties":{"s":1.06,"t":1},"geometry":{"type":"Point","coordinates":[77.003544,8.600077]}},{"type":"Feature","properties":{"s":1.23,"t":1},"geometry":{"type":"Point","coordinates":[77.003903,8.600018]}},{"type":"Feature","properties":{"s":1.05,"t":1},"geometry":{"type":"Point","coordinates":[77.004524,8.600068]}},{"type":"Feature","properties":{"s":0.75,"t":0},"geometry":{"type":"Point","coordinates":[77.008218,8.600174]}},{"type":"Feature","properties":{"s":0.98,"t":0},"geometry":{"type":"Point","coordinates":[77.011508,8.599946]}},{"type":"Feature","properties":{"s":1.04,"t":0},"geometry":{"type":"Point","coordinates":[77.014859,8.600089]}},{"type":"Feature","properties":{"s":1.12,"t":0},"geometry":{"type":"Point","coordinates":[77.01708,8.600059]}},{"type":"Feature","properties":{"s":1.14,"t":1},"geometry":{"type":"Point","coordinates":[77.017553,8.600114]}},{"type":"Feature","properties":{"s":0.8,"t":0},"geometry":{"type":"Point","coordinates":[77.021191,8.59997]}},{"type":"Feature","properties":{"s":1.26,"t":1},"geometry":{"type":"Point","coordinates":[76.956119,8.600613]}},{"type":"Feature","properties":{"s":1.18,"t":1},"geometry":{"type":"Point","coordinates":[76.95637,8.600432]}},{"type":"Feature","properties":{"s":1.14,"t":1},"geometry":{"type":"Point","coordinates":[76.956885,8.600582]}},{"type":"Feature","properties":{"s":1.05,"t":1},"geometry":{"type":"Point","coordinates":[76.958529,8.600466]}},{"type":"Feature","properties":{"s":0.98,"t":1},"geometry":{"type":"Point","coordinates":[76.959061,8.600335]}},{"type":"Feature","properties":{"s":0.93,"t":0},"geometry":{"type":"Point","coordinates":[76.959277,8.600525]}},{"type":"Feature","properties":{"s":0.92,"t":0},"geometry":{"type":"Point","coordinates":[76.960919,8.600468]}},{"type":"Feature","properties":{"s":1.13,"t":0},"geometry":{"type":"Point","coordinates":[76.961822,8.600584]}},{"type":"Feature","properties":{"s":0.84,"t":1},"geometry":{"type":"Point","coordinates":[76.962161,8.600393]}},{"type":"Feature","properties":{"s":0.87,"t":0},"geometry":{"type":"Point","coordinates":[76.962751,8.600403]}},{"type":"Feature","properties":{"s":0.81,"t":1},"geometry":{"type":"Point","coordinates":[76.964003,8.600365]}},{"type":"Feature","properties":{"s":0.98,"t":0},"geometry":{"type":"Point","coordinates":[76.964459,8.600484]}},{"type":"Feature","properties":{"s":1.08,"t":0},"geometry":{"type":"Point","coordinates":[76.964795,8.600348]}},{"type":"Feature","properties":{"s":0.98,"t":0},"geometry":{"type":"Point","coordinates":[76.966094,8.600547]}},{"type":"Feature","properties":{"s":1.3,"t":0},"geometry":{"type":"Point","coordinates":[76.966763,8.600495]}},{"type":"Feature","properties":{"s":0.85,"t":0},"geometry":{"type":"Point","coordinates":[76.967153,8.600417]}},{"type":"Feature","properties":{"s":1.26,"t":1},"geometry":{"type":"Point","coordinates":[76.967556,8.600347]}},{"type":"Feature","properties":{"s":1.02,"t":0},"geometry":{"type":"Point","coordinates":[76.96846,8.600547]}},{"type":"Feature","properties":{"s":1.29,"t":1},"geometry":{"type":"Point","coordinates":[76.96892,8.600516]}},{"type":"Feature","properties":{"s":1.14,"t":0},"geometry":{"type":"Point","coordinates":[76.970324,8.600355]}},{"type":"Feature","properties":{"s":1.29,"t":1},"geometry":{"type":"Point","coordinates":[76.971069,8.600408]}},{"type":"Feature","properties":{"s":1.09,"t":1},"geometry":{"type":"Point","coordinates":[76.971332,8.600421]}},{"type":"Feature","properties":{"s":1.08,"t":1},"geometry":{"type":"Point","coordinates":[76.972215,8.600621]}},{"type":"Feature","properties":{"s":1.26,"t":0},"geometry":{"type":"Point","coordinates":[76.973092,8.600338]}},{"type":"Feature","properties":{"s":0.84,"t":0},"geometry":{"type":"Point","coordinates":[76.973368,8.600649]}},{"type":"Feature","properties":{"s":0.95,"t":0},"geometry":{"type":"Point","coordinates":[76.973906,8.600498]}},{"type":"Feature","properties":{"s":1.26,"t":1},"geometry":{"type":"Point","coordinates":[76.974519,8.60048]}},{"type":"Feature","properties":{"s":1.02,"t":1},"geometry":{"type":"Point","coordinates":[76.974619,8.600413]}},{"type":"Feature","properties":{"s":0.94,"t":0},"geometry":{"type":"Point","coordinates":[76.975131,8.600551]}},{"type":"Feature","properties":{"s":1.19,"t":0},"geometry":{"type":"Point","coordinates":[76.978686,8.600437]}},{"type":"Feature","properties":{"s":0.87,"t":1},"geometry":{"type":"Point","coordinates":[76.980369,8.600564]}},{"type":"Feature","properties":{"s":1.13,"t":0},"geometry":{"type":"Point","coordinates":[76.980777,8.60061]}},{"type":"Feature","properties":{"s":0.91,"t":0},"geometry":{"type":"Point","coordinates":[76.981216,8.60052]}},{"type":"Feature","properties":{"s":0.78,"t":0},"geometry":{"type":"Point","coordinates":[76.982471,8.60059]}},{"type":"Feature","properties":{"s":1.26,"t":0},"geometry":{"type":"Point","coordinates":[76.984247,8.60053]}},{"type":"Feature","properties":{"s":1.32,"t":1},"geometry":{"type":"Point","coordinates":[76.992742,8.600652]}},{"type":"Feature","properties":{"s":0.94,"t":1},"geometry":{"type":"Point","coordinates":[76.999074,8.600352]}},{"type":"Feature","properties":{"s":1.22,"t":0},"geometry":{"type":"Point","coordinates":[76.999958,8.600677]}},{"type":"Feature","properties":{"s":0.83,"t":0},"geometry":{"type":"Point","coordinates":[77.000342,8.60048]}},{"type":"Feature","properties":{"s":1.24,"t":0},"geometry":{"type":"Point","coordinates":[77.000638,8.60035]}},{"type":"Feature","properties":{"s":0.85,"t":1},"geometry":{"type":"Point","coordinates":[77.003263,8.600338]}},{"type":"Feature","properties":{"s":0.93,"t":0},"geometry":{"type":"Point","coordinates":[77.003999,8.600508]}},{"type":"Feature","properties":{"s":1.15,"t":1},"geometry":{"type":"Point","coordinates":[77.004511,8.600433]}},{"type":"Feature","properties":{"s":0.75,"t":0},"geometry":{"type":"Point","coordinates":[77.00559,8.600666]}},{"type":"Feature","properties":{"s":0.79,"t":0},"geometry":{"type":"Point","coordinates":[77.006882,8.600644]}},{"type":"Feature","properties":{"s":0.96,"t":0},"geometry":{"type":"Point","coordinates":[77.007769,8.60056]}},{"type":"Feature","properties":{"s":1.23,"t":0},"geometry":{"type":"Point","coordinates":[77.013595,8.600445]}},{"type":"Feature","properties":{"s":0.8,"t":1},"geometry":{"type":"Point","coordinates":[77.014577,8.600663]}},{"type":"Feature","properties":{"s":1.13,"t":1},"geometry":{"type":"Point","coordinates":[77.016089,8.600641]}},{"type":"Feature","properties":{"s":0.95,"t":1},"geometry":{"type":"Point","coordinates":[77.019047,8.600413]}},{"type":"Feature","properties":{"s":1.14,"t":1},"geometry":{"type":"Point","coordinates":[77.020849,8.600374]}},{"type":"Feature","properties":{"s":0.79,"t":1},"geometry":{"type":"Point","coordinates":[76.95602,8.600868]}},{"type":"Feature","properties":{"s":1.03,"t":0},"geometry":{"type":"Point","coordinates":[76.956344,8.600916]}},{"type":"Feature","properties":{"s":1.07,"t":1},"geometry":{"type":"Point","coordinates":[76.957235,8.600931]}},{"type":"Feature","properties":{"s":0.91,"t":1},"geometry":{"type":"Point","coordinates":[76.959058,8.600814]}},{"type":"Feature","properties":{"s":1.0,"t":0},"geometry":{"type":"Point","coordinates":[76.959313,8.600811]}},{"type":"Feature","properties":{"s":1.16,"t":1},"geometry":{"type":"Point","coordinates":[76.959697,8.6008]}},{"type":"Feature","properties":{"s":1.05,"t":0},"geometry":{"type":"Point","coordinates":[76.960289,8.601018]}},{"type":"Feature","properties":{"s":0.78,"t":0},"geometry":{"type":"Point","coordinates":[76.96158,8.601097]}},{"type":"Feature","properties":{"s":1.22,"t":1},"geometry":{"type":"Point","coordinates":[76.961961,8.600782]}},{"type":"Feature","properties":{"s":0.97,"t":1},"geometry":{"type":"Point","coordinates":[76.963048,8.600931]}},{"type":"Feature","properties":{"s":1.34,"t":0},"geometry":{"type":"Point","coordinates":[76.963966,8.600786]}},{"type":"Feature","properties":{"s":1.11,"t":1},"geometry":{"type":"Point","coordinates":[76.964248,8.600822]}},{"type":"Feature","properties":{"s":0.85,"t":1},"geometry":{"type":"Point","coordinates":[76.966395,8.60099]}},{"type":"Feature","properties":{"s":1.31,"t":0},"geometry":{"type":"Point","coordinates":[76.96667,8.600799]}},{"type":"Feature","properties":{"s":1.16,"t":1},"geometry":{"type":"Point","coordinates":[76.967209,8.600749]}},{"type":"Feature","properties":{"s":1.24,"t":1},"geometry":{"type":"Point","coordinates":[76.967635,8.600992]}},{"type":"Feature","properties":{"s":0.82,"t":1},"geometry":{"type":"Point","coordinates":[76.968088,8.600892]}},{"type":"Feature","properties":{"s":1.32,"t":0},"geometry":{"type":"Point","coordinates":[76.96853,8.600978]}},{"type":"Feature","properties":{"s":0.85,"t":1},"geometry":{"type":"Point","coordinates":[76.968897,8.600988]}},{"type":"Feature","properties":{"s":0.77,"t":1},"geometry":{"type":"Point","coordinates":[76.969377,8.600915]}},{"type":"Feature","properties":{"s":1.23,"t":0},"geometry":{"type":"Point","coordinates":[76.971054,8.600948]}},{"type":"Feature","properties":{"s":0.88,"t":1},"geometry":{"type":"Point","coordinates":[76.971562,8.600765]}},{"type":"Feature","properties":{"s":0.91,"t":1},"geometry":{"type":"Point","coordinates":[76.972205,8.601082]}},{"type":"Feature","properties":{"s":1.3,"t":1},"geometry":{"type":"Point","coordinates":[76.972726,8.601098]}},{"type":"Feature","properties":{"s":1.16,"t":1},"geometry":{"type":"Point","coordinates":[76.97308,8.601007]}},{"type":"Feature","properties":{"s":0.79,"t":0},"geometry":{"type":"Point","coordinates":[76.973687,8.600933]}},{"type":"Feature","properties":{"s":0.75,"t":0},"geometry":{"type":"Point","coordinates":[76.974062,8.600787]}},{"type":"Feature","properties":{"s":1.0,"t":1},"geometry":{"type":"Point","coordinates":[76.975142,8.601093]}},{"type":"Feature","properties":{"s":0.73,"t":0},"geometry":{"type":"Point","coordinates":[76.977131,8.600945]}},{"type":"Feature","properties":{"s":0.8,"t":0},"geometry":{"type":"Point","coordinates":[76.978842,8.601013]}},{"type":"Feature","properties":{"s":1.13,"t":1},"geometry":{"type":"Point","coordinates":[76.979416,8.601088]}},{"type":"Feature","properties":{"s":0.82,"t":0},"geometry":{"type":"Point","coordinates":[76.979796,8.600844]}},{"type":"Feature","properties":{"s":1.28,"t":1},"geometry":{"type":"Point","coordinates":[76.980284,8.600882]}},{"type":"Feature","properties":{"s":0.85,"t":0},"geometry":{"type":"Point","coordinates":[76.98077,8.601083]}},{"type":"Feature","properties":{"s":1.27,"t":1},"geometry":{"type":"Point","coordinates":[76.981083,8.601083]}},{"type":"Feature","properties":{"s":1.02,"t":1},"geometry":{"type":"Point","coordinates":[76.981505,8.60102]}},{"type":"Feature","properties":{"s":0.79,"t":0},"geometry":{"type":"Point","coordinates":[76.981856,8.601088]}},{"type":"Feature","properties":{"s":1.27,"t":0},"geometry":{"type":"Point","coordinates":[76.982654,8.600986]}},{"type":"Feature","properties":{"s":0.86,"t":0},"geometry":{"type":"Point","coordinates":[76.989895,8.601028]}},{"type":"Feature","properties":{"s":0.86,"t":1},"geometry":{"type":"Point","coordinates":[76.990214,8.600874]}},{"type":"Feature","properties":{"s":0.74,"t":0},"geometry":{"type":"Point","coordinates":[76.990587,8.600927]}},{"type":"Feature","properties":{"s":1.33,"t":0},"geometry":{"type":"Point","coordinates":[76.996855,8.600864]}},{"type":"Feature","properties":{"s":1.3,"t":0},"geometry":{"type":"Point","coordinates":[76.999486,8.601076]}},{"type":"Feature","properties":{"s":0.98,"t":1},"geometry":{"type":"Point","coordinates":[76.999867,8.600894]}},{"type":"Feature","properties":{"s":1.15,"t":1},"geometry":{"type":"Point","coordinates":[77.002532,8.601044]}},{"type":"Feature","properties":{"s":1.28,"t":0},"geometry":{"type":"Point","coordinates":[77.002754,8.600876]}},{"type":"Feature","properties":{"s":1.31,"t":0},"geometry":{"type":"Point","coordinates":[77.003365,8.601083]}},{"type":"Feature","properties":{"s":0.95,"t":1},"geometry":{"type":"Point","coordinates":[77.009945,8.600932]}},{"type":"Feature","properties":{"s":0.84,"t":1},"geometry":{"type":"Point","coordinates":[77.014534,8.60105]}},{"type":"Feature","properties":{"s":0.73,"t":0},"geometry":{"type":"Point","coordinates":[77.014726,8.600972]}},{"type":"Feature","properties":{"s":1.06,"t":0},"geometry":{"type":"Point","coordinates":[77.015856,8.600847]}},{"type":"Feature","properties":{"s":0.93,"t":0},"geometry":{"type":"Point","coordinates":[77.016906,8.600763]}},{"type":"Feature","properties":{"s":1.13,"t":1},"geometry":{"type":"Point","coordinates":[77.019634,8.600914]}},{"type":"Feature","properties":{"s":0.91,"t":1},"geometry":{"type":"Point","coordinates":[77.020008,8.600881]}},{"type":"Feature","properties":{"s":1.17,"t":1},"geometry":{"type":"Point","coordinates":[77.020231,8.600827]}},{"type":"Feature","properties":{"s":1.11,"t":1},"geometry":{"type":"Point","coordinates":[77.020875,8.600786]}},{"type":"Feature","properties":{"s":0.82,"t":0},"geometry":{"type":"Point","coordinates":[76.955955,8.601326]}},{"type":"Feature","properties":{"s":0.8,"t":0},"geometry":{"type":"Point","coordinates":[76.956265,8.601509]}},{"type":"Feature","properties":{"s":1.3,"t":0},"geometry":{"type":"Point","coordinates":[76.956636,8.601251]}},{"type":"Feature","properties":{"s":1.24,"t":0},"geometry":{"type":"Point","coordinates":[76.957992,8.601495]}},{"type":"Feature","properties":{"s":1.21,"t":1},"geometry":{"type":"Point","coordinates":[76.95905,8.601315]}},{"type":"Feature","properties":{"s":1.13,"t":0},"geometry":{"type":"Point","coordinates":[76.959182,8.601405]}},{"type":"Feature","properties":{"s":0.98,"t":1},"geometry":{"type":"Point","coordinates":[76.959565,8.601358]}},{"type":"Feature","properties":{"s":0.9,"t":0},"geometry":{"type":"Point","coordinates":[76.960126,8.601203]}},{"type":"Feature","properties":{"s":1.0,"t":0},"geometry":{"type":"Point","coordinates":[76.960712,8.601166]}},{"type":"Feature","properties":{"s":1.33,"t":0},"geometry":{"type":"Point","coordinates":[76.961127,8.601235]}},{"type":"Feature","properties":{"s":1.15,"t":0},"geometry":{"type":"Point","coordinates":[76.961392,8.601337]}},{"type":"Feature","properties":{"s":0.93,"t":0},"geometry":{"type":"Point","coordinates":[76.961659,8.601405]}},{"type":"Feature","properties":{"s":1.04,"t":1},"geometry":{"type":"Point","coordinates":[76.962065,8.601291]}},{"type":"Feature","properties":{"s":1.02,"t":1},"geometry":{"type":"Point","coordinates":[76.963919,8.601227]}},{"type":"Feature","properties":{"s":0.99,"t":0},"geometry":{"type":"Point","coordinates":[76.965461,8.601208]}},{"type":"Feature","properties":{"s":1.3,"t":1},"geometry":{"type":"Point","coordinates":[76.965833,8.601319]}},{"type":"Feature","properties":{"s":1.31,"t":1},"geometry":{"type":"Point","coordinates":[76.967089,8.601451]}},{"type":"Feature","properties":{"s":0.85,"t":1},"geometry":{"type":"Point","coordinates":[76.968045,8.601459]}},{"type":"Feature","properties":{"s":1.25,"t":1},"geometry":{"type":"Point","coordinates":[76.968681,8.601469]}},{"type":"Feature","properties":{"s":0.99,"t":0},"geometry":{"type":"Point","coordinates":[76.970604,8.601386]}},{"type":"Feature","properties":{"s":0.82,"t":1},"geometry":{"type":"Point","coordinates":[76.970855,8.601332]}},{"type":"Feature","properties":{"s":0.93,"t":0},"geometry":{"type":"Point","coordinates":[76.971915,8.601272]}},{"type":"Feature","properties":{"s":1.23,"t":1},"geometry":{"type":"Point","coordinates":[76.97234,8.601278]}},{"type":"Feature","properties":{"s":1.26,"t":1},"geometry":{"type":"Point","coordinates":[76.973118,8.601375]}},{"type":"Feature","properties":{"s":0.74,"t":1},"geometry":{"type":"Point","coordinates":[76.973522,8.601462]}},{"type":"Feature","properties":{"s":1.12,"t":0},"geometry":{"type":"Point","coordinates":[76.974094,8.601485]}},{"type":"Feature","properties":{"s":0.76,"t":0},"geometry":{"type":"Point","coordinates":[76.974261,8.601333]}},{"type":"Feature","properties":{"s":1.31,"t":1},"geometry":{"type":"Point","coordinates":[76.974677,8.601374]}},{"type":"Feature","properties":{"s":1.33,"t":1},"geometry":{"type":"Point","coordinates":[76.975224,8.601315]}},{"type":"Feature","properties":{"s":0.94,"t":1},"geometry":{"type":"Point","coordinates":[76.975552,8.601289]}},{"type":"Feature","properties":{"s":1.25,"t":1},"geometry":{"type":"Point","coordinates":[76.978813,8.601421]}},{"type":"Feature","properties":{"s":1.13,"t":0},"geometry":{"type":"Point","coordinates":[76.979254,8.601282]}},{"type":"Feature","properties":{"s":1.15,"t":0},"geometry":{"type":"Point","coordinates":[76.979817,8.601506]}},{"type":"Feature","properties":{"s":0.92,"t":1},"geometry":{"type":"Point","coordinates":[76.980095,8.601423]}},{"type":"Feature","properties":{"s":0.97,"t":1},"geometry":{"type":"Point","coordinates":[76.981302,8.601257]}},{"type":"Feature","properties":{"s":1.29,"t":1},"geometry":{"type":"Point","coordinates":[76.981835,8.601433]}},{"type":"Feature","properties":{"s":0.86,"t":1},"geometry":{"type":"Point","coordinates":[76.982322,8.601272]}},{"type":"Feature","properties":{"s":1.24,"t":1},"geometry":{"type":"Point","coordinates":[76.983224,8.601164]}},{"type":"Feature","properties":{"s":1.02,"t":0},"geometry":{"type":"Point","coordinates":[76.983457,8.601239]}},{"type":"Feature","properties":{"s":1.32,"t":1},"geometry":{"type":"Point","coordinates":[76.984037,8.601515]}},{"type":"Feature","properties":{"s":1.2,"t":0},"geometry":{"type":"Point","coordinates":[76.988044,8.601329]}},{"type":"Feature","properties":{"s":0.83,"t":1},"geometry":{"type":"Point","coordinates":[76.989036,8.601471]}},{"type":"Feature","properties":{"s":0.92,"t":0},"geometry":{"type":"Point","coordinates":[76.989284,8.601186]}},{"type":"Feature","properties":{"s":1.05,"t":1},"geometry":{"type":"Point","coordinates":[76.989831,8.601445]}},{"type":"Feature","properties":{"s":1.33,"t":1},"geometry":{"type":"Point","coordinates":[76.994904,8.601341]}},{"type":"Feature","properties":{"s":0.8,"t":0},"geometry":{"type":"Point","coordinates":[77.002823,8.60138]}},{"type":"Feature","properties":{"s":1.08,"t":0},"geometry":{"type":"Point","coordinates":[77.0031,8.601194]}},{"type":"Feature","properties":{"s":1.19,"t":1},"geometry":{"type":"Point","coordinates":[77.007923,8.601376]}},{"type":"Feature","properties":{"s":0.94,"t":1},"geometry":{"type":"Point","coordinates":[77.00851,8.601511]}},{"type":"Feature","properties":{"s":0.93,"t":1},"geometry":{"type":"Point","coordinates":[77.01077,8.601191]}},{"type":"Feature","properties":{"s":1.09,"t":1},"geometry":{"type":"Point","coordinates":[77.013215,8.601391]}},{"type":"Feature","properties":{"s":0.85,"t":1},"geometry":{"type":"Point","coordinates":[77.01355,8.601248]}},{"type":"Feature","properties":{"s":1.28,"t":0},"geometry":{"type":"Point","coordinates":[77.01416,8.601387]}},{"type":"Feature","properties":{"s":0.82,"t":0},"geometry":{"type":"Point","coordinates":[77.015804,8.601498]}},{"type":"Feature","properties":{"s":1.22,"t":0},"geometry":{"type":"Point","coordinates":[77.016403,8.601184]}},{"type":"Feature","properties":{"s":1.33,"t":1},"geometry":{"type":"Point","coordinates":[77.016889,8.601409]}},{"type":"Feature","properties":{"s":0.83,"t":1},"geometry":{"type":"Point","coordinates":[77.01792,8.601283]}},{"type":"Feature","properties":{"s":1.14,"t":1},"geometry":{"type":"Point","coordinates":[77.018194,8.601279]}},{"type":"Feature","properties":{"s":1.18,"t":1},"geometry":{"type":"Point","coordinates":[77.01979,8.601288]}},{"type":"Feature","properties":{"s":0.73,"t":1},"geometry":{"type":"Point","coordinates":[77.020453,8.601329]}},{"type":"Feature","properties":{"s":1.03,"t":0},"geometry":{"type":"Point","coordinates":[76.956339,8.601657]}},{"type":"Feature","properties":{"s":0.77,"t":1},"geometry":{"type":"Point","coordinates":[76.956747,8.60162]}},{"type":"Feature","properties":{"s":1.17,"t":0},"geometry":{"type":"Point","coordinates":[76.959327,8.601911]}},{"type":"Feature","properties":{"s":0.72,"t":0},"geometry":{"type":"Point","coordinates":[76.960061,8.601684]}},{"type":"Feature","properties":{"s":1.0,"t":1},"geometry":{"type":"Point","coordinates":[76.960564,8.601901]}},{"type":"Feature","properties":{"s":0.92,"t":0},"geometry":{"type":"Point","coordinates":[76.961105,8.601899]}},{"type":"Feature","properties":{"s":0.74,"t":1},"geometry":{"type":"Point","coordinates":[76.961528,8.601645]}},{"type":"Feature","properties":{"s":0.75,"t":1},"geometry":{"type":"Point","coordinates":[76.961741,8.601862]}},{"type":"Feature","properties":{"s":1.15,"t":1},"geometry":{"type":"Point","coordinates":[76.962141,8.601734]}},{"type":"Feature","properties":{"s":1.28,"t":1},"geometry":{"type":"Point","coordinates":[76.962635,8.601786]}},{"type":"Feature","properties":{"s":0.91,"t":1},"geometry":{"type":"Point","coordinates":[76.963142,8.601818]}},{"type":"Feature","properties":{"s":0.9,"t":0},"geometry":{"type":"Point","coordinates":[76.964225,8.601755]}},{"type":"Feature","properties":{"s":0.89,"t":0},"geometry":{"type":"Point","coordinates":[76.965633,8.601594]}},{"type":"Feature","properties":{"s":1.12,"t":1},"geometry":{"type":"Point","coordinates":[76.966577,8.601645]}},{"type":"Feature","properties":{"s":0.87,"t":1},"geometry":{"type":"Point","coordinates":[76.966733,8.60193]}},{"type":"Feature","properties":{"s":1.29,"t":0},"geometry":{"type":"Point","coordinates":[76.967085,8.60164]}},{"type":"Feature","properties":{"s":0.74,"t":0},"geometry":{"type":"Point","coordinates":[76.967818,8.601927]}},{"type":"Feature","properties":{"s":0.92,"t":0},"geometry":{"type":"Point","coordinates":[76.96806,8.601716]}},{"type":"Feature","properties":{"s":0.76,"t":1},"geometry":{"type":"Point","coordinates":[76.968632,8.601672]}},{"type":"Feature","properties":{"s":0.99,"t":0},"geometry":{"type":"Point","coordinates":[76.969077,8.601758]}},{"type":"Feature","properties":{"s":1.07,"t":0},"geometry":{"type":"Point","coordinates":[76.969211,8.601792]}},{"type":"Feature","properties":{"s":0.88,"t":1},"geometry":{"type":"Point","coordinates":[76.970017,8.601833]}},{"type":"Feature","properties":{"s":0.9,"t":0},"geometry":{"type":"Point","coordinates":[76.97093,8.601828]}},{"type":"Feature","properties":{"s":1.14,"t":1},"geometry":{"type":"Point","coordinates":[76.972027,8.60166]}},{"type":"Feature","properties":{"s":1.27,"t":1},"geometry":{"type":"Point","coordinates":[76.972423,8.601647]}},{"type":"Feature","properties":{"s":0.91,"t":0},"geometry":{"type":"Point","coordinates":[76.973544,8.601736]}},{"type":"Feature","properties":{"s":1.28,"t":1},"geometry":{"type":"Point","coordinates":[76.974348,8.601818]}},{"type":"Feature","properties":{"s":1.13,"t":1},"geometry":{"type":"Point","coordinates":[76.974671,8.601904]}},{"type":"Feature","properties":{"s":1.28,"t":0},"geometry":{"type":"Point","coordinates":[76.975139,8.601791]}},{"type":"Feature","properties":{"s":1.33,"t":1},"geometry":{"type":"Point","coordinates":[76.975645,8.601746]}},{"type":"Feature","properties":{"s":1.26,"t":0},"geometry":{"type":"Point","coordinates":[76.976094,8.601794]}},{"type":"Feature","properties":{"s":1.3,"t":0},"geometry":{"type":"Point","coordinates":[76.976558,8.601782]}},{"type":"Feature","properties":{"s":0.83,"t":1},"geometry":{"type":"Point","coordinates":[76.97675,8.601724]}},{"type":"Feature","properties":{"s":0.93,"t":0},"geometry":{"type":"Point","coordinates":[76.978285,8.601888]}},{"type":"Feature","properties":{"s":0.97,"t":1},"geometry":{"type":"Point","coordinates":[76.978656,8.601808]}},{"type":"Feature","properties":{"s":1.17,"t":0},"geometry":{"type":"Point","coordinates":[76.979108,8.601764]}},{"type":"Feature","properties":{"s":0.81,"t":1},"geometry":{"type":"Point","coordinates":[76.979418,8.601656]}},{"type":"Feature","properties":{"s":0.9,"t":1},"geometry":{"type":"Point","coordinates":[76.97977,8.601913]}},{"type":"Feature","properties":{"s":0.96,"t":0},"geometry":{"type":"Point","coordinates":[76.980191,8.601816]}},{"type":"Feature","properties":{"s":0.74,"t":0},"geometry":{"type":"Point","coordinates":[76.985551,8.601846]}},{"type":"Feature","properties":{"s":0.78,"t":1},"geometry":{"type":"Point","coordinates":[76.98607,8.601878]}},{"type":"Feature","properties":{"s":0.86,"t":1},"geometry":{"type":"Point","coordinates":[76.986578,8.601631]}},{"type":"Feature","properties":{"s":1.33,"t":1},"geometry":{"type":"Point","coordinates":[76.986962,8.60162]}},{"type":"Feature","properties":{"s":0.87,"t":1},"geometry":{"type":"Point","coordinates":[76.989094,8.601854]}},{"type":"Feature","properties":{"s":0.91,"t":1},"geometry":{"type":"Point","coordinates":[76.989543,8.601716]}},{"type":"Feature","properties":{"s":1.06,"t":0},"geometry":{"type":"Point","coordinates":[76.991889,8.601793]}},{"type":"Feature","properties":{"s":0.98,"t":0},"geometry":{"type":"Point","coordinates":[76.995322,8.601813]}},{"type":"Feature","properties":{"s":1.17,"t":1},"geometry":{"type":"Point","coordinates":[76.996559,8.601891]}},{"type":"Feature","properties":{"s":1.13,"t":0},"geometry":{"type":"Point","coordinates":[77.001827,8.601853]}},{"type":"Feature","properties":{"s":1.27,"t":0},"geometry":{"type":"Point","coordinates":[77.003252,8.601801]}},{"type":"Feature","properties":{"s":1.0,"t":0},"geometry":{"type":"Point","coordinates":[77.006864,8.601739]}},{"type":"Feature","properties":{"s":0.97,"t":1},"geometry":{"type":"Point","coordinates":[77.007892,8.60171]}},{"type":"Feature","properties":{"s":1.0,"t":1},"geometry":{"type":"Point","coordinates":[77.008153,8.601659]}},{"type":"Feature","properties":{"s":1.13,"t":0},"geometry":{"type":"Point","coordinates":[77.012779,8.601694]}},{"type":"Feature","properties":{"s":1.33,"t":0},"geometry":{"type":"Point","coordinates":[77.013379,8.601596]}},{"type":"Feature","properties":{"s":0.77,"t":0},"geometry":{"type":"Point","coordinates":[77.013498,8.601767]}},{"type":"Feature","properties":{"s":1.19,"t":0},"geometry":{"type":"Point","coordinates":[77.014068,8.601767]}},{"type":"Feature","properties":{"s":0.94,"t":0},"geometry":{"type":"Point","coordinates":[77.014638,8.601869]}},{"type":"Feature","properties":{"s":1.11,"t":1},"geometry":{"type":"Point","coordinates":[77.016028,8.601676]}},{"type":"Feature","properties":{"s":0.74,"t":0},"geometry":{"type":"Point","coordinates":[77.016564,8.601744]}},{"type":"Feature","properties":{"s":0.81,"t":0},"geometry":{"type":"Point","coordinates":[77.01812,8.601616]}},{"type":"Feature","properties":{"s":1.31,"t":1},"geometry":{"type":"Point","coordinates":[77.018583,8.601621]}},{"type":"Feature","properties":{"s":1.14,"t":0},"geometry":{"type":"Point","coordinates":[77.01912,8.601868]}},{"type":"Feature","properties":{"s":0.73,"t":1},"geometry":{"type":"Point","coordinates":[77.019573,8.601633]}},{"type":"Feature","properties":{"s":0.75,"t":1},"geometry":{"type":"Point","coordinates":[76.955913,8.602304]}},{"type":"Feature","properties":{"s":0.88,"t":1},"geometry":{"type":"Point","coordinates":[76.957638,8.602145]}},{"type":"Feature","properties":{"s":0.89,"t":1},"geometry":{"type":"Point","coordinates":[76.957981,8.60233]}},{"type":"Feature","properties":{"s":0.95,"t":0},"geometry":{"type":"Point","coordinates":[76.958923,8.602175]}},{"type":"Feature","properties":{"s":1.12,"t":1},"geometry":{"type":"Point","coordinates":[76.961268,8.602123]}},{"type":"Feature","properties":{"s":0.85,"t":1},"geometry":{"type":"Point","coordinates":[76.962197,8.602071]}},{"type":"Feature","properties":{"s":0.93,"t":1},"geometry":{"type":"Point","coordinates":[76.962656,8.602089]}},{"type":"Feature","properties":{"s":0.83,"t":0},"geometry":{"type":"Point","coordinates":[76.963609,8.6022]}},{"type":"Feature","properties":{"s":0.96,"t":0},"geometry":{"type":"Point","coordinates":[76.965149,8.602201]}},{"type":"Feature","properties":{"s":1.2,"t":1},"geometry":{"type":"Point","coordinates":[76.96547,8.602203]}},{"type":"Feature","properties":{"s":0.79,"t":0},"geometry":{"type":"Point","coordinates":[76.966526,8.602037]}},{"type":"Feature","properties":{"s":1.18,"t":1},"geometry":{"type":"Point","coordinates":[76.967261,8.60219]}},{"type":"Feature","properties":{"s":1.07,"t":0},"geometry":{"type":"Point","coordinates":[76.9676,8.602146]}},{"type":"Feature","properties":{"s":1.2,"t":0},"geometry":{"type":"Point","coordinates":[76.96803,8.602269]}},{"type":"Feature","properties":{"s":1.06,"t":1},"geometry":{"type":"Point","coordinates":[76.968416,8.60225]}},{"type":"Feature","properties":{"s":1.15,"t":0},"geometry":{"type":"Point","coordinates":[76.968886,8.602068]}},{"type":"Feature","properties":{"s":0.91,"t":0},"geometry":{"type":"Point","coordinates":[76.969335,8.602226]}},{"type":"Feature","properties":{"s":0.9,"t":0},"geometry":{"type":"Point","coordinates":[76.971275,8.60228]}},{"type":"Feature","properties":{"s":1.02,"t":0},"geometry":{"type":"Point","coordinates":[76.971936,8.60203]}},{"type":"Feature","properties":{"s":1.02,"t":1},"geometry":{"type":"Point","coordinates":[76.973227,8.602326]}},{"type":"Feature","properties":{"s":1.29,"t":0},"geometry":{"type":"Point","coordinates":[76.973454,8.602105]}},{"type":"Feature","properties":{"s":1.15,"t":0},"geometry":{"type":"Point","coordinates":[76.974277,8.602079]}},{"type":"Feature","properties":{"s":0.76,"t":1},"geometry":{"type":"Point","coordinates":[76.974706,8.602163]}},{"type":"Feature","properties":{"s":0.81,"t":1},"geometry":{"type":"Point","coordinates":[76.975102,8.602339]}},{"type":"Feature","properties":{"s":1.27,"t":0},"geometry":{"type":"Point","coordinates":[76.975537,8.602032]}},{"type":"Feature","properties":{"s":0.92,"t":0},"geometry":{"type":"Point","coordinates":[76.976136,8.602231]}},{"type":"Feature","properties":{"s":0.76,"t":0},"geometry":{"type":"Point","coordinates":[76.976283,8.602161]}},{"type":"Feature","properties":{"s":0.93,"t":1},"geometry":{"type":"Point","coordinates":[76.977366,8.602201]}},{"type":"Feature","properties":{"s":0.76,"t":0},"geometry":{"type":"Point","coordinates":[76.977608,8.602176]}},{"type":"Feature","properties":{"s":0.88,"t":0},"geometry":{"type":"Point","coordinates":[76.978023,8.602345]}},{"type":"Feature","properties":{"s":0.99,"t":0},"geometry":{"type":"Point","coordinates":[76.978396,8.602276]}},{"type":"Feature","properties":{"s":1.22,"t":1},"geometry":{"type":"Point","coordinates":[76.97913,8.602059]}},{"type":"Feature","properties":{"s":1.27,"t":0},"geometry":{"type":"Point","coordinates":[76.979369,8.602334]}},{"type":"Feature","properties":{"s":1.21,"t":0},"geometry":{"type":"Point","coordinates":[76.980198,8.602058]}},{"type":"Feature","properties":{"s":1.32,"t":1},"geometry":{"type":"Point","coordinates":[76.980682,8.602262]}},{"type":"Feature","properties":{"s":0.9,"t":0},"geometry":{"type":"Point","coordinates":[76.981386,8.602103]}},{"type":"Feature","properties":{"s":1.34,"t":1},"geometry":{"type":"Point","coordinates":[76.984819,8.602003]}},{"type":"Feature","properties":{"s":1.16,"t":1},"geometry":{"type":"Point","coordinates":[76.985067,8.602148]}},{"type":"Feature","properties":{"s":1.28,"t":1},"geometry":{"type":"Point","coordinates":[76.985801,8.602214]}},{"type":"Feature","properties":{"s":1.01,"t":1},"geometry":{"type":"Point","coordinates":[76.99727,8.602323]}},{"type":"Feature","properties":{"s":1.23,"t":0},"geometry":{"type":"Point","coordinates":[77.011699,8.602014]}},{"type":"Feature","properties":{"s":1.25,"t":0},"geometry":{"type":"Point","coordinates":[77.012559,8.602268]}},{"type":"Feature","properties":{"s":0.73,"t":0},"geometry":{"type":"Point","coordinates":[77.012684,8.602261]}},{"type":"Feature","properties":{"s":1.16,"t":0},"geometry":{"type":"Point","coordinates":[77.013639,8.602197]}},{"type":"Feature","properties":{"s":1.26,"t":0},"geometry":{"type":"Point","coordinates":[77.014175,8.602132]}},{"type":"Feature","properties":{"s":1.1,"t":0},"geometry":{"type":"Point","coordinates":[77.014484,8.602034]}},{"type":"Feature","properties":{"s":0.85,"t":0},"geometry":{"type":"Point","coordinates":[77.015204,8.602322]}},{"type":"Feature","properties":{"s":1.04,"t":1},"geometry":{"type":"Point","coordinates":[77.01612,8.60214]}},{"type":"Feature","properties":{"s":1.18,"t":0},"geometry":{"type":"Point","coordinates":[77.018365,8.602163]}},{"type":"Feature","properties":{"s":0.93,"t":0},"geometry":{"type":"Point","coordinates":[77.019462,8.602076]}},{"type":"Feature","properties":{"s":1.09,"t":0},"geometry":{"type":"Point","coordinates":[77.020926,8.602071]}},{"type":"Feature","properties":{"s":0.89,"t":0},"geometry":{"type":"Point","coordinates":[77.021145,8.60227]}},{"type":"Feature","properties":{"s":1.22,"t":1},"geometry":{"type":"Point","coordinates":[76.956547,8.602737]}},{"type":"Feature","properties":{"s":0.83,"t":1},"geometry":{"type":"Point","coordinates":[76.957628,8.602755]}},{"type":"Feature","properties":{"s":0.92,"t":0},"geometry":{"type":"Point","coordinates":[76.958123,8.602605]}},{"type":"Feature","properties":{"s":1.18,"t":1},"geometry":{"type":"Point","coordinates":[76.958827,8.602756]}},{"type":"Feature","properties":{"s":0.94,"t":0},"geometry":{"type":"Point","coordinates":[76.960176,8.602509]}},{"type":"Feature","properties":{"s":0.81,"t":1},"geometry":{"type":"Point","coordinates":[76.96061,8.602552]}},{"type":"Feature","properties":{"s":0.84,"t":1},"geometry":{"type":"Point","coordinates":[76.961116,8.602704]}},{"type":"Feature","properties":{"s":0.94,"t":1},"geometry":{"type":"Point","coordinates":[76.962306,8.602653]}},{"type":"Feature","properties":{"s":1.31,"t":0},"geometry":{"type":"Point","coordinates":[76.962578,8.602729]}},{"type":"Feature","properties":{"s":1.28,"t":0},"geometry":{"type":"Point","coordinates":[76.963485,8.602651]}},{"type":"Feature","properties":{"s":1.3,"t":0},"geometry":{"type":"Point","coordinates":[76.963786,8.602711]}},{"type":"Feature","properties":{"s":1.09,"t":0},"geometry":{"type":"Point","coordinates":[76.967776,8.602737]}},{"type":"Feature","properties":{"s":1.01,"t":0},"geometry":{"type":"Point","coordinates":[76.968052,8.602612]}},{"type":"Feature","properties":{"s":1.26,"t":1},"geometry":{"type":"Point","coordinates":[76.968456,8.602553]}},{"type":"Feature","properties":{"s":1.21,"t":0},"geometry":{"type":"Point","coordinates":[76.969916,8.602606]}},{"type":"Feature","properties":{"s":1.3,"t":1},"geometry":{"type":"Point","coordinates":[76.97018,8.602637]}},{"type":"Feature","properties":{"s":1.11,"t":1},"geometry":{"type":"Point","coordinates":[76.971191,8.602713]}},{"type":"Feature","properties":{"s":1.08,"t":1},"geometry":{"type":"Point","coordinates":[76.971414,8.602658]}},{"type":"Feature","properties":{"s":1.07,"t":1},"geometry":{"type":"Point","coordinates":[76.971907,8.602448]}},{"type":"Feature","properties":{"s":0.89,"t":1},"geometry":{"type":"Point","coordinates":[76.972389,8.602696]}},{"type":"Feature","properties":{"s":0.79,"t":1},"geometry":{"type":"Point","coordinates":[76.973198,8.602412]}},{"type":"Feature","properties":{"s":1.13,"t":0},"geometry":{"type":"Point","coordinates":[76.973526,8.602643]}},{"type":"Feature","properties":{"s":1.25,"t":1},"geometry":{"type":"Point","coordinates":[76.973917,8.602633]}},{"type":"Feature","properties":{"s":0.89,"t":0},"geometry":{"type":"Point","coordinates":[76.974322,8.602703]}},{"type":"Feature","properties":{"s":1.06,"t":0},"geometry":{"type":"Point","coordinates":[76.974608,8.602429]}},{"type":"Feature","properties":{"s":0.75,"t":1},"geometry":{"type":"Point","coordinates":[76.975527,8.602691]}},{"type":"Feature","properties":{"s":1.12,"t":1},"geometry":{"type":"Point","coordinates":[76.977005,8.602681]}},{"type":"Feature","properties":{"s":0.86,"t":1},"geometry":{"type":"Point","coordinates":[76.977165,8.602743]}},{"type":"Feature","properties":{"s":1.25,"t":0},"geometry":{"type":"Point","coordinates":[76.977878,8.602631]}},{"type":"Feature","properties":{"s":0.91,"t":0},"geometry":{"type":"Point","coordinates":[76.978132,8.602553]}},{"type":"Feature","properties":{"s":1.33,"t":1},"geometry":{"type":"Point","coordinates":[76.978921,8.602758]}},{"type":"Feature","properties":{"s":1.07,"t":1},"geometry":{"type":"Point","coordinates":[76.979299,8.602591]}},{"type":"Feature","properties":{"s":1.16,"t":0},"geometry":{"type":"Point","coordinates":[76.980168,8.602599]}},{"type":"Feature","properties":{"s":1.1,"t":1},"geometry":{"type":"Point","coordinates":[76.98092,8.602512]}},{"type":"Feature","properties":{"s":0.99,"t":0},"geometry":{"type":"Point","coordinates":[76.981554,8.602756]}},{"type":"Feature","properties":{"s":1.07,"t":0},"geometry":{"type":"Point","coordinates":[76.981713,8.602481]}},{"type":"Feature","properties":{"s":1.31,"t":0},"geometry":{"type":"Point","coordinates":[76.982383,8.602553]}},{"type":"Feature","properties":{"s":1.22,"t":0},"geometry":{"type":"Point","coordinates":[76.98472,8.602615]}},{"type":"Feature","properties":{"s":1.26,"t":1},"geometry":{"type":"Point","coordinates":[76.985216,8.602609]}},{"type":"Feature","properties":{"s":0.74,"t":1},"geometry":{"type":"Point","coordinates":[76.985587,8.602741]}},{"type":"Feature","properties":{"s":1.15,"t":1},"geometry":{"type":"Point","coordinates":[76.986115,8.602546]}},{"type":"Feature","properties":{"s":1.26,"t":0},"geometry":{"type":"Point","coordinates":[76.986796,8.602499]}},{"type":"Feature","properties":{"s":1.06,"t":1},"geometry":{"type":"Point","coordinates":[76.987445,8.602508]}},{"type":"Feature","properties":{"s":1.29,"t":1},"geometry":{"type":"Point","coordinates":[76.988096,8.602537]}},{"type":"Feature","properties":{"s":1.3,"t":0},"geometry":{"type":"Point","coordinates":[76.989817,8.602466]}},{"type":"Feature","properties":{"s":1.14,"t":0},"geometry":{"type":"Point","coordinates":[76.990168,8.602575]}},{"type":"Feature","properties":{"s":0.96,"t":0},"geometry":{"type":"Point","coordinates":[76.992292,8.602566]}},{"type":"Feature","properties":{"s":1.12,"t":0},"geometry":{"type":"Point","coordinates":[76.99364,8.60247]}},{"type":"Feature","properties":{"s":0.74,"t":0},"geometry":{"type":"Point","coordinates":[76.99456,8.602714]}},{"type":"Feature","properties":{"s":1.2,"t":0},"geometry":{"type":"Point","coordinates":[76.997753,8.60267]}},{"type":"Feature","properties":{"s":0.82,"t":1},"geometry":{"type":"Point","coordinates":[77.000652,8.602753]}},{"type":"Feature","properties":{"s":0.86,"t":1},"geometry":{"type":"Point","coordinates":[77.00116,8.602503]}},{"type":"Feature","properties":{"s":0.92,"t":1},"geometry":{"type":"Point","coordinates":[77.006132,8.60262]}},{"type":"Feature","properties":{"s":1.21,"t":0},"geometry":{"type":"Point","coordinates":[77.00781,8.60262]}},{"type":"Feature","properties":{"s":0.83,"t":0},"geometry":{"type":"Point","coordinates":[77.010996,8.602563]}},{"type":"Feature","properties":{"s":1.1,"t":1},"geometry":{"type":"Point","coordinates":[77.011491,8.602415]}},{"type":"Feature","properties":{"s":0.82,"t":0},"geometry":{"type":"Point","coordinates":[77.012017,8.602629]}},{"type":"Feature","properties":{"s":0.84,"t":0},"geometry":{"type":"Point","coordinates":[77.012448,8.602414]}},{"type":"Feature","properties":{"s":0.91,"t":1},"geometry":{"type":"Point","coordinates":[77.013359,8.602603]}},{"type":"Feature","properties":{"s":0.95,"t":1},"geometry":{"type":"Point","coordinates":[77.014165,8.602662]}},{"type":"Feature","properties":{"s":0.75,"t":0},"geometry":{"type":"Point","coordinates":[77.014481,8.602584]}},{"type":"Feature","properties":{"s":1.2,"t":0},"geometry":{"type":"Point","coordinates":[77.014752,8.602495]}},{"type":"Feature","properties":{"s":0.93,"t":1},"geometry":{"type":"Point","coordinates":[77.015319,8.602625]}},{"type":"Feature","properties":{"s":0.8,"t":1},"geometry":{"type":"Point","coordinates":[77.015574,8.602612]}},{"type":"Feature","properties":{"s":0.87,"t":0},"geometry":{"type":"Point","coordinates":[77.016149,8.602659]}},{"type":"Feature","properties":{"s":1.0,"t":0},"geometry":{"type":"Point","coordinates":[77.016512,8.602526]}},{"type":"Feature","properties":{"s":0.91,"t":0},"geometry":{"type":"Point","coordinates":[77.017134,8.60275]}},{"type":"Feature","properties":{"s":1.0,"t":1},"geometry":{"type":"Point","coordinates":[77.019893,8.602666]}},{"type":"Feature","properties":{"s":0.87,"t":0},"geometry":{"type":"Point","coordinates":[77.020359,8.602554]}},{"type":"Feature","properties":{"s":0.91,"t":1},"geometry":{"type":"Point","coordinates":[76.957325,8.603023]}},{"type":"Feature","properties":{"s":1.0,"t":0},"geometry":{"type":"Point","coordinates":[76.957918,8.602932]}},{"type":"Feature","properties":{"s":0.74,"t":0},"geometry":{"type":"Point","coordinates":[76.958891,8.602849]}},{"type":"Feature","properties":{"s":1.25,"t":1},"geometry":{"type":"Point","coordinates":[76.960269,8.603103]}},{"type":"Feature","properties":{"s":0.83,"t":0},"geometry":{"type":"Point","coordinates":[76.960735,8.603078]}},{"type":"Feature","properties":{"s":1.31,"t":1},"geometry":{"type":"Point","coordinates":[76.961114,8.602982]}},{"type":"Feature","properties":{"s":0.85,"t":0},"geometry":{"type":"Point","coordinates":[76.961557,8.603104]}},{"type":"Feature","properties":{"s":0.89,"t":1},"geometry":{"type":"Point","coordinates":[76.96169,8.60293]}},{"type":"Feature","properties":{"s":0.89,"t":0},"geometry":{"type":"Point","coordinates":[76.962094,8.603128]}},{"type":"Feature","properties":{"s":1.03,"t":0},"geometry":{"type":"Point","coordinates":[76.962754,8.602831]}},{"type":"Feature","properties":{"s":1.01,"t":0},"geometry":{"type":"Point","coordinates":[76.963038,8.602869]}},{"type":"Feature","properties":{"s":1.02,"t":1},"geometry":{"type":"Point","coordinates":[76.963935,8.603109]}},{"type":"Feature","properties":{"s":0.96,"t":0},"geometry":{"type":"Point","coordinates":[76.966749,8.602859]}},{"type":"Feature","properties":{"s":1.24,"t":0},"geometry":{"type":"Point","coordinates":[76.96732,8.602829]}},{"type":"Feature","properties":{"s":0.95,"t":0},"geometry":{"type":"Point","coordinates":[76.967801,8.603173]}},{"type":"Feature","properties":{"s":1.24,"t":1},"geometry":{"type":"Point","coordinates":[76.968425,8.603004]}},{"type":"Feature","properties":{"s":1.01,"t":0},"geometry":{"type":"Point","coordinates":[76.968795,8.603033]}},{"type":"Feature","properties":{"s":1.26,"t":1},"geometry":{"type":"Point","coordinates":[76.969189,8.603051]}},{"type":"Feature","properties":{"s":0.9,"t":0},"geometry":{"type":"Point","coordinates":[76.969816,8.603168]}},{"type":"Feature","properties":{"s":1.06,"t":0},"geometry":{"type":"Point","coordinates":[76.970194,8.603068]}},{"type":"Feature","properties":{"s":0.82,"t":1},"geometry":{"type":"Point","coordinates":[76.970989,8.602867]}},{"type":"Feature","properties":{"s":0.93,"t":0},"geometry":{"type":"Point","coordinates":[76.971305,8.603018]}},{"type":"Feature","properties":{"s":0.87,"t":0},"geometry":{"type":"Point","coordinates":[76.971777,8.602986]}},{"type":"Feature","properties":{"s":0.86,"t":0},"geometry":{"type":"Point","coordinates":[76.973487,8.603088]}},{"type":"Feature","properties":{"s":0.92,"t":0},"geometry":{"type":"Point","coordinates":[76.974395,8.602997]}},{"type":"Feature","properties":{"s":0.77,"t":0},"geometry":{"type":"Point","coordinates":[76.975201,8.603007]}},{"type":"Feature","properties":{"s":0.94,"t":1},"geometry":{"type":"Point","coordinates":[76.975859,8.603104]}},{"type":"Feature","properties":{"s":1.24,"t":0},"geometry":{"type":"Point","coordinates":[76.976312,8.60314]}},{"type":"Feature","properties":{"s":0.78,"t":0},"geometry":{"type":"Point","coordinates":[76.976702,8.60305]}},{"type":"Feature","properties":{"s":0.99,"t":0},"geometry":{"type":"Point","coordinates":[76.977208,8.603019]}},{"type":"Feature","properties":{"s":1.1,"t":0},"geometry":{"type":"Point","coordinates":[76.978271,8.603133]}},{"type":"Feature","properties":{"s":1.16,"t":0},"geometry":{"type":"Point","coordinates":[76.978463,8.603049]}},{"type":"Feature","properties":{"s":0.81,"t":0},"geometry":{"type":"Point","coordinates":[76.978857,8.603005]}},{"type":"Feature","properties":{"s":0.77,"t":1},"geometry":{"type":"Point","coordinates":[76.981302,8.602952]}},{"type":"Feature","properties":{"s":0.82,"t":0},"geometry":{"type":"Point","coordinates":[76.983157,8.603019]}},{"type":"Feature","properties":{"s":0.85,"t":1},"geometry":{"type":"Point","coordinates":[76.983494,8.602958]}},{"type":"Feature","properties":{"s":1.07,"t":0},"geometry":{"type":"Point","coordinates":[76.984886,8.603178]}},{"type":"Feature","properties":{"s":1.19,"t":0},"geometry":{"type":"Point","coordinates":[76.985139,8.602839]}},{"type":"Feature","properties":{"s":1.12,"t":1},"geometry":{"type":"Point","coordinates":[76.989465,8.602973]}},{"type":"Feature","properties":{"s":0.83,"t":1},"geometry":{"type":"Point","coordinates":[76.989762,8.602948]}},{"type":"Feature","properties":{"s":0.9,"t":0},"geometry":{"type":"Point","coordinates":[76.996905,8.602889]}},{"type":"Feature","properties":{"s":1.18,"t":1},"geometry":{"type":"Point","coordinates":[76.997466,8.603025]}},{"type":"Feature","properties":{"s":0.82,"t":1},"geometry":{"type":"Point","coordinates":[76.997667,8.602874]}},{"type":"Feature","properties":{"s":1.27,"t":0},"geometry":{"type":"Point","coordinates":[76.999955,8.603122]}},{"type":"Feature","properties":{"s":1.25,"t":1},"geometry":{"type":"Point","coordinates":[77.006701,8.603054]}},{"type":"Feature","properties":{"s":1.25,"t":0},"geometry":{"type":"Point","coordinates":[77.007888,8.602945]}},{"type":"Feature","properties":{"s":1.26,"t":0},"geometry":{"type":"Point","coordinates":[77.011052,8.603093]}},{"type":"Feature","properties":{"s":0.86,"t":1},"geometry":{"type":"Point","coordinates":[77.012826,8.603026]}},{"type":"Feature","properties":{"s":0.99,"t":0},"geometry":{"type":"Point","coordinates":[77.013545,8.602893]}},{"type":"Feature","properties":{"s":0.93,"t":1},"geometry":{"type":"Point","coordinates":[77.014207,8.602882]}},{"type":"Feature","properties":{"s":1.01,"t":0},"geometry":{"type":"Point","coordinates":[77.014921,8.603017]}},{"type":"Feature","properties":{"s":0.91,"t":1},"geometry":{"type":"Point","coordinates":[77.015418,8.602997]}},{"type":"Feature","properties":{"s":0.82,"t":1},"geometry":{"type":"Point","coordinates":[77.015659,8.602847]}},{"type":"Feature","properties":{"s":1.27,"t":1},"geometry":{"type":"Point","coordinates":[77.016037,8.602832]}},{"type":"Feature","properties":{"s":0.97,"t":0},"geometry":{"type":"Point","coordinates":[77.017522,8.602991]}},{"type":"Feature","properties":{"s":1.03,"t":1},"geometry":{"type":"Point","coordinates":[77.01879,8.602832]}},{"type":"Feature","properties":{"s":1.16,"t":0},"geometry":{"type":"Point","coordinates":[77.019864,8.602852]}},{"type":"Feature","properties":{"s":1.21,"t":0},"geometry":{"type":"Point","coordinates":[77.030241,8.603166]}},{"type":"Feature","properties":{"s":0.96,"t":0},"geometry":{"type":"Point","coordinates":[76.957712,8.60349]}},{"type":"Feature","properties":{"s":0.95,"t":0},"geometry":{"type":"Point","coordinates":[76.958138,8.603302]}},{"type":"Feature","properties":{"s":1.15,"t":1},"geometry":{"type":"Point","coordinates":[76.960216,8.603323]}},{"type":"Feature","properties":{"s":1.08,"t":0},"geometry":{"type":"Point","coordinates":[76.960578,8.603529]}},{"type":"Feature","properties":{"s":1.0,"t":1},"geometry":{"type":"Point","coordinates":[76.961947,8.603304]}},{"type":"Feature","properties":{"s":1.02,"t":0},"geometry":{"type":"Point","coordinates":[76.962107,8.603365]}},{"type":"Feature","properties":{"s":1.29,"t":0},"geometry":{"type":"Point","coordinates":[76.962811,8.60332]}},{"type":"Feature","properties":{"s":1.07,"t":1},"geometry":{"type":"Point","coordinates":[76.963154,8.603489]}},{"type":"Feature","properties":{"s":1.1,"t":1},"geometry":{"type":"Point","coordinates":[76.963427,8.603451]}},{"type":"Feature","properties":{"s":0.79,"t":0},"geometry":{"type":"Point","coordinates":[76.963947,8.603584]}},{"type":"Feature","properties":{"s":1.11,"t":1},"geometry":{"type":"Point","coordinates":[76.964923,8.603422]}},{"type":"Feature","properties":{"s":1.3,"t":0},"geometry":{"type":"Point","coordinates":[76.965751,8.603399]}},{"type":"Feature","properties":{"s":1.29,"t":0},"geometry":{"type":"Point","coordinates":[76.965968,8.603255]}},{"type":"Feature","properties":{"s":1.3,"t":1},"geometry":{"type":"Point","coordinates":[76.966667,8.603351]}},{"type":"Feature","properties":{"s":1.11,"t":1},"geometry":{"type":"Point","coordinates":[76.967429,8.603329]}},{"type":"Feature","properties":{"s":1.18,"t":1},"geometry":{"type":"Point","coordinates":[76.967678,8.603464]}},{"type":"Feature","properties":{"s":1.31,"t":0},"geometry":{"type":"Point","coordinates":[76.968862,8.603274]}},{"type":"Feature","properties":{"s":0.96,"t":0},"geometry":{"type":"Point","coordinates":[76.9692,8.603569]}},{"type":"Feature","properties":{"s":0.79,"t":1},"geometry":{"type":"Point","coordinates":[76.969696,8.603497]}},{"type":"Feature","properties":{"s":0.92,"t":0},"geometry":{"type":"Point","coordinates":[76.970124,8.603566]}},{"type":"Feature","properties":{"s":0.92,"t":0},"geometry":{"type":"Point","coordinates":[76.970598,8.603477]}},{"type":"Feature","properties":{"s":0.96,"t":0},"geometry":{"type":"Point","coordinates":[76.971006,8.60342]}},{"type":"Feature","properties":{"s":0.73,"t":0},"geometry":{"type":"Point","coordinates":[76.971745,8.603389]}},{"type":"Feature","properties":{"s":0.78,"t":1},"geometry":{"type":"Point","coordinates":[76.972098,8.603371]}},{"type":"Feature","properties":{"s":0.97,"t":1},"geometry":{"type":"Point","coordinates":[76.972678,8.603306]}},{"type":"Feature","properties":{"s":0.95,"t":1},"geometry":{"type":"Point","coordinates":[76.974926,8.603481]}},{"type":"Feature","properties":{"s":1.08,"t":1},"geometry":{"type":"Point","coordinates":[76.975095,8.603534]}},{"type":"Feature","properties":{"s":1.05,"t":1},"geometry":{"type":"Point","coordinates":[76.97616,8.603435]}},{"type":"Feature","properties":{"s":1.05,"t":1},"geometry":{"type":"Point","coordinates":[76.976439,8.603367]}},{"type":"Feature","properties":{"s":0.91,"t":1},"geometry":{"type":"Point","coordinates":[76.976983,8.603267]}},{"type":"Feature","properties":{"s":0.95,"t":0},"geometry":{"type":"Point","coordinates":[76.977303,8.60332]}},{"type":"Feature","properties":{"s":1.06,"t":0},"geometry":{"type":"Point","coordinates":[76.977688,8.603458]}},{"type":"Feature","properties":{"s":0.96,"t":1},"geometry":{"type":"Point","coordinates":[76.978054,8.60356]}},{"type":"Feature","properties":{"s":0.88,"t":0},"geometry":{"type":"Point","coordinates":[76.979511,8.603307]}},{"type":"Feature","properties":{"s":1.27,"t":1},"geometry":{"type":"Point","coordinates":[76.98106,8.603309]}},{"type":"Feature","properties":{"s":0.97,"t":1},"geometry":{"type":"Point","coordinates":[76.981508,8.603245]}},{"type":"Feature","properties":{"s":1.14,"t":0},"geometry":{"type":"Point","coordinates":[76.982133,8.603419]}},{"type":"Feature","properties":{"s":0.86,"t":0},"geometry":{"type":"Point","coordinates":[76.984911,8.603255]}},{"type":"Feature","properties":{"s":0.73,"t":0},"geometry":{"type":"Point","coordinates":[76.989759,8.60343]}},{"type":"Feature","properties":{"s":1.27,"t":0},"geometry":{"type":"Point","coordinates":[76.99022,8.603376]}},{"type":"Feature","properties":{"s":1.26,"t":1},"geometry":{"type":"Point","coordinates":[76.990954,8.603463]}},{"type":"Feature","properties":{"s":1.22,"t":0},"geometry":{"type":"Point","coordinates":[77.010008,8.603594]}},{"type":"Feature","properties":{"s":0.82,"t":1},"geometry":{"type":"Point","coordinates":[77.01031,8.603433]}},{"type":"Feature","properties":{"s":1.29,"t":1},"geometry":{"type":"Point","coordinates":[77.013405,8.603449]}},{"type":"Feature","properties":{"s":0.85,"t":1},"geometry":{"type":"Point","coordinates":[77.013762,8.603371]}},{"type":"Feature","properties":{"s":1.23,"t":1},"geometry":{"type":"Point","coordinates":[77.014508,8.603465]}},{"type":"Feature","properties":{"s":1.21,"t":0},"geometry":{"type":"Point","coordinates":[77.014769,8.603351]}},{"type":"Feature","properties":{"s":1.06,"t":0},"geometry":{"type":"Point","coordinates":[77.017885,8.603395]}},{"type":"Feature","properties":{"s":1.1,"t":1},"geometry":{"type":"Point","coordinates":[77.018828,8.603389]}},{"type":"Feature","properties":{"s":1.03,"t":1},"geometry":{"type":"Point","coordinates":[77.019245,8.603417]}},{"type":"Feature","properties":{"s":0.75,"t":0},"geometry":{"type":"Point","coordinates":[77.019949,8.603443]}},{"type":"Feature","properties":{"s":1.24,"t":1},"geometry":{"type":"Point","coordinates":[77.020615,8.603337]}},{"type":"Feature","properties":{"s":1.21,"t":0},"geometry":{"type":"Point","coordinates":[77.029836,8.603254]}},{"type":"Feature","properties":{"s":0.76,"t":0},"geometry":{"type":"Point","coordinates":[77.03044,8.60349]}},{"type":"Feature","properties":{"s":1.21,"t":0},"geometry":{"type":"Point","coordinates":[76.960102,8.603956]}},{"type":"Feature","properties":{"s":0.8,"t":0},"geometry":{"type":"Point","coordinates":[76.960684,8.603818]}},{"type":"Feature","properties":{"s":1.33,"t":1},"geometry":{"type":"Point","coordinates":[76.960839,8.603923]}},{"type":"Feature","properties":{"s":0.93,"t":0},"geometry":{"type":"Point","coordinates":[76.961443,8.603859]}},{"type":"Feature","properties":{"s":0.73,"t":1},"geometry":{"type":"Point","coordinates":[76.961961,8.603943]}},{"type":"Feature","properties":{"s":1.01,"t":1},"geometry":{"type":"Point","coordinates":[76.962512,8.603854]}},{"type":"Feature","properties":{"s":0.83,"t":1},"geometry":{"type":"Point","coordinates":[76.963235,8.603772]}},{"type":"Feature","properties":{"s":1.04,"t":1},"geometry":{"type":"Point","coordinates":[76.963542,8.603716]}},{"type":"Feature","properties":{"s":1.12,"t":0},"geometry":{"type":"Point","coordinates":[76.963999,8.603947]}},{"type":"Feature","properties":{"s":0.79,"t":1},"geometry":{"type":"Point","coordinates":[76.965241,8.60371]}},{"type":"Feature","properties":{"s":1.32,"t":1},"geometry":{"type":"Point","coordinates":[76.965576,8.603811]}},{"type":"Feature","properties":{"s":0.8,"t":0},"geometry":{"type":"Point","coordinates":[76.96613,8.60391]}},{"type":"Feature","properties":{"s":0.87,"t":1},"geometry":{"type":"Point","coordinates":[76.966923,8.603927]}},{"type":"Feature","properties":{"s":1.05,"t":0},"geometry":{"type":"Point","coordinates":[76.967674,8.603698]}},{"type":"Feature","properties":{"s":0.92,"t":0},"geometry":{"type":"Point","coordinates":[76.968415,8.603828]}},{"type":"Feature","properties":{"s":1.15,"t":0},"geometry":{"type":"Point","coordinates":[76.969106,8.603847]}},{"type":"Feature","properties":{"s":0.84,"t":1},"geometry":{"type":"Point","coordinates":[76.969332,8.603803]}},{"type":"Feature","properties":{"s":1.33,"t":1},"geometry":{"type":"Point","coordinates":[76.969889,8.603991]}},{"type":"Feature","properties":{"s":0.74,"t":1},"geometry":{"type":"Point","coordinates":[76.97017,8.603688]}},{"type":"Feature","properties":{"s":1.03,"t":0},"geometry":{"type":"Point","coordinates":[76.971006,8.603662]}},{"type":"Feature","properties":{"s":1.14,"t":1},"geometry":{"type":"Point","coordinates":[76.97139,8.603825]}},{"type":"Feature","properties":{"s":0.92,"t":1},"geometry":{"type":"Point","coordinates":[76.971824,8.603986]}},{"type":"Feature","properties":{"s":1.21,"t":1},"geometry":{"type":"Point","coordinates":[76.972201,8.603753]}},{"type":"Feature","properties":{"s":1.16,"t":1},"geometry":{"type":"Point","coordinates":[76.972784,8.603901]}},{"type":"Feature","properties":{"s":1.32,"t":0},"geometry":{"type":"Point","coordinates":[76.972962,8.603958]}},{"type":"Feature","properties":{"s":0.74,"t":1},"geometry":{"type":"Point","coordinates":[76.973442,8.603738]}},{"type":"Feature","properties":{"s":1.26,"t":0},"geometry":{"type":"Point","coordinates":[76.973967,8.603809]}},{"type":"Feature","properties":{"s":1.01,"t":0},"geometry":{"type":"Point","coordinates":[76.974667,8.603869]}},{"type":"Feature","properties":{"s":1.29,"t":1},"geometry":{"type":"Point","coordinates":[76.976463,8.603765]}},{"type":"Feature","properties":{"s":0.92,"t":1},"geometry":{"type":"Point","coordinates":[76.9768,8.60397]}},{"type":"Feature","properties":{"s":0.76,"t":1},"geometry":{"type":"Point","coordinates":[76.977239,8.60387]}},{"type":"Feature","properties":{"s":1.07,"t":0},"geometry":{"type":"Point","coordinates":[76.977959,8.603776]}},{"type":"Feature","properties":{"s":1.07,"t":1},"geometry":{"type":"Point","coordinates":[76.978492,8.603712]}},{"type":"Feature","properties":{"s":1.03,"t":1},"geometry":{"type":"Point","coordinates":[76.978981,8.603795]}},{"type":"Feature","properties":{"s":0.95,"t":1},"geometry":{"type":"Point","coordinates":[76.979523,8.603883]}},{"type":"Feature","properties":{"s":1.2,"t":0},"geometry":{"type":"Point","coordinates":[76.980507,8.604004]}},{"type":"Feature","properties":{"s":0.95,"t":1},"geometry":{"type":"Point","coordinates":[76.981135,8.603948]}},{"type":"Feature","properties":{"s":1.24,"t":0},"geometry":{"type":"Point","coordinates":[76.981502,8.603673]}},{"type":"Feature","properties":{"s":1.1,"t":0},"geometry":{"type":"Point","coordinates":[76.98177,8.60393]}},{"type":"Feature","properties":{"s":1.1,"t":0},"geometry":{"type":"Point","coordinates":[76.982467,8.603791]}},{"type":"Feature","properties":{"s":0.85,"t":0},"geometry":{"type":"Point","coordinates":[76.982608,8.603864]}},{"type":"Feature","properties":{"s":1.0,"t":0},"geometry":{"type":"Point","coordinates":[76.98385,8.603957]}},{"type":"Feature","properties":{"s":1.34,"t":1},"geometry":{"type":"Point","coordinates":[76.984252,8.60388]}},{"type":"Feature","properties":{"s":1.32,"t":1},"geometry":{"type":"Point","coordinates":[76.985063,8.603952]}},{"type":"Feature","properties":{"s":1.0,"t":0},"geometry":{"type":"Point","coordinates":[76.987988,8.603768]}},{"type":"Feature","properties":{"s":0.89,"t":0},"geometry":{"type":"Point","coordinates":[76.989409,8.60384]}},{"type":"Feature","properties":{"s":1.33,"t":1},"geometry":{"type":"Point","coordinates":[76.989989,8.603763]}},{"type":"Feature","properties":{"s":1.29,"t":0},"geometry":{"type":"Point","coordinates":[76.991158,8.603788]}},{"type":"Feature","properties":{"s":1.13,"t":0},"geometry":{"type":"Point","coordinates":[76.993271,8.603937]}},{"type":"Feature","properties":{"s":1.13,"t":1},"geometry":{"type":"Point","coordinates":[76.996649,8.603967]}},{"type":"Feature","properties":{"s":1.29,"t":0},"geometry":{"type":"Point","coordinates":[77.004925,8.603909]}},{"type":"Feature","properties":{"s":1.0,"t":1},"geometry":{"type":"Point","coordinates":[77.005263,8.603864]}},{"type":"Feature","properties":{"s":1.13,"t":0},"geometry":{"type":"Point","coordinates":[77.008897,8.603787]}},{"type":"Feature","properties":{"s":0.91,"t":0},"geometry":{"type":"Point","coordinates":[77.012805,8.603853]}},{"type":"Feature","properties":{"s":1.18,"t":1},"geometry":{"type":"Point","coordinates":[77.01323,8.6039]}},{"type":"Feature","properties":{"s":0.93,"t":1},"geometry":{"type":"Point","coordinates":[77.013639,8.603865]}},{"type":"Feature","properties":{"s":1.32,"t":0},"geometry":{"type":"Point","coordinates":[77.015628,8.60386]}},{"type":"Feature","properties":{"s":0.89,"t":0},"geometry":{"type":"Point","coordinates":[77.016586,8.603979]}},{"type":"Feature","properties":{"s":1.17,"t":0},"geometry":{"type":"Point","coordinates":[77.017529,8.603905]}},{"type":"Feature","properties":{"s":1.18,"t":0},"geometry":{"type":"Point","coordinates":[77.018225,8.603935]}},{"type":"Feature","properties":{"s":0.72,"t":1},"geometry":{"type":"Point","coordinates":[77.026456,8.603895]}},{"type":"Feature","properties":{"s":1.23,"t":1},"geometry":{"type":"Point","coordinates":[77.027036,8.603995]}},{"type":"Feature","properties":{"s":0.95,"t":1},"geometry":{"type":"Point","coordinates":[77.028283,8.603713]}},{"type":"Feature","properties":{"s":1.19,"t":0},"geometry":{"type":"Point","coordinates":[77.03036,8.603789]}},{"type":"Feature","properties":{"s":1.04,"t":1},"geometry":{"type":"Point","coordinates":[76.957382,8.604419]}},{"type":"Feature","properties":{"s":0.73,"t":1},"geometry":{"type":"Point","coordinates":[76.957762,8.60411]}},{"type":"Feature","properties":{"s":1.33,"t":0},"geometry":{"type":"Point","coordinates":[76.95929,8.604249]}},{"type":"Feature","properties":{"s":0.93,"t":1},"geometry":{"type":"Point","coordinates":[76.959902,8.604203]}},{"type":"Feature","properties":{"s":0.74,"t":0},"geometry":{"type":"Point","coordinates":[76.960011,8.604174]}},{"type":"Feature","properties":{"s":1.22,"t":0},"geometry":{"type":"Point","coordinates":[76.960462,8.604404]}},{"type":"Feature","properties":{"s":0.75,"t":0},"geometry":{"type":"Point","coordinates":[76.960876,8.604237]}},{"type":"Feature","properties":{"s":1.16,"t":0},"geometry":{"type":"Point","coordinates":[76.961473,8.604262]}},{"type":"Feature","properties":{"s":1.19,"t":0},"geometry":{"type":"Point","coordinates":[76.961813,8.604114]}},{"type":"Feature","properties":{"s":0.77,"t":1},"geometry":{"type":"Point","coordinates":[76.962312,8.604272]}},{"type":"Feature","properties":{"s":1.22,"t":1},"geometry":{"type":"Point","coordinates":[76.962787,8.604142]}},{"type":"Feature","properties":{"s":1.3,"t":1},"geometry":{"type":"Point","coordinates":[76.964461,8.604375]}},{"type":"Feature","properties":{"s":1.0,"t":0},"geometry":{"type":"Point","coordinates":[76.965052,8.604118]}},{"type":"Feature","properties":{"s":1.19,"t":0},"geometry":{"type":"Point","coordinates":[76.965991,8.604075]}},{"type":"Feature","properties":{"s":1.32,"t":1},"geometry":{"type":"Point","coordinates":[76.96641,8.6043]}},{"type":"Feature","properties":{"s":0.94,"t":0},"geometry":{"type":"Point","coordinates":[76.966999,8.60408]}},{"type":"Feature","properties":{"s":1.13,"t":0},"geometry":{"type":"Point","coordinates":[76.968246,8.604356]}},{"type":"Feature","properties":{"s":0.97,"t":1},"geometry":{"type":"Point","coordinates":[76.968609,8.604379]}},{"type":"Feature","properties":{"s":1.19,"t":1},"geometry":{"type":"Point","coordinates":[76.969047,8.604305]}},{"type":"Feature","properties":{"s":1.08,"t":0},"geometry":{"type":"Point","coordinates":[76.969285,8.604385]}},{"type":"Feature","properties":{"s":1.23,"t":1},"geometry":{"type":"Point","coordinates":[76.970264,8.604187]}},{"type":"Feature","properties":{"s":0.72,"t":1},"geometry":{"type":"Point","coordinates":[76.970712,8.604173]}},{"type":"Feature","properties":{"s":0.96,"t":1},"geometry":{"type":"Point","coordinates":[76.971138,8.604286]}},{"type":"Feature","properties":{"s":0.83,"t":1},"geometry":{"type":"Point","coordinates":[76.971532,8.604081]}},{"type":"Feature","properties":{"s":0.78,"t":1},"geometry":{"type":"Point","coordinates":[76.972111,8.604303]}},{"type":"Feature","properties":{"s":1.09,"t":1},"geometry":{"type":"Point","coordinates":[76.972619,8.604111]}},{"type":"Feature","properties":{"s":0.77,"t":0},"geometry":{"type":"Point","coordinates":[76.973243,8.604167]}},{"type":"Feature","properties":{"s":0.73,"t":1},"geometry":{"type":"Point","coordinates":[76.973406,8.604254]}},{"type":"Feature","properties":{"s":1.19,"t":0},"geometry":{"type":"Point","coordinates":[76.976065,8.604359]}},{"type":"Feature","properties":{"s":1.2,"t":0},"geometry":{"type":"Point","coordinates":[76.976466,8.604148]}},{"type":"Feature","properties":{"s":0.79,"t":1},"geometry":{"type":"Point","coordinates":[76.976895,8.604156]}},{"type":"Feature","properties":{"s":1.03,"t":1},"geometry":{"type":"Point","coordinates":[76.978643,8.604356]}},{"type":"Feature","properties":{"s":0.76,"t":1},"geometry":{"type":"Point","coordinates":[76.978849,8.604263]}},{"type":"Feature","properties":{"s":0.73,"t":1},"geometry":{"type":"Point","coordinates":[76.979267,8.604107]}},{"type":"Feature","properties":{"s":1.06,"t":0},"geometry":{"type":"Point","coordinates":[76.979829,8.604285]}},{"type":"Feature","properties":{"s":0.76,"t":1},"geometry":{"type":"Point","coordinates":[76.98092,8.604184]}},{"type":"Feature","properties":{"s":0.82,"t":1},"geometry":{"type":"Point","coordinates":[76.982722,8.604297]}},{"type":"Feature","properties":{"s":0.77,"t":1},"geometry":{"type":"Point","coordinates":[76.983729,8.604413]}},{"type":"Feature","properties":{"s":1.14,"t":0},"geometry":{"type":"Point","coordinates":[76.984096,8.604089]}},{"type":"Feature","properties":{"s":0.74,"t":1},"geometry":{"type":"Point","coordinates":[76.985509,8.604082]}},{"type":"Feature","properties":{"s":0.99,"t":1},"geometry":{"type":"Point","coordinates":[76.986446,8.604382]}},{"type":"Feature","properties":{"s":1.15,"t":0},"geometry":{"type":"Point","coordinates":[76.988407,8.604419]}},{"type":"Feature","properties":{"s":0.97,"t":0},"geometry":{"type":"Point","coordinates":[76.989064,8.604293]}},{"type":"Feature","properties":{"s":0.92,"t":1},"geometry":{"type":"Point","coordinates":[76.989968,8.604305]}},{"type":"Feature","properties":{"s":0.95,"t":1},"geometry":{"type":"Point","coordinates":[76.990934,8.604312]}},{"type":"Feature","properties":{"s":1.02,"t":0},"geometry":{"type":"Point","coordinates":[76.993645,8.604185]}},{"type":"Feature","properties":{"s":1.2,"t":1},"geometry":{"type":"Point","coordinates":[76.994844,8.604398]}},{"type":"Feature","properties":{"s":0.98,"t":1},"geometry":{"type":"Point","coordinates":[76.996184,8.604354]}},{"type":"Feature","properties":{"s":1.01,"t":1},"geometry":{"type":"Point","coordinates":[77.005279,8.604408]}},{"type":"Feature","properties":{"s":1.03,"t":1},"geometry":{"type":"Point","coordinates":[77.005625,8.604323]}},{"type":"Feature","properties":{"s":0.95,"t":1},"geometry":{"type":"Point","coordinates":[77.0065,8.604136]}},{"type":"Feature","properties":{"s":1.2,"t":0},"geometry":{"type":"Point","coordinates":[77.01165,8.60421]}},{"type":"Feature","properties":{"s":1.33,"t":1},"geometry":{"type":"Point","coordinates":[77.011924,8.604296]}},{"type":"Feature","properties":{"s":1.05,"t":0},"geometry":{"type":"Point","coordinates":[77.01224,8.604177]}},{"type":"Feature","properties":{"s":1.06,"t":1},"geometry":{"type":"Point","coordinates":[77.012676,8.604377]}},{"type":"Feature","properties":{"s":0.8,"t":1},"geometry":{"type":"Point","coordinates":[77.013093,8.604283]}},{"type":"Feature","properties":{"s":0.73,"t":1},"geometry":{"type":"Point","coordinates":[77.013743,8.604265]}},{"type":"Feature","properties":{"s":1.25,"t":1},"geometry":{"type":"Point","coordinates":[77.014418,8.604115]}},{"type":"Feature","properties":{"s":0.86,"t":0},"geometry":{"type":"Point","coordinates":[77.015013,8.604176]}},{"type":"Feature","properties":{"s":1.15,"t":1},"geometry":{"type":"Point","coordinates":[77.015145,8.604214]}},{"type":"Feature","properties":{"s":0.93,"t":0},"geometry":{"type":"Point","coordinates":[77.015858,8.60409]}},{"type":"Feature","properties":{"s":1.06,"t":0},"geometry":{"type":"Point","coordinates":[77.016084,8.604274]}},{"type":"Feature","properties":{"s":1.3,"t":0},"geometry":{"type":"Point","coordinates":[77.016862,8.604224]}},{"type":"Feature","properties":{"s":1.29,"t":1},"geometry":{"type":"Point","coordinates":[77.018358,8.604112]}},{"type":"Feature","properties":{"s":0.9,"t":1},"geometry":{"type":"Point","coordinates":[77.019664,8.604296]}},{"type":"Feature","properties":{"s":1.28,"t":0},"geometry":{"type":"Point","coordinates":[77.02112,8.604077]}},{"type":"Feature","properties":{"s":1.01,"t":1},"geometry":{"type":"Point","coordinates":[77.021489,8.604281]}},{"type":"Feature","properties":{"s":1.22,"t":1},"geometry":{"type":"Point","coordinates":[77.021937,8.6043]}},{"type":"Feature","properties":{"s":1.07,"t":1},"geometry":{"type":"Point","coordinates":[77.026329,8.604328]}},{"type":"Feature","properties":{"s":0.97,"t":0},"geometry":{"type":"Point","coordinates":[76.957611,8.604537]}},{"type":"Feature","properties":{"s":0.9,"t":0},"geometry":{"type":"Point","coordinates":[76.958498,8.604608]}},{"type":"Feature","properties":{"s":1.22,"t":0},"geometry":{"type":"Point","coordinates":[76.958851,8.604696]}},{"type":"Feature","properties":{"s":1.13,"t":1},"geometry":{"type":"Point","coordinates":[76.959396,8.604514]}},{"type":"Feature","properties":{"s":1.09,"t":1},"geometry":{"type":"Point","coordinates":[76.960174,8.604518]}},{"type":"Feature","properties":{"s":1.03,"t":0},"geometry":{"type":"Point","coordinates":[76.960502,8.604731]}},{"type":"Feature","properties":{"s":1.06,"t":0},"geometry":{"type":"Point","coordinates":[76.960895,8.604522]}},{"type":"Feature","properties":{"s":0.98,"t":0},"geometry":{"type":"Point","coordinates":[76.961235,8.604774]}},{"type":"Feature","properties":{"s":0.95,"t":0},"geometry":{"type":"Point","coordinates":[76.961805,8.604565]}},{"type":"Feature","properties":{"s":0.92,"t":0},"geometry":{"type":"Point","coordinates":[76.962418,8.604621]}},{"type":"Feature","properties":{"s":1.03,"t":0},"geometry":{"type":"Point","coordinates":[76.963232,8.604619]}},{"type":"Feature","properties":{"s":0.97,"t":1},"geometry":{"type":"Point","coordinates":[76.963467,8.604752]}},{"type":"Feature","properties":{"s":1.05,"t":1},"geometry":{"type":"Point","coordinates":[76.963798,8.604579]}},{"type":"Feature","properties":{"s":0.81,"t":1},"geometry":{"type":"Point","coordinates":[76.965286,8.604613]}},{"type":"Feature","properties":{"s":0.88,"t":0},"geometry":{"type":"Point","coordinates":[76.965449,8.604807]}},{"type":"Feature","properties":{"s":0.98,"t":1},"geometry":{"type":"Point","coordinates":[76.965845,8.604766]}},{"type":"Feature","properties":{"s":0.78,"t":1},"geometry":{"type":"Point","coordinates":[76.967839,8.604623]}},{"type":"Feature","properties":{"s":1.27,"t":0},"geometry":{"type":"Point","coordinates":[76.968267,8.604669]}},{"type":"Feature","properties":{"s":0.92,"t":0},"geometry":{"type":"Point","coordinates":[76.968539,8.604688]}},{"type":"Feature","properties":{"s":1.19,"t":1},"geometry":{"type":"Point","coordinates":[76.969056,8.604601]}},{"type":"Feature","properties":{"s":0.97,"t":1},"geometry":{"type":"Point","coordinates":[76.96981,8.604512]}},{"type":"Feature","properties":{"s":1.23,"t":1},"geometry":{"type":"Point","coordinates":[76.970036,8.604668]}},{"type":"Feature","properties":{"s":0.8,"t":0},"geometry":{"type":"Point","coordinates":[76.970919,8.60458]}},{"type":"Feature","properties":{"s":1.27,"t":0},"geometry":{"type":"Point","coordinates":[76.971336,8.604705]}},{"type":"Feature","properties":{"s":0.99,"t":1},"geometry":{"type":"Point","coordinates":[76.973468,8.604655]}},{"type":"Feature","properties":{"s":0.93,"t":0},"geometry":{"type":"Point","coordinates":[76.976617,8.604581]}},{"type":"Feature","properties":{"s":1.24,"t":1},"geometry":{"type":"Point","coordinates":[76.977164,8.604728]}},{"type":"Feature","properties":{"s":1.24,"t":0},"geometry":{"type":"Point","coordinates":[76.977685,8.604601]}},{"type":"Feature","properties":{"s":1.14,"t":1},"geometry":{"type":"Point","coordinates":[76.977998,8.604575]}},{"type":"Feature","properties":{"s":0.76,"t":1},"geometry":{"type":"Point","coordinates":[76.978648,8.604723]}},{"type":"Feature","properties":{"s":1.13,"t":0},"geometry":{"type":"Point","coordinates":[76.979533,8.604562]}},{"type":"Feature","properties":{"s":1.18,"t":0},"geometry":{"type":"Point","coordinates":[76.979683,8.60484]}},{"type":"Feature","properties":{"s":0.81,"t":0},"geometry":{"type":"Point","coordinates":[76.980549,8.604534]}},{"type":"Feature","properties":{"s":1.06,"t":1},"geometry":{"type":"Point","coordinates":[76.981123,8.604708]}},{"type":"Feature","properties":{"s":0.99,"t":0},"geometry":{"type":"Point","coordinates":[76.982292,8.60475]}},{"type":"Feature","properties":{"s":1.07,"t":1},"geometry":{"type":"Point","coordinates":[76.982639,8.604662]}},{"type":"Feature","properties":{"s":0.96,"t":1},"geometry":{"type":"Point","coordinates":[76.984539,8.604757]}},{"type":"Feature","properties":{"s":1.29,"t":0},"geometry":{"type":"Point","coordinates":[76.986736,8.604508]}},{"type":"Feature","properties":{"s":1.19,"t":1},"geometry":{"type":"Point","coordinates":[76.987325,8.604607]}},{"type":"Feature","properties":{"s":1.24,"t":1},"geometry":{"type":"Point","coordinates":[76.990281,8.604565]}},{"type":"Feature","properties":{"s":1.24,"t":0},"geometry":{"type":"Point","coordinates":[76.990586,8.604614]}},{"type":"Feature","properties":{"s":0.91,"t":1},"geometry":{"type":"Point","coordinates":[76.991023,8.604578]}},{"type":"Feature","properties":{"s":1.32,"t":0},"geometry":{"type":"Point","coordinates":[77.000207,8.604517]}},{"type":"Feature","properties":{"s":1.01,"t":0},"geometry":{"type":"Point","coordinates":[77.001403,8.604509]}},{"type":"Feature","properties":{"s":0.92,"t":1},"geometry":{"type":"Point","coordinates":[77.001877,8.604516]}},{"type":"Feature","properties":{"s":1.07,"t":0},"geometry":{"type":"Point","coordinates":[77.011303,8.604815]}},{"type":"Feature","properties":{"s":1.23,"t":1},"geometry":{"type":"Point","coordinates":[77.011494,8.604733]}},{"type":"Feature","properties":{"s":1.02,"t":1},"geometry":{"type":"Point","coordinates":[77.012092,8.604573]}},{"type":"Feature","properties":{"s":1.08,"t":0},"geometry":{"type":"Point","coordinates":[77.012489,8.604755]}},{"type":"Feature","properties":{"s":1.23,"t":0},"geometry":{"type":"Point","coordinates":[77.013245,8.604547]}},{"type":"Feature","properties":{"s":1.19,"t":1},"geometry":{"type":"Point","coordinates":[77.013652,8.604497]}},{"type":"Feature","properties":{"s":0.96,"t":0},"geometry":{"type":"Point","coordinates":[77.013913,8.604633]}},{"type":"Feature","properties":{"s":1.29,"t":0},"geometry":{"type":"Point","coordinates":[77.014819,8.604682]}},{"type":"Feature","properties":{"s":1.09,"t":0},"geometry":{"type":"Point","coordinates":[77.015318,8.604552]}},{"type":"Feature","properties":{"s":0.76,"t":0},"geometry":{"type":"Point","coordinates":[77.015642,8.60464]}},{"type":"Feature","properties":{"s":0.75,"t":0},"geometry":{"type":"Point","coordinates":[77.016844,8.604504]}},{"type":"Feature","properties":{"s":1.26,"t":0},"geometry":{"type":"Point","coordinates":[77.022904,8.604831]}},{"type":"Feature","properties":{"s":0.98,"t":1},"geometry":{"type":"Point","coordinates":[77.02392,8.604784]}},{"type":"Feature","properties":{"s":0.78,"t":0},"geometry":{"type":"Point","coordinates":[77.025772,8.604759]}},{"type":"Feature","properties":{"s":1.0,"t":0},"geometry":{"type":"Point","coordinates":[77.026245,8.604816]}},{"type":"Feature","properties":{"s":0.75,"t":1},"geometry":{"type":"Point","coordinates":[77.026955,8.604802]}},{"type":"Feature","properties":{"s":1.14,"t":1},"geometry":{"type":"Point","coordinates":[77.029611,8.604583]}},{"type":"Feature","properties":{"s":0.94,"t":1},"geometry":{"type":"Point","coordinates":[76.95836,8.605211]}},{"type":"Feature","properties":{"s":1.09,"t":1},"geometry":{"type":"Point","coordinates":[76.9604,8.605219]}},{"type":"Feature","properties":{"s":0.89,"t":1},"geometry":{"type":"Point","coordinates":[76.961713,8.60499]}},{"type":"Feature","properties":{"s":1.28,"t":0},"geometry":{"type":"Point","coordinates":[76.962184,8.605203]}},{"type":"Feature","properties":{"s":0.76,"t":0},"geometry":{"type":"Point","coordinates":[76.962764,8.605097]}},{"type":"Feature","properties":{"s":1.28,"t":0},"geometry":{"type":"Point","coordinates":[76.96312,8.605023]}},{"type":"Feature","properties":{"s":1.29,"t":0},"geometry":{"type":"Point","coordinates":[76.963381,8.605127]}},{"type":"Feature","properties":{"s":1.09,"t":1},"geometry":{"type":"Point","coordinates":[76.963864,8.605091]}},{"type":"Feature","properties":{"s":0.97,"t":0},"geometry":{"type":"Point","coordinates":[76.965122,8.604922]}},{"type":"Feature","properties":{"s":1.31,"t":1},"geometry":{"type":"Point","coordinates":[76.965468,8.605239]}},{"type":"Feature","properties":{"s":0.78,"t":0},"geometry":{"type":"Point","coordinates":[76.968476,8.605058]}},{"type":"Feature","properties":{"s":0.95,"t":0},"geometry":{"type":"Point","coordinates":[76.969182,8.605203]}},{"type":"Feature","properties":{"s":1.07,"t":0},"geometry":{"type":"Point","coordinates":[76.970091,8.605081]}},{"type":"Feature","properties":{"s":0.74,"t":0},"geometry":{"type":"Point","coordinates":[76.970598,8.605127]}},{"type":"Feature","properties":{"s":1.31,"t":0},"geometry":{"type":"Point","coordinates":[76.971326,8.604976]}},{"type":"Feature","properties":{"s":1.04,"t":1},"geometry":{"type":"Point","coordinates":[76.971787,8.605191]}},{"type":"Feature","properties":{"s":1.05,"t":1},"geometry":{"type":"Point","coordinates":[76.973494,8.60496]}},{"type":"Feature","properties":{"s":1.09,"t":1},"geometry":{"type":"Point","coordinates":[76.975263,8.605129]}},{"type":"Feature","properties":{"s":1.08,"t":0},"geometry":{"type":"Point","coordinates":[76.976196,8.605179]}},{"type":"Feature","properties":{"s":1.24,"t":1},"geometry":{"type":"Point","coordinates":[76.976629,8.604921]}},{"type":"Feature","properties":{"s":1.08,"t":1},"geometry":{"type":"Point","coordinates":[76.976823,8.605112]}},{"type":"Feature","properties":{"s":0.9,"t":0},"geometry":{"type":"Point","coordinates":[76.978601,8.605004]}},{"type":"Feature","properties":{"s":0.75,"t":0},"geometry":{"type":"Point","coordinates":[76.978804,8.605185]}},{"type":"Feature","properties":{"s":1.03,"t":0},"geometry":{"type":"Point","coordinates":[76.979473,8.605036]}},{"type":"Feature","properties":{"s":0.76,"t":0},"geometry":{"type":"Point","coordinates":[76.980335,8.605117]}},{"type":"Feature","properties":{"s":0.8,"t":0},"geometry":{"type":"Point","coordinates":[76.980716,8.605206]}},{"type":"Feature","properties":{"s":0.8,"t":1},"geometry":{"type":"Point","coordinates":[76.98107,8.605029]}},{"type":"Feature","properties":{"s":1.19,"t":0},"geometry":{"type":"Point","coordinates":[76.981413,8.605245]}},{"type":"Feature","properties":{"s":0.93,"t":1},"geometry":{"type":"Point","coordinates":[76.982388,8.605208]}},{"type":"Feature","properties":{"s":0.83,"t":1},"geometry":{"type":"Point","coordinates":[76.984495,8.605071]}},{"type":"Feature","properties":{"s":1.06,"t":1},"geometry":{"type":"Point","coordinates":[76.984751,8.605253]}},{"type":"Feature","properties":{"s":0.79,"t":1},"geometry":{"type":"Point","coordinates":[76.987827,8.604983]}},{"type":"Feature","properties":{"s":1.15,"t":1},"geometry":{"type":"Point","coordinates":[76.988984,8.60517]}},{"type":"Feature","properties":{"s":0.93,"t":1},"geometry":{"type":"Point","coordinates":[76.989536,8.605127]}},{"type":"Feature","properties":{"s":1.01,"t":1},"geometry":{"type":"Point","coordinates":[76.990093,8.605105]}},{"type":"Feature","properties":{"s":0.89,"t":0},"geometry":{"type":"Point","coordinates":[76.990544,8.60495]}},{"type":"Feature","properties":{"s":0.94,"t":1},"geometry":{"type":"Point","coordinates":[76.992915,8.605079]}},{"type":"Feature","properties":{"s":1.09,"t":1},"geometry":{"type":"Point","coordinates":[76.994577,8.605257]}},{"type":"Feature","properties":{"s":0.73,"t":1},"geometry":{"type":"Point","coordinates":[76.997513,8.605088]}},{"type":"Feature","properties":{"s":0.84,"t":1},"geometry":{"type":"Point","coordinates":[77.00053,8.605077]}},{"type":"Feature","properties":{"s":0.85,"t":1},"geometry":{"type":"Point","coordinates":[77.013092,8.605078]}},{"type":"Feature","properties":{"s":0.9,"t":1},"geometry":{"type":"Point","coordinates":[77.013642,8.605157]}},{"type":"Feature","properties":{"s":0.97,"t":0},"geometry":{"type":"Point","coordinates":[77.014116,8.604998]}},{"type":"Feature","properties":{"s":0.99,"t":0},"geometry":{"type":"Point","coordinates":[77.015218,8.605062]}},{"type":"Feature","properties":{"s":0.99,"t":1},"geometry":{"type":"Point","coordinates":[77.016487,8.605072]}},{"type":"Feature","properties":{"s":0.84,"t":1},"geometry":{"type":"Point","coordinates":[77.01795,8.605236]}},{"type":"Feature","properties":{"s":0.96,"t":1},"geometry":{"type":"Point","coordinates":[77.019116,8.605035]}},{"type":"Feature","properties":{"s":0.78,"t":0},"geometry":{"type":"Point","coordinates":[77.020816,8.605119]}},{"type":"Feature","properties":{"s":0.8,"t":1},"geometry":{"type":"Point","coordinates":[77.022281,8.604962]}},{"type":"Feature","properties":{"s":0.84,"t":0},"geometry":{"type":"Point","coordinates":[77.022817,8.60509]}},{"type":"Feature","properties":{"s":1.27,"t":0},"geometry":{"type":"Point","coordinates":[77.023655,8.604976]}},{"type":"Feature","properties":{"s":0.97,"t":1},"geometry":{"type":"Point","coordinates":[77.024073,8.605124]}},{"type":"Feature","properties":{"s":1.12,"t":0},"geometry":{"type":"Point","coordinates":[77.024647,8.605012]}},{"type":"Feature","properties":{"s":1.07,"t":1},"geometry":{"type":"Point","coordinates":[77.0254,8.605077]}},{"type":"Feature","properties":{"s":0.83,"t":0},"geometry":{"type":"Point","coordinates":[77.02567,8.605009]}},{"type":"Feature","properties":{"s":1.25,"t":1},"geometry":{"type":"Point","coordinates":[77.026275,8.60517]}},{"type":"Feature","properties":{"s":1.32,"t":0},"geometry":{"type":"Point","coordinates":[77.026595,8.605167]}},{"type":"Feature","properties":{"s":1.05,"t":1},"geometry":{"type":"Point","coordinates":[77.026876,8.605011]}},{"type":"Feature","properties":{"s":0.85,"t":1},"geometry":{"type":"Point","coordinates":[77.027949,8.604978]}},{"type":"Feature","properties":{"s":0.88,"t":0},"geometry":{"type":"Point","coordinates":[77.03005,8.605203]}},{"type":"Feature","properties":{"s":1.05,"t":0},"geometry":{"type":"Point","coordinates":[76.958153,8.605336]}},{"type":"Feature","properties":{"s":0.77,"t":0},"geometry":{"type":"Point","coordinates":[76.958308,8.605519]}},{"type":"Feature","properties":{"s":0.85,"t":0},"geometry":{"type":"Point","coordinates":[76.961338,8.605596]}},{"type":"Feature","properties":{"s":1.29,"t":0},"geometry":{"type":"Point","coordinates":[76.961943,8.605372]}},{"type":"Feature","properties":{"s":1.16,"t":0},"geometry":{"type":"Point","coordinates":[76.96253,8.605332]}},{"type":"Feature","properties":{"s":1.07,"t":1},"geometry":{"type":"Point","coordinates":[76.965507,8.605372]}},{"type":"Feature","properties":{"s":1.24,"t":0},"geometry":{"type":"Point","coordinates":[76.966446,8.605502]}},{"type":"Feature","properties":{"s":1.07,"t":0},"geometry":{"type":"Point","coordinates":[76.966937,8.605593]}},{"type":"Feature","properties":{"s":1.18,"t":1},"geometry":{"type":"Point","coordinates":[76.967179,8.605391]}},{"type":"Feature","properties":{"s":1.19,"t":0},"geometry":{"type":"Point","coordinates":[76.967702,8.605571]}},{"type":"Feature","properties":{"s":1.21,"t":1},"geometry":{"type":"Point","coordinates":[76.968647,8.605504]}},{"type":"Feature","properties":{"s":0.75,"t":1},"geometry":{"type":"Point","coordinates":[76.969832,8.605636]}},{"type":"Feature","properties":{"s":1.25,"t":1},"geometry":{"type":"Point","coordinates":[76.970015,8.605654]}},{"type":"Feature","properties":{"s":0.89,"t":0},"geometry":{"type":"Point","coordinates":[76.970619,8.605361]}},{"type":"Feature","properties":{"s":1.08,"t":1},"geometry":{"type":"Point","coordinates":[76.971152,8.605472]}},{"type":"Feature","properties":{"s":1.32,"t":1},"geometry":{"type":"Point","coordinates":[76.97169,8.605605]}},{"type":"Feature","properties":{"s":1.24,"t":0},"geometry":{"type":"Point","coordinates":[76.972192,8.605335]}},{"type":"Feature","properties":{"s":0.89,"t":0},"geometry":{"type":"Point","coordinates":[76.973047,8.605511]}},{"type":"Feature","properties":{"s":0.78,"t":0},"geometry":{"type":"Point","coordinates":[76.973634,8.605376]}},{"type":"Feature","properties":{"s":0.97,"t":0},"geometry":{"type":"Point","coordinates":[76.973772,8.605334]}},{"type":"Feature","properties":{"s":1.3,"t":1},"geometry":{"type":"Point","coordinates":[76.976903,8.605534]}},{"type":"Feature","properties":{"s":1.01,"t":0},"geometry":{"type":"Point","coordinates":[76.978297,8.605635]}},{"type":"Feature","properties":{"s":0.9,"t":1},"geometry":{"type":"Point","coordinates":[76.978675,8.605551]}},{"type":"Feature","properties":{"s":0.93,"t":0},"geometry":{"type":"Point","coordinates":[76.979001,8.605397]}},{"type":"Feature","properties":{"s":0.87,"t":1},"geometry":{"type":"Point","coordinates":[76.979434,8.605572]}},{"type":"Feature","properties":{"s":0.9,"t":1},"geometry":{"type":"Point","coordinates":[76.979834,8.605592]}},{"type":"Feature","properties":{"s":1.23,"t":0},"geometry":{"type":"Point","coordinates":[76.98015,8.60546]}},{"type":"Feature","properties":{"s":1.28,"t":0},"geometry":{"type":"Point","coordinates":[76.980522,8.605412]}},{"type":"Feature","properties":{"s":1.28,"t":1},"geometry":{"type":"Point","coordinates":[76.981051,8.605392]}},{"type":"Feature","properties":{"s":1.31,"t":1},"geometry":{"type":"Point","coordinates":[76.981473,8.6055]}},{"type":"Feature","properties":{"s":0.87,"t":0},"geometry":{"type":"Point","coordinates":[76.982367,8.605337]}},{"type":"Feature","properties":{"s":1.29,"t":0},"geometry":{"type":"Point","coordinates":[76.983314,8.605543]}},{"type":"Feature","properties":{"s":1.3,"t":0},"geometry":{"type":"Point","coordinates":[76.983391,8.605384]}},{"type":"Feature","properties":{"s":1.14,"t":1},"geometry":{"type":"Point","coordinates":[76.983962,8.605386]}},{"type":"Feature","properties":{"s":0.93,"t":1},"geometry":{"type":"Point","coordinates":[76.984509,8.605506]}},{"type":"Feature","properties":{"s":1.29,"t":0},"geometry":{"type":"Point","coordinates":[76.985111,8.605409]}},{"type":"Feature","properties":{"s":1.17,"t":0},"geometry":{"type":"Point","coordinates":[76.986365,8.605659]}},{"type":"Feature","properties":{"s":1.1,"t":1},"geometry":{"type":"Point","coordinates":[76.987394,8.605365]}},{"type":"Feature","properties":{"s":1.11,"t":0},"geometry":{"type":"Point","coordinates":[76.989943,8.605362]}},{"type":"Feature","properties":{"s":1.21,"t":0},"geometry":{"type":"Point","coordinates":[76.991097,8.605511]}},{"type":"Feature","properties":{"s":1.3,"t":1},"geometry":{"type":"Point","coordinates":[76.992002,8.60548]}},{"type":"Feature","properties":{"s":0.79,"t":0},"geometry":{"type":"Point","coordinates":[76.993328,8.60567]}},{"type":"Feature","properties":{"s":1.12,"t":0},"geometry":{"type":"Point","coordinates":[76.996383,8.605427]}},{"type":"Feature","properties":{"s":1.07,"t":1},"geometry":{"type":"Point","coordinates":[77.005387,8.605326]}},{"type":"Feature","properties":{"s":1.18,"t":1},"geometry":{"type":"Point","coordinates":[77.008244,8.605511]}},{"type":"Feature","properties":{"s":1.14,"t":0},"geometry":{"type":"Point","coordinates":[77.011877,8.605453]}},{"type":"Feature","properties":{"s":0.91,"t":1},"geometry":{"type":"Point","coordinates":[77.012288,8.605567]}},{"type":"Feature","properties":{"s":1.17,"t":1},"geometry":{"type":"Point","coordinates":[77.012709,8.60537]}},{"type":"Feature","properties":{"s":1.32,"t":0},"geometry":{"type":"Point","coordinates":[77.013092,8.605407]}},{"type":"Feature","properties":{"s":1.31,"t":1},"geometry":{"type":"Point","coordinates":[77.013801,8.605528]}},{"type":"Feature","properties":{"s":0.97,"t":0},"geometry":{"type":"Point","coordinates":[77.014453,8.605351]}},{"type":"Feature","properties":{"s":0.76,"t":0},"geometry":{"type":"Point","coordinates":[77.015367,8.60555]}},{"type":"Feature","properties":{"s":1.03,"t":1},"geometry":{"type":"Point","coordinates":[77.015856,8.605378]}},{"type":"Feature","properties":{"s":1.01,"t":0},"geometry":{"type":"Point","coordinates":[77.017159,8.60544]}},{"type":"Feature","properties":{"s":1.24,"t":0},"geometry":{"type":"Point","coordinates":[77.017405,8.605323]}},{"type":"Feature","properties":{"s":1.17,"t":0},"geometry":{"type":"Point","coordinates":[77.017864,8.605405]}},{"type":"Feature","properties":{"s":0.81,"t":0},"geometry":{"type":"Point","coordinates":[77.018164,8.605588]}},{"type":"Feature","properties":{"s":1.14,"t":0},"geometry":{"type":"Point","coordinates":[77.018696,8.605447]}},{"type":"Feature","properties":{"s":1.06,"t":0},"geometry":{"type":"Point","coordinates":[77.020018,8.605601]}},{"type":"Feature","properties":{"s":1.33,"t":1},"geometry":{"type":"Point","coordinates":[77.021689,8.605611]}},{"type":"Feature","properties":{"s":1.17,"t":0},"geometry":{"type":"Point","coordinates":[77.022535,8.605547]}},{"type":"Feature","properties":{"s":1.08,"t":1},"geometry":{"type":"Point","coordinates":[77.022948,8.605568]}},{"type":"Feature","properties":{"s":1.31,"t":1},"geometry":{"type":"Point","coordinates":[77.023302,8.605599]}},{"type":"Feature","properties":{"s":1.05,"t":0},"geometry":{"type":"Point","coordinates":[77.023756,8.605333]}},{"type":"Feature","properties":{"s":0.77,"t":0},"geometry":{"type":"Point","coordinates":[77.024229,8.605367]}},{"type":"Feature","properties":{"s":1.3,"t":1},"geometry":{"type":"Point","coordinates":[77.024931,8.605575]}},{"type":"Feature","properties":{"s":1.31,"t":1},"geometry":{"type":"Point","coordinates":[77.02542,8.605445]}},{"type":"Feature","properties":{"s":1.22,"t":1},"geometry":{"type":"Point","coordinates":[77.025649,8.60547]}},{"type":"Feature","properties":{"s":0.98,"t":1},"geometry":{"type":"Point","coordinates":[77.026107,8.605353]}},{"type":"Feature","properties":{"s":1.2,"t":1},"geometry":{"type":"Point","coordinates":[77.026905,8.605327]}},{"type":"Feature","properties":{"s":0.9,"t":0},"geometry":{"type":"Point","coordinates":[77.027932,8.605331]}},{"type":"Feature","properties":{"s":0.73,"t":1},"geometry":{"type":"Point","coordinates":[77.028159,8.605325]}},{"type":"Feature","properties":{"s":1.33,"t":0},"geometry":{"type":"Point","coordinates":[77.029592,8.605447]}},{"type":"Feature","properties":{"s":1.25,"t":1},"geometry":{"type":"Point","coordinates":[77.030306,8.605477]}},{"type":"Feature","properties":{"s":0.81,"t":1},"geometry":{"type":"Point","coordinates":[76.959463,8.606003]}},{"type":"Feature","properties":{"s":1.14,"t":1},"geometry":{"type":"Point","coordinates":[76.959634,8.605928]}},{"type":"Feature","properties":{"s":0.83,"t":0},"geometry":{"type":"Point","coordinates":[76.960501,8.605925]}},{"type":"Feature","properties":{"s":1.1,"t":1},"geometry":{"type":"Point","coordinates":[76.961466,8.605936]}},{"type":"Feature","properties":{"s":1.17,"t":0},"geometry":{"type":"Point","coordinates":[76.9618,8.605882]}},{"type":"Feature","properties":{"s":0.74,"t":0},"geometry":{"type":"Point","coordinates":[76.963926,8.60601]}},{"type":"Feature","properties":{"s":0.99,"t":0},"geometry":{"type":"Point","coordinates":[76.964219,8.605903]}},{"type":"Feature","properties":{"s":1.32,"t":0},"geometry":{"type":"Point","coordinates":[76.965609,8.605915]}},{"type":"Feature","properties":{"s":0.87,"t":1},"geometry":{"type":"Point","coordinates":[76.966886,8.606]}},{"type":"Feature","properties":{"s":0.98,"t":0},"geometry":{"type":"Point","coordinates":[76.968636,8.605971]}},{"type":"Feature","properties":{"s":0.99,"t":0},"geometry":{"type":"Point","coordinates":[76.968849,8.605784]}},{"type":"Feature","properties":{"s":1.01,"t":1},"geometry":{"type":"Point","coordinates":[76.969225,8.605971]}},{"type":"Feature","properties":{"s":1.07,"t":0},"geometry":{"type":"Point","coordinates":[76.969755,8.606045]}},{"type":"Feature","properties":{"s":0.91,"t":1},"geometry":{"type":"Point","coordinates":[76.970342,8.606068]}},{"type":"Feature","properties":{"s":0.84,"t":0},"geometry":{"type":"Point","coordinates":[76.970545,8.605778]}},{"type":"Feature","properties":{"s":0.95,"t":0},"geometry":{"type":"Point","coordinates":[76.971081,8.605861]}},{"type":"Feature","properties":{"s":0.95,"t":1},"geometry":{"type":"Point","coordinates":[76.972264,8.605967]}},{"type":"Feature","properties":{"s":0.9,"t":0},"geometry":{"type":"Point","coordinates":[76.972583,8.605854]}},{"type":"Feature","properties":{"s":1.2,"t":0},"geometry":{"type":"Point","coordinates":[76.973986,8.60577]}},{"type":"Feature","properties":{"s":1.3,"t":1},"geometry":{"type":"Point","coordinates":[76.974751,8.605862]}},{"type":"Feature","properties":{"s":0.96,"t":1},"geometry":{"type":"Point","coordinates":[76.976092,8.605925]}},{"type":"Feature","properties":{"s":1.25,"t":0},"geometry":{"type":"Point","coordinates":[76.976323,8.605774]}},{"type":"Feature","properties":{"s":1.27,"t":1},"geometry":{"type":"Point","coordinates":[76.978845,8.606023]}},{"type":"Feature","properties":{"s":0.73,"t":1},"geometry":{"type":"Point","coordinates":[76.979522,8.60588]}},{"type":"Feature","properties":{"s":1.21,"t":1},"geometry":{"type":"Point","coordinates":[76.979744,8.605745]}},{"type":"Feature","properties":{"s":1.32,"t":0},"geometry":{"type":"Point","coordinates":[76.980176,8.606056]}},{"type":"Feature","properties":{"s":1.32,"t":0},"geometry":{"type":"Point","coordinates":[76.980489,8.606068]}},{"type":"Feature","properties":{"s":0.88,"t":0},"geometry":{"type":"Point","coordinates":[76.982355,8.605977]}},{"type":"Feature","properties":{"s":0.84,"t":1},"geometry":{"type":"Point","coordinates":[76.983166,8.605779]}},{"type":"Feature","properties":{"s":1.26,"t":1},"geometry":{"type":"Point","coordinates":[76.984031,8.605848]}},{"type":"Feature","properties":{"s":0.97,"t":1},"geometry":{"type":"Point","coordinates":[76.987488,8.606041]}},{"type":"Feature","properties":{"s":1.16,"t":1},"geometry":{"type":"Point","coordinates":[76.989079,8.606041]}},{"type":"Feature","properties":{"s":1.09,"t":0},"geometry":{"type":"Point","coordinates":[76.98952,8.605915]}},{"type":"Feature","properties":{"s":1.16,"t":0},"geometry":{"type":"Point","coordinates":[76.989906,8.605825]}},{"type":"Feature","properties":{"s":1.26,"t":0},"geometry":{"type":"Point","coordinates":[76.990251,8.605929]}},{"type":"Feature","properties":{"s":1.21,"t":1},"geometry":{"type":"Point","coordinates":[76.990531,8.605824]}},{"type":"Feature","properties":{"s":1.17,"t":1},"geometry":{"type":"Point","coordinates":[76.996665,8.605767]}},{"type":"Feature","properties":{"s":0.94,"t":1},"geometry":{"type":"Point","coordinates":[76.997485,8.606057]}},{"type":"Feature","properties":{"s":1.33,"t":0},"geometry":{"type":"Point","coordinates":[77.007906,8.60577]}},{"type":"Feature","properties":{"s":1.29,"t":0},"geometry":{"type":"Point","coordinates":[77.011154,8.605977]}},{"type":"Feature","properties":{"s":1.18,"t":0},"geometry":{"type":"Point","coordinates":[77.011457,8.606009]}},{"type":"Feature","properties":{"s":1.11,"t":0},"geometry":{"type":"Point","coordinates":[77.011823,8.605834]}},{"type":"Feature","properties":{"s":0.88,"t":1},"geometry":{"type":"Point","coordinates":[77.013672,8.605773]}},{"type":"Feature","properties":{"s":0.9,"t":0},"geometry":{"type":"Point","coordinates":[77.014384,8.606061]}},{"type":"Feature","properties":{"s":0.82,"t":1},"geometry":{"type":"Point","coordinates":[77.015245,8.605979]}},{"type":"Feature","properties":{"s":1.08,"t":1},"geometry":{"type":"Point","coordinates":[77.016953,8.606014]}},{"type":"Feature","properties":{"s":1.26,"t":1},"geometry":{"type":"Point","coordinates":[77.017437,8.60597]}},{"type":"Feature","properties":{"s":0.91,"t":0},"geometry":{"type":"Point","coordinates":[77.017939,8.606034]}},{"type":"Feature","properties":{"s":1.11,"t":0},"geometry":{"type":"Point","coordinates":[77.018164,8.605763]}},{"type":"Feature","properties":{"s":0.87,"t":0},"geometry":{"type":"Point","coordinates":[77.020051,8.605891]}},{"type":"Feature","properties":{"s":0.74,"t":1},"geometry":{"type":"Point","coordinates":[77.020468,8.605807]}},{"type":"Feature","properties":{"s":0.97,"t":1},"geometry":{"type":"Point","coordinates":[77.020864,8.605849]}},{"type":"Feature","properties":{"s":0.89,"t":0},"geometry":{"type":"Point","coordinates":[77.021014,8.606012]}},{"type":"Feature","properties":{"s":1.33,"t":0},"geometry":{"type":"Point","coordinates":[77.022739,8.605773]}},{"type":"Feature","properties":{"s":0.9,"t":1},"geometry":{"type":"Point","coordinates":[77.023542,8.60591]}},{"type":"Feature","properties":{"s":1.31,"t":0},"geometry":{"type":"Point","coordinates":[77.024242,8.605902]}},{"type":"Feature","properties":{"s":0.86,"t":1},"geometry":{"type":"Point","coordinates":[77.024621,8.605841]}},{"type":"Feature","properties":{"s":0.79,"t":0},"geometry":{"type":"Point","coordinates":[77.024972,8.605906]}},{"type":"Feature","properties":{"s":1.33,"t":1},"geometry":{"type":"Point","coordinates":[77.025187,8.606004]}},{"type":"Feature","properties":{"s":0.94,"t":1},"geometry":{"type":"Point","coordinates":[77.025891,8.605893]}},{"type":"Feature","properties":{"s":1.07,"t":0},"geometry":{"type":"Point","coordinates":[77.026201,8.606031]}},{"type":"Feature","properties":{"s":0.98,"t":0},"geometry":{"type":"Point","coordinates":[77.026542,8.606046]}},{"type":"Feature","properties":{"s":0.79,"t":0},"geometry":{"type":"Point","coordinates":[77.029058,8.605942]}},{"type":"Feature","properties":{"s":1.03,"t":0},"geometry":{"type":"Point","coordinates":[77.029384,8.605742]}},{"type":"Feature","properties":{"s":0.76,"t":1},"geometry":{"type":"Point","coordinates":[77.03001,8.606046]}},{"type":"Feature","properties":{"s":1.22,"t":1},"geometry":{"type":"Point","coordinates":[76.959183,8.606367]}},{"type":"Feature","properties":{"s":1.27,"t":0},"geometry":{"type":"Point","coordinates":[76.959566,8.606201]}},{"type":"Feature","properties":{"s":0.92,"t":1},"geometry":{"type":"Point","coordinates":[76.960027,8.606249]}},{"type":"Feature","properties":{"s":1.24,"t":0},"geometry":{"type":"Point","coordinates":[76.960557,8.606184]}},{"type":"Feature","properties":{"s":0.97,"t":1},"geometry":{"type":"Point","coordinates":[76.961014,8.606327]}},{"type":"Feature","properties":{"s":1.3,"t":1},"geometry":{"type":"Point","coordinates":[76.961234,8.6062]}},{"type":"Feature","properties":{"s":0.9,"t":1},"geometry":{"type":"Point","coordinates":[76.962367,8.606272]}},{"type":"Feature","properties":{"s":0.89,"t":1},"geometry":{"type":"Point","coordinates":[76.963248,8.606388]}},{"type":"Feature","properties":{"s":0.85,"t":1},"geometry":{"type":"Point","coordinates":[76.963656,8.606275]}},{"type":"Feature","properties":{"s":1.18,"t":0},"geometry":{"type":"Point","coordinates":[76.963838,8.606266]}},{"type":"Feature","properties":{"s":1.09,"t":0},"geometry":{"type":"Point","coordinates":[76.96499,8.606254]}},{"type":"Feature","properties":{"s":0.72,"t":0},"geometry":{"type":"Point","coordinates":[76.965648,8.606222]}},{"type":"Feature","properties":{"s":1.12,"t":1},"geometry":{"type":"Point","coordinates":[76.966989,8.606439]}},{"type":"Feature","properties":{"s":1.2,"t":0},"geometry":{"type":"Point","coordinates":[76.969034,8.606327]}},{"type":"Feature","properties":{"s":1.03,"t":0},"geometry":{"type":"Point","coordinates":[76.969781,8.606294]}},{"type":"Feature","properties":{"s":0.85,"t":0},"geometry":{"type":"Point","coordinates":[76.970206,8.606368]}},{"type":"Feature","properties":{"s":0.97,"t":0},"geometry":{"type":"Point","coordinates":[76.973401,8.606386]}},{"type":"Feature","properties":{"s":1.13,"t":0},"geometry":{"type":"Point","coordinates":[76.97452,8.606441]}},{"type":"Feature","properties":{"s":1.26,"t":1},"geometry":{"type":"Point","coordinates":[76.97523,8.606218]}},{"type":"Feature","properties":{"s":1.12,"t":1},"geometry":{"type":"Point","coordinates":[76.975607,8.606265]}},{"type":"Feature","properties":{"s":1.21,"t":1},"geometry":{"type":"Point","coordinates":[76.97646,8.606345]}},{"type":"Feature","properties":{"s":0.84,"t":1},"geometry":{"type":"Point","coordinates":[76.976901,8.606442]}},{"type":"Feature","properties":{"s":0.85,"t":0},"geometry":{"type":"Point","coordinates":[76.977603,8.606371]}},{"type":"Feature","properties":{"s":0.81,"t":0},"geometry":{"type":"Point","coordinates":[76.979124,8.606255]}},{"type":"Feature","properties":{"s":1.14,"t":1},"geometry":{"type":"Point","coordinates":[76.979462,8.606334]}},{"type":"Feature","properties":{"s":1.08,"t":0},"geometry":{"type":"Point","coordinates":[76.979781,8.606212]}},{"type":"Feature","properties":{"s":0.87,"t":1},"geometry":{"type":"Point","coordinates":[76.980694,8.606421]}},{"type":"Feature","properties":{"s":1.15,"t":0},"geometry":{"type":"Point","coordinates":[76.981434,8.606294]}},{"type":"Feature","properties":{"s":1.11,"t":1},"geometry":{"type":"Point","coordinates":[76.981785,8.606248]}},{"type":"Feature","properties":{"s":1.33,"t":0},"geometry":{"type":"Point","coordinates":[76.982192,8.606199]}},{"type":"Feature","properties":{"s":1.01,"t":0},"geometry":{"type":"Point","coordinates":[76.982748,8.606446]}},{"type":"Feature","properties":{"s":1.18,"t":0},"geometry":{"type":"Point","coordinates":[76.983305,8.606176]}},{"type":"Feature","properties":{"s":1.12,"t":0},"geometry":{"type":"Point","coordinates":[76.983483,8.606351]}},{"type":"Feature","properties":{"s":1.3,"t":1},"geometry":{"type":"Point","coordinates":[76.987643,8.60641]}},{"type":"Feature","properties":{"s":0.87,"t":1},"geometry":{"type":"Point","coordinates":[76.988093,8.606382]}},{"type":"Feature","properties":{"s":1.1,"t":1},"geometry":{"type":"Point","coordinates":[76.989321,8.606323]}},{"type":"Feature","properties":{"s":1.16,"t":0},"geometry":{"type":"Point","coordinates":[76.99064,8.60637]}},{"type":"Feature","properties":{"s":1.24,"t":0},"geometry":{"type":"Point","coordinates":[76.992662,8.606224]}},{"type":"Feature","properties":{"s":0.89,"t":0},"geometry":{"type":"Point","coordinates":[76.994084,8.606282]}},{"type":"Feature","properties":{"s":0.96,"t":0},"geometry":{"type":"Point","coordinates":[76.998222,8.606287]}},{"type":"Feature","properties":{"s":0.9,"t":0},"geometry":{"type":"Point","coordinates":[76.99936,8.606228]}},{"type":"Feature","properties":{"s":0.87,"t":0},"geometry":{"type":"Point","coordinates":[77.000291,8.606203]}},{"type":"Feature","properties":{"s":1.24,"t":1},"geometry":{"type":"Point","coordinates":[77.001282,8.606446]}},{"type":"Feature","properties":{"s":0.73,"t":1},"geometry":{"type":"Point","coordinates":[77.004384,8.60644]}},{"type":"Feature","properties":{"s":0.94,"t":1},"geometry":{"type":"Point","coordinates":[77.006533,8.606431]}},{"type":"Feature","properties":{"s":1.1,"t":0},"geometry":{"type":"Point","coordinates":[77.007076,8.606463]}},{"type":"Feature","properties":{"s":1.06,"t":0},"geometry":{"type":"Point","coordinates":[77.007621,8.606333]}},{"type":"Feature","properties":{"s":1.2,"t":1},"geometry":{"type":"Point","coordinates":[77.008892,8.60643]}},{"type":"Feature","properties":{"s":1.19,"t":0},"geometry":{"type":"Point","coordinates":[77.011727,8.606387]}},{"type":"Feature","properties":{"s":1.23,"t":1},"geometry":{"type":"Point","coordinates":[77.011957,8.606318]}},{"type":"Feature","properties":{"s":1.32,"t":0},"geometry":{"type":"Point","coordinates":[77.012425,8.606435]}},{"type":"Feature","properties":{"s":0.96,"t":1},"geometry":{"type":"Point","coordinates":[77.012772,8.606166]}},{"type":"Feature","properties":{"s":1.02,"t":0},"geometry":{"type":"Point","coordinates":[77.013806,8.606417]}},{"type":"Feature","properties":{"s":0.98,"t":1},"geometry":{"type":"Point","coordinates":[77.014313,8.606221]}},{"type":"Feature","properties":{"s":1.33,"t":0},"geometry":{"type":"Point","coordinates":[77.016904,8.606375]}},{"type":"Feature","properties":{"s":0.73,"t":0},"geometry":{"type":"Point","coordinates":[77.017327,8.606368]}},{"type":"Feature","properties":{"s":0.85,"t":0},"geometry":{"type":"Point","coordinates":[77.02086,8.606269]}},{"type":"Feature","properties":{"s":1.22,"t":0},"geometry":{"type":"Point","coordinates":[77.021265,8.606226]}},{"type":"Feature","properties":{"s":1.08,"t":1},"geometry":{"type":"Point","coordinates":[77.022266,8.606499]}},{"type":"Feature","properties":{"s":1.28,"t":1},"geometry":{"type":"Point","coordinates":[77.022994,8.606255]}},{"type":"Feature","properties":{"s":0.94,"t":1},"geometry":{"type":"Point","coordinates":[77.024026,8.606221]}},{"type":"Feature","properties":{"s":0.8,"t":1},"geometry":{"type":"Point","coordinates":[77.024483,8.606326]}},{"type":"Feature","properties":{"s":0.95,"t":1},"geometry":{"type":"Point","coordinates":[77.024854,8.606345]}},{"type":"Feature","properties":{"s":0.91,"t":1},"geometry":{"type":"Point","coordinates":[77.025437,8.606206]}},{"type":"Feature","properties":{"s":1.04,"t":0},"geometry":{"type":"Point","coordinates":[77.025661,8.606321]}},{"type":"Feature","properties":{"s":1.13,"t":1},"geometry":{"type":"Point","coordinates":[77.026291,8.606349]}},{"type":"Feature","properties":{"s":1.31,"t":1},"geometry":{"type":"Point","coordinates":[77.027863,8.606305]}},{"type":"Feature","properties":{"s":1.07,"t":0},"geometry":{"type":"Point","coordinates":[77.02856,8.60624]}},{"type":"Feature","properties":{"s":0.91,"t":0},"geometry":{"type":"Point","coordinates":[77.029092,8.606163]}},{"type":"Feature","properties":{"s":1.12,"t":1},"geometry":{"type":"Point","coordinates":[77.029447,8.606343]}},{"type":"Feature","properties":{"s":0.97,"t":1},"geometry":{"type":"Point","coordinates":[77.02977,8.606489]}},{"type":"Feature","properties":{"s":0.88,"t":0},"geometry":{"type":"Point","coordinates":[77.030478,8.606453]}},{"type":"Feature","properties":{"s":0.82,"t":0},"geometry":{"type":"Point","coordinates":[77.030725,8.606464]}},{"type":"Feature","properties":{"s":1.31,"t":1},"geometry":{"type":"Point","coordinates":[76.958881,8.606724]}},{"type":"Feature","properties":{"s":0.87,"t":0},"geometry":{"type":"Point","coordinates":[76.959406,8.606644]}},{"type":"Feature","properties":{"s":0.81,"t":1},"geometry":{"type":"Point","coordinates":[76.960259,8.606786]}},{"type":"Feature","properties":{"s":1.34,"t":1},"geometry":{"type":"Point","coordinates":[76.960536,8.606823]}},{"type":"Feature","properties":{"s":1.26,"t":0},"geometry":{"type":"Point","coordinates":[76.961319,8.606738]}},{"type":"Feature","properties":{"s":0.76,"t":1},"geometry":{"type":"Point","coordinates":[76.961991,8.606779]}},{"type":"Feature","properties":{"s":1.24,"t":0},"geometry":{"type":"Point","coordinates":[76.962581,8.606691]}},{"type":"Feature","properties":{"s":0.78,"t":0},"geometry":{"type":"Point","coordinates":[76.962932,8.606596]}},{"type":"Feature","properties":{"s":1.1,"t":0},"geometry":{"type":"Point","coordinates":[76.963378,8.60672]}},{"type":"Feature","properties":{"s":1.01,"t":0},"geometry":{"type":"Point","coordinates":[76.963969,8.606659]}},{"type":"Feature","properties":{"s":1.02,"t":1},"geometry":{"type":"Point","coordinates":[76.964307,8.606825]}},{"type":"Feature","properties":{"s":0.97,"t":0},"geometry":{"type":"Point","coordinates":[76.966717,8.606685]}},{"type":"Feature","properties":{"s":1.01,"t":0},"geometry":{"type":"Point","coordinates":[76.967145,8.606881]}},{"type":"Feature","properties":{"s":1.26,"t":0},"geometry":{"type":"Point","coordinates":[76.970091,8.606899]}},{"type":"Feature","properties":{"s":0.8,"t":0},"geometry":{"type":"Point","coordinates":[76.970667,8.606827]}},{"type":"Feature","properties":{"s":1.23,"t":0},"geometry":{"type":"Point","coordinates":[76.972666,8.60678]}},{"type":"Feature","properties":{"s":1.22,"t":0},"geometry":{"type":"Point","coordinates":[76.974203,8.606718]}},{"type":"Feature","properties":{"s":1.17,"t":0},"geometry":{"type":"Point","coordinates":[76.977702,8.606738]}},{"type":"Feature","properties":{"s":1.21,"t":1},"geometry":{"type":"Point","coordinates":[76.978296,8.606762]}},{"type":"Feature","properties":{"s":1.02,"t":1},"geometry":{"type":"Point","coordinates":[76.978421,8.606911]}},{"type":"Feature","properties":{"s":1.28,"t":0},"geometry":{"type":"Point","coordinates":[76.979453,8.606747]}},{"type":"Feature","properties":{"s":0.97,"t":0},"geometry":{"type":"Point","coordinates":[76.97964,8.606864]}},{"type":"Feature","properties":{"s":1.2,"t":0},"geometry":{"type":"Point","coordinates":[76.980099,8.60666]}},{"type":"Feature","properties":{"s":0.73,"t":0},"geometry":{"type":"Point","coordinates":[76.980455,8.606814]}},{"type":"Feature","properties":{"s":1.1,"t":0},"geometry":{"type":"Point","coordinates":[76.981527,8.606762]}},{"type":"Feature","properties":{"s":0.78,"t":1},"geometry":{"type":"Point","coordinates":[76.981736,8.606881]}},{"type":"Feature","properties":{"s":0.83,"t":0},"geometry":{"type":"Point","coordinates":[76.983235,8.606688]}},{"type":"Feature","properties":{"s":1.24,"t":1},"geometry":{"type":"Point","coordinates":[76.984454,8.606861]}},{"type":"Feature","properties":{"s":1.11,"t":1},"geometry":{"type":"Point","coordinates":[76.986877,8.606798]}},{"type":"Feature","properties":{"s":1.02,"t":1},"geometry":{"type":"Point","coordinates":[76.987414,8.606674]}},{"type":"Feature","properties":{"s":0.79,"t":1},"geometry":{"type":"Point","coordinates":[76.987784,8.60671]}},{"type":"Feature","properties":{"s":1.24,"t":1},"geometry":{"type":"Point","coordinates":[76.993505,8.60686]}},{"type":"Feature","properties":{"s":1.12,"t":1},"geometry":{"type":"Point","coordinates":[76.994258,8.606735]}},{"type":"Feature","properties":{"s":0.93,"t":1},"geometry":{"type":"Point","coordinates":[76.997672,8.606848]}},{"type":"Feature","properties":{"s":1.12,"t":0},"geometry":{"type":"Point","coordinates":[76.998283,8.606884]}},{"type":"Feature","properties":{"s":1.13,"t":0},"geometry":{"type":"Point","coordinates":[76.998764,8.606643]}},{"type":"Feature","properties":{"s":0.95,"t":0},"geometry":{"type":"Point","coordinates":[76.999065,8.60685]}},{"type":"Feature","properties":{"s":1.24,"t":0},"geometry":{"type":"Point","coordinates":[76.999518,8.606666]}},{"type":"Feature","properties":{"s":1.08,"t":1},"geometry":{"type":"Point","coordinates":[77.003962,8.606652]}},{"type":"Feature","properties":{"s":0.98,"t":0},"geometry":{"type":"Point","coordinates":[77.006691,8.606839]}},{"type":"Feature","properties":{"s":1.03,"t":0},"geometry":{"type":"Point","coordinates":[77.0071,8.606655]}},{"type":"Feature","properties":{"s":1.14,"t":1},"geometry":{"type":"Point","coordinates":[77.008735,8.606636]}},{"type":"Feature","properties":{"s":1.33,"t":0},"geometry":{"type":"Point","coordinates":[77.009104,8.606809]}},{"type":"Feature","properties":{"s":1.1,"t":1},"geometry":{"type":"Point","coordinates":[77.011234,8.606704]}},{"type":"Feature","properties":{"s":1.05,"t":1},"geometry":{"type":"Point","coordinates":[77.011868,8.606634]}},{"type":"Feature","properties":{"s":0.84,"t":0},"geometry":{"type":"Point","coordinates":[77.01241,8.606577]}},{"type":"Feature","properties":{"s":0.75,"t":1},"geometry":{"type":"Point","coordinates":[77.01266,8.606761]}},{"type":"Feature","properties":{"s":0.8,"t":0},"geometry":{"type":"Point","coordinates":[77.013595,8.60666]}},{"type":"Feature","properties":{"s":1.07,"t":0},"geometry":{"type":"Point","coordinates":[77.014119,8.606893]}},{"type":"Feature","properties":{"s":1.08,"t":0},"geometry":{"type":"Point","coordinates":[77.015786,8.60657]}},{"type":"Feature","properties":{"s":1.18,"t":1},"geometry":{"type":"Point","coordinates":[77.016723,8.606873]}},{"type":"Feature","properties":{"s":0.96,"t":1},"geometry":{"type":"Point","coordinates":[77.016925,8.606633]}},{"type":"Feature","properties":{"s":1.11,"t":1},"geometry":{"type":"Point","coordinates":[77.017669,8.606866]}},{"type":"Feature","properties":{"s":1.0,"t":1},"geometry":{"type":"Point","coordinates":[77.018365,8.606739]}},{"type":"Feature","properties":{"s":1.04,"t":0},"geometry":{"type":"Point","coordinates":[77.020353,8.606654]}},{"type":"Feature","properties":{"s":1.15,"t":1},"geometry":{"type":"Point","coordinates":[77.020575,8.606667]}},{"type":"Feature","properties":{"s":0.99,"t":1},"geometry":{"type":"Point","coordinates":[77.021216,8.606712]}},{"type":"Feature","properties":{"s":1.18,"t":1},"geometry":{"type":"Point","coordinates":[77.024071,8.606635]}},{"type":"Feature","properties":{"s":0.86,"t":1},"geometry":{"type":"Point","coordinates":[77.025237,8.606881]}},{"type":"Feature","properties":{"s":1.12,"t":0},"geometry":{"type":"Point","coordinates":[77.025648,8.606727]}},{"type":"Feature","properties":{"s":1.28,"t":0},"geometry":{"type":"Point","coordinates":[77.026193,8.606714]}},{"type":"Feature","properties":{"s":1.26,"t":0},"geometry":{"type":"Point","coordinates":[77.028024,8.606579]}},{"type":"Feature","properties":{"s":0.8,"t":1},"geometry":{"type":"Point","coordinates":[77.028814,8.606677]}},{"type":"Feature","properties":{"s":0.95,"t":1},"geometry":{"type":"Point","coordinates":[77.029427,8.60659]}},{"type":"Feature","properties":{"s":0.94,"t":1},"geometry":{"type":"Point","coordinates":[77.029824,8.60679]}},{"type":"Feature","properties":{"s":0.93,"t":1},"geometry":{"type":"Point","coordinates":[77.030528,8.606888]}},{"type":"Feature","properties":{"s":0.73,"t":1},"geometry":{"type":"Point","coordinates":[77.030704,8.60659]}},{"type":"Feature","properties":{"s":0.99,"t":0},"geometry":{"type":"Point","coordinates":[77.0315,8.606645]}},{"type":"Feature","properties":{"s":0.95,"t":0},"geometry":{"type":"Point","coordinates":[76.958815,8.60701]}},{"type":"Feature","properties":{"s":0.96,"t":0},"geometry":{"type":"Point","coordinates":[76.959372,8.607248]}},{"type":"Feature","properties":{"s":1.1,"t":1},"geometry":{"type":"Point","coordinates":[76.959725,8.607327]}},{"type":"Feature","properties":{"s":1.28,"t":1},"geometry":{"type":"Point","coordinates":[76.960256,8.60718]}},{"type":"Feature","properties":{"s":0.82,"t":0},"geometry":{"type":"Point","coordinates":[76.960402,8.60724]}},{"type":"Feature","properties":{"s":1.09,"t":1},"geometry":{"type":"Point","coordinates":[76.96092,8.607125]}},{"type":"Feature","properties":{"s":0.99,"t":1},"geometry":{"type":"Point","coordinates":[76.961509,8.607141]}},{"type":"Feature","properties":{"s":1.31,"t":1},"geometry":{"type":"Point","coordinates":[76.961656,8.607067]}},{"type":"Feature","properties":{"s":0.78,"t":0},"geometry":{"type":"Point","coordinates":[76.962165,8.607305]}},{"type":"Feature","properties":{"s":1.06,"t":1},"geometry":{"type":"Point","coordinates":[76.963579,8.607004]}},{"type":"Feature","properties":{"s":0.92,"t":0},"geometry":{"type":"Point","coordinates":[76.966352,8.607302]}},{"type":"Feature","properties":{"s":0.86,"t":1},"geometry":{"type":"Point","coordinates":[76.966703,8.607026]}},{"type":"Feature","properties":{"s":0.87,"t":0},"geometry":{"type":"Point","coordinates":[76.968175,8.607188]}},{"type":"Feature","properties":{"s":0.77,"t":0},"geometry":{"type":"Point","coordinates":[76.971955,8.60713]}},{"type":"Feature","properties":{"s":1.02,"t":0},"geometry":{"type":"Point","coordinates":[76.973145,8.607304]}},{"type":"Feature","properties":{"s":0.77,"t":0},"geometry":{"type":"Point","coordinates":[76.974083,8.607198]}},{"type":"Feature","properties":{"s":1.13,"t":0},"geometry":{"type":"Point","coordinates":[76.974416,8.607017]}},{"type":"Feature","properties":{"s":0.78,"t":1},"geometry":{"type":"Point","coordinates":[76.97476,8.607031]}},{"type":"Feature","properties":{"s":0.99,"t":1},"geometry":{"type":"Point","coordinates":[76.97632,8.607271]}},{"type":"Feature","properties":{"s":1.26,"t":1},"geometry":{"type":"Point","coordinates":[76.977009,8.607134]}},{"type":"Feature","properties":{"s":1.27,"t":0},"geometry":{"type":"Point","coordinates":[76.977401,8.607112]}},{"type":"Feature","properties":{"s":1.08,"t":1},"geometry":{"type":"Point","coordinates":[76.977862,8.607161]}},{"type":"Feature","properties":{"s":1.05,"t":0},"geometry":{"type":"Point","coordinates":[76.97803,8.607049]}},{"type":"Feature","properties":{"s":1.03,"t":1},"geometry":{"type":"Point","coordinates":[76.979052,8.60702]}},{"type":"Feature","properties":{"s":1.06,"t":1},"geometry":{"type":"Point","coordinates":[76.979648,8.607144]}},{"type":"Feature","properties":{"s":0.91,"t":1},"geometry":{"type":"Point","coordinates":[76.980362,8.607234]}},{"type":"Feature","properties":{"s":1.07,"t":1},"geometry":{"type":"Point","coordinates":[76.980509,8.607266]}},{"type":"Feature","properties":{"s":0.98,"t":0},"geometry":{"type":"Point","coordinates":[76.98152,8.607025]}},{"type":"Feature","properties":{"s":1.16,"t":0},"geometry":{"type":"Point","coordinates":[76.983648,8.607137]}},{"type":"Feature","properties":{"s":1.04,"t":0},"geometry":{"type":"Point","coordinates":[76.984059,8.607272]}},{"type":"Feature","properties":{"s":1.08,"t":1},"geometry":{"type":"Point","coordinates":[76.986396,8.607266]}},{"type":"Feature","properties":{"s":1.24,"t":0},"geometry":{"type":"Point","coordinates":[76.987351,8.606994]}},{"type":"Feature","properties":{"s":0.76,"t":1},"geometry":{"type":"Point","coordinates":[76.990686,8.607155]}},{"type":"Feature","properties":{"s":1.01,"t":1},"geometry":{"type":"Point","coordinates":[76.992322,8.607296]}},{"type":"Feature","properties":{"s":0.93,"t":1},"geometry":{"type":"Point","coordinates":[76.997409,8.60701]}},{"type":"Feature","properties":{"s":1.27,"t":1},"geometry":{"type":"Point","coordinates":[76.998157,8.607176]}},{"type":"Feature","properties":{"s":0.97,"t":1},"geometry":{"type":"Point","coordinates":[76.998625,8.607125]}},{"type":"Feature","properties":{"s":1.06,"t":1},"geometry":{"type":"Point","coordinates":[77.003897,8.607104]}},{"type":"Feature","properties":{"s":0.78,"t":1},"geometry":{"type":"Point","coordinates":[77.011527,8.607006]}},{"type":"Feature","properties":{"s":1.23,"t":0},"geometry":{"type":"Point","coordinates":[77.012485,8.607212]}},{"type":"Feature","properties":{"s":1.33,"t":0},"geometry":{"type":"Point","coordinates":[77.013471,8.607011]}},{"type":"Feature","properties":{"s":1.12,"t":0},"geometry":{"type":"Point","coordinates":[77.014426,8.607028]}},{"type":"Feature","properties":{"s":0.93,"t":0},"geometry":{"type":"Point","coordinates":[77.015348,8.607161]}},{"type":"Feature","properties":{"s":0.74,"t":1},"geometry":{"type":"Point","coordinates":[77.016966,8.607109]}},{"type":"Feature","properties":{"s":1.23,"t":0},"geometry":{"type":"Point","coordinates":[77.017527,8.607]}},{"type":"Feature","properties":{"s":1.0,"t":1},"geometry":{"type":"Point","coordinates":[77.017893,8.6073]}},{"type":"Feature","properties":{"s":1.1,"t":0},"geometry":{"type":"Point","coordinates":[77.018219,8.607133]}},{"type":"Feature","properties":{"s":0.73,"t":1},"geometry":{"type":"Point","coordinates":[77.022106,8.607282]}},{"type":"Feature","properties":{"s":0.84,"t":0},"geometry":{"type":"Point","coordinates":[77.022403,8.607185]}},{"type":"Feature","properties":{"s":0.86,"t":0},"geometry":{"type":"Point","coordinates":[77.023015,8.607242]}},{"type":"Feature","properties":{"s":0.98,"t":1},"geometry":{"type":"Point","coordinates":[77.024608,8.60711]}},{"type":"Feature","properties":{"s":1.05,"t":0},"geometry":{"type":"Point","coordinates":[77.025088,8.607228]}},{"type":"Feature","properties":{"s":0.8,"t":1},"geometry":{"type":"Point","coordinates":[77.027586,8.607015]}},{"type":"Feature","properties":{"s":0.8,"t":1},"geometry":{"type":"Point","coordinates":[77.027918,8.607171]}},{"type":"Feature","properties":{"s":1.3,"t":0},"geometry":{"type":"Point","coordinates":[77.028432,8.607128]}},{"type":"Feature","properties":{"s":1.07,"t":1},"geometry":{"type":"Point","coordinates":[77.028629,8.607297]}},{"type":"Feature","properties":{"s":1.2,"t":1},"geometry":{"type":"Point","coordinates":[77.02902,8.606998]}},{"type":"Feature","properties":{"s":0.9,"t":1},"geometry":{"type":"Point","coordinates":[77.031264,8.607056]}},{"type":"Feature","properties":{"s":1.15,"t":0},"geometry":{"type":"Point","coordinates":[77.031587,8.607268]}},{"type":"Feature","properties":{"s":0.94,"t":0},"geometry":{"type":"Point","coordinates":[77.031894,8.607225]}},{"type":"Feature","properties":{"s":1.01,"t":0},"geometry":{"type":"Point","coordinates":[77.032872,8.60723]}},{"type":"Feature","properties":{"s":0.78,"t":1},"geometry":{"type":"Point","coordinates":[76.958844,8.607698]}},{"type":"Feature","properties":{"s":1.04,"t":1},"geometry":{"type":"Point","coordinates":[76.95923,8.607575]}},{"type":"Feature","properties":{"s":1.23,"t":0},"geometry":{"type":"Point","coordinates":[76.95976,8.607681]}},{"type":"Feature","properties":{"s":1.19,"t":1},"geometry":{"type":"Point","coordinates":[76.960106,8.607429]}},{"type":"Feature","properties":{"s":1.32,"t":1},"geometry":{"type":"Point","coordinates":[76.960557,8.607692]}},{"type":"Feature","properties":{"s":0.87,"t":1},"geometry":{"type":"Point","coordinates":[76.960974,8.607683]}},{"type":"Feature","properties":{"s":0.86,"t":1},"geometry":{"type":"Point","coordinates":[76.961519,8.607643]}},{"type":"Feature","properties":{"s":0.8,"t":1},"geometry":{"type":"Point","coordinates":[76.961981,8.607492]}},{"type":"Feature","properties":{"s":1.0,"t":1},"geometry":{"type":"Point","coordinates":[76.962291,8.607497]}},{"type":"Feature","properties":{"s":1.13,"t":1},"geometry":{"type":"Point","coordinates":[76.962718,8.607532]}},{"type":"Feature","properties":{"s":0.95,"t":1},"geometry":{"type":"Point","coordinates":[76.963142,8.607725]}},{"type":"Feature","properties":{"s":1.08,"t":0},"geometry":{"type":"Point","coordinates":[76.963631,8.607612]}},{"type":"Feature","properties":{"s":1.18,"t":0},"geometry":{"type":"Point","coordinates":[76.966298,8.607483]}},{"type":"Feature","properties":{"s":0.88,"t":1},"geometry":{"type":"Point","coordinates":[76.966959,8.607416]}},{"type":"Feature","properties":{"s":0.74,"t":1},"geometry":{"type":"Point","coordinates":[76.967125,8.607503]}},{"type":"Feature","properties":{"s":1.09,"t":0},"geometry":{"type":"Point","coordinates":[76.968229,8.60754]}},{"type":"Feature","properties":{"s":0.82,"t":1},"geometry":{"type":"Point","coordinates":[76.969082,8.60755]}},{"type":"Feature","properties":{"s":1.2,"t":0},"geometry":{"type":"Point","coordinates":[76.970438,8.60764]}},{"type":"Feature","properties":{"s":0.76,"t":1},"geometry":{"type":"Point","coordinates":[76.971551,8.607754]}},{"type":"Feature","properties":{"s":0.84,"t":1},"geometry":{"type":"Point","coordinates":[76.972217,8.607671]}},{"type":"Feature","properties":{"s":0.75,"t":1},"geometry":{"type":"Point","coordinates":[76.973203,8.607481]}},{"type":"Feature","properties":{"s":1.07,"t":0},"geometry":{"type":"Point","coordinates":[76.973635,8.607742]}},{"type":"Feature","properties":{"s":1.26,"t":0},"geometry":{"type":"Point","coordinates":[76.974957,8.607717]}},{"type":"Feature","properties":{"s":1.24,"t":1},"geometry":{"type":"Point","coordinates":[76.97638,8.607428]}},{"type":"Feature","properties":{"s":0.89,"t":0},"geometry":{"type":"Point","coordinates":[76.978052,8.607647]}},{"type":"Feature","properties":{"s":1.31,"t":0},"geometry":{"type":"Point","coordinates":[76.979634,8.607619]}},{"type":"Feature","properties":{"s":0.85,"t":1},"geometry":{"type":"Point","coordinates":[76.982702,8.607523]}},{"type":"Feature","properties":{"s":1.04,"t":1},"geometry":{"type":"Point","coordinates":[76.982967,8.607412]}},{"type":"Feature","properties":{"s":1.05,"t":0},"geometry":{"type":"Point","coordinates":[76.983697,8.607608]}},{"type":"Feature","properties":{"s":0.83,"t":0},"geometry":{"type":"Point","coordinates":[76.983916,8.60743]}},{"type":"Feature","properties":{"s":1.02,"t":1},"geometry":{"type":"Point","coordinates":[76.984663,8.607715]}},{"type":"Feature","properties":{"s":0.77,"t":1},"geometry":{"type":"Point","coordinates":[76.986117,8.607741]}},{"type":"Feature","properties":{"s":1.15,"t":1},"geometry":{"type":"Point","coordinates":[76.98935,8.607647]}},{"type":"Feature","properties":{"s":1.23,"t":1},"geometry":{"type":"Point","coordinates":[76.991618,8.607662]}},{"type":"Feature","properties":{"s":1.13,"t":0},"geometry":{"type":"Point","coordinates":[76.992884,8.607707]}},{"type":"Feature","properties":{"s":0.74,"t":0},"geometry":{"type":"Point","coordinates":[76.993866,8.607574]}},{"type":"Feature","properties":{"s":1.25,"t":1},"geometry":{"type":"Point","coordinates":[76.994283,8.607668]}},{"type":"Feature","properties":{"s":0.88,"t":0},"geometry":{"type":"Point","coordinates":[77.003597,8.607671]}},{"type":"Feature","properties":{"s":0.72,"t":1},"geometry":{"type":"Point","coordinates":[77.004123,8.607428]}},{"type":"Feature","properties":{"s":1.11,"t":0},"geometry":{"type":"Point","coordinates":[77.011437,8.607588]}},{"type":"Feature","properties":{"s":0.8,"t":0},"geometry":{"type":"Point","coordinates":[77.012945,8.607715]}},{"type":"Feature","properties":{"s":0.92,"t":1},"geometry":{"type":"Point","coordinates":[77.014504,8.607633]}},{"type":"Feature","properties":{"s":1.1,"t":1},"geometry":{"type":"Point","coordinates":[77.014853,8.607716]}},{"type":"Feature","properties":{"s":1.23,"t":0},"geometry":{"type":"Point","coordinates":[77.015252,8.607507]}},{"type":"Feature","properties":{"s":1.21,"t":0},"geometry":{"type":"Point","coordinates":[77.017754,8.607674]}},{"type":"Feature","properties":{"s":0.8,"t":0},"geometry":{"type":"Point","coordinates":[77.021543,8.607747]}},{"type":"Feature","properties":{"s":0.78,"t":0},"geometry":{"type":"Point","coordinates":[77.022789,8.607661]}},{"type":"Feature","properties":{"s":1.13,"t":0},"geometry":{"type":"Point","coordinates":[77.024756,8.607554]}},{"type":"Feature","properties":{"s":0.86,"t":1},"geometry":{"type":"Point","coordinates":[77.027105,8.607479]}},{"type":"Feature","properties":{"s":1.24,"t":1},"geometry":{"type":"Point","coordinates":[77.027463,8.607514]}},{"type":"Feature","properties":{"s":1.1,"t":1},"geometry":{"type":"Point","coordinates":[77.028764,8.607421]}},{"type":"Feature","properties":{"s":1.19,"t":1},"geometry":{"type":"Point","coordinates":[77.02909,8.607707]}},{"type":"Feature","properties":{"s":0.77,"t":1},"geometry":{"type":"Point","coordinates":[77.029845,8.607699]}},{"type":"Feature","properties":{"s":1.12,"t":1},"geometry":{"type":"Point","coordinates":[77.0303,8.607463]}},{"type":"Feature","properties":{"s":1.19,"t":0},"geometry":{"type":"Point","coordinates":[77.032186,8.607571]}},{"type":"Feature","properties":{"s":0.85,"t":1},"geometry":{"type":"Point","coordinates":[76.959033,8.608011]}},{"type":"Feature","properties":{"s":1.17,"t":1},"geometry":{"type":"Point","coordinates":[76.960002,8.607901]}},{"type":"Feature","properties":{"s":0.9,"t":1},"geometry":{"type":"Point","coordinates":[76.960664,8.608013]}},{"type":"Feature","properties":{"s":1.29,"t":0},"geometry":{"type":"Point","coordinates":[76.961027,8.608118]}},{"type":"Feature","properties":{"s":1.04,"t":1},"geometry":{"type":"Point","coordinates":[76.961741,8.607881]}},{"type":"Feature","properties":{"s":0.72,"t":1},"geometry":{"type":"Point","coordinates":[76.962238,8.607997]}},{"type":"Feature","properties":{"s":0.91,"t":1},"geometry":{"type":"Point","coordinates":[76.96324,8.607956]}},{"type":"Feature","properties":{"s":0.85,"t":0},"geometry":{"type":"Point","coordinates":[76.963487,8.608006]}},{"type":"Feature","properties":{"s":0.9,"t":1},"geometry":{"type":"Point","coordinates":[76.965037,8.60817]}},{"type":"Feature","properties":{"s":1.17,"t":0},"geometry":{"type":"Point","coordinates":[76.966153,8.608094]}},{"type":"Feature","properties":{"s":1.05,"t":1},"geometry":{"type":"Point","coordinates":[76.966277,8.607896]}},{"type":"Feature","properties":{"s":1.15,"t":1},"geometry":{"type":"Point","coordinates":[76.966722,8.607876]}},{"type":"Feature","properties":{"s":0.97,"t":1},"geometry":{"type":"Point","coordinates":[76.967176,8.607917]}},{"type":"Feature","properties":{"s":1.05,"t":0},"geometry":{"type":"Point","coordinates":[76.969448,8.608017]}},{"type":"Feature","properties":{"s":1.28,"t":0},"geometry":{"type":"Point","coordinates":[76.970331,8.608136]}},{"type":"Feature","properties":{"s":1.11,"t":0},"geometry":{"type":"Point","coordinates":[76.971682,8.60792]}},{"type":"Feature","properties":{"s":0.78,"t":1},"geometry":{"type":"Point","coordinates":[76.972149,8.608068]}},{"type":"Feature","properties":{"s":1.03,"t":0},"geometry":{"type":"Point","coordinates":[76.972534,8.60802]}},{"type":"Feature","properties":{"s":0.82,"t":0},"geometry":{"type":"Point","coordinates":[76.972978,8.608138]}},{"type":"Feature","properties":{"s":1.19,"t":1},"geometry":{"type":"Point","coordinates":[76.973688,8.608142]}},{"type":"Feature","properties":{"s":0.8,"t":1},"geometry":{"type":"Point","coordinates":[76.973779,8.608148]}},{"type":"Feature","properties":{"s":1.02,"t":0},"geometry":{"type":"Point","coordinates":[76.977883,8.607905]}},{"type":"Feature","properties":{"s":1.04,"t":1},"geometry":{"type":"Point","coordinates":[76.978005,8.608002]}},{"type":"Feature","properties":{"s":1.23,"t":1},"geometry":{"type":"Point","coordinates":[76.978378,8.607975]}},{"type":"Feature","properties":{"s":0.97,"t":1},"geometry":{"type":"Point","coordinates":[76.979106,8.608051]}},{"type":"Feature","properties":{"s":1.01,"t":0},"geometry":{"type":"Point","coordinates":[76.979356,8.60805]}},{"type":"Feature","properties":{"s":0.75,"t":0},"geometry":{"type":"Point","coordinates":[76.979689,8.60795]}},{"type":"Feature","properties":{"s":1.29,"t":1},"geometry":{"type":"Point","coordinates":[76.981155,8.607927]}},{"type":"Feature","properties":{"s":0.86,"t":1},"geometry":{"type":"Point","coordinates":[76.983173,8.607824]}},{"type":"Feature","properties":{"s":0.92,"t":0},"geometry":{"type":"Point","coordinates":[76.983906,8.607941]}},{"type":"Feature","properties":{"s":1.21,"t":0},"geometry":{"type":"Point","coordinates":[76.986036,8.608075]}},{"type":"Feature","properties":{"s":1.26,"t":1},"geometry":{"type":"Point","coordinates":[76.986532,8.608015]}},{"type":"Feature","properties":{"s":1.22,"t":0},"geometry":{"type":"Point","coordinates":[76.986752,8.607868]}},{"type":"Feature","properties":{"s":1.18,"t":0},"geometry":{"type":"Point","coordinates":[76.987401,8.608139]}},{"type":"Feature","properties":{"s":1.3,"t":1},"geometry":{"type":"Point","coordinates":[76.990285,8.608027]}},{"type":"Feature","properties":{"s":1.18,"t":0},"geometry":{"type":"Point","coordinates":[76.99149,8.607947]}},{"type":"Feature","properties":{"s":1.32,"t":0},"geometry":{"type":"Point","coordinates":[76.994282,8.608048]}},{"type":"Feature","properties":{"s":1.18,"t":0},"geometry":{"type":"Point","coordinates":[77.007351,8.608042]}},{"type":"Feature","properties":{"s":0.95,"t":1},"geometry":{"type":"Point","coordinates":[77.008133,8.607949]}},{"type":"Feature","properties":{"s":1.22,"t":1},"geometry":{"type":"Point","coordinates":[77.011021,8.608115]}},{"type":"Feature","properties":{"s":1.3,"t":1},"geometry":{"type":"Point","coordinates":[77.011689,8.608048]}},{"type":"Feature","properties":{"s":1.31,"t":1},"geometry":{"type":"Point","coordinates":[77.012828,8.607829]}},{"type":"Feature","properties":{"s":1.01,"t":0},"geometry":{"type":"Point","coordinates":[77.01369,8.607872]}},{"type":"Feature","properties":{"s":0.9,"t":0},"geometry":{"type":"Point","coordinates":[77.015026,8.607836]}},{"type":"Feature","properties":{"s":1.31,"t":0},"geometry":{"type":"Point","coordinates":[77.015217,8.608044]}},{"type":"Feature","properties":{"s":1.01,"t":0},"geometry":{"type":"Point","coordinates":[77.017903,8.607935]}},{"type":"Feature","properties":{"s":1.02,"t":0},"geometry":{"type":"Point","coordinates":[77.021524,8.607929]}},{"type":"Feature","properties":{"s":0.95,"t":0},"geometry":{"type":"Point","coordinates":[77.022575,8.607955]}},{"type":"Feature","properties":{"s":1.13,"t":1},"geometry":{"type":"Point","coordinates":[77.022997,8.607892]}},{"type":"Feature","properties":{"s":0.8,"t":0},"geometry":{"type":"Point","coordinates":[77.026515,8.608153]}},{"type":"Feature","properties":{"s":1.18,"t":0},"geometry":{"type":"Point","coordinates":[77.027175,8.607839]}},{"type":"Feature","properties":{"s":0.93,"t":1},"geometry":{"type":"Point","coordinates":[77.028345,8.608005]}},{"type":"Feature","properties":{"s":1.13,"t":0},"geometry":{"type":"Point","coordinates":[77.028578,8.60789]}},{"type":"Feature","properties":{"s":0.79,"t":0},"geometry":{"type":"Point","coordinates":[77.029222,8.608083]}},{"type":"Feature","properties":{"s":1.25,"t":0},"geometry":{"type":"Point","coordinates":[77.029468,8.607907]}},{"type":"Feature","properties":{"s":1.33,"t":1},"geometry":{"type":"Point","coordinates":[77.030055,8.608144]}},{"type":"Feature","properties":{"s":1.12,"t":1},"geometry":{"type":"Point","coordinates":[77.033122,8.608005]}},{"type":"Feature","properties":{"s":0.95,"t":0},"geometry":{"type":"Point","coordinates":[76.958887,8.608455]}},{"type":"Feature","properties":{"s":0.95,"t":0},"geometry":{"type":"Point","coordinates":[76.9592,8.60853]}},{"type":"Feature","properties":{"s":0.73,"t":1},"geometry":{"type":"Point","coordinates":[76.959802,8.608532]}},{"type":"Feature","properties":{"s":1.25,"t":1},"geometry":{"type":"Point","coordinates":[76.960272,8.608308]}},{"type":"Feature","properties":{"s":0.85,"t":0},"geometry":{"type":"Point","coordinates":[76.960665,8.608386]}},{"type":"Feature","properties":{"s":1.24,"t":0},"geometry":{"type":"Point","coordinates":[76.960888,8.608565]}},{"type":"Feature","properties":{"s":1.27,"t":1},"geometry":{"type":"Point","coordinates":[76.961303,8.608274]}},{"type":"Feature","properties":{"s":0.89,"t":0},"geometry":{"type":"Point","coordinates":[76.961662,8.608562]}},{"type":"Feature","properties":{"s":0.94,"t":1},"geometry":{"type":"Point","coordinates":[76.962392,8.608555]}},{"type":"Feature","properties":{"s":1.32,"t":0},"geometry":{"type":"Point","coordinates":[76.962647,8.608337]}},{"type":"Feature","properties":{"s":0.87,"t":1},"geometry":{"type":"Point","coordinates":[76.96303,8.608543]}},{"type":"Feature","properties":{"s":0.72,"t":1},"geometry":{"type":"Point","coordinates":[76.963364,8.608578]}},{"type":"Feature","properties":{"s":0.82,"t":0},"geometry":{"type":"Point","coordinates":[76.965129,8.608439]}},{"type":"Feature","properties":{"s":0.75,"t":1},"geometry":{"type":"Point","coordinates":[76.965924,8.608537]}},{"type":"Feature","properties":{"s":1.17,"t":0},"geometry":{"type":"Point","coordinates":[76.966588,8.608388]}},{"type":"Feature","properties":{"s":0.87,"t":0},"geometry":{"type":"Point","coordinates":[76.967524,8.608379]}},{"type":"Feature","properties":{"s":1.15,"t":0},"geometry":{"type":"Point","coordinates":[76.967966,8.608511]}},{"type":"Feature","properties":{"s":0.96,"t":1},"geometry":{"type":"Point","coordinates":[76.968376,8.608236]}},{"type":"Feature","properties":{"s":1.11,"t":1},"geometry":{"type":"Point","coordinates":[76.968977,8.608305]}},{"type":"Feature","properties":{"s":0.98,"t":0},"geometry":{"type":"Point","coordinates":[76.969217,8.608565]}},{"type":"Feature","properties":{"s":1.13,"t":1},"geometry":{"type":"Point","coordinates":[76.971013,8.608555]}},{"type":"Feature","properties":{"s":1.11,"t":0},"geometry":{"type":"Point","coordinates":[76.971574,8.608467]}},{"type":"Feature","properties":{"s":1.16,"t":1},"geometry":{"type":"Point","coordinates":[76.971951,8.608371]}},{"type":"Feature","properties":{"s":1.3,"t":1},"geometry":{"type":"Point","coordinates":[76.972356,8.608388]}},{"type":"Feature","properties":{"s":0.95,"t":1},"geometry":{"type":"Point","coordinates":[76.972846,8.608447]}},{"type":"Feature","properties":{"s":1.16,"t":1},"geometry":{"type":"Point","coordinates":[76.973442,8.608298]}},{"type":"Feature","properties":{"s":1.04,"t":0},"geometry":{"type":"Point","coordinates":[76.975761,8.608585]}},{"type":"Feature","properties":{"s":1.24,"t":1},"geometry":{"type":"Point","coordinates":[76.977369,8.608404]}},{"type":"Feature","properties":{"s":1.2,"t":0},"geometry":{"type":"Point","coordinates":[76.977535,8.608533]}},{"type":"Feature","properties":{"s":1.2,"t":1},"geometry":{"type":"Point","coordinates":[76.978064,8.608346]}},{"type":"Feature","properties":{"s":1.04,"t":0},"geometry":{"type":"Point","coordinates":[76.978842,8.608535]}},{"type":"Feature","properties":{"s":1.08,"t":1},"geometry":{"type":"Point","coordinates":[76.979345,8.608254]}},{"type":"Feature","properties":{"s":1.06,"t":0},"geometry":{"type":"Point","coordinates":[76.979657,8.608453]}},{"type":"Feature","properties":{"s":0.92,"t":1},"geometry":{"type":"Point","coordinates":[76.983306,8.608575]}},{"type":"Feature","properties":{"s":1.2,"t":1},"geometry":{"type":"Point","coordinates":[76.983626,8.608249]}},{"type":"Feature","properties":{"s":1.22,"t":0},"geometry":{"type":"Point","coordinates":[76.984676,8.608543]}},{"type":"Feature","properties":{"s":1.26,"t":0},"geometry":{"type":"Point","coordinates":[76.987856,8.608442]}},{"type":"Feature","properties":{"s":1.2,"t":1},"geometry":{"type":"Point","coordinates":[76.989236,8.608448]}},{"type":"Feature","properties":{"s":1.04,"t":1},"geometry":{"type":"Point","coordinates":[76.9922,8.608525]}},{"type":"Feature","properties":{"s":1.28,"t":1},"geometry":{"type":"Point","coordinates":[76.995501,8.608489]}},{"type":"Feature","properties":{"s":0.76,"t":0},"geometry":{"type":"Point","coordinates":[77.00037,8.608508]}},{"type":"Feature","properties":{"s":1.25,"t":0},"geometry":{"type":"Point","coordinates":[77.001068,8.60841]}},{"type":"Feature","properties":{"s":1.08,"t":1},"geometry":{"type":"Point","coordinates":[77.007291,8.60828]}},{"type":"Feature","properties":{"s":0.98,"t":1},"geometry":{"type":"Point","coordinates":[77.009498,8.608525]}},{"type":"Feature","properties":{"s":0.81,"t":0},"geometry":{"type":"Point","coordinates":[77.011232,8.608249]}},{"type":"Feature","properties":{"s":1.24,"t":1},"geometry":{"type":"Point","coordinates":[77.013745,8.608256]}},{"type":"Feature","properties":{"s":0.97,"t":0},"geometry":{"type":"Point","coordinates":[77.013934,8.608501]}},{"type":"Feature","properties":{"s":0.99,"t":0},"geometry":{"type":"Point","coordinates":[77.017358,8.608445]}},{"type":"Feature","properties":{"s":0.98,"t":1},"geometry":{"type":"Point","coordinates":[77.017706,8.608471]}},{"type":"Feature","properties":{"s":0.74,"t":1},"geometry":{"type":"Point","coordinates":[77.018327,8.608441]}},{"type":"Feature","properties":{"s":0.83,"t":1},"geometry":{"type":"Point","coordinates":[77.019137,8.608266]}},{"type":"Feature","properties":{"s":0.83,"t":0},"geometry":{"type":"Point","coordinates":[77.020298,8.608264]}},{"type":"Feature","properties":{"s":0.89,"t":1},"geometry":{"type":"Point","coordinates":[77.021717,8.608377]}},{"type":"Feature","properties":{"s":0.76,"t":1},"geometry":{"type":"Point","coordinates":[77.022501,8.608307]}},{"type":"Feature","properties":{"s":1.07,"t":0},"geometry":{"type":"Point","coordinates":[77.02277,8.608515]}},{"type":"Feature","properties":{"s":1.11,"t":0},"geometry":{"type":"Point","coordinates":[77.023135,8.608542]}},{"type":"Feature","properties":{"s":0.85,"t":1},"geometry":{"type":"Point","coordinates":[77.024523,8.60827]}},{"type":"Feature","properties":{"s":0.97,"t":1},"geometry":{"type":"Point","coordinates":[77.026484,8.608439]}},{"type":"Feature","properties":{"s":1.2,"t":1},"geometry":{"type":"Point","coordinates":[77.028651,8.608558]}},{"type":"Feature","properties":{"s":0.85,"t":1},"geometry":{"type":"Point","coordinates":[77.02958,8.60857]}},{"type":"Feature","properties":{"s":0.88,"t":0},"geometry":{"type":"Point","coordinates":[77.030032,8.608423]}},{"type":"Feature","properties":{"s":0.88,"t":1},"geometry":{"type":"Point","coordinates":[77.030435,8.608279]}},{"type":"Feature","properties":{"s":0.79,"t":1},"geometry":{"type":"Point","coordinates":[77.030775,8.608277]}},{"type":"Feature","properties":{"s":1.21,"t":1},"geometry":{"type":"Point","coordinates":[77.031232,8.608466]}},{"type":"Feature","properties":{"s":0.84,"t":1},"geometry":{"type":"Point","coordinates":[77.031611,8.608518]}},{"type":"Feature","properties":{"s":0.88,"t":1},"geometry":{"type":"Point","coordinates":[77.032593,8.60827]}},{"type":"Feature","properties":{"s":1.31,"t":1},"geometry":{"type":"Point","coordinates":[76.959026,8.608747]}},{"type":"Feature","properties":{"s":0.74,"t":0},"geometry":{"type":"Point","coordinates":[76.959168,8.608694]}},{"type":"Feature","properties":{"s":1.24,"t":0},"geometry":{"type":"Point","coordinates":[76.959639,8.608883]}},{"type":"Feature","properties":{"s":1.32,"t":0},"geometry":{"type":"Point","coordinates":[76.960201,8.608871]}},{"type":"Feature","properties":{"s":1.24,"t":1},"geometry":{"type":"Point","coordinates":[76.961062,8.60891]}},{"type":"Feature","properties":{"s":0.89,"t":1},"geometry":{"type":"Point","coordinates":[76.961412,8.608787]}},{"type":"Feature","properties":{"s":1.19,"t":1},"geometry":{"type":"Point","coordinates":[76.961725,8.608803]}},{"type":"Feature","properties":{"s":1.21,"t":0},"geometry":{"type":"Point","coordinates":[76.962117,8.608653]}},{"type":"Feature","properties":{"s":0.93,"t":0},"geometry":{"type":"Point","coordinates":[76.96281,8.608974]}},{"type":"Feature","properties":{"s":0.78,"t":1},"geometry":{"type":"Point","coordinates":[76.963392,8.608789]}},{"type":"Feature","properties":{"s":0.95,"t":0},"geometry":{"type":"Point","coordinates":[76.963765,8.608932]}},{"type":"Feature","properties":{"s":1.02,"t":1},"geometry":{"type":"Point","coordinates":[76.964481,8.608774]}},{"type":"Feature","properties":{"s":0.77,"t":0},"geometry":{"type":"Point","coordinates":[76.964878,8.608662]}},{"type":"Feature","properties":{"s":0.93,"t":0},"geometry":{"type":"Point","coordinates":[76.96592,8.608828]}},{"type":"Feature","properties":{"s":0.74,"t":1},"geometry":{"type":"Point","coordinates":[76.966579,8.608971]}},{"type":"Feature","properties":{"s":0.72,"t":0},"geometry":{"type":"Point","coordinates":[76.968556,8.608741]}},{"type":"Feature","properties":{"s":0.86,"t":1},"geometry":{"type":"Point","coordinates":[76.96909,8.60899]}},{"type":"Feature","properties":{"s":1.19,"t":0},"geometry":{"type":"Point","coordinates":[76.96931,8.608831]}},{"type":"Feature","properties":{"s":0.96,"t":0},"geometry":{"type":"Point","coordinates":[76.971576,8.608841]}},{"type":"Feature","properties":{"s":1.32,"t":0},"geometry":{"type":"Point","coordinates":[76.972351,8.6089]}},{"type":"Feature","properties":{"s":0.77,"t":1},"geometry":{"type":"Point","coordinates":[76.972555,8.608694]}},{"type":"Feature","properties":{"s":1.1,"t":0},"geometry":{"type":"Point","coordinates":[76.97368,8.608832]}},{"type":"Feature","properties":{"s":1.09,"t":1},"geometry":{"type":"Point","coordinates":[76.973927,8.608787]}},{"type":"Feature","properties":{"s":0.91,"t":1},"geometry":{"type":"Point","coordinates":[76.974262,8.608867]}},{"type":"Feature","properties":{"s":0.9,"t":1},"geometry":{"type":"Point","coordinates":[76.974957,8.608711]}},{"type":"Feature","properties":{"s":0.82,"t":1},"geometry":{"type":"Point","coordinates":[76.975243,8.608963]}},{"type":"Feature","properties":{"s":1.18,"t":1},"geometry":{"type":"Point","coordinates":[76.975534,8.608938]}},{"type":"Feature","properties":{"s":0.87,"t":0},"geometry":{"type":"Point","coordinates":[76.976181,8.608755]}},{"type":"Feature","properties":{"s":0.9,"t":0},"geometry":{"type":"Point","coordinates":[76.978656,8.608817]}},{"type":"Feature","properties":{"s":1.09,"t":1},"geometry":{"type":"Point","coordinates":[76.979404,8.608808]}},{"type":"Feature","properties":{"s":0.92,"t":0},"geometry":{"type":"Point","coordinates":[76.981046,8.608806]}},{"type":"Feature","properties":{"s":1.33,"t":0},"geometry":{"type":"Point","coordinates":[76.981986,8.608944]}},{"type":"Feature","properties":{"s":0.94,"t":1},"geometry":{"type":"Point","coordinates":[76.982269,8.608729]}},{"type":"Feature","properties":{"s":1.06,"t":0},"geometry":{"type":"Point","coordinates":[76.982864,8.608986]}},{"type":"Feature","properties":{"s":1.06,"t":1},"geometry":{"type":"Point","coordinates":[76.983101,8.608972]}},{"type":"Feature","properties":{"s":1.21,"t":1},"geometry":{"type":"Point","coordinates":[76.983814,8.608803]}},{"type":"Feature","properties":{"s":0.77,"t":1},"geometry":{"type":"Point","coordinates":[76.984524,8.608931]}},{"type":"Feature","properties":{"s":0.77,"t":1},"geometry":{"type":"Point","coordinates":[76.984951,8.608749]}},{"type":"Feature","properties":{"s":0.82,"t":0},"geometry":{"type":"Point","coordinates":[76.985257,8.608999]}},{"type":"Feature","properties":{"s":0.79,"t":1},"geometry":{"type":"Point","coordinates":[76.986589,8.608927]}},{"type":"Feature","properties":{"s":1.28,"t":0},"geometry":{"type":"Point","coordinates":[76.986921,8.608756]}},{"type":"Feature","properties":{"s":1.26,"t":0},"geometry":{"type":"Point","coordinates":[76.987319,8.608964]}},{"type":"Feature","properties":{"s":1.08,"t":0},"geometry":{"type":"Point","coordinates":[76.988042,8.608988]}},{"type":"Feature","properties":{"s":0.76,"t":1},"geometry":{"type":"Point","coordinates":[76.989409,8.608895]}},{"type":"Feature","properties":{"s":1.02,"t":1},"geometry":{"type":"Point","coordinates":[76.991582,8.608987]}},{"type":"Feature","properties":{"s":1.26,"t":0},"geometry":{"type":"Point","coordinates":[76.992227,8.608698]}},{"type":"Feature","properties":{"s":1.03,"t":1},"geometry":{"type":"Point","coordinates":[76.995404,8.608962]}},{"type":"Feature","properties":{"s":1.27,"t":1},"geometry":{"type":"Point","coordinates":[77.000156,8.608878]}},{"type":"Feature","properties":{"s":1.27,"t":1},"geometry":{"type":"Point","coordinates":[77.009059,8.608883]}},{"type":"Feature","properties":{"s":1.06,"t":0},"geometry":{"type":"Point","coordinates":[77.010268,8.608834]}},{"type":"Feature","properties":{"s":0.89,"t":0},"geometry":{"type":"Point","coordinates":[77.011104,8.608998]}},{"type":"Feature","properties":{"s":1.12,"t":0},"geometry":{"type":"Point","coordinates":[77.012301,8.608733]}},{"type":"Feature","properties":{"s":1.26,"t":1},"geometry":{"type":"Point","coordinates":[77.013285,8.608653]}},{"type":"Feature","properties":{"s":1.21,"t":0},"geometry":{"type":"Point","coordinates":[77.014208,8.608753]}},{"type":"Feature","properties":{"s":0.92,"t":0},"geometry":{"type":"Point","coordinates":[77.017028,8.608802]}},{"type":"Feature","properties":{"s":1.25,"t":1},"geometry":{"type":"Point","coordinates":[77.017407,8.608958]}},{"type":"Feature","properties":{"s":0.8,"t":1},"geometry":{"type":"Point","coordinates":[77.019142,8.608983]}},{"type":"Feature","properties":{"s":1.19,"t":1},"geometry":{"type":"Point","coordinates":[77.019333,8.608926]}},{"type":"Feature","properties":{"s":1.23,"t":0},"geometry":{"type":"Point","coordinates":[77.021215,8.608854]}},{"type":"Feature","properties":{"s":1.29,"t":0},"geometry":{"type":"Point","coordinates":[77.021667,8.608908]}},{"type":"Feature","properties":{"s":0.81,"t":1},"geometry":{"type":"Point","coordinates":[77.021843,8.60886]}},{"type":"Feature","properties":{"s":1.28,"t":1},"geometry":{"type":"Point","coordinates":[77.022583,8.608836]}},{"type":"Feature","properties":{"s":1.26,"t":0},"geometry":{"type":"Point","coordinates":[77.022728,8.60898]}},{"type":"Feature","properties":{"s":0.74,"t":0},"geometry":{"type":"Point","coordinates":[77.0236,8.608978]}},{"type":"Feature","properties":{"s":0.97,"t":0},"geometry":{"type":"Point","coordinates":[77.023931,8.608891]}},{"type":"Feature","properties":{"s":0.89,"t":1},"geometry":{"type":"Point","coordinates":[77.025517,8.608812]}},{"type":"Feature","properties":{"s":1.18,"t":1},"geometry":{"type":"Point","coordinates":[77.026329,8.608878]}},{"type":"Feature","properties":{"s":1.1,"t":0},"geometry":{"type":"Point","coordinates":[77.026505,8.608849]}},{"type":"Feature","properties":{"s":0.92,"t":0},"geometry":{"type":"Point","coordinates":[77.029133,8.608706]}},{"type":"Feature","properties":{"s":0.78,"t":1},"geometry":{"type":"Point","coordinates":[77.029539,8.608987]}},{"type":"Feature","properties":{"s":1.22,"t":1},"geometry":{"type":"Point","coordinates":[77.030768,8.608741]}},{"type":"Feature","properties":{"s":0.89,"t":1},"geometry":{"type":"Point","coordinates":[77.031588,8.608659]}},{"type":"Feature","properties":{"s":1.05,"t":0},"geometry":{"type":"Point","coordinates":[77.031985,8.608655]}},{"type":"Feature","properties":{"s":1.31,"t":1},"geometry":{"type":"Point","coordinates":[76.959033,8.609258]}},{"type":"Feature","properties":{"s":1.18,"t":0},"geometry":{"type":"Point","coordinates":[76.959729,8.609161]}},{"type":"Feature","properties":{"s":1.05,"t":1},"geometry":{"type":"Point","coordinates":[76.959992,8.609189]}},{"type":"Feature","properties":{"s":1.08,"t":0},"geometry":{"type":"Point","coordinates":[76.960944,8.609324]}},{"type":"Feature","properties":{"s":1.06,"t":0},"geometry":{"type":"Point","coordinates":[76.961452,8.609199]}},{"type":"Feature","properties":{"s":1.06,"t":1},"geometry":{"type":"Point","coordinates":[76.961981,8.609241]}},{"type":"Feature","properties":{"s":1.08,"t":1},"geometry":{"type":"Point","coordinates":[76.962276,8.609339]}},{"type":"Feature","properties":{"s":1.14,"t":1},"geometry":{"type":"Point","coordinates":[76.962771,8.609082]}},{"type":"Feature","properties":{"s":1.2,"t":0},"geometry":{"type":"Point","coordinates":[76.963232,8.609206]}},{"type":"Feature","properties":{"s":1.01,"t":0},"geometry":{"type":"Point","coordinates":[76.963324,8.609345]}},{"type":"Feature","properties":{"s":1.03,"t":1},"geometry":{"type":"Point","coordinates":[76.963777,8.609075]}},{"type":"Feature","properties":{"s":1.06,"t":1},"geometry":{"type":"Point","coordinates":[76.96446,8.609216]}},{"type":"Feature","properties":{"s":0.93,"t":1},"geometry":{"type":"Point","coordinates":[76.964649,8.60913]}},{"type":"Feature","properties":{"s":1.26,"t":1},"geometry":{"type":"Point","coordinates":[76.965103,8.609415]}},{"type":"Feature","properties":{"s":0.79,"t":1},"geometry":{"type":"Point","coordinates":[76.965504,8.609304]}},{"type":"Feature","properties":{"s":1.04,"t":1},"geometry":{"type":"Point","coordinates":[76.966357,8.609209]}},{"type":"Feature","properties":{"s":1.0,"t":1},"geometry":{"type":"Point","coordinates":[76.967698,8.609281]}},{"type":"Feature","properties":{"s":1.19,"t":1},"geometry":{"type":"Point","coordinates":[76.968559,8.609155]}},{"type":"Feature","properties":{"s":0.73,"t":0},"geometry":{"type":"Point","coordinates":[76.969015,8.609235]}},{"type":"Feature","properties":{"s":1.11,"t":0},"geometry":{"type":"Point","coordinates":[76.969814,8.609282]}},{"type":"Feature","properties":{"s":0.72,"t":1},"geometry":{"type":"Point","coordinates":[76.970018,8.609177]}},{"type":"Feature","properties":{"s":1.24,"t":1},"geometry":{"type":"Point","coordinates":[76.972184,8.609098]}},{"type":"Feature","properties":{"s":1.2,"t":1},"geometry":{"type":"Point","coordinates":[76.972687,8.609317]}},{"type":"Feature","properties":{"s":0.84,"t":1},"geometry":{"type":"Point","coordinates":[76.973424,8.609203]}},{"type":"Feature","properties":{"s":0.97,"t":1},"geometry":{"type":"Point","coordinates":[76.973878,8.609261]}},{"type":"Feature","properties":{"s":1.34,"t":0},"geometry":{"type":"Point","coordinates":[76.974449,8.609125]}},{"type":"Feature","properties":{"s":0.9,"t":1},"geometry":{"type":"Point","coordinates":[76.976189,8.609126]}},{"type":"Feature","properties":{"s":1.21,"t":1},"geometry":{"type":"Point","coordinates":[76.976886,8.609309]}},{"type":"Feature","properties":{"s":0.9,"t":0},"geometry":{"type":"Point","coordinates":[76.977266,8.609195]}},{"type":"Feature","properties":{"s":0.72,"t":1},"geometry":{"type":"Point","coordinates":[76.978597,8.609297]}},{"type":"Feature","properties":{"s":0.83,"t":0},"geometry":{"type":"Point","coordinates":[76.978916,8.609332]}},{"type":"Feature","properties":{"s":1.21,"t":1},"geometry":{"type":"Point","coordinates":[76.98091,8.609349]}},{"type":"Feature","properties":{"s":1.33,"t":1},"geometry":{"type":"Point","coordinates":[76.982588,8.609131]}},{"type":"Feature","properties":{"s":1.19,"t":1},"geometry":{"type":"Point","coordinates":[76.983281,8.609332]}},{"type":"Feature","properties":{"s":1.24,"t":0},"geometry":{"type":"Point","coordinates":[76.983417,8.609211]}},{"type":"Feature","properties":{"s":0.86,"t":1},"geometry":{"type":"Point","coordinates":[76.985268,8.609094]}},{"type":"Feature","properties":{"s":1.11,"t":0},"geometry":{"type":"Point","coordinates":[76.986487,8.609071]}},{"type":"Feature","properties":{"s":0.88,"t":0},"geometry":{"type":"Point","coordinates":[76.986966,8.609199]}},{"type":"Feature","properties":{"s":1.12,"t":1},"geometry":{"type":"Point","coordinates":[76.987912,8.609247]}},{"type":"Feature","properties":{"s":0.84,"t":1},"geometry":{"type":"Point","coordinates":[76.988509,8.6093]}},{"type":"Feature","properties":{"s":0.87,"t":0},"geometry":{"type":"Point","coordinates":[76.989149,8.609306]}},{"type":"Feature","properties":{"s":0.95,"t":1},"geometry":{"type":"Point","coordinates":[76.989514,8.6093]}},{"type":"Feature","properties":{"s":1.08,"t":0},"geometry":{"type":"Point","coordinates":[76.989819,8.609335]}},{"type":"Feature","properties":{"s":1.21,"t":0},"geometry":{"type":"Point","coordinates":[76.990141,8.609295]}},{"type":"Feature","properties":{"s":0.81,"t":1},"geometry":{"type":"Point","coordinates":[76.99249,8.609157]}},{"type":"Feature","properties":{"s":0.97,"t":0},"geometry":{"type":"Point","coordinates":[76.995777,8.609246]}},{"type":"Feature","properties":{"s":0.82,"t":0},"geometry":{"type":"Point","coordinates":[77.005719,8.609194]}},{"type":"Feature","properties":{"s":0.95,"t":0},"geometry":{"type":"Point","coordinates":[77.006849,8.609302]}},{"type":"Feature","properties":{"s":0.9,"t":1},"geometry":{"type":"Point","coordinates":[77.011163,8.609084]}},{"type":"Feature","properties":{"s":1.21,"t":0},"geometry":{"type":"Point","coordinates":[77.011897,8.609415]}},{"type":"Feature","properties":{"s":1.17,"t":1},"geometry":{"type":"Point","coordinates":[77.012274,8.609395]}},{"type":"Feature","properties":{"s":1.24,"t":1},"geometry":{"type":"Point","coordinates":[77.01355,8.609229]}},{"type":"Feature","properties":{"s":0.82,"t":1},"geometry":{"type":"Point","coordinates":[77.014073,8.609093]}},{"type":"Feature","properties":{"s":1.13,"t":1},"geometry":{"type":"Point","coordinates":[77.015025,8.609276]}},{"type":"Feature","properties":{"s":1.1,"t":0},"geometry":{"type":"Point","coordinates":[77.016826,8.609392]}},{"type":"Feature","properties":{"s":0.9,"t":0},"geometry":{"type":"Point","coordinates":[77.017506,8.609209]}},{"type":"Feature","properties":{"s":0.82,"t":1},"geometry":{"type":"Point","coordinates":[77.017788,8.609184]}},{"type":"Feature","properties":{"s":0.75,"t":1},"geometry":{"type":"Point","coordinates":[77.018098,8.609216]}},{"type":"Feature","properties":{"s":0.91,"t":1},"geometry":{"type":"Point","coordinates":[77.018643,8.609151]}},{"type":"Feature","properties":{"s":1.22,"t":1},"geometry":{"type":"Point","coordinates":[77.021189,8.609256]}},{"type":"Feature","properties":{"s":0.81,"t":1},"geometry":{"type":"Point","coordinates":[77.021939,8.609313]}},{"type":"Feature","properties":{"s":1.26,"t":0},"geometry":{"type":"Point","coordinates":[77.022476,8.609248]}},{"type":"Feature","properties":{"s":0.84,"t":0},"geometry":{"type":"Point","coordinates":[77.022784,8.609318]}},{"type":"Feature","properties":{"s":1.08,"t":0},"geometry":{"type":"Point","coordinates":[77.023083,8.609249]}},{"type":"Feature","properties":{"s":0.84,"t":1},"geometry":{"type":"Point","coordinates":[77.023635,8.609296]}},{"type":"Feature","properties":{"s":1.03,"t":0},"geometry":{"type":"Point","coordinates":[77.026015,8.609108]}},{"type":"Feature","properties":{"s":1.26,"t":1},"geometry":{"type":"Point","coordinates":[77.028155,8.609313]}},{"type":"Feature","properties":{"s":1.02,"t":1},"geometry":{"type":"Point","coordinates":[77.028784,8.609322]}},{"type":"Feature","properties":{"s":1.26,"t":1},"geometry":{"type":"Point","coordinates":[77.029406,8.609271]}},{"type":"Feature","properties":{"s":0.75,"t":1},"geometry":{"type":"Point","coordinates":[77.030495,8.609334]}},{"type":"Feature","properties":{"s":1.01,"t":1},"geometry":{"type":"Point","coordinates":[77.030701,8.609349]}},{"type":"Feature","properties":{"s":1.13,"t":0},"geometry":{"type":"Point","coordinates":[77.031312,8.609317]}},{"type":"Feature","properties":{"s":1.28,"t":1},"geometry":{"type":"Point","coordinates":[77.03164,8.609195]}},{"type":"Feature","properties":{"s":1.08,"t":1},"geometry":{"type":"Point","coordinates":[77.03206,8.609358]}},{"type":"Feature","properties":{"s":1.21,"t":1},"geometry":{"type":"Point","coordinates":[77.032561,8.609234]}},{"type":"Feature","properties":{"s":1.25,"t":1},"geometry":{"type":"Point","coordinates":[77.032794,8.609086]}},{"type":"Feature","properties":{"s":1.18,"t":0},"geometry":{"type":"Point","coordinates":[76.960267,8.609647]}},{"type":"Feature","properties":{"s":0.98,"t":0},"geometry":{"type":"Point","coordinates":[76.960483,8.609673]}},{"type":"Feature","properties":{"s":0.76,"t":0},"geometry":{"type":"Point","coordinates":[76.960894,8.609693]}},{"type":"Feature","properties":{"s":0.77,"t":1},"geometry":{"type":"Point","coordinates":[76.961249,8.609539]}},{"type":"Feature","properties":{"s":0.99,"t":0},"geometry":{"type":"Point","coordinates":[76.962554,8.609611]}},{"type":"Feature","properties":{"s":1.33,"t":0},"geometry":{"type":"Point","coordinates":[76.963149,8.609625]}},{"type":"Feature","properties":{"s":1.2,"t":0},"geometry":{"type":"Point","coordinates":[76.964436,8.609511]}},{"type":"Feature","properties":{"s":1.11,"t":1},"geometry":{"type":"Point","coordinates":[76.96475,8.609486]}},{"type":"Feature","properties":{"s":0.99,"t":1},"geometry":{"type":"Point","coordinates":[76.965179,8.609637]}},{"type":"Feature","properties":{"s":1.14,"t":1},"geometry":{"type":"Point","coordinates":[76.965735,8.609696]}},{"type":"Feature","properties":{"s":1.27,"t":1},"geometry":{"type":"Point","coordinates":[76.966536,8.609744]}},{"type":"Feature","properties":{"s":1.21,"t":1},"geometry":{"type":"Point","coordinates":[76.966946,8.609703]}},{"type":"Feature","properties":{"s":0.78,"t":1},"geometry":{"type":"Point","coordinates":[76.967632,8.609689]}},{"type":"Feature","properties":{"s":0.84,"t":0},"geometry":{"type":"Point","coordinates":[76.968073,8.60972]}},{"type":"Feature","properties":{"s":0.79,"t":1},"geometry":{"type":"Point","coordinates":[76.968846,8.609523]}},{"type":"Feature","properties":{"s":0.76,"t":1},"geometry":{"type":"Point","coordinates":[76.971501,8.609661]}},{"type":"Feature","properties":{"s":0.98,"t":0},"geometry":{"type":"Point","coordinates":[76.9731,8.609503]}},{"type":"Feature","properties":{"s":0.91,"t":0},"geometry":{"type":"Point","coordinates":[76.973662,8.6095]}},{"type":"Feature","properties":{"s":0.94,"t":0},"geometry":{"type":"Point","coordinates":[76.973898,8.609692]}},{"type":"Feature","properties":{"s":1.13,"t":0},"geometry":{"type":"Point","coordinates":[76.976146,8.609754]}},{"type":"Feature","properties":{"s":0.99,"t":1},"geometry":{"type":"Point","coordinates":[76.976922,8.609793]}},{"type":"Feature","properties":{"s":0.91,"t":0},"geometry":{"type":"Point","coordinates":[76.97744,8.60972]}},{"type":"Feature","properties":{"s":0.85,"t":0},"geometry":{"type":"Point","coordinates":[76.978619,8.609674]}},{"type":"Feature","properties":{"s":1.24,"t":0},"geometry":{"type":"Point","coordinates":[76.979879,8.609737]}},{"type":"Feature","properties":{"s":1.06,"t":1},"geometry":{"type":"Point","coordinates":[76.981453,8.60983]}},{"type":"Feature","properties":{"s":1.28,"t":0},"geometry":{"type":"Point","coordinates":[76.981925,8.609758]}},{"type":"Feature","properties":{"s":1.21,"t":1},"geometry":{"type":"Point","coordinates":[76.983164,8.609549]}},{"type":"Feature","properties":{"s":0.74,"t":1},"geometry":{"type":"Point","coordinates":[76.986613,8.609614]}},{"type":"Feature","properties":{"s":1.11,"t":1},"geometry":{"type":"Point","coordinates":[76.989123,8.609707]}},{"type":"Feature","properties":{"s":1.2,"t":1},"geometry":{"type":"Point","coordinates":[76.989569,8.609532]}},{"type":"Feature","properties":{"s":0.98,"t":1},"geometry":{"type":"Point","coordinates":[76.991153,8.609544]}},{"type":"Feature","properties":{"s":0.82,"t":0},"geometry":{"type":"Point","coordinates":[76.991431,8.609733]}},{"type":"Feature","properties":{"s":0.83,"t":1},"geometry":{"type":"Point","coordinates":[77.004159,8.609703]}},{"type":"Feature","properties":{"s":1.22,"t":0},"geometry":{"type":"Point","coordinates":[77.010028,8.609688]}},{"type":"Feature","properties":{"s":1.17,"t":1},"geometry":{"type":"Point","coordinates":[77.011038,8.609709]}},{"type":"Feature","properties":{"s":1.16,"t":0},"geometry":{"type":"Point","coordinates":[77.011413,8.609501]}},{"type":"Feature","properties":{"s":1.29,"t":1},"geometry":{"type":"Point","coordinates":[77.011803,8.609677]}},{"type":"Feature","properties":{"s":1.0,"t":0},"geometry":{"type":"Point","coordinates":[77.012399,8.609524]}},{"type":"Feature","properties":{"s":1.2,"t":1},"geometry":{"type":"Point","coordinates":[77.014562,8.609625]}},{"type":"Feature","properties":{"s":0.88,"t":1},"geometry":{"type":"Point","coordinates":[77.014868,8.609773]}},{"type":"Feature","properties":{"s":1.18,"t":0},"geometry":{"type":"Point","coordinates":[77.017087,8.609725]}},{"type":"Feature","properties":{"s":0.96,"t":0},"geometry":{"type":"Point","coordinates":[77.0175,8.609722]}},{"type":"Feature","properties":{"s":1.07,"t":1},"geometry":{"type":"Point","coordinates":[77.01769,8.609715]}},{"type":"Feature","properties":{"s":1.1,"t":0},"geometry":{"type":"Point","coordinates":[77.019626,8.609663]}},{"type":"Feature","properties":{"s":0.94,"t":0},"geometry":{"type":"Point","coordinates":[77.021129,8.609663]}},{"type":"Feature","properties":{"s":1.27,"t":1},"geometry":{"type":"Point","coordinates":[77.021756,8.609758]}},{"type":"Feature","properties":{"s":1.05,"t":1},"geometry":{"type":"Point","coordinates":[77.021866,8.60952]}},{"type":"Feature","properties":{"s":0.76,"t":0},"geometry":{"type":"Point","coordinates":[77.022319,8.609784]}},{"type":"Feature","properties":{"s":1.28,"t":0},"geometry":{"type":"Point","coordinates":[77.02271,8.609593]}},{"type":"Feature","properties":{"s":1.29,"t":1},"geometry":{"type":"Point","coordinates":[77.023397,8.609552]}},{"type":"Feature","properties":{"s":1.25,"t":1},"geometry":{"type":"Point","coordinates":[77.02562,8.609594]}},{"type":"Feature","properties":{"s":0.98,"t":1},"geometry":{"type":"Point","coordinates":[77.028759,8.609833]}},{"type":"Feature","properties":{"s":0.98,"t":0},"geometry":{"type":"Point","coordinates":[77.029204,8.609834]}},{"type":"Feature","properties":{"s":1.15,"t":1},"geometry":{"type":"Point","coordinates":[77.030035,8.609531]}},{"type":"Feature","properties":{"s":0.74,"t":1},"geometry":{"type":"Point","coordinates":[77.030861,8.609555]}},{"type":"Feature","properties":{"s":0.89,"t":0},"geometry":{"type":"Point","coordinates":[77.031278,8.609763]}},{"type":"Feature","properties":{"s":1.01,"t":0},"geometry":{"type":"Point","coordinates":[77.031754,8.609499]}},{"type":"Feature","properties":{"s":1.2,"t":1},"geometry":{"type":"Point","coordinates":[77.03229,8.609536]}},{"type":"Feature","properties":{"s":0.85,"t":1},"geometry":{"type":"Point","coordinates":[76.960132,8.61004]}},{"type":"Feature","properties":{"s":0.96,"t":0},"geometry":{"type":"Point","coordinates":[76.960838,8.610089]}},{"type":"Feature","properties":{"s":0.9,"t":1},"geometry":{"type":"Point","coordinates":[76.961311,8.610193]}},{"type":"Feature","properties":{"s":0.86,"t":1},"geometry":{"type":"Point","coordinates":[76.961804,8.609948]}},{"type":"Feature","properties":{"s":1.17,"t":1},"geometry":{"type":"Point","coordinates":[76.962168,8.610232]}},{"type":"Feature","properties":{"s":1.16,"t":1},"geometry":{"type":"Point","coordinates":[76.964387,8.610172]}},{"type":"Feature","properties":{"s":1.14,"t":0},"geometry":{"type":"Point","coordinates":[76.964783,8.610197]}},{"type":"Feature","properties":{"s":0.92,"t":1},"geometry":{"type":"Point","coordinates":[76.965517,8.610208]}},{"type":"Feature","properties":{"s":0.81,"t":1},"geometry":{"type":"Point","coordinates":[76.966252,8.61006]}},{"type":"Feature","properties":{"s":1.06,"t":0},"geometry":{"type":"Point","coordinates":[76.967717,8.610078]}},{"type":"Feature","properties":{"s":1.06,"t":1},"geometry":{"type":"Point","coordinates":[76.967995,8.610239]}},{"type":"Feature","properties":{"s":0.74,"t":0},"geometry":{"type":"Point","coordinates":[76.96991,8.610078]}},{"type":"Feature","properties":{"s":1.33,"t":0},"geometry":{"type":"Point","coordinates":[76.972819,8.6101]}},{"type":"Feature","properties":{"s":0.78,"t":1},"geometry":{"type":"Point","coordinates":[76.972946,8.609936]}},{"type":"Feature","properties":{"s":1.26,"t":0},"geometry":{"type":"Point","coordinates":[76.973646,8.609915]}},{"type":"Feature","properties":{"s":0.86,"t":0},"geometry":{"type":"Point","coordinates":[76.975228,8.610036]}},{"type":"Feature","properties":{"s":0.78,"t":0},"geometry":{"type":"Point","coordinates":[76.97656,8.610243]}},{"type":"Feature","properties":{"s":0.88,"t":1},"geometry":{"type":"Point","coordinates":[76.976762,8.609914]}},{"type":"Feature","properties":{"s":1.33,"t":0},"geometry":{"type":"Point","coordinates":[76.977135,8.610089]}},{"type":"Feature","properties":{"s":1.11,"t":0},"geometry":{"type":"Point","coordinates":[76.977835,8.61011]}},{"type":"Feature","properties":{"s":0.8,"t":1},"geometry":{"type":"Point","coordinates":[76.978632,8.609941]}},{"type":"Feature","properties":{"s":0.92,"t":1},"geometry":{"type":"Point","coordinates":[76.980195,8.610019]}},{"type":"Feature","properties":{"s":1.18,"t":0},"geometry":{"type":"Point","coordinates":[76.980616,8.610024]}},{"type":"Feature","properties":{"s":1.01,"t":0},"geometry":{"type":"Point","coordinates":[76.981874,8.609941]}},{"type":"Feature","properties":{"s":1.02,"t":0},"geometry":{"type":"Point","coordinates":[76.982594,8.610225]}},{"type":"Feature","properties":{"s":1.17,"t":0},"geometry":{"type":"Point","coordinates":[76.984449,8.610162]}},{"type":"Feature","properties":{"s":0.99,"t":1},"geometry":{"type":"Point","coordinates":[76.984961,8.610241]}},{"type":"Feature","properties":{"s":0.94,"t":0},"geometry":{"type":"Point","coordinates":[76.985264,8.610126]}},{"type":"Feature","properties":{"s":0.96,"t":1},"geometry":{"type":"Point","coordinates":[76.985779,8.610199]}},{"type":"Feature","properties":{"s":1.22,"t":1},"geometry":{"type":"Point","coordinates":[76.986632,8.610017]}},{"type":"Feature","properties":{"s":1.22,"t":1},"geometry":{"type":"Point","coordinates":[76.986879,8.610196]}},{"type":"Feature","properties":{"s":1.22,"t":1},"geometry":{"type":"Point","coordinates":[76.987282,8.610142]}},{"type":"Feature","properties":{"s":0.98,"t":0},"geometry":{"type":"Point","coordinates":[76.988067,8.610083]}},{"type":"Feature","properties":{"s":1.22,"t":1},"geometry":{"type":"Point","coordinates":[76.988849,8.610168]}},{"type":"Feature","properties":{"s":0.89,"t":1},"geometry":{"type":"Point","coordinates":[76.995206,8.610138]}},{"type":"Feature","properties":{"s":1.08,"t":1},"geometry":{"type":"Point","coordinates":[76.995553,8.610094]}},{"type":"Feature","properties":{"s":1.19,"t":1},"geometry":{"type":"Point","coordinates":[77.003316,8.609989]}},{"type":"Feature","properties":{"s":1.21,"t":0},"geometry":{"type":"Point","coordinates":[77.00397,8.610008]}},{"type":"Feature","properties":{"s":1.18,"t":0},"geometry":{"type":"Point","coordinates":[77.007622,8.610021]}},{"type":"Feature","properties":{"s":1.12,"t":0},"geometry":{"type":"Point","coordinates":[77.011185,8.610082]}},{"type":"Feature","properties":{"s":0.89,"t":0},"geometry":{"type":"Point","coordinates":[77.01393,8.610201]}},{"type":"Feature","properties":{"s":1.21,"t":0},"geometry":{"type":"Point","coordinates":[77.014892,8.609979]}},{"type":"Feature","properties":{"s":1.33,"t":1},"geometry":{"type":"Point","coordinates":[77.015218,8.610021]}},{"type":"Feature","properties":{"s":0.94,"t":0},"geometry":{"type":"Point","coordinates":[77.016219,8.610051]}},{"type":"Feature","properties":{"s":1.01,"t":0},"geometry":{"type":"Point","coordinates":[77.016602,8.610187]}},{"type":"Feature","properties":{"s":1.31,"t":1},"geometry":{"type":"Point","coordinates":[77.017471,8.610209]}},{"type":"Feature","properties":{"s":0.85,"t":1},"geometry":{"type":"Point","coordinates":[77.017656,8.610096]}},{"type":"Feature","properties":{"s":1.11,"t":1},"geometry":{"type":"Point","coordinates":[77.01827,8.610244]}},{"type":"Feature","properties":{"s":1.25,"t":1},"geometry":{"type":"Point","coordinates":[77.020586,8.610172]}},{"type":"Feature","properties":{"s":1.0,"t":0},"geometry":{"type":"Point","coordinates":[77.021268,8.610189]}},{"type":"Feature","properties":{"s":0.81,"t":0},"geometry":{"type":"Point","coordinates":[77.021756,8.610122]}},{"type":"Feature","properties":{"s":1.0,"t":0},"geometry":{"type":"Point","coordinates":[77.022094,8.610164]}},{"type":"Feature","properties":{"s":1.18,"t":0},"geometry":{"type":"Point","coordinates":[77.02241,8.610164]}},{"type":"Feature","properties":{"s":1.19,"t":1},"geometry":{"type":"Point","coordinates":[77.023169,8.609992]}},{"type":"Feature","properties":{"s":0.87,"t":1},"geometry":{"type":"Point","coordinates":[77.024857,8.609956]}},{"type":"Feature","properties":{"s":1.05,"t":1},"geometry":{"type":"Point","coordinates":[77.026691,8.610249]}},{"type":"Feature","properties":{"s":0.99,"t":0},"geometry":{"type":"Point","coordinates":[77.028,8.609951]}},{"type":"Feature","properties":{"s":1.23,"t":1},"geometry":{"type":"Point","coordinates":[77.028698,8.610246]}},{"type":"Feature","properties":{"s":0.83,"t":0},"geometry":{"type":"Point","coordinates":[77.029033,8.610148]}},{"type":"Feature","properties":{"s":0.77,"t":1},"geometry":{"type":"Point","coordinates":[77.029674,8.610164]}},{"type":"Feature","properties":{"s":0.9,"t":1},"geometry":{"type":"Point","coordinates":[77.030215,8.610189]}},{"type":"Feature","properties":{"s":0.89,"t":1},"geometry":{"type":"Point","coordinates":[77.030906,8.610018]}},{"type":"Feature","properties":{"s":1.17,"t":1},"geometry":{"type":"Point","coordinates":[77.031352,8.609987]}},{"type":"Feature","properties":{"s":0.99,"t":1},"geometry":{"type":"Point","coordinates":[77.031642,8.610149]}},{"type":"Feature","properties":{"s":0.84,"t":0},"geometry":{"type":"Point","coordinates":[77.032017,8.61013]}},{"type":"Feature","properties":{"s":1.04,"t":0},"geometry":{"type":"Point","coordinates":[77.032434,8.610179]}},{"type":"Feature","properties":{"s":1.05,"t":1},"geometry":{"type":"Point","coordinates":[77.033038,8.610226]}},{"type":"Feature","properties":{"s":1.02,"t":1},"geometry":{"type":"Point","coordinates":[76.96058,8.6104]}},{"type":"Feature","properties":{"s":1.29,"t":1},"geometry":{"type":"Point","coordinates":[76.961068,8.61057]}},{"type":"Feature","properties":{"s":0.78,"t":1},"geometry":{"type":"Point","coordinates":[76.961286,8.610484]}},{"type":"Feature","properties":{"s":0.88,"t":0},"geometry":{"type":"Point","coordinates":[76.962106,8.610485]}},{"type":"Feature","properties":{"s":0.89,"t":0},"geometry":{"type":"Point","coordinates":[76.962905,8.610319]}},{"type":"Feature","properties":{"s":1.15,"t":1},"geometry":{"type":"Point","coordinates":[76.963404,8.610396]}},{"type":"Feature","properties":{"s":1.1,"t":1},"geometry":{"type":"Point","coordinates":[76.964493,8.610521]}},{"type":"Feature","properties":{"s":1.02,"t":1},"geometry":{"type":"Point","coordinates":[76.964686,8.610578]}},{"type":"Feature","properties":{"s":0.97,"t":1},"geometry":{"type":"Point","coordinates":[76.965651,8.610414]}},{"type":"Feature","properties":{"s":0.96,"t":1},"geometry":{"type":"Point","coordinates":[76.967657,8.610486]}},{"type":"Feature","properties":{"s":0.85,"t":1},"geometry":{"type":"Point","coordinates":[76.968499,8.61064]}},{"type":"Feature","properties":{"s":0.92,"t":1},"geometry":{"type":"Point","coordinates":[76.968752,8.610469]}},{"type":"Feature","properties":{"s":1.28,"t":0},"geometry":{"type":"Point","coordinates":[76.969357,8.610622]}},{"type":"Feature","properties":{"s":1.15,"t":1},"geometry":{"type":"Point","coordinates":[76.96994,8.610537]}},{"type":"Feature","properties":{"s":1.07,"t":1},"geometry":{"type":"Point","coordinates":[76.971941,8.610462]}},{"type":"Feature","properties":{"s":1.2,"t":0},"geometry":{"type":"Point","coordinates":[76.972162,8.610331]}},{"type":"Feature","properties":{"s":0.85,"t":1},"geometry":{"type":"Point","coordinates":[76.972598,8.610534]}},{"type":"Feature","properties":{"s":1.06,"t":1},"geometry":{"type":"Point","coordinates":[76.97346,8.610532]}},{"type":"Feature","properties":{"s":0.74,"t":1},"geometry":{"type":"Point","coordinates":[76.975229,8.610554]}},{"type":"Feature","properties":{"s":0.76,"t":0},"geometry":{"type":"Point","coordinates":[76.97575,8.610652]}},{"type":"Feature","properties":{"s":1.17,"t":1},"geometry":{"type":"Point","coordinates":[76.97609,8.610335]}},{"type":"Feature","properties":{"s":0.93,"t":1},"geometry":{"type":"Point","coordinates":[76.976528,8.610418]}},{"type":"Feature","properties":{"s":0.82,"t":0},"geometry":{"type":"Point","coordinates":[76.977273,8.610529]}},{"type":"Feature","properties":{"s":1.32,"t":1},"geometry":{"type":"Point","coordinates":[76.979744,8.610548]}},{"type":"Feature","properties":{"s":0.84,"t":1},"geometry":{"type":"Point","coordinates":[76.980055,8.610366]}},{"type":"Feature","properties":{"s":1.25,"t":1},"geometry":{"type":"Point","coordinates":[76.981132,8.610508]}},{"type":"Feature","properties":{"s":1.27,"t":0},"geometry":{"type":"Point","coordinates":[76.98134,8.610545]}},{"type":"Feature","properties":{"s":0.98,"t":1},"geometry":{"type":"Point","coordinates":[76.981965,8.61032]}},{"type":"Feature","properties":{"s":1.11,"t":0},"geometry":{"type":"Point","coordinates":[76.983083,8.610456]}},{"type":"Feature","properties":{"s":1.29,"t":1},"geometry":{"type":"Point","coordinates":[76.983564,8.61065]}},{"type":"Feature","properties":{"s":0.78,"t":0},"geometry":{"type":"Point","coordinates":[76.983825,8.610659]}},{"type":"Feature","properties":{"s":1.07,"t":0},"geometry":{"type":"Point","coordinates":[76.984712,8.610369]}},{"type":"Feature","properties":{"s":1.03,"t":0},"geometry":{"type":"Point","coordinates":[76.985398,8.610582]}},{"type":"Feature","properties":{"s":1.05,"t":0},"geometry":{"type":"Point","coordinates":[76.985592,8.610487]}},{"type":"Feature","properties":{"s":1.26,"t":0},"geometry":{"type":"Point","coordinates":[76.985944,8.610664]}},{"type":"Feature","properties":{"s":1.09,"t":1},"geometry":{"type":"Point","coordinates":[76.990319,8.610571]}},{"type":"Feature","properties":{"s":1.32,"t":1},"geometry":{"type":"Point","coordinates":[76.994342,8.610531]}},{"type":"Feature","properties":{"s":0.79,"t":1},"geometry":{"type":"Point","coordinates":[77.002944,8.610585]}},{"type":"Feature","properties":{"s":0.89,"t":1},"geometry":{"type":"Point","coordinates":[77.003069,8.610392]}},{"type":"Feature","properties":{"s":1.25,"t":1},"geometry":{"type":"Point","coordinates":[77.005161,8.610655]}},{"type":"Feature","properties":{"s":0.78,"t":0},"geometry":{"type":"Point","coordinates":[77.00746,8.610345]}},{"type":"Feature","properties":{"s":0.73,"t":0},"geometry":{"type":"Point","coordinates":[77.016012,8.610413]}},{"type":"Feature","properties":{"s":0.83,"t":0},"geometry":{"type":"Point","coordinates":[77.016739,8.610413]}},{"type":"Feature","properties":{"s":1.1,"t":0},"geometry":{"type":"Point","coordinates":[77.017254,8.610325]}},{"type":"Feature","properties":{"s":1.06,"t":0},"geometry":{"type":"Point","coordinates":[77.01765,8.610368]}},{"type":"Feature","properties":{"s":0.98,"t":1},"geometry":{"type":"Point","coordinates":[77.018286,8.610561]}},{"type":"Feature","properties":{"s":0.99,"t":0},"geometry":{"type":"Point","coordinates":[77.020411,8.610563]}},{"type":"Feature","properties":{"s":0.95,"t":1},"geometry":{"type":"Point","coordinates":[77.020892,8.610373]}},{"type":"Feature","properties":{"s":0.74,"t":1},"geometry":{"type":"Point","coordinates":[77.021279,8.610524]}},{"type":"Feature","properties":{"s":1.1,"t":0},"geometry":{"type":"Point","coordinates":[77.022033,8.610364]}},{"type":"Feature","properties":{"s":1.29,"t":0},"geometry":{"type":"Point","coordinates":[77.022769,8.610623]}},{"type":"Feature","properties":{"s":0.99,"t":0},"geometry":{"type":"Point","coordinates":[77.023085,8.610597]}},{"type":"Feature","properties":{"s":1.07,"t":0},"geometry":{"type":"Point","coordinates":[77.023708,8.610435]}},{"type":"Feature","properties":{"s":1.15,"t":0},"geometry":{"type":"Point","coordinates":[77.023974,8.610418]}},{"type":"Feature","properties":{"s":1.22,"t":0},"geometry":{"type":"Point","coordinates":[77.026935,8.610474]}},{"type":"Feature","properties":{"s":1.09,"t":1},"geometry":{"type":"Point","coordinates":[77.027896,8.610568]}},{"type":"Feature","properties":{"s":1.09,"t":1},"geometry":{"type":"Point","coordinates":[77.028663,8.610503]}},{"type":"Feature","properties":{"s":0.85,"t":1},"geometry":{"type":"Point","coordinates":[77.029629,8.61042]}},{"type":"Feature","properties":{"s":0.98,"t":0},"geometry":{"type":"Point","coordinates":[77.029867,8.610417]}},{"type":"Feature","properties":{"s":1.11,"t":1},"geometry":{"type":"Point","coordinates":[77.030243,8.610432]}},{"type":"Feature","properties":{"s":0.75,"t":1},"geometry":{"type":"Point","coordinates":[77.030923,8.61047]}},{"type":"Feature","properties":{"s":1.04,"t":0},"geometry":{"type":"Point","coordinates":[77.03107,8.610611]}},{"type":"Feature","properties":{"s":1.03,"t":1},"geometry":{"type":"Point","coordinates":[77.032063,8.610595]}},{"type":"Feature","properties":{"s":0.75,"t":1},"geometry":{"type":"Point","coordinates":[76.960482,8.610765]}},{"type":"Feature","properties":{"s":0.97,"t":0},"geometry":{"type":"Point","coordinates":[76.961106,8.610886]}},{"type":"Feature","properties":{"s":0.98,"t":1},"geometry":{"type":"Point","coordinates":[76.961534,8.610863]}},{"type":"Feature","properties":{"s":1.05,"t":0},"geometry":{"type":"Point","coordinates":[76.961947,8.611026]}},{"type":"Feature","properties":{"s":0.77,"t":0},"geometry":{"type":"Point","coordinates":[76.962331,8.610917]}},{"type":"Feature","properties":{"s":1.11,"t":0},"geometry":{"type":"Point","coordinates":[76.962808,8.611064]}},{"type":"Feature","properties":{"s":1.24,"t":0},"geometry":{"type":"Point","coordinates":[76.964428,8.611]}},{"type":"Feature","properties":{"s":0.86,"t":1},"geometry":{"type":"Point","coordinates":[76.965051,8.610811]}},{"type":"Feature","properties":{"s":0.88,"t":1},"geometry":{"type":"Point","coordinates":[76.966855,8.610884]}},{"type":"Feature","properties":{"s":1.32,"t":0},"geometry":{"type":"Point","coordinates":[76.967758,8.610959]}},{"type":"Feature","properties":{"s":0.97,"t":1},"geometry":{"type":"Point","coordinates":[76.968566,8.611035]}},{"type":"Feature","properties":{"s":1.09,"t":0},"geometry":{"type":"Point","coordinates":[76.968776,8.610956]}},{"type":"Feature","properties":{"s":0.82,"t":0},"geometry":{"type":"Point","coordinates":[76.969714,8.610933]}},{"type":"Feature","properties":{"s":1.08,"t":0},"geometry":{"type":"Point","coordinates":[76.970352,8.610924]}},{"type":"Feature","properties":{"s":0.97,"t":0},"geometry":{"type":"Point","coordinates":[76.970554,8.610838]}},{"type":"Feature","properties":{"s":0.94,"t":1},"geometry":{"type":"Point","coordinates":[76.9709,8.610997]}},{"type":"Feature","properties":{"s":0.76,"t":1},"geometry":{"type":"Point","coordinates":[76.971683,8.611025]}},{"type":"Feature","properties":{"s":0.9,"t":1},"geometry":{"type":"Point","coordinates":[76.972346,8.610834]}},{"type":"Feature","properties":{"s":1.08,"t":0},"geometry":{"type":"Point","coordinates":[76.972619,8.611016]}},{"type":"Feature","properties":{"s":1.18,"t":1},"geometry":{"type":"Point","coordinates":[76.973664,8.610848]}},{"type":"Feature","properties":{"s":0.92,"t":0},"geometry":{"type":"Point","coordinates":[76.974103,8.6109]}},{"type":"Feature","properties":{"s":1.13,"t":1},"geometry":{"type":"Point","coordinates":[76.978455,8.611074]}},{"type":"Feature","properties":{"s":1.27,"t":1},"geometry":{"type":"Point","coordinates":[76.979656,8.610866]}},{"type":"Feature","properties":{"s":0.89,"t":0},"geometry":{"type":"Point","coordinates":[76.980758,8.610735]}},{"type":"Feature","properties":{"s":1.28,"t":1},"geometry":{"type":"Point","coordinates":[76.981095,8.610911]}},{"type":"Feature","properties":{"s":1.03,"t":0},"geometry":{"type":"Point","coordinates":[76.981485,8.610867]}},{"type":"Feature","properties":{"s":1.28,"t":0},"geometry":{"type":"Point","coordinates":[76.982003,8.611032]}},{"type":"Feature","properties":{"s":0.79,"t":1},"geometry":{"type":"Point","coordinates":[76.983669,8.61108]}},{"type":"Feature","properties":{"s":0.87,"t":1},"geometry":{"type":"Point","coordinates":[76.985476,8.610985]}},{"type":"Feature","properties":{"s":0.91,"t":1},"geometry":{"type":"Point","coordinates":[76.988904,8.610877]}},{"type":"Feature","properties":{"s":0.8,"t":0},"geometry":{"type":"Point","coordinates":[76.989903,8.610739]}},{"type":"Feature","properties":{"s":1.22,"t":1},"geometry":{"type":"Point","coordinates":[76.992472,8.610955]}},{"type":"Feature","properties":{"s":1.19,"t":1},"geometry":{"type":"Point","coordinates":[76.992629,8.610834]}},{"type":"Feature","properties":{"s":0.74,"t":0},"geometry":{"type":"Point","coordinates":[76.993144,8.611051]}},{"type":"Feature","properties":{"s":0.93,"t":1},"geometry":{"type":"Point","coordinates":[76.99392,8.611025]}},{"type":"Feature","properties":{"s":1.11,"t":0},"geometry":{"type":"Point","coordinates":[77.010378,8.610903]}},{"type":"Feature","properties":{"s":0.79,"t":1},"geometry":{"type":"Point","coordinates":[77.012286,8.610846]}},{"type":"Feature","properties":{"s":0.75,"t":1},"geometry":{"type":"Point","coordinates":[77.016249,8.611078]}},{"type":"Feature","properties":{"s":1.21,"t":1},"geometry":{"type":"Point","coordinates":[77.016428,8.610871]}},{"type":"Feature","properties":{"s":0.76,"t":1},"geometry":{"type":"Point","coordinates":[77.01751,8.610758]}},{"type":"Feature","properties":{"s":0.72,"t":0},"geometry":{"type":"Point","coordinates":[77.018166,8.61075]}},{"type":"Feature","properties":{"s":0.98,"t":0},"geometry":{"type":"Point","coordinates":[77.019127,8.611072]}},{"type":"Feature","properties":{"s":1.14,"t":1},"geometry":{"type":"Point","coordinates":[77.01949,8.610977]}},{"type":"Feature","properties":{"s":0.87,"t":1},"geometry":{"type":"Point","coordinates":[77.021577,8.61091]}},{"type":"Feature","properties":{"s":0.99,"t":1},"geometry":{"type":"Point","coordinates":[77.022844,8.610762]}},{"type":"Feature","properties":{"s":0.94,"t":0},"geometry":{"type":"Point","coordinates":[77.023127,8.61097]}},{"type":"Feature","properties":{"s":0.99,"t":1},"geometry":{"type":"Point","coordinates":[77.023512,8.610879]}},{"type":"Feature","properties":{"s":1.13,"t":1},"geometry":{"type":"Point","coordinates":[77.024538,8.610931]}},{"type":"Feature","properties":{"s":1.33,"t":1},"geometry":{"type":"Point","coordinates":[77.028617,8.610953]}},{"type":"Feature","properties":{"s":0.93,"t":0},"geometry":{"type":"Point","coordinates":[77.02939,8.611059]}},{"type":"Feature","properties":{"s":1.27,"t":1},"geometry":{"type":"Point","coordinates":[77.029855,8.610775]}},{"type":"Feature","properties":{"s":0.73,"t":1},"geometry":{"type":"Point","coordinates":[77.030485,8.610944]}},{"type":"Feature","properties":{"s":1.25,"t":0},"geometry":{"type":"Point","coordinates":[77.030854,8.611028]}},{"type":"Feature","properties":{"s":1.21,"t":0},"geometry":{"type":"Point","coordinates":[77.0311,8.610901]}},{"type":"Feature","properties":{"s":1.0,"t":0},"geometry":{"type":"Point","coordinates":[77.031674,8.61107]}},{"type":"Feature","properties":{"s":0.79,"t":0},"geometry":{"type":"Point","coordinates":[77.031885,8.610954]}},{"type":"Feature","properties":{"s":1.09,"t":1},"geometry":{"type":"Point","coordinates":[77.032483,8.610967]}},{"type":"Feature","properties":{"s":0.86,"t":1},"geometry":{"type":"Point","coordinates":[76.960106,8.611244]}},{"type":"Feature","properties":{"s":1.11,"t":1},"geometry":{"type":"Point","coordinates":[76.960488,8.611182]}},{"type":"Feature","properties":{"s":0.88,"t":0},"geometry":{"type":"Point","coordinates":[76.961019,8.611186]}},{"type":"Feature","properties":{"s":0.96,"t":1},"geometry":{"type":"Point","coordinates":[76.963129,8.611407]}},{"type":"Feature","properties":{"s":1.23,"t":1},"geometry":{"type":"Point","coordinates":[76.963866,8.611367]}},{"type":"Feature","properties":{"s":0.8,"t":1},"geometry":{"type":"Point","coordinates":[76.964284,8.611322]}},{"type":"Feature","properties":{"s":0.96,"t":0},"geometry":{"type":"Point","coordinates":[76.96734,8.611441]}},{"type":"Feature","properties":{"s":1.03,"t":0},"geometry":{"type":"Point","coordinates":[76.968633,8.611407]}},{"type":"Feature","properties":{"s":1.06,"t":1},"geometry":{"type":"Point","coordinates":[76.968931,8.611163]}},{"type":"Feature","properties":{"s":1.3,"t":1},"geometry":{"type":"Point","coordinates":[76.969813,8.611217]}},{"type":"Feature","properties":{"s":0.84,"t":0},"geometry":{"type":"Point","coordinates":[76.970181,8.611348]}},{"type":"Feature","properties":{"s":1.07,"t":1},"geometry":{"type":"Point","coordinates":[76.970559,8.611466]}},{"type":"Feature","properties":{"s":1.13,"t":1},"geometry":{"type":"Point","coordinates":[76.971718,8.611362]}},{"type":"Feature","properties":{"s":0.83,"t":0},"geometry":{"type":"Point","coordinates":[76.972318,8.611164]}},{"type":"Feature","properties":{"s":0.86,"t":1},"geometry":{"type":"Point","coordinates":[76.972546,8.611338]}},{"type":"Feature","properties":{"s":0.92,"t":1},"geometry":{"type":"Point","coordinates":[76.973128,8.611389]}},{"type":"Feature","properties":{"s":1.22,"t":0},"geometry":{"type":"Point","coordinates":[76.973597,8.611239]}},{"type":"Feature","properties":{"s":0.98,"t":1},"geometry":{"type":"Point","coordinates":[76.974932,8.611198]}},{"type":"Feature","properties":{"s":1.0,"t":0},"geometry":{"type":"Point","coordinates":[76.975157,8.611355]}},{"type":"Feature","properties":{"s":1.0,"t":0},"geometry":{"type":"Point","coordinates":[76.976004,8.611175]}},{"type":"Feature","properties":{"s":1.14,"t":0},"geometry":{"type":"Point","coordinates":[76.977279,8.611401]}},{"type":"Feature","properties":{"s":1.26,"t":0},"geometry":{"type":"Point","coordinates":[76.977711,8.611411]}},{"type":"Feature","properties":{"s":1.16,"t":1},"geometry":{"type":"Point","coordinates":[76.978233,8.611279]}},{"type":"Feature","properties":{"s":1.25,"t":1},"geometry":{"type":"Point","coordinates":[76.979047,8.611256]}},{"type":"Feature","properties":{"s":1.12,"t":0},"geometry":{"type":"Point","coordinates":[76.979438,8.611448]}},{"type":"Feature","properties":{"s":1.15,"t":0},"geometry":{"type":"Point","coordinates":[76.979947,8.611371]}},{"type":"Feature","properties":{"s":0.96,"t":1},"geometry":{"type":"Point","coordinates":[76.981142,8.611196]}},{"type":"Feature","properties":{"s":1.06,"t":0},"geometry":{"type":"Point","coordinates":[76.982012,8.611374]}},{"type":"Feature","properties":{"s":1.15,"t":1},"geometry":{"type":"Point","coordinates":[76.983494,8.611293]}},{"type":"Feature","properties":{"s":0.79,"t":0},"geometry":{"type":"Point","coordinates":[76.983886,8.611357]}},{"type":"Feature","properties":{"s":0.87,"t":0},"geometry":{"type":"Point","coordinates":[76.984493,8.611373]}},{"type":"Feature","properties":{"s":1.32,"t":0},"geometry":{"type":"Point","coordinates":[76.98482,8.611475]}},{"type":"Feature","properties":{"s":0.73,"t":1},"geometry":{"type":"Point","coordinates":[76.985601,8.611482]}},{"type":"Feature","properties":{"s":1.18,"t":1},"geometry":{"type":"Point","coordinates":[76.989547,8.611369]}},{"type":"Feature","properties":{"s":0.92,"t":1},"geometry":{"type":"Point","coordinates":[76.989839,8.611489]}},{"type":"Feature","properties":{"s":1.31,"t":1},"geometry":{"type":"Point","coordinates":[76.990169,8.611478]}},{"type":"Feature","properties":{"s":1.25,"t":0},"geometry":{"type":"Point","coordinates":[76.990812,8.611267]}},{"type":"Feature","properties":{"s":1.13,"t":0},"geometry":{"type":"Point","coordinates":[76.991164,8.61119]}},{"type":"Feature","properties":{"s":1.25,"t":0},"geometry":{"type":"Point","coordinates":[76.991929,8.611486]}},{"type":"Feature","properties":{"s":0.94,"t":0},"geometry":{"type":"Point","coordinates":[76.992795,8.611342]}},{"type":"Feature","properties":{"s":0.89,"t":1},"geometry":{"type":"Point","coordinates":[76.993532,8.611374]}},{"type":"Feature","properties":{"s":1.27,"t":1},"geometry":{"type":"Point","coordinates":[76.994745,8.611303]}},{"type":"Feature","properties":{"s":1.28,"t":1},"geometry":{"type":"Point","coordinates":[76.996609,8.611187]}},{"type":"Feature","properties":{"s":0.83,"t":0},"geometry":{"type":"Point","coordinates":[76.997038,8.611498]}},{"type":"Feature","properties":{"s":0.84,"t":0},"geometry":{"type":"Point","coordinates":[77.001693,8.611401]}},{"type":"Feature","properties":{"s":0.85,"t":0},"geometry":{"type":"Point","coordinates":[77.00194,8.611497]}},{"type":"Feature","properties":{"s":1.21,"t":0},"geometry":{"type":"Point","coordinates":[77.003943,8.611226]}},{"type":"Feature","properties":{"s":0.74,"t":1},"geometry":{"type":"Point","coordinates":[77.006878,8.611354]}},{"type":"Feature","properties":{"s":1.03,"t":1},"geometry":{"type":"Point","coordinates":[77.007449,8.61127]}},{"type":"Feature","properties":{"s":0.93,"t":0},"geometry":{"type":"Point","coordinates":[77.011209,8.611167]}},{"type":"Feature","properties":{"s":0.79,"t":1},"geometry":{"type":"Point","coordinates":[77.015899,8.611334]}},{"type":"Feature","properties":{"s":0.96,"t":1},"geometry":{"type":"Point","coordinates":[77.01648,8.611495]}},{"type":"Feature","properties":{"s":1.1,"t":0},"geometry":{"type":"Point","coordinates":[77.017357,8.611233]}},{"type":"Feature","properties":{"s":0.96,"t":1},"geometry":{"type":"Point","coordinates":[77.017844,8.611362]}},{"type":"Feature","properties":{"s":1.26,"t":1},"geometry":{"type":"Point","coordinates":[77.018296,8.611179]}},{"type":"Feature","properties":{"s":0.84,"t":0},"geometry":{"type":"Point","coordinates":[77.018793,8.611278]}},{"type":"Feature","properties":{"s":0.81,"t":1},"geometry":{"type":"Point","coordinates":[77.023423,8.611271]}},{"type":"Feature","properties":{"s":1.28,"t":0},"geometry":{"type":"Point","coordinates":[77.023509,8.611306]}},{"type":"Feature","properties":{"s":0.73,"t":1},"geometry":{"type":"Point","coordinates":[77.024634,8.611422]}},{"type":"Feature","properties":{"s":0.75,"t":0},"geometry":{"type":"Point","coordinates":[77.025384,8.611296]}},{"type":"Feature","properties":{"s":1.2,"t":0},"geometry":{"type":"Point","coordinates":[77.026971,8.611177]}},{"type":"Feature","properties":{"s":0.99,"t":0},"geometry":{"type":"Point","coordinates":[77.027991,8.611457]}},{"type":"Feature","properties":{"s":1.26,"t":1},"geometry":{"type":"Point","coordinates":[77.028304,8.611414]}},{"type":"Feature","properties":{"s":1.27,"t":1},"geometry":{"type":"Point","coordinates":[77.028659,8.611383]}},{"type":"Feature","properties":{"s":1.02,"t":1},"geometry":{"type":"Point","coordinates":[77.029674,8.61125]}},{"type":"Feature","properties":{"s":1.07,"t":0},"geometry":{"type":"Point","coordinates":[77.029839,8.611252]}},{"type":"Feature","properties":{"s":1.16,"t":1},"geometry":{"type":"Point","coordinates":[77.030287,8.611371]}},{"type":"Feature","properties":{"s":0.85,"t":1},"geometry":{"type":"Point","coordinates":[77.030765,8.611202]}},{"type":"Feature","properties":{"s":0.88,"t":0},"geometry":{"type":"Point","coordinates":[77.03134,8.61134]}},{"type":"Feature","properties":{"s":1.28,"t":0},"geometry":{"type":"Point","coordinates":[77.032158,8.611259]}},{"type":"Feature","properties":{"s":1.31,"t":0},"geometry":{"type":"Point","coordinates":[77.032383,8.611172]}},{"type":"Feature","properties":{"s":1.23,"t":0},"geometry":{"type":"Point","coordinates":[76.959863,8.611872]}},{"type":"Feature","properties":{"s":1.15,"t":0},"geometry":{"type":"Point","coordinates":[76.960133,8.611729]}},{"type":"Feature","properties":{"s":1.33,"t":0},"geometry":{"type":"Point","coordinates":[76.960455,8.611703]}},{"type":"Feature","properties":{"s":0.85,"t":0},"geometry":{"type":"Point","coordinates":[76.961012,8.611883]}},{"type":"Feature","properties":{"s":1.13,"t":0},"geometry":{"type":"Point","coordinates":[76.961963,8.611711]}},{"type":"Feature","properties":{"s":0.88,"t":0},"geometry":{"type":"Point","coordinates":[76.962106,8.611615]}},{"type":"Feature","properties":{"s":0.93,"t":0},"geometry":{"type":"Point","coordinates":[76.963181,8.611707]}},{"type":"Feature","properties":{"s":0.88,"t":0},"geometry":{"type":"Point","coordinates":[76.963853,8.611827]}},{"type":"Feature","properties":{"s":0.79,"t":1},"geometry":{"type":"Point","coordinates":[76.964385,8.611568]}},{"type":"Feature","properties":{"s":0.93,"t":1},"geometry":{"type":"Point","coordinates":[76.96589,8.611883]}},{"type":"Feature","properties":{"s":1.2,"t":1},"geometry":{"type":"Point","coordinates":[76.966451,8.611789]}},{"type":"Feature","properties":{"s":0.86,"t":1},"geometry":{"type":"Point","coordinates":[76.966698,8.611672]}},{"type":"Feature","properties":{"s":1.22,"t":1},"geometry":{"type":"Point","coordinates":[76.967087,8.611671]}},{"type":"Feature","properties":{"s":0.93,"t":0},"geometry":{"type":"Point","coordinates":[76.967633,8.611623]}},{"type":"Feature","properties":{"s":0.97,"t":1},"geometry":{"type":"Point","coordinates":[76.968761,8.611876]}},{"type":"Feature","properties":{"s":1.3,"t":0},"geometry":{"type":"Point","coordinates":[76.969333,8.611678]}},{"type":"Feature","properties":{"s":0.82,"t":1},"geometry":{"type":"Point","coordinates":[76.971122,8.611756]}},{"type":"Feature","properties":{"s":0.93,"t":0},"geometry":{"type":"Point","coordinates":[76.971869,8.611901]}},{"type":"Feature","properties":{"s":1.27,"t":1},"geometry":{"type":"Point","coordinates":[76.972608,8.611883]}},{"type":"Feature","properties":{"s":1.13,"t":1},"geometry":{"type":"Point","coordinates":[76.97306,8.611672]}},{"type":"Feature","properties":{"s":1.04,"t":0},"geometry":{"type":"Point","coordinates":[76.97453,8.611632]}},{"type":"Feature","properties":{"s":1.1,"t":0},"geometry":{"type":"Point","coordinates":[76.974887,8.611657]}},{"type":"Feature","properties":{"s":0.75,"t":1},"geometry":{"type":"Point","coordinates":[76.975234,8.611746]}},{"type":"Feature","properties":{"s":0.94,"t":1},"geometry":{"type":"Point","coordinates":[76.975466,8.611745]}},{"type":"Feature","properties":{"s":0.79,"t":1},"geometry":{"type":"Point","coordinates":[76.97619,8.611728]}},{"type":"Feature","properties":{"s":1.12,"t":1},"geometry":{"type":"Point","coordinates":[76.976473,8.611735]}},{"type":"Feature","properties":{"s":1.16,"t":0},"geometry":{"type":"Point","coordinates":[76.97698,8.611899]}},{"type":"Feature","properties":{"s":0.81,"t":1},"geometry":{"type":"Point","coordinates":[76.978006,8.611725]}},{"type":"Feature","properties":{"s":1.25,"t":0},"geometry":{"type":"Point","coordinates":[76.979363,8.611882]}},{"type":"Feature","properties":{"s":1.15,"t":1},"geometry":{"type":"Point","coordinates":[76.979635,8.611641]}},{"type":"Feature","properties":{"s":0.81,"t":1},"geometry":{"type":"Point","coordinates":[76.980323,8.611725]}},{"type":"Feature","properties":{"s":1.31,"t":0},"geometry":{"type":"Point","coordinates":[76.981306,8.611892]}},{"type":"Feature","properties":{"s":1.24,"t":1},"geometry":{"type":"Point","coordinates":[76.982061,8.611688]}},{"type":"Feature","properties":{"s":1.29,"t":0},"geometry":{"type":"Point","coordinates":[76.983294,8.611876]}},{"type":"Feature","properties":{"s":1.26,"t":1},"geometry":{"type":"Point","coordinates":[76.983538,8.611777]}},{"type":"Feature","properties":{"s":1.08,"t":0},"geometry":{"type":"Point","coordinates":[76.984048,8.611761]}},{"type":"Feature","properties":{"s":0.87,"t":1},"geometry":{"type":"Point","coordinates":[76.984419,8.611883]}},{"type":"Feature","properties":{"s":0.96,"t":0},"geometry":{"type":"Point","coordinates":[76.984663,8.611673]}},{"type":"Feature","properties":{"s":1.17,"t":0},"geometry":{"type":"Point","coordinates":[76.985318,8.61158]}},{"type":"Feature","properties":{"s":1.07,"t":0},"geometry":{"type":"Point","coordinates":[76.989862,8.611651]}},{"type":"Feature","properties":{"s":1.23,"t":1},"geometry":{"type":"Point","coordinates":[76.996787,8.611773]}},{"type":"Feature","properties":{"s":0.92,"t":1},"geometry":{"type":"Point","coordinates":[77.000609,8.611804]}},{"type":"Feature","properties":{"s":0.8,"t":0},"geometry":{"type":"Point","coordinates":[77.001055,8.611576]}},{"type":"Feature","properties":{"s":0.9,"t":0},"geometry":{"type":"Point","coordinates":[77.001918,8.611706]}},{"type":"Feature","properties":{"s":0.77,"t":0},"geometry":{"type":"Point","coordinates":[77.006791,8.611905]}},{"type":"Feature","properties":{"s":0.87,"t":1},"geometry":{"type":"Point","coordinates":[77.011471,8.611834]}},{"type":"Feature","properties":{"s":0.92,"t":0},"geometry":{"type":"Point","coordinates":[77.011865,8.611581]}},{"type":"Feature","properties":{"s":0.94,"t":1},"geometry":{"type":"Point","coordinates":[77.015599,8.611787]}},{"type":"Feature","properties":{"s":0.96,"t":1},"geometry":{"type":"Point","coordinates":[77.016625,8.611585]}},{"type":"Feature","properties":{"s":1.08,"t":1},"geometry":{"type":"Point","coordinates":[77.017084,8.611913]}},{"type":"Feature","properties":{"s":0.9,"t":0},"geometry":{"type":"Point","coordinates":[77.017321,8.611825]}},{"type":"Feature","properties":{"s":0.83,"t":0},"geometry":{"type":"Point","coordinates":[77.017709,8.611878]}},{"type":"Feature","properties":{"s":0.81,"t":0},"geometry":{"type":"Point","coordinates":[77.018609,8.611899]}},{"type":"Feature","properties":{"s":0.86,"t":0},"geometry":{"type":"Point","coordinates":[77.019882,8.611767]}},{"type":"Feature","properties":{"s":1.27,"t":0},"geometry":{"type":"Point","coordinates":[77.02029,8.611638]}},{"type":"Feature","properties":{"s":1.23,"t":0},"geometry":{"type":"Point","coordinates":[77.022837,8.611603]}},{"type":"Feature","properties":{"s":0.99,"t":1},"geometry":{"type":"Point","coordinates":[77.023143,8.611701]}},{"type":"Feature","properties":{"s":1.18,"t":1},"geometry":{"type":"Point","coordinates":[77.023835,8.611762]}},{"type":"Feature","properties":{"s":0.88,"t":0},"geometry":{"type":"Point","coordinates":[77.024203,8.611702]}},{"type":"Feature","properties":{"s":0.96,"t":1},"geometry":{"type":"Point","coordinates":[77.024405,8.611666]}},{"type":"Feature","properties":{"s":1.23,"t":0},"geometry":{"type":"Point","coordinates":[77.024855,8.611799]}},{"type":"Feature","properties":{"s":1.08,"t":1},"geometry":{"type":"Point","coordinates":[77.025247,8.611871]}},{"type":"Feature","properties":{"s":1.15,"t":0},"geometry":{"type":"Point","coordinates":[77.026049,8.611699]}},{"type":"Feature","properties":{"s":1.31,"t":1},"geometry":{"type":"Point","coordinates":[77.02672,8.611912]}},{"type":"Feature","properties":{"s":0.93,"t":0},"geometry":{"type":"Point","coordinates":[77.027199,8.611726]}},{"type":"Feature","properties":{"s":0.72,"t":0},"geometry":{"type":"Point","coordinates":[77.027956,8.611881]}},{"type":"Feature","properties":{"s":1.04,"t":0},"geometry":{"type":"Point","coordinates":[77.028342,8.611839]}},{"type":"Feature","properties":{"s":0.76,"t":0},"geometry":{"type":"Point","coordinates":[77.028622,8.611841]}},{"type":"Feature","properties":{"s":0.73,"t":1},"geometry":{"type":"Point","coordinates":[77.029202,8.611664]}},{"type":"Feature","properties":{"s":1.14,"t":1},"geometry":{"type":"Point","coordinates":[77.029658,8.611658]}},{"type":"Feature","properties":{"s":1.3,"t":0},"geometry":{"type":"Point","coordinates":[77.030042,8.611861]}},{"type":"Feature","properties":{"s":0.8,"t":1},"geometry":{"type":"Point","coordinates":[77.030253,8.611788]}},{"type":"Feature","properties":{"s":1.19,"t":1},"geometry":{"type":"Point","coordinates":[77.030795,8.611605]}},{"type":"Feature","properties":{"s":1.31,"t":0},"geometry":{"type":"Point","coordinates":[77.031151,8.61184]}},{"type":"Feature","properties":{"s":1.17,"t":0},"geometry":{"type":"Point","coordinates":[77.031766,8.611878]}},{"type":"Feature","properties":{"s":0.82,"t":0},"geometry":{"type":"Point","coordinates":[77.032083,8.611581]}},{"type":"Feature","properties":{"s":1.33,"t":0},"geometry":{"type":"Point","coordinates":[77.032301,8.611767]}},{"type":"Feature","properties":{"s":1.05,"t":1},"geometry":{"type":"Point","coordinates":[77.033017,8.611738]}},{"type":"Feature","properties":{"s":1.03,"t":0},"geometry":{"type":"Point","coordinates":[76.960162,8.612119]}},{"type":"Feature","properties":{"s":0.9,"t":0},"geometry":{"type":"Point","coordinates":[76.960421,8.612248]}},{"type":"Feature","properties":{"s":1.3,"t":0},"geometry":{"type":"Point","coordinates":[76.961927,8.612021]}},{"type":"Feature","properties":{"s":1.12,"t":1},"geometry":{"type":"Point","coordinates":[76.96218,8.612183]}},{"type":"Feature","properties":{"s":1.03,"t":1},"geometry":{"type":"Point","coordinates":[76.962511,8.612173]}},{"type":"Feature","properties":{"s":1.12,"t":1},"geometry":{"type":"Point","coordinates":[76.963017,8.612048]}},{"type":"Feature","properties":{"s":1.29,"t":1},"geometry":{"type":"Point","coordinates":[76.963466,8.61225]}},{"type":"Feature","properties":{"s":0.99,"t":0},"geometry":{"type":"Point","coordinates":[76.964026,8.611995]}},{"type":"Feature","properties":{"s":1.1,"t":1},"geometry":{"type":"Point","coordinates":[76.964925,8.612037]}},{"type":"Feature","properties":{"s":1.23,"t":0},"geometry":{"type":"Point","coordinates":[76.965579,8.612111]}},{"type":"Feature","properties":{"s":1.32,"t":1},"geometry":{"type":"Point","coordinates":[76.966983,8.612182]}},{"type":"Feature","properties":{"s":1.01,"t":0},"geometry":{"type":"Point","coordinates":[76.968967,8.61198]}},{"type":"Feature","properties":{"s":0.76,"t":0},"geometry":{"type":"Point","coordinates":[76.969611,8.612194]}},{"type":"Feature","properties":{"s":1.24,"t":0},"geometry":{"type":"Point","coordinates":[76.971318,8.61219]}},{"type":"Feature","properties":{"s":1.14,"t":1},"geometry":{"type":"Point","coordinates":[76.972017,8.612185]}},{"type":"Feature","properties":{"s":0.85,"t":1},"geometry":{"type":"Point","coordinates":[76.974005,8.612329]}},{"type":"Feature","properties":{"s":0.8,"t":0},"geometry":{"type":"Point","coordinates":[76.974232,8.612072]}},{"type":"Feature","properties":{"s":1.26,"t":0},"geometry":{"type":"Point","coordinates":[76.975242,8.612304]}},{"type":"Feature","properties":{"s":1.14,"t":0},"geometry":{"type":"Point","coordinates":[76.976573,8.61227]}},{"type":"Feature","properties":{"s":1.17,"t":0},"geometry":{"type":"Point","coordinates":[76.977209,8.61209]}},{"type":"Feature","properties":{"s":1.09,"t":0},"geometry":{"type":"Point","coordinates":[76.977708,8.612175]}},{"type":"Feature","properties":{"s":1.07,"t":1},"geometry":{"type":"Point","coordinates":[76.97807,8.611983]}},{"type":"Feature","properties":{"s":1.17,"t":1},"geometry":{"type":"Point","coordinates":[76.97885,8.612326]}},{"type":"Feature","properties":{"s":0.97,"t":0},"geometry":{"type":"Point","coordinates":[76.979473,8.612038]}},{"type":"Feature","properties":{"s":1.3,"t":1},"geometry":{"type":"Point","coordinates":[76.980093,8.612017]}},{"type":"Feature","properties":{"s":0.84,"t":0},"geometry":{"type":"Point","coordinates":[76.981152,8.612029]}},{"type":"Feature","properties":{"s":1.31,"t":1},"geometry":{"type":"Point","coordinates":[76.981536,8.612164]}},{"type":"Feature","properties":{"s":1.25,"t":0},"geometry":{"type":"Point","coordinates":[76.981878,8.612111]}},{"type":"Feature","properties":{"s":1.06,"t":0},"geometry":{"type":"Point","coordinates":[76.983695,8.612108]}},{"type":"Feature","properties":{"s":1.03,"t":0},"geometry":{"type":"Point","coordinates":[76.984029,8.612244]}},{"type":"Feature","properties":{"s":1.04,"t":0},"geometry":{"type":"Point","coordinates":[76.984504,8.612269]}},{"type":"Feature","properties":{"s":0.75,"t":0},"geometry":{"type":"Point","coordinates":[76.984753,8.61203]}},{"type":"Feature","properties":{"s":0.72,"t":0},"geometry":{"type":"Point","coordinates":[76.985367,8.612112]}},{"type":"Feature","properties":{"s":1.29,"t":1},"geometry":{"type":"Point","coordinates":[76.985576,8.612134]}},{"type":"Feature","properties":{"s":1.28,"t":0},"geometry":{"type":"Point","coordinates":[76.990502,8.612207]}},{"type":"Feature","properties":{"s":0.94,"t":0},"geometry":{"type":"Point","coordinates":[76.991896,8.612061]}},{"type":"Feature","properties":{"s":1.18,"t":0},"geometry":{"type":"Point","coordinates":[76.99676,8.612117]}},{"type":"Feature","properties":{"s":0.78,"t":0},"geometry":{"type":"Point","coordinates":[76.998165,8.612072]}},{"type":"Feature","properties":{"s":1.22,"t":1},"geometry":{"type":"Point","coordinates":[76.998637,8.612088]}},{"type":"Feature","properties":{"s":0.8,"t":1},"geometry":{"type":"Point","coordinates":[77.007399,8.612145]}},{"type":"Feature","properties":{"s":1.09,"t":0},"geometry":{"type":"Point","coordinates":[77.011295,8.612226]}},{"type":"Feature","properties":{"s":1.11,"t":0},"geometry":{"type":"Point","coordinates":[77.011552,8.612238]}},{"type":"Feature","properties":{"s":1.18,"t":1},"geometry":{"type":"Point","coordinates":[77.011913,8.61224]}},{"type":"Feature","properties":{"s":0.9,"t":0},"geometry":{"type":"Point","coordinates":[77.013769,8.612316]}},{"type":"Feature","properties":{"s":1.1,"t":0},"geometry":{"type":"Point","coordinates":[77.014876,8.612223]}},{"type":"Feature","properties":{"s":0.99,"t":1},"geometry":{"type":"Point","coordinates":[77.016298,8.612039]}},{"type":"Feature","properties":{"s":0.8,"t":1},"geometry":{"type":"Point","coordinates":[77.016487,8.612262]}},{"type":"Feature","properties":{"s":1.29,"t":0},"geometry":{"type":"Point","coordinates":[77.017504,8.612316]}},{"type":"Feature","properties":{"s":1.06,"t":0},"geometry":{"type":"Point","coordinates":[77.017796,8.612042]}},{"type":"Feature","properties":{"s":0.85,"t":1},"geometry":{"type":"Point","coordinates":[77.020179,8.612064]}},{"type":"Feature","properties":{"s":1.29,"t":0},"geometry":{"type":"Point","coordinates":[77.020752,8.61205]}},{"type":"Feature","properties":{"s":1.14,"t":1},"geometry":{"type":"Point","coordinates":[77.022254,8.61224]}},{"type":"Feature","properties":{"s":1.07,"t":0},"geometry":{"type":"Point","coordinates":[77.022783,8.612009]}},{"type":"Feature","properties":{"s":0.77,"t":1},"geometry":{"type":"Point","coordinates":[77.023648,8.612326]}},{"type":"Feature","properties":{"s":1.23,"t":0},"geometry":{"type":"Point","coordinates":[77.024146,8.612256]}},{"type":"Feature","properties":{"s":1.11,"t":0},"geometry":{"type":"Point","coordinates":[77.024661,8.612262]}},{"type":"Feature","properties":{"s":0.85,"t":0},"geometry":{"type":"Point","coordinates":[77.026851,8.612123]}},{"type":"Feature","properties":{"s":0.75,"t":0},"geometry":{"type":"Point","coordinates":[77.027285,8.612049]}},{"type":"Feature","properties":{"s":0.82,"t":1},"geometry":{"type":"Point","coordinates":[77.027918,8.612292]}},{"type":"Feature","properties":{"s":0.9,"t":0},"geometry":{"type":"Point","coordinates":[77.02833,8.6122]}},{"type":"Feature","properties":{"s":1.3,"t":1},"geometry":{"type":"Point","coordinates":[77.028566,8.612203]}},{"type":"Feature","properties":{"s":1.21,"t":1},"geometry":{"type":"Point","coordinates":[77.028957,8.612235]}},{"type":"Feature","properties":{"s":1.22,"t":1},"geometry":{"type":"Point","coordinates":[77.029683,8.612173]}},{"type":"Feature","properties":{"s":0.94,"t":1},"geometry":{"type":"Point","coordinates":[77.029969,8.612214]}},{"type":"Feature","properties":{"s":0.97,"t":0},"geometry":{"type":"Point","coordinates":[77.030265,8.612171]}},{"type":"Feature","properties":{"s":1.24,"t":1},"geometry":{"type":"Point","coordinates":[77.030663,8.612056]}},{"type":"Feature","properties":{"s":1.23,"t":0},"geometry":{"type":"Point","coordinates":[77.031678,8.612167]}},{"type":"Feature","properties":{"s":0.96,"t":1},"geometry":{"type":"Point","coordinates":[77.032178,8.612275]}},{"type":"Feature","properties":{"s":1.14,"t":1},"geometry":{"type":"Point","coordinates":[77.032519,8.612323]}},{"type":"Feature","properties":{"s":1.31,"t":0},"geometry":{"type":"Point","coordinates":[76.960188,8.612714]}},{"type":"Feature","properties":{"s":1.32,"t":1},"geometry":{"type":"Point","coordinates":[76.961057,8.612581]}},{"type":"Feature","properties":{"s":0.9,"t":1},"geometry":{"type":"Point","coordinates":[76.961294,8.612516]}},{"type":"Feature","properties":{"s":1.0,"t":1},"geometry":{"type":"Point","coordinates":[76.96241,8.61265]}},{"type":"Feature","properties":{"s":0.93,"t":1},"geometry":{"type":"Point","coordinates":[76.962692,8.612394]}},{"type":"Feature","properties":{"s":0.92,"t":0},"geometry":{"type":"Point","coordinates":[76.963798,8.612545]}},{"type":"Feature","properties":{"s":0.91,"t":0},"geometry":{"type":"Point","coordinates":[76.96516,8.612694]}},{"type":"Feature","properties":{"s":1.32,"t":1},"geometry":{"type":"Point","coordinates":[76.965679,8.61263]}},{"type":"Feature","properties":{"s":1.17,"t":0},"geometry":{"type":"Point","coordinates":[76.966418,8.612459]}},{"type":"Feature","properties":{"s":1.1,"t":1},"geometry":{"type":"Point","coordinates":[76.96776,8.612646]}},{"type":"Feature","properties":{"s":1.17,"t":1},"geometry":{"type":"Point","coordinates":[76.967966,8.612431]}},{"type":"Feature","properties":{"s":0.79,"t":0},"geometry":{"type":"Point","coordinates":[76.971501,8.612552]}},{"type":"Feature","properties":{"s":0.88,"t":1},"geometry":{"type":"Point","coordinates":[76.973356,8.612724]}},{"type":"Feature","properties":{"s":1.04,"t":0},"geometry":{"type":"Point","coordinates":[76.973834,8.612676]}},{"type":"Feature","properties":{"s":0.87,"t":0},"geometry":{"type":"Point","coordinates":[76.975581,8.612663]}},{"type":"Feature","properties":{"s":1.18,"t":1},"geometry":{"type":"Point","coordinates":[76.976185,8.6127]}},{"type":"Feature","properties":{"s":1.2,"t":1},"geometry":{"type":"Point","coordinates":[76.976329,8.612444]}},{"type":"Feature","properties":{"s":0.87,"t":0},"geometry":{"type":"Point","coordinates":[76.976755,8.612467]}},{"type":"Feature","properties":{"s":1.26,"t":0},"geometry":{"type":"Point","coordinates":[76.977342,8.61254]}},{"type":"Feature","properties":{"s":0.75,"t":1},"geometry":{"type":"Point","coordinates":[76.978055,8.612518]}},{"type":"Feature","properties":{"s":1.01,"t":0},"geometry":{"type":"Point","coordinates":[76.979411,8.612617]}},{"type":"Feature","properties":{"s":0.92,"t":0},"geometry":{"type":"Point","coordinates":[76.979629,8.612592]}},{"type":"Feature","properties":{"s":0.97,"t":1},"geometry":{"type":"Point","coordinates":[76.98018,8.612432]}},{"type":"Feature","properties":{"s":0.78,"t":0},"geometry":{"type":"Point","coordinates":[76.981356,8.612416]}},{"type":"Feature","properties":{"s":0.75,"t":0},"geometry":{"type":"Point","coordinates":[76.983077,8.612556]}},{"type":"Feature","properties":{"s":0.97,"t":1},"geometry":{"type":"Point","coordinates":[76.983697,8.612672]}},{"type":"Feature","properties":{"s":1.15,"t":1},"geometry":{"type":"Point","coordinates":[76.984311,8.612451]}},{"type":"Feature","properties":{"s":1.29,"t":1},"geometry":{"type":"Point","coordinates":[76.985314,8.612448]}},{"type":"Feature","properties":{"s":1.29,"t":1},"geometry":{"type":"Point","coordinates":[76.985623,8.612594]}},{"type":"Feature","properties":{"s":0.89,"t":0},"geometry":{"type":"Point","coordinates":[76.988926,8.612486]}},{"type":"Feature","properties":{"s":0.77,"t":0},"geometry":{"type":"Point","coordinates":[76.990373,8.612641]}},{"type":"Feature","properties":{"s":0.81,"t":1},"geometry":{"type":"Point","coordinates":[76.994263,8.612435]}},{"type":"Feature","properties":{"s":0.97,"t":0},"geometry":{"type":"Point","coordinates":[77.000319,8.612516]}},{"type":"Feature","properties":{"s":0.87,"t":1},"geometry":{"type":"Point","coordinates":[77.010603,8.6126]}},{"type":"Feature","properties":{"s":1.15,"t":0},"geometry":{"type":"Point","coordinates":[77.010964,8.61257]}},{"type":"Feature","properties":{"s":1.3,"t":1},"geometry":{"type":"Point","coordinates":[77.013743,8.612424]}},{"type":"Feature","properties":{"s":1.05,"t":1},"geometry":{"type":"Point","coordinates":[77.019066,8.612595]}},{"type":"Feature","properties":{"s":0.77,"t":0},"geometry":{"type":"Point","coordinates":[77.01961,8.612618]}},{"type":"Feature","properties":{"s":1.28,"t":1},"geometry":{"type":"Point","coordinates":[77.02028,8.612426]}},{"type":"Feature","properties":{"s":0.8,"t":1},"geometry":{"type":"Point","coordinates":[77.023281,8.612727]}},{"type":"Feature","properties":{"s":1.01,"t":0},"geometry":{"type":"Point","coordinates":[77.023621,8.612632]}},{"type":"Feature","properties":{"s":0.89,"t":1},"geometry":{"type":"Point","coordinates":[77.024031,8.612468]}},{"type":"Feature","properties":{"s":1.26,"t":0},"geometry":{"type":"Point","coordinates":[77.024663,8.612487]}},{"type":"Feature","properties":{"s":1.07,"t":1},"geometry":{"type":"Point","coordinates":[77.02676,8.612561]}},{"type":"Feature","properties":{"s":0.86,"t":1},"geometry":{"type":"Point","coordinates":[77.027004,8.612511]}},{"type":"Feature","properties":{"s":1.03,"t":1},"geometry":{"type":"Point","coordinates":[77.027282,8.612652]}},{"type":"Feature","properties":{"s":0.84,"t":1},"geometry":{"type":"Point","coordinates":[77.02769,8.612657]}},{"type":"Feature","properties":{"s":1.25,"t":0},"geometry":{"type":"Point","coordinates":[77.028164,8.6126]}},{"type":"Feature","properties":{"s":0.81,"t":1},"geometry":{"type":"Point","coordinates":[77.028591,8.612569]}},{"type":"Feature","properties":{"s":1.14,"t":1},"geometry":{"type":"Point","coordinates":[77.029004,8.612448]}},{"type":"Feature","properties":{"s":1.07,"t":1},"geometry":{"type":"Point","coordinates":[77.029569,8.612491]}},{"type":"Feature","properties":{"s":1.16,"t":1},"geometry":{"type":"Point","coordinates":[77.029774,8.612619]}},{"type":"Feature","properties":{"s":1.04,"t":0},"geometry":{"type":"Point","coordinates":[77.030344,8.612421]}},{"type":"Feature","properties":{"s":1.32,"t":0},"geometry":{"type":"Point","coordinates":[77.030726,8.612692]}},{"type":"Feature","properties":{"s":1.11,"t":1},"geometry":{"type":"Point","coordinates":[77.031157,8.612744]}},{"type":"Feature","properties":{"s":0.9,"t":0},"geometry":{"type":"Point","coordinates":[77.031599,8.612685]}},{"type":"Feature","properties":{"s":1.04,"t":1},"geometry":{"type":"Point","coordinates":[77.032172,8.612505]}},{"type":"Feature","properties":{"s":0.8,"t":0},"geometry":{"type":"Point","coordinates":[77.032374,8.612579]}},{"type":"Feature","properties":{"s":1.18,"t":0},"geometry":{"type":"Point","coordinates":[77.033369,8.612663]}},{"type":"Feature","properties":{"s":1.01,"t":0},"geometry":{"type":"Point","coordinates":[77.033866,8.612733]}},{"type":"Feature","properties":{"s":0.87,"t":0},"geometry":{"type":"Point","coordinates":[77.033986,8.612699]}},{"type":"Feature","properties":{"s":1.32,"t":1},"geometry":{"type":"Point","coordinates":[76.95947,8.613143]}},{"type":"Feature","properties":{"s":0.74,"t":0},"geometry":{"type":"Point","coordinates":[76.959789,8.613008]}},{"type":"Feature","properties":{"s":0.78,"t":1},"geometry":{"type":"Point","coordinates":[76.96098,8.612916]}},{"type":"Feature","properties":{"s":1.19,"t":0},"geometry":{"type":"Point","coordinates":[76.961436,8.613143]}},{"type":"Feature","properties":{"s":0.76,"t":0},"geometry":{"type":"Point","coordinates":[76.961932,8.612854]}},{"type":"Feature","properties":{"s":1.31,"t":1},"geometry":{"type":"Point","coordinates":[76.962319,8.613157]}},{"type":"Feature","properties":{"s":0.85,"t":0},"geometry":{"type":"Point","coordinates":[76.96258,8.613078]}},{"type":"Feature","properties":{"s":1.17,"t":1},"geometry":{"type":"Point","coordinates":[76.962952,8.612971]}},{"type":"Feature","properties":{"s":0.98,"t":0},"geometry":{"type":"Point","coordinates":[76.964855,8.612993]}},{"type":"Feature","properties":{"s":0.77,"t":0},"geometry":{"type":"Point","coordinates":[76.966879,8.612963]}},{"type":"Feature","properties":{"s":0.91,"t":1},"geometry":{"type":"Point","coordinates":[76.969092,8.613006]}},{"type":"Feature","properties":{"s":1.04,"t":1},"geometry":{"type":"Point","coordinates":[76.969631,8.613146]}},{"type":"Feature","properties":{"s":1.23,"t":1},"geometry":{"type":"Point","coordinates":[76.97151,8.612811]}},{"type":"Feature","properties":{"s":0.91,"t":0},"geometry":{"type":"Point","coordinates":[76.97236,8.613141]}},{"type":"Feature","properties":{"s":1.29,"t":0},"geometry":{"type":"Point","coordinates":[76.972641,8.613143]}},{"type":"Feature","properties":{"s":0.83,"t":1},"geometry":{"type":"Point","coordinates":[76.973262,8.613057]}},{"type":"Feature","properties":{"s":0.93,"t":1},"geometry":{"type":"Point","coordinates":[76.973536,8.612811]}},{"type":"Feature","properties":{"s":0.77,"t":0},"geometry":{"type":"Point","coordinates":[76.973834,8.612842]}},{"type":"Feature","properties":{"s":1.32,"t":1},"geometry":{"type":"Point","coordinates":[76.974421,8.613111]}},{"type":"Feature","properties":{"s":0.99,"t":1},"geometry":{"type":"Point","coordinates":[76.975269,8.612943]}},{"type":"Feature","properties":{"s":0.91,"t":1},"geometry":{"type":"Point","coordinates":[76.975647,8.613007]}},{"type":"Feature","properties":{"s":1.11,"t":1},"geometry":{"type":"Point","coordinates":[76.976348,8.613055]}},{"type":"Feature","properties":{"s":1.21,"t":0},"geometry":{"type":"Point","coordinates":[76.976715,8.613078]}},{"type":"Feature","properties":{"s":1.09,"t":1},"geometry":{"type":"Point","coordinates":[76.979133,8.613048]}},{"type":"Feature","properties":{"s":0.78,"t":0},"geometry":{"type":"Point","coordinates":[76.979467,8.612813]}},{"type":"Feature","properties":{"s":0.77,"t":1},"geometry":{"type":"Point","coordinates":[76.979699,8.61305]}},{"type":"Feature","properties":{"s":1.23,"t":1},"geometry":{"type":"Point","coordinates":[76.980577,8.613089]}},{"type":"Feature","properties":{"s":0.86,"t":0},"geometry":{"type":"Point","coordinates":[76.980884,8.612994]}},{"type":"Feature","properties":{"s":1.02,"t":1},"geometry":{"type":"Point","coordinates":[76.981436,8.613083]}},{"type":"Feature","properties":{"s":1.2,"t":0},"geometry":{"type":"Point","coordinates":[76.981965,8.613109]}},{"type":"Feature","properties":{"s":1.03,"t":0},"geometry":{"type":"Point","coordinates":[76.982144,8.61286]}},{"type":"Feature","properties":{"s":1.24,"t":0},"geometry":{"type":"Point","coordinates":[76.983293,8.612915]}},{"type":"Feature","properties":{"s":1.21,"t":0},"geometry":{"type":"Point","coordinates":[76.983924,8.613072]}},{"type":"Feature","properties":{"s":0.85,"t":1},"geometry":{"type":"Point","coordinates":[76.984709,8.613027]}},{"type":"Feature","properties":{"s":1.3,"t":0},"geometry":{"type":"Point","coordinates":[76.989519,8.613004]}},{"type":"Feature","properties":{"s":0.88,"t":0},"geometry":{"type":"Point","coordinates":[76.989669,8.613119]}},{"type":"Feature","properties":{"s":1.16,"t":1},"geometry":{"type":"Point","coordinates":[76.991639,8.612848]}},{"type":"Feature","properties":{"s":1.32,"t":1},"geometry":{"type":"Point","coordinates":[76.991889,8.612822]}},{"type":"Feature","properties":{"s":1.24,"t":0},"geometry":{"type":"Point","coordinates":[76.998756,8.613013]}},{"type":"Feature","properties":{"s":1.23,"t":1},"geometry":{"type":"Point","coordinates":[76.998946,8.61312]}},{"type":"Feature","properties":{"s":1.26,"t":0},"geometry":{"type":"Point","coordinates":[77.002418,8.613066]}},{"type":"Feature","properties":{"s":1.3,"t":0},"geometry":{"type":"Point","coordinates":[77.003567,8.613018]}},{"type":"Feature","properties":{"s":0.98,"t":0},"geometry":{"type":"Point","coordinates":[77.009752,8.613011]}},{"type":"Feature","properties":{"s":0.82,"t":0},"geometry":{"type":"Point","coordinates":[77.010876,8.612836]}},{"type":"Feature","properties":{"s":0.92,"t":0},"geometry":{"type":"Point","coordinates":[77.017833,8.613142]}},{"type":"Feature","properties":{"s":1.09,"t":1},"geometry":{"type":"Point","coordinates":[77.019598,8.612914]}},{"type":"Feature","properties":{"s":1.23,"t":1},"geometry":{"type":"Point","coordinates":[77.019948,8.613038]}},{"type":"Feature","properties":{"s":0.75,"t":1},"geometry":{"type":"Point","coordinates":[77.021838,8.613071]}},{"type":"Feature","properties":{"s":0.81,"t":0},"geometry":{"type":"Point","coordinates":[77.02252,8.612935]}},{"type":"Feature","properties":{"s":1.11,"t":0},"geometry":{"type":"Point","coordinates":[77.023415,8.612852]}},{"type":"Feature","properties":{"s":0.75,"t":1},"geometry":{"type":"Point","coordinates":[77.023696,8.613112]}},{"type":"Feature","properties":{"s":1.3,"t":1},"geometry":{"type":"Point","coordinates":[77.025068,8.613091]}},{"type":"Feature","properties":{"s":1.12,"t":1},"geometry":{"type":"Point","coordinates":[77.025816,8.61307]}},{"type":"Feature","properties":{"s":1.3,"t":1},"geometry":{"type":"Point","coordinates":[77.026298,8.612821]}},{"type":"Feature","properties":{"s":0.75,"t":1},"geometry":{"type":"Point","coordinates":[77.026721,8.61304]}},{"type":"Feature","properties":{"s":1.29,"t":0},"geometry":{"type":"Point","coordinates":[77.02743,8.613017]}},{"type":"Feature","properties":{"s":0.92,"t":1},"geometry":{"type":"Point","coordinates":[77.02778,8.613071]}},{"type":"Feature","properties":{"s":0.81,"t":1},"geometry":{"type":"Point","coordinates":[77.02817,8.613095]}},{"type":"Feature","properties":{"s":1.21,"t":1},"geometry":{"type":"Point","coordinates":[77.028627,8.613074]}},{"type":"Feature","properties":{"s":0.91,"t":0},"geometry":{"type":"Point","coordinates":[77.029164,8.613068]}},{"type":"Feature","properties":{"s":1.32,"t":0},"geometry":{"type":"Point","coordinates":[77.029614,8.613144]}},{"type":"Feature","properties":{"s":0.79,"t":1},"geometry":{"type":"Point","coordinates":[77.02989,8.612991]}},{"type":"Feature","properties":{"s":1.2,"t":0},"geometry":{"type":"Point","coordinates":[77.030465,8.612845]}},{"type":"Feature","properties":{"s":0.76,"t":0},"geometry":{"type":"Point","coordinates":[77.031303,8.612996]}},{"type":"Feature","properties":{"s":1.08,"t":0},"geometry":{"type":"Point","coordinates":[77.03152,8.612818]}},{"type":"Feature","properties":{"s":0.92,"t":0},"geometry":{"type":"Point","coordinates":[77.032175,8.612998]}},{"type":"Feature","properties":{"s":1.23,"t":0},"geometry":{"type":"Point","coordinates":[77.032414,8.613152]}},{"type":"Feature","properties":{"s":1.33,"t":0},"geometry":{"type":"Point","coordinates":[77.032912,8.612884]}},{"type":"Feature","properties":{"s":1.32,"t":1},"geometry":{"type":"Point","coordinates":[77.033316,8.613018]}},{"type":"Feature","properties":{"s":1.16,"t":1},"geometry":{"type":"Point","coordinates":[77.033573,8.612909]}},{"type":"Feature","properties":{"s":0.72,"t":0},"geometry":{"type":"Point","coordinates":[76.95904,8.613357]}},{"type":"Feature","properties":{"s":1.3,"t":1},"geometry":{"type":"Point","coordinates":[76.959268,8.613313]}},{"type":"Feature","properties":{"s":1.12,"t":1},"geometry":{"type":"Point","coordinates":[76.9598,8.613439]}},{"type":"Feature","properties":{"s":1.0,"t":1},"geometry":{"type":"Point","coordinates":[76.960256,8.613371]}},{"type":"Feature","properties":{"s":1.15,"t":1},"geometry":{"type":"Point","coordinates":[76.960744,8.613534]}},{"type":"Feature","properties":{"s":0.81,"t":1},"geometry":{"type":"Point","coordinates":[76.961063,8.613532]}},{"type":"Feature","properties":{"s":1.23,"t":0},"geometry":{"type":"Point","coordinates":[76.961916,8.613421]}},{"type":"Feature","properties":{"s":1.21,"t":1},"geometry":{"type":"Point","coordinates":[76.962105,8.613419]}},{"type":"Feature","properties":{"s":0.73,"t":0},"geometry":{"type":"Point","coordinates":[76.962986,8.613457]}},{"type":"Feature","properties":{"s":0.74,"t":0},"geometry":{"type":"Point","coordinates":[76.963908,8.61349]}},{"type":"Feature","properties":{"s":1.14,"t":0},"geometry":{"type":"Point","coordinates":[76.965274,8.613566]}},{"type":"Feature","properties":{"s":1.17,"t":1},"geometry":{"type":"Point","coordinates":[76.965463,8.613287]}},{"type":"Feature","properties":{"s":1.12,"t":0},"geometry":{"type":"Point","coordinates":[76.966152,8.613362]}},{"type":"Feature","properties":{"s":0.84,"t":0},"geometry":{"type":"Point","coordinates":[76.966392,8.613535]}},{"type":"Feature","properties":{"s":0.89,"t":0},"geometry":{"type":"Point","coordinates":[76.968819,8.613513]}},{"type":"Feature","properties":{"s":1.13,"t":1},"geometry":{"type":"Point","coordinates":[76.969312,8.613506]}},{"type":"Feature","properties":{"s":0.8,"t":1},"geometry":{"type":"Point","coordinates":[76.972767,8.613487]}},{"type":"Feature","properties":{"s":1.18,"t":0},"geometry":{"type":"Point","coordinates":[76.973386,8.613245]}},{"type":"Feature","properties":{"s":0.91,"t":0},"geometry":{"type":"Point","coordinates":[76.974318,8.613476]}},{"type":"Feature","properties":{"s":0.86,"t":1},"geometry":{"type":"Point","coordinates":[76.974677,8.613226]}},{"type":"Feature","properties":{"s":1.22,"t":1},"geometry":{"type":"Point","coordinates":[76.97578,8.613331]}},{"type":"Feature","properties":{"s":0.8,"t":1},"geometry":{"type":"Point","coordinates":[76.975995,8.613535]}},{"type":"Feature","properties":{"s":1.33,"t":0},"geometry":{"type":"Point","coordinates":[76.976319,8.613545]}},{"type":"Feature","properties":{"s":1.28,"t":1},"geometry":{"type":"Point","coordinates":[76.976831,8.613459]}},{"type":"Feature","properties":{"s":0.77,"t":1},"geometry":{"type":"Point","coordinates":[76.978565,8.613262]}},{"type":"Feature","properties":{"s":1.17,"t":1},"geometry":{"type":"Point","coordinates":[76.979539,8.613522]}},{"type":"Feature","properties":{"s":0.85,"t":1},"geometry":{"type":"Point","coordinates":[76.979631,8.613468]}},{"type":"Feature","properties":{"s":1.25,"t":1},"geometry":{"type":"Point","coordinates":[76.980934,8.613436]}},{"type":"Feature","properties":{"s":0.8,"t":1},"geometry":{"type":"Point","coordinates":[76.981874,8.613392]}},{"type":"Feature","properties":{"s":1.03,"t":0},"geometry":{"type":"Point","coordinates":[76.983223,8.613501]}},{"type":"Feature","properties":{"s":0.75,"t":0},"geometry":{"type":"Point","coordinates":[76.983565,8.613268]}},{"type":"Feature","properties":{"s":1.34,"t":0},"geometry":{"type":"Point","coordinates":[76.983972,8.613466]}},{"type":"Feature","properties":{"s":1.19,"t":0},"geometry":{"type":"Point","coordinates":[76.984557,8.613284]}},{"type":"Feature","properties":{"s":1.03,"t":0},"geometry":{"type":"Point","coordinates":[76.984658,8.613361]}},{"type":"Feature","properties":{"s":0.99,"t":0},"geometry":{"type":"Point","coordinates":[76.985402,8.613536]}},{"type":"Feature","properties":{"s":0.81,"t":0},"geometry":{"type":"Point","coordinates":[76.987797,8.613483]}},{"type":"Feature","properties":{"s":1.1,"t":0},"geometry":{"type":"Point","coordinates":[76.988675,8.613419]}},{"type":"Feature","properties":{"s":0.84,"t":0},"geometry":{"type":"Point","coordinates":[76.989571,8.613293]}},{"type":"Feature","properties":{"s":0.79,"t":0},"geometry":{"type":"Point","coordinates":[76.991186,8.613378]}},{"type":"Feature","properties":{"s":0.75,"t":1},"geometry":{"type":"Point","coordinates":[76.991327,8.613441]}},{"type":"Feature","properties":{"s":0.94,"t":1},"geometry":{"type":"Point","coordinates":[76.993534,8.613327]}},{"type":"Feature","properties":{"s":1.33,"t":1},"geometry":{"type":"Point","coordinates":[76.999154,8.613309]}},{"type":"Feature","properties":{"s":0.88,"t":1},"geometry":{"type":"Point","coordinates":[77.000834,8.613393]}},{"type":"Feature","properties":{"s":0.87,"t":1},"geometry":{"type":"Point","coordinates":[77.001216,8.613281]}},{"type":"Feature","properties":{"s":0.94,"t":1},"geometry":{"type":"Point","coordinates":[77.002746,8.613385]}},{"type":"Feature","properties":{"s":1.01,"t":1},"geometry":{"type":"Point","coordinates":[77.005852,8.613358]}},{"type":"Feature","properties":{"s":1.14,"t":0},"geometry":{"type":"Point","coordinates":[77.006243,8.613267]}},{"type":"Feature","properties":{"s":1.15,"t":0},"geometry":{"type":"Point","coordinates":[77.006541,8.613502]}},{"type":"Feature","properties":{"s":0.84,"t":0},"geometry":{"type":"Point","coordinates":[77.007312,8.613361]}},{"type":"Feature","properties":{"s":1.17,"t":0},"geometry":{"type":"Point","coordinates":[77.009604,8.613497]}},{"type":"Feature","properties":{"s":1.26,"t":1},"geometry":{"type":"Point","coordinates":[77.017477,8.613447]}},{"type":"Feature","properties":{"s":0.74,"t":0},"geometry":{"type":"Point","coordinates":[77.017658,8.613564]}},{"type":"Feature","properties":{"s":1.18,"t":1},"geometry":{"type":"Point","coordinates":[77.018106,8.61334]}},{"type":"Feature","properties":{"s":1.09,"t":1},"geometry":{"type":"Point","coordinates":[77.020238,8.613448]}},{"type":"Feature","properties":{"s":1.01,"t":0},"geometry":{"type":"Point","coordinates":[77.021162,8.61328]}},{"type":"Feature","properties":{"s":1.21,"t":0},"geometry":{"type":"Point","coordinates":[77.021688,8.613237]}},{"type":"Feature","properties":{"s":0.82,"t":1},"geometry":{"type":"Point","coordinates":[77.027702,8.613426]}},{"type":"Feature","properties":{"s":0.86,"t":0},"geometry":{"type":"Point","coordinates":[77.028379,8.613394]}},{"type":"Feature","properties":{"s":0.87,"t":1},"geometry":{"type":"Point","coordinates":[77.028676,8.613331]}},{"type":"Feature","properties":{"s":0.76,"t":1},"geometry":{"type":"Point","coordinates":[77.029667,8.613543]}},{"type":"Feature","properties":{"s":0.82,"t":0},"geometry":{"type":"Point","coordinates":[77.030076,8.613554]}},{"type":"Feature","properties":{"s":1.01,"t":1},"geometry":{"type":"Point","coordinates":[77.030523,8.613523]}},{"type":"Feature","properties":{"s":0.91,"t":1},"geometry":{"type":"Point","coordinates":[77.031141,8.613409]}},{"type":"Feature","properties":{"s":1.18,"t":1},"geometry":{"type":"Point","coordinates":[77.03173,8.61324]}},{"type":"Feature","properties":{"s":0.79,"t":1},"geometry":{"type":"Point","coordinates":[77.032518,8.6133]}},{"type":"Feature","properties":{"s":1.08,"t":0},"geometry":{"type":"Point","coordinates":[77.033858,8.613259]}},{"type":"Feature","properties":{"s":0.84,"t":1},"geometry":{"type":"Point","coordinates":[77.034294,8.613391]}},{"type":"Feature","properties":{"s":1.15,"t":0},"geometry":{"type":"Point","coordinates":[76.959702,8.613945]}},{"type":"Feature","properties":{"s":0.91,"t":1},"geometry":{"type":"Point","coordinates":[76.960115,8.613765]}},{"type":"Feature","properties":{"s":0.72,"t":1},"geometry":{"type":"Point","coordinates":[76.9607,8.613923]}},{"type":"Feature","properties":{"s":1.21,"t":0},"geometry":{"type":"Point","coordinates":[76.961335,8.613645]}},{"type":"Feature","properties":{"s":0.82,"t":1},"geometry":{"type":"Point","coordinates":[76.964452,8.613738]}},{"type":"Feature","properties":{"s":0.77,"t":0},"geometry":{"type":"Point","coordinates":[76.965246,8.613851]}},{"type":"Feature","properties":{"s":1.25,"t":1},"geometry":{"type":"Point","coordinates":[76.968055,8.613905]}},{"type":"Feature","properties":{"s":0.73,"t":0},"geometry":{"type":"Point","coordinates":[76.968974,8.613645]}},{"type":"Feature","properties":{"s":1.02,"t":0},"geometry":{"type":"Point","coordinates":[76.972303,8.613671]}},{"type":"Feature","properties":{"s":1.3,"t":0},"geometry":{"type":"Point","coordinates":[76.972698,8.613806]}},{"type":"Feature","properties":{"s":1.19,"t":1},"geometry":{"type":"Point","coordinates":[76.973173,8.613646]}},{"type":"Feature","properties":{"s":0.84,"t":1},"geometry":{"type":"Point","coordinates":[76.974444,8.613715]}},{"type":"Feature","properties":{"s":0.77,"t":1},"geometry":{"type":"Point","coordinates":[76.974771,8.613836]}},{"type":"Feature","properties":{"s":1.06,"t":0},"geometry":{"type":"Point","coordinates":[76.975087,8.613949]}},{"type":"Feature","properties":{"s":1.08,"t":1},"geometry":{"type":"Point","coordinates":[76.975487,8.613912]}},{"type":"Feature","properties":{"s":1.02,"t":1},"geometry":{"type":"Point","coordinates":[76.976723,8.6138]}},{"type":"Feature","properties":{"s":1.11,"t":0},"geometry":{"type":"Point","coordinates":[76.977649,8.613906]}},{"type":"Feature","properties":{"s":1.12,"t":0},"geometry":{"type":"Point","coordinates":[76.979064,8.613939]}},{"type":"Feature","properties":{"s":1.02,"t":0},"geometry":{"type":"Point","coordinates":[76.980073,8.613905]}},{"type":"Feature","properties":{"s":0.96,"t":0},"geometry":{"type":"Point","coordinates":[76.982012,8.613799]}},{"type":"Feature","properties":{"s":0.8,"t":1},"geometry":{"type":"Point","coordinates":[76.982479,8.613836]}},{"type":"Feature","properties":{"s":0.8,"t":0},"geometry":{"type":"Point","coordinates":[76.984028,8.613664]}},{"type":"Feature","properties":{"s":1.29,"t":0},"geometry":{"type":"Point","coordinates":[76.984243,8.613846]}},{"type":"Feature","properties":{"s":1.29,"t":1},"geometry":{"type":"Point","coordinates":[76.984678,8.613799]}},{"type":"Feature","properties":{"s":1.26,"t":1},"geometry":{"type":"Point","coordinates":[76.989843,8.613949]}},{"type":"Feature","properties":{"s":1.23,"t":0},"geometry":{"type":"Point","coordinates":[76.991341,8.613931]}},{"type":"Feature","properties":{"s":0.73,"t":0},"geometry":{"type":"Point","coordinates":[76.992074,8.613791]}},{"type":"Feature","properties":{"s":1.04,"t":0},"geometry":{"type":"Point","coordinates":[76.999275,8.613793]}},{"type":"Feature","properties":{"s":1.11,"t":1},"geometry":{"type":"Point","coordinates":[77.003533,8.61393]}},{"type":"Feature","properties":{"s":0.88,"t":0},"geometry":{"type":"Point","coordinates":[77.006113,8.613785]}},{"type":"Feature","properties":{"s":1.1,"t":1},"geometry":{"type":"Point","coordinates":[77.010144,8.613786]}},{"type":"Feature","properties":{"s":0.8,"t":0},"geometry":{"type":"Point","coordinates":[77.010579,8.613887]}},{"type":"Feature","properties":{"s":1.24,"t":1},"geometry":{"type":"Point","coordinates":[77.011812,8.613843]}},{"type":"Feature","properties":{"s":1.14,"t":0},"geometry":{"type":"Point","coordinates":[77.013734,8.613737]}},{"type":"Feature","properties":{"s":1.32,"t":1},"geometry":{"type":"Point","coordinates":[77.014035,8.613921]}},{"type":"Feature","properties":{"s":1.02,"t":1},"geometry":{"type":"Point","coordinates":[77.014913,8.613794]}},{"type":"Feature","properties":{"s":1.1,"t":1},"geometry":{"type":"Point","coordinates":[77.016106,8.613969]}},{"type":"Feature","properties":{"s":0.93,"t":1},"geometry":{"type":"Point","coordinates":[77.018674,8.613821]}},{"type":"Feature","properties":{"s":1.26,"t":0},"geometry":{"type":"Point","coordinates":[77.020447,8.613722]}},{"type":"Feature","properties":{"s":1.29,"t":0},"geometry":{"type":"Point","coordinates":[77.020731,8.613887]}},{"type":"Feature","properties":{"s":1.06,"t":1},"geometry":{"type":"Point","coordinates":[77.021548,8.613822]}},{"type":"Feature","properties":{"s":1.1,"t":1},"geometry":{"type":"Point","coordinates":[77.021863,8.613735]}},{"type":"Feature","properties":{"s":0.75,"t":0},"geometry":{"type":"Point","coordinates":[77.022438,8.613915]}},{"type":"Feature","properties":{"s":1.19,"t":0},"geometry":{"type":"Point","coordinates":[77.025748,8.613834]}},{"type":"Feature","properties":{"s":1.01,"t":1},"geometry":{"type":"Point","coordinates":[77.027587,8.61383]}},{"type":"Feature","properties":{"s":0.96,"t":1},"geometry":{"type":"Point","coordinates":[77.027774,8.613978]}},{"type":"Feature","properties":{"s":1.12,"t":0},"geometry":{"type":"Point","coordinates":[77.028726,8.613748]}},{"type":"Feature","properties":{"s":0.97,"t":0},"geometry":{"type":"Point","coordinates":[77.030297,8.613869]}},{"type":"Feature","properties":{"s":1.08,"t":1},"geometry":{"type":"Point","coordinates":[77.030854,8.613695]}},{"type":"Feature","properties":{"s":1.15,"t":0},"geometry":{"type":"Point","coordinates":[77.031153,8.613671]}},{"type":"Feature","properties":{"s":0.73,"t":1},"geometry":{"type":"Point","coordinates":[77.03203,8.613939]}},{"type":"Feature","properties":{"s":0.92,"t":1},"geometry":{"type":"Point","coordinates":[77.032835,8.613934]}},{"type":"Feature","properties":{"s":1.1,"t":0},"geometry":{"type":"Point","coordinates":[77.033399,8.61372]}},{"type":"Feature","properties":{"s":0.79,"t":1},"geometry":{"type":"Point","coordinates":[76.959811,8.614322]}},{"type":"Feature","properties":{"s":0.81,"t":1},"geometry":{"type":"Point","coordinates":[76.960724,8.614148]}},{"type":"Feature","properties":{"s":1.16,"t":1},"geometry":{"type":"Point","coordinates":[76.962319,8.61417]}},{"type":"Feature","properties":{"s":1.14,"t":1},"geometry":{"type":"Point","coordinates":[76.963324,8.614066]}},{"type":"Feature","properties":{"s":0.84,"t":0},"geometry":{"type":"Point","coordinates":[76.96401,8.614104]}},{"type":"Feature","properties":{"s":1.12,"t":0},"geometry":{"type":"Point","coordinates":[76.964405,8.614269]}},{"type":"Feature","properties":{"s":0.72,"t":0},"geometry":{"type":"Point","coordinates":[76.964668,8.614174]}},{"type":"Feature","properties":{"s":1.0,"t":1},"geometry":{"type":"Point","coordinates":[76.966457,8.614082]}},{"type":"Feature","properties":{"s":0.9,"t":0},"geometry":{"type":"Point","coordinates":[76.966713,8.614145]}},{"type":"Feature","properties":{"s":0.91,"t":0},"geometry":{"type":"Point","coordinates":[76.967578,8.614131]}},{"type":"Feature","properties":{"s":0.83,"t":1},"geometry":{"type":"Point","coordinates":[76.970545,8.614321]}},{"type":"Feature","properties":{"s":1.22,"t":1},"geometry":{"type":"Point","coordinates":[76.971025,8.614252]}},{"type":"Feature","properties":{"s":1.34,"t":0},"geometry":{"type":"Point","coordinates":[76.971342,8.614288]}},{"type":"Feature","properties":{"s":0.99,"t":1},"geometry":{"type":"Point","coordinates":[76.972375,8.614169]}},{"type":"Feature","properties":{"s":1.28,"t":0},"geometry":{"type":"Point","coordinates":[76.972752,8.614247]}},{"type":"Feature","properties":{"s":0.84,"t":0},"geometry":{"type":"Point","coordinates":[76.973231,8.614276]}},{"type":"Feature","properties":{"s":0.82,"t":0},"geometry":{"type":"Point","coordinates":[76.97651,8.614289]}},{"type":"Feature","properties":{"s":1.32,"t":0},"geometry":{"type":"Point","coordinates":[76.976752,8.614274]}},{"type":"Feature","properties":{"s":1.1,"t":1},"geometry":{"type":"Point","coordinates":[76.978618,8.614321]}},{"type":"Feature","properties":{"s":1.08,"t":1},"geometry":{"type":"Point","coordinates":[76.979819,8.614146]}},{"type":"Feature","properties":{"s":1.23,"t":1},"geometry":{"type":"Point","coordinates":[76.980363,8.614208]}},{"type":"Feature","properties":{"s":0.91,"t":0},"geometry":{"type":"Point","coordinates":[76.981504,8.614171]}},{"type":"Feature","properties":{"s":0.83,"t":1},"geometry":{"type":"Point","coordinates":[76.981927,8.614083]}},{"type":"Feature","properties":{"s":0.9,"t":0},"geometry":{"type":"Point","coordinates":[76.983078,8.614397]}},{"type":"Feature","properties":{"s":0.84,"t":1},"geometry":{"type":"Point","coordinates":[76.983961,8.61438]}},{"type":"Feature","properties":{"s":0.76,"t":0},"geometry":{"type":"Point","coordinates":[76.988118,8.614141]}},{"type":"Feature","properties":{"s":1.09,"t":1},"geometry":{"type":"Point","coordinates":[76.988819,8.614166]}},{"type":"Feature","properties":{"s":1.25,"t":0},"geometry":{"type":"Point","coordinates":[76.999342,8.614077]}},{"type":"Feature","properties":{"s":0.88,"t":1},"geometry":{"type":"Point","coordinates":[77.003684,8.614071]}},{"type":"Feature","properties":{"s":0.79,"t":1},"geometry":{"type":"Point","coordinates":[77.007424,8.614081]}},{"type":"Feature","properties":{"s":0.96,"t":1},"geometry":{"type":"Point","coordinates":[77.008728,8.614242]}},{"type":"Feature","properties":{"s":0.96,"t":0},"geometry":{"type":"Point","coordinates":[77.010846,8.61411]}},{"type":"Feature","properties":{"s":0.94,"t":1},"geometry":{"type":"Point","coordinates":[77.011194,8.614254]}},{"type":"Feature","properties":{"s":0.89,"t":0},"geometry":{"type":"Point","coordinates":[77.013823,8.614336]}},{"type":"Feature","properties":{"s":0.75,"t":1},"geometry":{"type":"Point","coordinates":[77.01424,8.614408]}},{"type":"Feature","properties":{"s":1.15,"t":0},"geometry":{"type":"Point","coordinates":[77.014471,8.614382]}},{"type":"Feature","properties":{"s":0.89,"t":1},"geometry":{"type":"Point","coordinates":[77.014843,8.614292]}},{"type":"Feature","properties":{"s":0.88,"t":1},"geometry":{"type":"Point","coordinates":[77.015286,8.61416]}},{"type":"Feature","properties":{"s":0.92,"t":0},"geometry":{"type":"Point","coordinates":[77.020647,8.614186]}},{"type":"Feature","properties":{"s":0.93,"t":0},"geometry":{"type":"Point","coordinates":[77.02127,8.614083]}},{"type":"Feature","properties":{"s":0.74,"t":1},"geometry":{"type":"Point","coordinates":[77.021514,8.614246]}},{"type":"Feature","properties":{"s":0.88,"t":1},"geometry":{"type":"Point","coordinates":[77.023243,8.614231]}},{"type":"Feature","properties":{"s":0.72,"t":0},"geometry":{"type":"Point","coordinates":[77.024032,8.61411]}},{"type":"Feature","properties":{"s":0.79,"t":0},"geometry":{"type":"Point","coordinates":[77.02493,8.614409]}},{"type":"Feature","properties":{"s":0.75,"t":0},"geometry":{"type":"Point","coordinates":[77.025903,8.614164]}},{"type":"Feature","properties":{"s":1.05,"t":0},"geometry":{"type":"Point","coordinates":[77.027525,8.614408]}},{"type":"Feature","properties":{"s":0.74,"t":1},"geometry":{"type":"Point","coordinates":[77.029506,8.61431]}},{"type":"Feature","properties":{"s":0.79,"t":0},"geometry":{"type":"Point","coordinates":[77.030361,8.614411]}},{"type":"Feature","properties":{"s":1.09,"t":1},"geometry":{"type":"Point","coordinates":[77.031179,8.61407]}},{"type":"Feature","properties":{"s":0.8,"t":0},"geometry":{"type":"Point","coordinates":[77.031781,8.614211]}},{"type":"Feature","properties":{"s":1.32,"t":0},"geometry":{"type":"Point","coordinates":[77.031867,8.61421]}},{"type":"Feature","properties":{"s":0.94,"t":1},"geometry":{"type":"Point","coordinates":[77.032383,8.614391]}},{"type":"Feature","properties":{"s":1.32,"t":1},"geometry":{"type":"Point","coordinates":[77.032828,8.614261]}},{"type":"Feature","properties":{"s":0.9,"t":0},"geometry":{"type":"Point","coordinates":[77.033761,8.614294]}},{"type":"Feature","properties":{"s":1.32,"t":0},"geometry":{"type":"Point","coordinates":[77.034105,8.61412]}},{"type":"Feature","properties":{"s":0.72,"t":1},"geometry":{"type":"Point","coordinates":[76.95961,8.61469]}},{"type":"Feature","properties":{"s":0.84,"t":1},"geometry":{"type":"Point","coordinates":[76.959981,8.614672]}},{"type":"Feature","properties":{"s":1.33,"t":1},"geometry":{"type":"Point","coordinates":[76.961766,8.614651]}},{"type":"Feature","properties":{"s":1.28,"t":0},"geometry":{"type":"Point","coordinates":[76.962189,8.614741]}},{"type":"Feature","properties":{"s":0.92,"t":1},"geometry":{"type":"Point","coordinates":[76.966294,8.614743]}},{"type":"Feature","properties":{"s":1.04,"t":1},"geometry":{"type":"Point","coordinates":[76.966732,8.614508]}},{"type":"Feature","properties":{"s":0.96,"t":0},"geometry":{"type":"Point","coordinates":[76.968165,8.614723]}},{"type":"Feature","properties":{"s":1.07,"t":0},"geometry":{"type":"Point","coordinates":[76.968355,8.614625]}},{"type":"Feature","properties":{"s":0.74,"t":1},"geometry":{"type":"Point","coordinates":[76.969927,8.614811]}},{"type":"Feature","properties":{"s":0.92,"t":1},"geometry":{"type":"Point","coordinates":[76.97036,8.614632]}},{"type":"Feature","properties":{"s":0.94,"t":1},"geometry":{"type":"Point","coordinates":[76.9711,8.614497]}},{"type":"Feature","properties":{"s":1.34,"t":1},"geometry":{"type":"Point","coordinates":[76.97135,8.614769]}},{"type":"Feature","properties":{"s":1.05,"t":0},"geometry":{"type":"Point","coordinates":[76.971693,8.614665]}},{"type":"Feature","properties":{"s":1.18,"t":0},"geometry":{"type":"Point","coordinates":[76.973367,8.614771]}},{"type":"Feature","properties":{"s":0.84,"t":1},"geometry":{"type":"Point","coordinates":[76.973939,8.614826]}},{"type":"Feature","properties":{"s":0.75,"t":1},"geometry":{"type":"Point","coordinates":[76.975194,8.614742]}},{"type":"Feature","properties":{"s":1.14,"t":1},"geometry":{"type":"Point","coordinates":[76.975892,8.614638]}},{"type":"Feature","properties":{"s":0.81,"t":1},"geometry":{"type":"Point","coordinates":[76.97644,8.61474]}},{"type":"Feature","properties":{"s":1.32,"t":1},"geometry":{"type":"Point","coordinates":[76.976935,8.614617]}},{"type":"Feature","properties":{"s":1.15,"t":0},"geometry":{"type":"Point","coordinates":[76.977129,8.61457]}},{"type":"Feature","properties":{"s":1.22,"t":1},"geometry":{"type":"Point","coordinates":[76.978719,8.614787]}},{"type":"Feature","properties":{"s":1.28,"t":0},"geometry":{"type":"Point","coordinates":[76.978855,8.614715]}},{"type":"Feature","properties":{"s":0.79,"t":0},"geometry":{"type":"Point","coordinates":[76.979314,8.614784]}},{"type":"Feature","properties":{"s":0.95,"t":0},"geometry":{"type":"Point","coordinates":[76.982664,8.614819]}},{"type":"Feature","properties":{"s":0.86,"t":0},"geometry":{"type":"Point","coordinates":[76.983677,8.614684]}},{"type":"Feature","properties":{"s":1.0,"t":0},"geometry":{"type":"Point","coordinates":[76.999494,8.614506]}},{"type":"Feature","properties":{"s":1.33,"t":0},"geometry":{"type":"Point","coordinates":[77.008525,8.614632]}},{"type":"Feature","properties":{"s":1.16,"t":0},"geometry":{"type":"Point","coordinates":[77.009576,8.614555]}},{"type":"Feature","properties":{"s":0.81,"t":1},"geometry":{"type":"Point","coordinates":[77.009961,8.614695]}},{"type":"Feature","properties":{"s":1.03,"t":0},"geometry":{"type":"Point","coordinates":[77.010306,8.614639]}},{"type":"Feature","properties":{"s":0.75,"t":1},"geometry":{"type":"Point","coordinates":[77.010628,8.614801]}},{"type":"Feature","properties":{"s":1.05,"t":1},"geometry":{"type":"Point","coordinates":[77.01108,8.614767]}},{"type":"Feature","properties":{"s":1.31,"t":1},"geometry":{"type":"Point","coordinates":[77.011534,8.614596]}},{"type":"Feature","properties":{"s":0.89,"t":1},"geometry":{"type":"Point","coordinates":[77.012839,8.614724]}},{"type":"Feature","properties":{"s":0.81,"t":0},"geometry":{"type":"Point","coordinates":[77.013222,8.614481]}},{"type":"Feature","properties":{"s":0.87,"t":0},"geometry":{"type":"Point","coordinates":[77.013648,8.614753]}},{"type":"Feature","properties":{"s":1.09,"t":1},"geometry":{"type":"Point","coordinates":[77.014431,8.614745]}},{"type":"Feature","properties":{"s":0.73,"t":0},"geometry":{"type":"Point","coordinates":[77.020472,8.614735]}},{"type":"Feature","properties":{"s":1.19,"t":1},"geometry":{"type":"Point","coordinates":[77.020922,8.614518]}},{"type":"Feature","properties":{"s":1.21,"t":1},"geometry":{"type":"Point","coordinates":[77.021017,8.614675]}},{"type":"Feature","properties":{"s":1.32,"t":0},"geometry":{"type":"Point","coordinates":[77.021882,8.614611]}},{"type":"Feature","properties":{"s":1.07,"t":1},"geometry":{"type":"Point","coordinates":[77.023402,8.614763]}},{"type":"Feature","properties":{"s":1.04,"t":1},"geometry":{"type":"Point","coordinates":[77.024528,8.614545]}},{"type":"Feature","properties":{"s":0.91,"t":1},"geometry":{"type":"Point","coordinates":[77.024988,8.614702]}},{"type":"Feature","properties":{"s":0.73,"t":0},"geometry":{"type":"Point","coordinates":[77.025221,8.614823]}},{"type":"Feature","properties":{"s":1.18,"t":0},"geometry":{"type":"Point","coordinates":[77.026454,8.614628]}},{"type":"Feature","properties":{"s":1.33,"t":0},"geometry":{"type":"Point","coordinates":[77.027277,8.614825]}},{"type":"Feature","properties":{"s":1.25,"t":0},"geometry":{"type":"Point","coordinates":[77.02795,8.614692]}},{"type":"Feature","properties":{"s":0.88,"t":0},"geometry":{"type":"Point","coordinates":[77.028321,8.614773]}},{"type":"Feature","properties":{"s":1.09,"t":1},"geometry":{"type":"Point","coordinates":[77.028679,8.614665]}},{"type":"Feature","properties":{"s":0.99,"t":0},"geometry":{"type":"Point","coordinates":[77.029008,8.614596]}},{"type":"Feature","properties":{"s":1.16,"t":0},"geometry":{"type":"Point","coordinates":[77.029627,8.614518]}},{"type":"Feature","properties":{"s":0.75,"t":1},"geometry":{"type":"Point","coordinates":[77.030441,8.614698]}},{"type":"Feature","properties":{"s":1.17,"t":1},"geometry":{"type":"Point","coordinates":[77.030898,8.61465]}},{"type":"Feature","properties":{"s":1.33,"t":1},"geometry":{"type":"Point","coordinates":[77.031283,8.614796]}},{"type":"Feature","properties":{"s":1.34,"t":0},"geometry":{"type":"Point","coordinates":[77.032608,8.614565]}},{"type":"Feature","properties":{"s":0.93,"t":1},"geometry":{"type":"Point","coordinates":[77.032974,8.614495]}},{"type":"Feature","properties":{"s":0.97,"t":1},"geometry":{"type":"Point","coordinates":[77.03459,8.614549]}},{"type":"Feature","properties":{"s":0.82,"t":0},"geometry":{"type":"Point","coordinates":[77.034842,8.614809]}},{"type":"Feature","properties":{"s":1.13,"t":0},"geometry":{"type":"Point","coordinates":[76.958476,8.614921]}},{"type":"Feature","properties":{"s":0.82,"t":0},"geometry":{"type":"Point","coordinates":[76.958905,8.615159]}},{"type":"Feature","properties":{"s":0.87,"t":0},"geometry":{"type":"Point","coordinates":[76.959876,8.61524]}},{"type":"Feature","properties":{"s":1.28,"t":1},"geometry":{"type":"Point","coordinates":[76.960488,8.615052]}},{"type":"Feature","properties":{"s":1.24,"t":0},"geometry":{"type":"Point","coordinates":[76.963592,8.615173]}},{"type":"Feature","properties":{"s":1.0,"t":1},"geometry":{"type":"Point","coordinates":[76.964457,8.615143]}},{"type":"Feature","properties":{"s":1.31,"t":0},"geometry":{"type":"Point","coordinates":[76.966934,8.61516]}},{"type":"Feature","properties":{"s":0.98,"t":0},"geometry":{"type":"Point","coordinates":[76.967206,8.614997]}},{"type":"Feature","properties":{"s":0.89,"t":0},"geometry":{"type":"Point","coordinates":[76.968017,8.615062]}},{"type":"Feature","properties":{"s":1.09,"t":1},"geometry":{"type":"Point","coordinates":[76.968403,8.614916]}},{"type":"Feature","properties":{"s":1.3,"t":0},"geometry":{"type":"Point","coordinates":[76.969286,8.615179]}},{"type":"Feature","properties":{"s":0.88,"t":0},"geometry":{"type":"Point","coordinates":[76.96981,8.615211]}},{"type":"Feature","properties":{"s":1.24,"t":0},"geometry":{"type":"Point","coordinates":[76.970253,8.615103]}},{"type":"Feature","properties":{"s":1.19,"t":1},"geometry":{"type":"Point","coordinates":[76.972745,8.615073]}},{"type":"Feature","properties":{"s":1.33,"t":1},"geometry":{"type":"Point","coordinates":[76.972934,8.615114]}},{"type":"Feature","properties":{"s":1.21,"t":0},"geometry":{"type":"Point","coordinates":[76.973862,8.615034]}},{"type":"Feature","properties":{"s":0.83,"t":0},"geometry":{"type":"Point","coordinates":[76.974187,8.615205]}},{"type":"Feature","properties":{"s":1.15,"t":0},"geometry":{"type":"Point","coordinates":[76.975532,8.615127]}},{"type":"Feature","properties":{"s":0.73,"t":1},"geometry":{"type":"Point","coordinates":[76.976394,8.615057]}},{"type":"Feature","properties":{"s":0.95,"t":1},"geometry":{"type":"Point","coordinates":[76.976692,8.614893]}},{"type":"Feature","properties":{"s":1.32,"t":1},"geometry":{"type":"Point","coordinates":[76.977626,8.615014]}},{"type":"Feature","properties":{"s":1.02,"t":0},"geometry":{"type":"Point","coordinates":[76.978666,8.614945]}},{"type":"Feature","properties":{"s":0.89,"t":1},"geometry":{"type":"Point","coordinates":[76.980156,8.615109]}},{"type":"Feature","properties":{"s":1.28,"t":0},"geometry":{"type":"Point","coordinates":[76.980926,8.614931]}},{"type":"Feature","properties":{"s":1.26,"t":0},"geometry":{"type":"Point","coordinates":[76.9814,8.614983]}},{"type":"Feature","properties":{"s":1.34,"t":1},"geometry":{"type":"Point","coordinates":[76.981831,8.615027]}},{"type":"Feature","properties":{"s":0.76,"t":1},"geometry":{"type":"Point","coordinates":[76.983901,8.615157]}},{"type":"Feature","properties":{"s":1.26,"t":0},"geometry":{"type":"Point","coordinates":[76.984507,8.614895]}},{"type":"Feature","properties":{"s":1.03,"t":0},"geometry":{"type":"Point","coordinates":[76.984822,8.614997]}},{"type":"Feature","properties":{"s":0.72,"t":0},"geometry":{"type":"Point","coordinates":[76.986484,8.615023]}},{"type":"Feature","properties":{"s":1.14,"t":0},"geometry":{"type":"Point","coordinates":[76.986787,8.61492]}},{"type":"Feature","properties":{"s":1.0,"t":0},"geometry":{"type":"Point","coordinates":[76.987256,8.615059]}},{"type":"Feature","properties":{"s":1.23,"t":1},"geometry":{"type":"Point","coordinates":[76.999607,8.615158]}},{"type":"Feature","properties":{"s":1.07,"t":1},"geometry":{"type":"Point","coordinates":[77.000392,8.615097]}},{"type":"Feature","properties":{"s":1.14,"t":1},"geometry":{"type":"Point","coordinates":[77.000571,8.614935]}},{"type":"Feature","properties":{"s":1.02,"t":1},"geometry":{"type":"Point","coordinates":[77.008718,8.615175]}},{"type":"Feature","properties":{"s":1.14,"t":1},"geometry":{"type":"Point","coordinates":[77.009027,8.615003]}},{"type":"Feature","properties":{"s":1.22,"t":0},"geometry":{"type":"Point","coordinates":[77.00937,8.614954]}},{"type":"Feature","properties":{"s":0.98,"t":1},"geometry":{"type":"Point","coordinates":[77.009836,8.615081]}},{"type":"Feature","properties":{"s":1.01,"t":0},"geometry":{"type":"Point","coordinates":[77.010323,8.615127]}},{"type":"Feature","properties":{"s":0.75,"t":1},"geometry":{"type":"Point","coordinates":[77.010772,8.615117]}},{"type":"Feature","properties":{"s":1.0,"t":0},"geometry":{"type":"Point","coordinates":[77.011187,8.615139]}},{"type":"Feature","properties":{"s":1.27,"t":0},"geometry":{"type":"Point","coordinates":[77.011594,8.615133]}},{"type":"Feature","properties":{"s":0.99,"t":0},"geometry":{"type":"Point","coordinates":[77.012384,8.615055]}},{"type":"Feature","properties":{"s":1.15,"t":0},"geometry":{"type":"Point","coordinates":[77.012932,8.615177]}},{"type":"Feature","properties":{"s":0.74,"t":0},"geometry":{"type":"Point","coordinates":[77.01308,8.615239]}},{"type":"Feature","properties":{"s":1.34,"t":0},"geometry":{"type":"Point","coordinates":[77.013806,8.615075]}},{"type":"Feature","properties":{"s":1.1,"t":1},"geometry":{"type":"Point","coordinates":[77.014028,8.615087]}},{"type":"Feature","properties":{"s":1.12,"t":1},"geometry":{"type":"Point","coordinates":[77.014365,8.615119]}},{"type":"Feature","properties":{"s":1.12,"t":0},"geometry":{"type":"Point","coordinates":[77.0166,8.615105]}},{"type":"Feature","properties":{"s":1.01,"t":1},"geometry":{"type":"Point","coordinates":[77.018706,8.615083]}},{"type":"Feature","properties":{"s":1.03,"t":0},"geometry":{"type":"Point","coordinates":[77.020486,8.615178]}},{"type":"Feature","properties":{"s":1.27,"t":0},"geometry":{"type":"Point","coordinates":[77.020584,8.614994]}},{"type":"Feature","properties":{"s":1.06,"t":1},"geometry":{"type":"Point","coordinates":[77.021179,8.61505]}},{"type":"Feature","properties":{"s":0.96,"t":0},"geometry":{"type":"Point","coordinates":[77.021649,8.615222]}},{"type":"Feature","properties":{"s":0.82,"t":0},"geometry":{"type":"Point","coordinates":[77.021963,8.615039]}},{"type":"Feature","properties":{"s":0.79,"t":0},"geometry":{"type":"Point","coordinates":[77.022833,8.614962]}},{"type":"Feature","properties":{"s":0.82,"t":0},"geometry":{"type":"Point","coordinates":[77.02572,8.615173]}},{"type":"Feature","properties":{"s":1.07,"t":0},"geometry":{"type":"Point","coordinates":[77.026078,8.615085]}},{"type":"Feature","properties":{"s":0.84,"t":1},"geometry":{"type":"Point","coordinates":[77.026428,8.615065]}},{"type":"Feature","properties":{"s":1.12,"t":0},"geometry":{"type":"Point","coordinates":[77.026903,8.615184]}},{"type":"Feature","properties":{"s":1.28,"t":0},"geometry":{"type":"Point","coordinates":[77.027448,8.614916]}},{"type":"Feature","properties":{"s":1.18,"t":0},"geometry":{"type":"Point","coordinates":[77.027982,8.615238]}},{"type":"Feature","properties":{"s":0.81,"t":0},"geometry":{"type":"Point","coordinates":[77.028252,8.615209]}},{"type":"Feature","properties":{"s":1.06,"t":1},"geometry":{"type":"Point","coordinates":[77.02872,8.615012]}},{"type":"Feature","properties":{"s":0.85,"t":1},"geometry":{"type":"Point","coordinates":[77.029917,8.615219]}},{"type":"Feature","properties":{"s":0.99,"t":0},"geometry":{"type":"Point","coordinates":[77.030281,8.615202]}},{"type":"Feature","properties":{"s":1.16,"t":1},"geometry":{"type":"Point","coordinates":[77.030816,8.61517]}},{"type":"Feature","properties":{"s":0.94,"t":0},"geometry":{"type":"Point","coordinates":[77.031117,8.615094]}},{"type":"Feature","properties":{"s":1.0,"t":0},"geometry":{"type":"Point","coordinates":[77.03228,8.615041]}},{"type":"Feature","properties":{"s":0.94,"t":0},"geometry":{"type":"Point","coordinates":[77.033204,8.615048]}},{"type":"Feature","properties":{"s":1.19,"t":0},"geometry":{"type":"Point","coordinates":[77.033642,8.614995]}},{"type":"Feature","properties":{"s":0.88,"t":1},"geometry":{"type":"Point","coordinates":[77.034554,8.615006]}},{"type":"Feature","properties":{"s":0.92,"t":1},"geometry":{"type":"Point","coordinates":[77.034791,8.614951]}},{"type":"Feature","properties":{"s":1.06,"t":1},"geometry":{"type":"Point","coordinates":[77.035413,8.615081]}},{"type":"Feature","properties":{"s":0.86,"t":0},"geometry":{"type":"Point","coordinates":[76.958507,8.615353]}},{"type":"Feature","properties":{"s":1.2,"t":0},"geometry":{"type":"Point","coordinates":[76.958981,8.615394]}},{"type":"Feature","properties":{"s":0.95,"t":1},"geometry":{"type":"Point","coordinates":[76.95943,8.615572]}},{"type":"Feature","properties":{"s":1.33,"t":0},"geometry":{"type":"Point","coordinates":[76.959631,8.61544]}},{"type":"Feature","properties":{"s":0.89,"t":1},"geometry":{"type":"Point","coordinates":[76.960204,8.615335]}},{"type":"Feature","properties":{"s":1.02,"t":0},"geometry":{"type":"Point","coordinates":[76.961698,8.615649]}},{"type":"Feature","properties":{"s":0.89,"t":0},"geometry":{"type":"Point","coordinates":[76.962654,8.61562]}},{"type":"Feature","properties":{"s":0.9,"t":0},"geometry":{"type":"Point","coordinates":[76.963213,8.615495]}},{"type":"Feature","properties":{"s":0.88,"t":0},"geometry":{"type":"Point","coordinates":[76.96347,8.615621]}},{"type":"Feature","properties":{"s":0.98,"t":1},"geometry":{"type":"Point","coordinates":[76.96401,8.615372]}},{"type":"Feature","properties":{"s":0.92,"t":0},"geometry":{"type":"Point","coordinates":[76.967607,8.615358]}},{"type":"Feature","properties":{"s":0.73,"t":1},"geometry":{"type":"Point","coordinates":[76.969742,8.615406]}},{"type":"Feature","properties":{"s":0.82,"t":0},"geometry":{"type":"Point","coordinates":[76.973611,8.615452]}},{"type":"Feature","properties":{"s":1.26,"t":0},"geometry":{"type":"Point","coordinates":[76.973854,8.615577]}},{"type":"Feature","properties":{"s":1.18,"t":1},"geometry":{"type":"Point","coordinates":[76.975606,8.615389]}},{"type":"Feature","properties":{"s":1.27,"t":0},"geometry":{"type":"Point","coordinates":[76.976402,8.615499]}},{"type":"Feature","properties":{"s":0.77,"t":1},"geometry":{"type":"Point","coordinates":[76.976984,8.615317]}},{"type":"Feature","properties":{"s":0.97,"t":0},"geometry":{"type":"Point","coordinates":[76.979761,8.615636]}},{"type":"Feature","properties":{"s":0.98,"t":0},"geometry":{"type":"Point","coordinates":[76.980167,8.615348]}},{"type":"Feature","properties":{"s":1.22,"t":0},"geometry":{"type":"Point","coordinates":[76.980585,8.61562]}},{"type":"Feature","properties":{"s":0.85,"t":1},"geometry":{"type":"Point","coordinates":[76.980921,8.615558]}},{"type":"Feature","properties":{"s":0.77,"t":1},"geometry":{"type":"Point","coordinates":[76.982026,8.615367]}},{"type":"Feature","properties":{"s":1.32,"t":1},"geometry":{"type":"Point","coordinates":[76.982369,8.615363]}},{"type":"Feature","properties":{"s":1.18,"t":0},"geometry":{"type":"Point","coordinates":[76.982995,8.615411]}},{"type":"Feature","properties":{"s":1.13,"t":0},"geometry":{"type":"Point","coordinates":[76.984002,8.615514]}},{"type":"Feature","properties":{"s":1.24,"t":0},"geometry":{"type":"Point","coordinates":[76.984475,8.615476]}},{"type":"Feature","properties":{"s":1.26,"t":1},"geometry":{"type":"Point","coordinates":[76.985667,8.615507]}},{"type":"Feature","properties":{"s":1.28,"t":1},"geometry":{"type":"Point","coordinates":[76.998673,8.615379]}},{"type":"Feature","properties":{"s":1.3,"t":0},"geometry":{"type":"Point","coordinates":[77.000402,8.61536]}},{"type":"Feature","properties":{"s":0.95,"t":0},"geometry":{"type":"Point","coordinates":[77.000578,8.615315]}},{"type":"Feature","properties":{"s":1.1,"t":0},"geometry":{"type":"Point","coordinates":[77.005359,8.615348]}},{"type":"Feature","properties":{"s":1.16,"t":1},"geometry":{"type":"Point","coordinates":[77.005976,8.615466]}},{"type":"Feature","properties":{"s":1.08,"t":1},"geometry":{"type":"Point","coordinates":[77.010002,8.61558]}},{"type":"Feature","properties":{"s":0.76,"t":0},"geometry":{"type":"Point","coordinates":[77.010459,8.61561]}},{"type":"Feature","properties":{"s":1.28,"t":0},"geometry":{"type":"Point","coordinates":[77.010768,8.615338]}},{"type":"Feature","properties":{"s":1.17,"t":1},"geometry":{"type":"Point","coordinates":[77.011239,8.615449]}},{"type":"Feature","properties":{"s":0.84,"t":1},"geometry":{"type":"Point","coordinates":[77.011457,8.615325]}},{"type":"Feature","properties":{"s":0.73,"t":1},"geometry":{"type":"Point","coordinates":[77.012476,8.615598]}},{"type":"Feature","properties":{"s":1.23,"t":0},"geometry":{"type":"Point","coordinates":[77.012763,8.615446]}},{"type":"Feature","properties":{"s":0.81,"t":0},"geometry":{"type":"Point","coordinates":[77.013273,8.615412]}},{"type":"Feature","properties":{"s":0.89,"t":1},"geometry":{"type":"Point","coordinates":[77.015913,8.615603]}},{"type":"Feature","properties":{"s":0.85,"t":1},"geometry":{"type":"Point","coordinates":[77.020478,8.615556]}},{"type":"Feature","properties":{"s":0.95,"t":1},"geometry":{"type":"Point","coordinates":[77.020667,8.615636]}},{"type":"Feature","properties":{"s":0.99,"t":0},"geometry":{"type":"Point","coordinates":[77.021017,8.615372]}},{"type":"Feature","properties":{"s":1.04,"t":1},"geometry":{"type":"Point","coordinates":[77.021977,8.615397]}},{"type":"Feature","properties":{"s":0.97,"t":1},"geometry":{"type":"Point","coordinates":[77.022678,8.615587]}},{"type":"Feature","properties":{"s":1.19,"t":0},"geometry":{"type":"Point","coordinates":[77.023146,8.615625]}},{"type":"Feature","properties":{"s":0.92,"t":0},"geometry":{"type":"Point","coordinates":[77.025524,8.615598]}},{"type":"Feature","properties":{"s":1.25,"t":1},"geometry":{"type":"Point","coordinates":[77.025889,8.615395]}},{"type":"Feature","properties":{"s":0.83,"t":0},"geometry":{"type":"Point","coordinates":[77.026231,8.615559]}},{"type":"Feature","properties":{"s":1.27,"t":0},"geometry":{"type":"Point","coordinates":[77.026688,8.615452]}},{"type":"Feature","properties":{"s":0.91,"t":0},"geometry":{"type":"Point","coordinates":[77.027046,8.615496]}},{"type":"Feature","properties":{"s":0.92,"t":0},"geometry":{"type":"Point","coordinates":[77.027315,8.615538]}},{"type":"Feature","properties":{"s":1.06,"t":1},"geometry":{"type":"Point","coordinates":[77.028409,8.615339]}},{"type":"Feature","properties":{"s":1.22,"t":1},"geometry":{"type":"Point","coordinates":[77.028638,8.615479]}},{"type":"Feature","properties":{"s":0.74,"t":1},"geometry":{"type":"Point","coordinates":[77.029445,8.615402]}},{"type":"Feature","properties":{"s":1.27,"t":0},"geometry":{"type":"Point","coordinates":[77.030095,8.615454]}},{"type":"Feature","properties":{"s":1.32,"t":1},"geometry":{"type":"Point","coordinates":[77.030278,8.615318]}},{"type":"Feature","properties":{"s":1.08,"t":1},"geometry":{"type":"Point","coordinates":[77.03066,8.615561]}},{"type":"Feature","properties":{"s":1.24,"t":1},"geometry":{"type":"Point","coordinates":[77.032214,8.615546]}},{"type":"Feature","properties":{"s":0.85,"t":0},"geometry":{"type":"Point","coordinates":[77.03331,8.615352]}},{"type":"Feature","properties":{"s":0.85,"t":1},"geometry":{"type":"Point","coordinates":[77.035263,8.615322]}},{"type":"Feature","properties":{"s":1.09,"t":0},"geometry":{"type":"Point","coordinates":[76.957585,8.615852]}},{"type":"Feature","properties":{"s":0.95,"t":0},"geometry":{"type":"Point","coordinates":[76.957899,8.615957]}},{"type":"Feature","properties":{"s":0.82,"t":1},"geometry":{"type":"Point","coordinates":[76.958382,8.615915]}},{"type":"Feature","properties":{"s":1.22,"t":0},"geometry":{"type":"Point","coordinates":[76.958956,8.615956]}},{"type":"Feature","properties":{"s":0.8,"t":1},"geometry":{"type":"Point","coordinates":[76.959276,8.615806]}},{"type":"Feature","properties":{"s":1.28,"t":0},"geometry":{"type":"Point","coordinates":[76.960197,8.616012]}},{"type":"Feature","properties":{"s":0.87,"t":0},"geometry":{"type":"Point","coordinates":[76.961158,8.616002]}},{"type":"Feature","properties":{"s":0.8,"t":0},"geometry":{"type":"Point","coordinates":[76.961463,8.615768]}},{"type":"Feature","properties":{"s":0.94,"t":1},"geometry":{"type":"Point","coordinates":[76.961746,8.615726]}},{"type":"Feature","properties":{"s":1.11,"t":0},"geometry":{"type":"Point","coordinates":[76.962163,8.616069]}},{"type":"Feature","properties":{"s":1.3,"t":0},"geometry":{"type":"Point","coordinates":[76.963324,8.615884]}},{"type":"Feature","properties":{"s":0.91,"t":1},"geometry":{"type":"Point","coordinates":[76.964704,8.615833]}},{"type":"Feature","properties":{"s":1.09,"t":1},"geometry":{"type":"Point","coordinates":[76.965578,8.616014]}},{"type":"Feature","properties":{"s":1.2,"t":1},"geometry":{"type":"Point","coordinates":[76.969513,8.61602]}},{"type":"Feature","properties":{"s":0.98,"t":1},"geometry":{"type":"Point","coordinates":[76.969659,8.615934]}},{"type":"Feature","properties":{"s":1.23,"t":1},"geometry":{"type":"Point","coordinates":[76.970972,8.61597]}},{"type":"Feature","properties":{"s":0.94,"t":0},"geometry":{"type":"Point","coordinates":[76.971769,8.616009]}},{"type":"Feature","properties":{"s":1.19,"t":1},"geometry":{"type":"Point","coordinates":[76.973045,8.615867]}},{"type":"Feature","properties":{"s":1.07,"t":0},"geometry":{"type":"Point","coordinates":[76.973358,8.616046]}},{"type":"Feature","properties":{"s":1.0,"t":1},"geometry":{"type":"Point","coordinates":[76.974065,8.615963]}},{"type":"Feature","properties":{"s":0.8,"t":0},"geometry":{"type":"Point","coordinates":[76.97525,8.615949]}},{"type":"Feature","properties":{"s":0.86,"t":0},"geometry":{"type":"Point","coordinates":[76.975667,8.615927]}},{"type":"Feature","properties":{"s":0.99,"t":1},"geometry":{"type":"Point","coordinates":[76.975917,8.615923]}},{"type":"Feature","properties":{"s":0.94,"t":1},"geometry":{"type":"Point","coordinates":[76.976771,8.615976]}},{"type":"Feature","properties":{"s":1.03,"t":0},"geometry":{"type":"Point","coordinates":[76.980765,8.615735]}},{"type":"Feature","properties":{"s":1.13,"t":1},"geometry":{"type":"Point","coordinates":[76.981472,8.616065]}},{"type":"Feature","properties":{"s":1.21,"t":1},"geometry":{"type":"Point","coordinates":[76.983588,8.615748]}},{"type":"Feature","properties":{"s":1.12,"t":1},"geometry":{"type":"Point","coordinates":[76.984007,8.615816]}},{"type":"Feature","properties":{"s":1.26,"t":0},"geometry":{"type":"Point","coordinates":[76.985221,8.615746]}},{"type":"Feature","properties":{"s":1.16,"t":1},"geometry":{"type":"Point","coordinates":[77.000298,8.615749]}},{"type":"Feature","properties":{"s":0.87,"t":0},"geometry":{"type":"Point","coordinates":[77.002537,8.615777]}},{"type":"Feature","properties":{"s":0.95,"t":0},"geometry":{"type":"Point","coordinates":[77.007626,8.61594]}},{"type":"Feature","properties":{"s":0.84,"t":0},"geometry":{"type":"Point","coordinates":[77.008084,8.615854]}},{"type":"Feature","properties":{"s":0.84,"t":1},"geometry":{"type":"Point","coordinates":[77.009957,8.616034]}},{"type":"Feature","properties":{"s":0.99,"t":0},"geometry":{"type":"Point","coordinates":[77.010194,8.61584]}},{"type":"Feature","properties":{"s":0.95,"t":0},"geometry":{"type":"Point","coordinates":[77.010648,8.615938]}},{"type":"Feature","properties":{"s":1.25,"t":1},"geometry":{"type":"Point","coordinates":[77.012137,8.616018]}},{"type":"Feature","properties":{"s":0.73,"t":1},"geometry":{"type":"Point","coordinates":[77.013799,8.616044]}},{"type":"Feature","properties":{"s":0.87,"t":0},"geometry":{"type":"Point","coordinates":[77.014408,8.616001]}},{"type":"Feature","properties":{"s":1.2,"t":1},"geometry":{"type":"Point","coordinates":[77.014885,8.615778]}},{"type":"Feature","properties":{"s":1.06,"t":1},"geometry":{"type":"Point","coordinates":[77.015397,8.615789]}},{"type":"Feature","properties":{"s":0.87,"t":0},"geometry":{"type":"Point","coordinates":[77.015666,8.615726]}},{"type":"Feature","properties":{"s":0.99,"t":0},"geometry":{"type":"Point","coordinates":[77.017124,8.615784]}},{"type":"Feature","properties":{"s":0.97,"t":0},"geometry":{"type":"Point","coordinates":[77.017318,8.615955]}},{"type":"Feature","properties":{"s":1.33,"t":1},"geometry":{"type":"Point","coordinates":[77.020675,8.615792]}},{"type":"Feature","properties":{"s":1.15,"t":1},"geometry":{"type":"Point","coordinates":[77.021671,8.615771]}},{"type":"Feature","properties":{"s":0.81,"t":1},"geometry":{"type":"Point","coordinates":[77.021892,8.615779]}},{"type":"Feature","properties":{"s":0.85,"t":1},"geometry":{"type":"Point","coordinates":[77.022978,8.615804]}},{"type":"Feature","properties":{"s":0.99,"t":1},"geometry":{"type":"Point","coordinates":[77.023395,8.615902]}},{"type":"Feature","properties":{"s":1.07,"t":0},"geometry":{"type":"Point","coordinates":[77.023715,8.615833]}},{"type":"Feature","properties":{"s":1.1,"t":1},"geometry":{"type":"Point","coordinates":[77.024242,8.616074]}},{"type":"Feature","properties":{"s":1.17,"t":1},"geometry":{"type":"Point","coordinates":[77.024756,8.615982]}},{"type":"Feature","properties":{"s":0.83,"t":1},"geometry":{"type":"Point","coordinates":[77.026048,8.615952]}},{"type":"Feature","properties":{"s":1.16,"t":0},"geometry":{"type":"Point","coordinates":[77.026712,8.616041]}},{"type":"Feature","properties":{"s":0.73,"t":0},"geometry":{"type":"Point","coordinates":[77.029478,8.615852]}},{"type":"Feature","properties":{"s":0.86,"t":0},"geometry":{"type":"Point","coordinates":[77.030838,8.615817]}},{"type":"Feature","properties":{"s":1.21,"t":0},"geometry":{"type":"Point","coordinates":[77.03116,8.616068]}},{"type":"Feature","properties":{"s":1.09,"t":1},"geometry":{"type":"Point","coordinates":[77.031719,8.616037]}},{"type":"Feature","properties":{"s":0.87,"t":1},"geometry":{"type":"Point","coordinates":[77.031925,8.616073]}},{"type":"Feature","properties":{"s":1.21,"t":0},"geometry":{"type":"Point","coordinates":[77.032749,8.61599]}},{"type":"Feature","properties":{"s":1.09,"t":1},"geometry":{"type":"Point","coordinates":[77.033239,8.615756]}},{"type":"Feature","properties":{"s":1.02,"t":0},"geometry":{"type":"Point","coordinates":[77.03361,8.615999]}},{"type":"Feature","properties":{"s":0.88,"t":0},"geometry":{"type":"Point","coordinates":[77.034296,8.615988]}},{"type":"Feature","properties":{"s":1.25,"t":1},"geometry":{"type":"Point","coordinates":[76.95734,8.616462]}},{"type":"Feature","properties":{"s":0.96,"t":0},"geometry":{"type":"Point","coordinates":[76.957939,8.616213]}},{"type":"Feature","properties":{"s":0.78,"t":0},"geometry":{"type":"Point","coordinates":[76.95847,8.616291]}},{"type":"Feature","properties":{"s":1.32,"t":1},"geometry":{"type":"Point","coordinates":[76.958806,8.616327]}},{"type":"Feature","properties":{"s":1.34,"t":0},"geometry":{"type":"Point","coordinates":[76.959248,8.616417]}},{"type":"Feature","properties":{"s":1.01,"t":1},"geometry":{"type":"Point","coordinates":[76.960601,8.616192]}},{"type":"Feature","properties":{"s":1.18,"t":1},"geometry":{"type":"Point","coordinates":[76.960964,8.616466]}},{"type":"Feature","properties":{"s":1.05,"t":0},"geometry":{"type":"Point","coordinates":[76.961397,8.616232]}},{"type":"Feature","properties":{"s":0.81,"t":1},"geometry":{"type":"Point","coordinates":[76.962196,8.616219]}},{"type":"Feature","properties":{"s":0.76,"t":0},"geometry":{"type":"Point","coordinates":[76.963223,8.616409]}},{"type":"Feature","properties":{"s":0.91,"t":1},"geometry":{"type":"Point","coordinates":[76.963439,8.616488]}},{"type":"Feature","properties":{"s":1.23,"t":0},"geometry":{"type":"Point","coordinates":[76.964782,8.616254]}},{"type":"Feature","properties":{"s":0.89,"t":0},"geometry":{"type":"Point","coordinates":[76.966121,8.616294]}},{"type":"Feature","properties":{"s":1.23,"t":0},"geometry":{"type":"Point","coordinates":[76.966587,8.616183]}},{"type":"Feature","properties":{"s":1.3,"t":0},"geometry":{"type":"Point","coordinates":[76.966747,8.616213]}},{"type":"Feature","properties":{"s":1.19,"t":1},"geometry":{"type":"Point","coordinates":[76.969343,8.616296]}},{"type":"Feature","properties":{"s":0.86,"t":1},"geometry":{"type":"Point","coordinates":[76.970252,8.61628]}},{"type":"Feature","properties":{"s":0.88,"t":1},"geometry":{"type":"Point","coordinates":[76.970492,8.616172]}},{"type":"Feature","properties":{"s":0.86,"t":1},"geometry":{"type":"Point","coordinates":[76.971437,8.616292]}},{"type":"Feature","properties":{"s":0.78,"t":0},"geometry":{"type":"Point","coordinates":[76.973114,8.616278]}},{"type":"Feature","properties":{"s":0.88,"t":1},"geometry":{"type":"Point","coordinates":[76.974096,8.616376]}},{"type":"Feature","properties":{"s":0.89,"t":0},"geometry":{"type":"Point","coordinates":[76.974235,8.616389]}},{"type":"Feature","properties":{"s":0.74,"t":1},"geometry":{"type":"Point","coordinates":[76.975075,8.616166]}},{"type":"Feature","properties":{"s":1.07,"t":0},"geometry":{"type":"Point","coordinates":[76.976553,8.616168]}},{"type":"Feature","properties":{"s":1.26,"t":1},"geometry":{"type":"Point","coordinates":[76.977452,8.616366]}},{"type":"Feature","properties":{"s":0.94,"t":1},"geometry":{"type":"Point","coordinates":[76.980747,8.616489]}},{"type":"Feature","properties":{"s":1.0,"t":1},"geometry":{"type":"Point","coordinates":[76.980934,8.616463]}},{"type":"Feature","properties":{"s":0.73,"t":0},"geometry":{"type":"Point","coordinates":[76.982214,8.616403]}},{"type":"Feature","properties":{"s":0.76,"t":0},"geometry":{"type":"Point","coordinates":[76.985165,8.616473]}},{"type":"Feature","properties":{"s":0.74,"t":0},"geometry":{"type":"Point","coordinates":[76.998258,8.616216]}},{"type":"Feature","properties":{"s":1.09,"t":0},"geometry":{"type":"Point","coordinates":[77.004153,8.616349]}},{"type":"Feature","properties":{"s":0.73,"t":0},"geometry":{"type":"Point","coordinates":[77.010972,8.616183]}},{"type":"Feature","properties":{"s":0.75,"t":1},"geometry":{"type":"Point","coordinates":[77.011397,8.616393]}},{"type":"Feature","properties":{"s":1.19,"t":0},"geometry":{"type":"Point","coordinates":[77.013626,8.616345]}},{"type":"Feature","properties":{"s":1.3,"t":0},"geometry":{"type":"Point","coordinates":[77.014456,8.616445]}},{"type":"Feature","properties":{"s":0.92,"t":1},"geometry":{"type":"Point","coordinates":[77.015316,8.616293]}},{"type":"Feature","properties":{"s":1.19,"t":0},"geometry":{"type":"Point","coordinates":[77.015631,8.61636]}},{"type":"Feature","properties":{"s":1.3,"t":1},"geometry":{"type":"Point","coordinates":[77.016991,8.616205]}},{"type":"Feature","properties":{"s":0.93,"t":0},"geometry":{"type":"Point","coordinates":[77.018107,8.616217]}},{"type":"Feature","properties":{"s":1.29,"t":1},"geometry":{"type":"Point","coordinates":[77.018633,8.616246]}},{"type":"Feature","properties":{"s":0.72,"t":0},"geometry":{"type":"Point","coordinates":[77.018935,8.616448]}},{"type":"Feature","properties":{"s":0.89,"t":0},"geometry":{"type":"Point","coordinates":[77.020586,8.61634]}},{"type":"Feature","properties":{"s":1.33,"t":1},"geometry":{"type":"Point","coordinates":[77.02251,8.616426]}},{"type":"Feature","properties":{"s":1.17,"t":0},"geometry":{"type":"Point","coordinates":[77.023146,8.616202]}},{"type":"Feature","properties":{"s":0.8,"t":0},"geometry":{"type":"Point","coordinates":[77.023676,8.616193]}},{"type":"Feature","properties":{"s":0.88,"t":0},"geometry":{"type":"Point","coordinates":[77.024795,8.616476]}},{"type":"Feature","properties":{"s":1.0,"t":1},"geometry":{"type":"Point","coordinates":[77.025475,8.616379]}},{"type":"Feature","properties":{"s":1.33,"t":1},"geometry":{"type":"Point","coordinates":[77.026139,8.616293]}},{"type":"Feature","properties":{"s":1.25,"t":0},"geometry":{"type":"Point","coordinates":[77.026437,8.616167]}},{"type":"Feature","properties":{"s":1.01,"t":0},"geometry":{"type":"Point","coordinates":[77.026883,8.616378]}},{"type":"Feature","properties":{"s":1.3,"t":0},"geometry":{"type":"Point","coordinates":[77.027584,8.616457]}},{"type":"Feature","properties":{"s":1.22,"t":1},"geometry":{"type":"Point","coordinates":[77.027828,8.61616]}},{"type":"Feature","properties":{"s":1.1,"t":0},"geometry":{"type":"Point","coordinates":[77.028235,8.61629]}},{"type":"Feature","properties":{"s":1.01,"t":1},"geometry":{"type":"Point","coordinates":[77.030454,8.616441]}},{"type":"Feature","properties":{"s":1.04,"t":1},"geometry":{"type":"Point","coordinates":[77.031037,8.616286]}},{"type":"Feature","properties":{"s":1.11,"t":1},"geometry":{"type":"Point","coordinates":[77.031776,8.616154]}},{"type":"Feature","properties":{"s":1.22,"t":1},"geometry":{"type":"Point","coordinates":[77.032129,8.616403]}},{"type":"Feature","properties":{"s":0.8,"t":0},"geometry":{"type":"Point","coordinates":[77.032324,8.616396]}},{"type":"Feature","properties":{"s":1.07,"t":1},"geometry":{"type":"Point","coordinates":[77.033684,8.616484]}},{"type":"Feature","properties":{"s":0.76,"t":0},"geometry":{"type":"Point","coordinates":[76.957201,8.616589]}},{"type":"Feature","properties":{"s":1.14,"t":1},"geometry":{"type":"Point","coordinates":[76.958057,8.616591]}},{"type":"Feature","properties":{"s":1.32,"t":1},"geometry":{"type":"Point","coordinates":[76.95838,8.616722]}},{"type":"Feature","properties":{"s":1.05,"t":1},"geometry":{"type":"Point","coordinates":[76.960845,8.61684]}},{"type":"Feature","properties":{"s":1.3,"t":1},"geometry":{"type":"Point","coordinates":[76.961239,8.616872]}},{"type":"Feature","properties":{"s":1.34,"t":0},"geometry":{"type":"Point","coordinates":[76.963254,8.616671]}},{"type":"Feature","properties":{"s":1.0,"t":0},"geometry":{"type":"Point","coordinates":[76.963516,8.616772]}},{"type":"Feature","properties":{"s":0.94,"t":1},"geometry":{"type":"Point","coordinates":[76.964472,8.616872]}},{"type":"Feature","properties":{"s":0.99,"t":0},"geometry":{"type":"Point","coordinates":[76.965699,8.616769]}},{"type":"Feature","properties":{"s":0.88,"t":0},"geometry":{"type":"Point","coordinates":[76.966054,8.616562]}},{"type":"Feature","properties":{"s":0.94,"t":0},"geometry":{"type":"Point","coordinates":[76.966575,8.616734]}},{"type":"Feature","properties":{"s":1.24,"t":1},"geometry":{"type":"Point","coordinates":[76.966885,8.616856]}},{"type":"Feature","properties":{"s":0.72,"t":0},"geometry":{"type":"Point","coordinates":[76.968153,8.61674]}},{"type":"Feature","properties":{"s":1.29,"t":0},"geometry":{"type":"Point","coordinates":[76.968556,8.61662]}},{"type":"Feature","properties":{"s":0.97,"t":0},"geometry":{"type":"Point","coordinates":[76.969088,8.616793]}},{"type":"Feature","properties":{"s":0.9,"t":1},"geometry":{"type":"Point","coordinates":[76.969916,8.616701]}},{"type":"Feature","properties":{"s":0.89,"t":0},"geometry":{"type":"Point","coordinates":[76.970478,8.61689]}},{"type":"Feature","properties":{"s":1.14,"t":0},"geometry":{"type":"Point","coordinates":[76.971012,8.616679]}},{"type":"Feature","properties":{"s":1.01,"t":1},"geometry":{"type":"Point","coordinates":[76.971888,8.616852]}},{"type":"Feature","properties":{"s":0.92,"t":1},"geometry":{"type":"Point","coordinates":[76.973028,8.616796]}},{"type":"Feature","properties":{"s":0.98,"t":1},"geometry":{"type":"Point","coordinates":[76.973655,8.616576]}},{"type":"Feature","properties":{"s":0.79,"t":1},"geometry":{"type":"Point","coordinates":[76.97518,8.616806]}},{"type":"Feature","properties":{"s":1.27,"t":0},"geometry":{"type":"Point","coordinates":[76.977166,8.616631]}},{"type":"Feature","properties":{"s":0.95,"t":0},"geometry":{"type":"Point","coordinates":[76.978867,8.616711]}},{"type":"Feature","properties":{"s":1.29,"t":1},"geometry":{"type":"Point","coordinates":[76.979844,8.616747]}},{"type":"Feature","properties":{"s":0.85,"t":1},"geometry":{"type":"Point","coordinates":[76.98012,8.616786]}},{"type":"Feature","properties":{"s":0.88,"t":1},"geometry":{"type":"Point","coordinates":[76.98056,8.616885]}},{"type":"Feature","properties":{"s":1.04,"t":1},"geometry":{"type":"Point","coordinates":[76.981143,8.616647]}},{"type":"Feature","properties":{"s":1.29,"t":1},"geometry":{"type":"Point","coordinates":[76.981598,8.616808]}},{"type":"Feature","properties":{"s":1.17,"t":1},"geometry":{"type":"Point","coordinates":[76.98189,8.616897]}},{"type":"Feature","properties":{"s":0.84,"t":1},"geometry":{"type":"Point","coordinates":[76.982426,8.616672]}},{"type":"Feature","properties":{"s":1.11,"t":0},"geometry":{"type":"Point","coordinates":[76.983581,8.616832]}},{"type":"Feature","properties":{"s":1.03,"t":0},"geometry":{"type":"Point","coordinates":[76.983845,8.616577]}},{"type":"Feature","properties":{"s":0.79,"t":1},"geometry":{"type":"Point","coordinates":[76.985622,8.616763]}},{"type":"Feature","properties":{"s":0.94,"t":1},"geometry":{"type":"Point","coordinates":[76.98594,8.616649]}},{"type":"Feature","properties":{"s":1.06,"t":0},"geometry":{"type":"Point","coordinates":[76.998982,8.616648]}},{"type":"Feature","properties":{"s":1.03,"t":1},"geometry":{"type":"Point","coordinates":[77.004737,8.616764]}},{"type":"Feature","properties":{"s":1.13,"t":0},"geometry":{"type":"Point","coordinates":[77.006064,8.616802]}},{"type":"Feature","properties":{"s":1.22,"t":0},"geometry":{"type":"Point","coordinates":[77.008911,8.616671]}},{"type":"Feature","properties":{"s":1.04,"t":1},"geometry":{"type":"Point","coordinates":[77.010007,8.616676]}},{"type":"Feature","properties":{"s":1.04,"t":0},"geometry":{"type":"Point","coordinates":[77.010349,8.616768]}},{"type":"Feature","properties":{"s":1.22,"t":0},"geometry":{"type":"Point","coordinates":[77.010633,8.616637]}},{"type":"Feature","properties":{"s":0.78,"t":0},"geometry":{"type":"Point","coordinates":[77.013945,8.616812]}},{"type":"Feature","properties":{"s":0.75,"t":0},"geometry":{"type":"Point","coordinates":[77.014533,8.616634]}},{"type":"Feature","properties":{"s":0.75,"t":1},"geometry":{"type":"Point","coordinates":[77.015703,8.616762]}},{"type":"Feature","properties":{"s":1.13,"t":1},"geometry":{"type":"Point","coordinates":[77.01765,8.616831]}},{"type":"Feature","properties":{"s":0.8,"t":0},"geometry":{"type":"Point","coordinates":[77.018368,8.616588]}},{"type":"Feature","properties":{"s":0.94,"t":1},"geometry":{"type":"Point","coordinates":[77.018675,8.61683]}},{"type":"Feature","properties":{"s":0.94,"t":0},"geometry":{"type":"Point","coordinates":[77.020702,8.616722]}},{"type":"Feature","properties":{"s":0.91,"t":1},"geometry":{"type":"Point","coordinates":[77.02244,8.616588]}},{"type":"Feature","properties":{"s":1.07,"t":0},"geometry":{"type":"Point","coordinates":[77.022695,8.616556]}},{"type":"Feature","properties":{"s":1.26,"t":0},"geometry":{"type":"Point","coordinates":[77.023623,8.616818]}},{"type":"Feature","properties":{"s":0.95,"t":1},"geometry":{"type":"Point","coordinates":[77.025021,8.616852]}},{"type":"Feature","properties":{"s":1.22,"t":0},"geometry":{"type":"Point","coordinates":[77.025597,8.61688]}},{"type":"Feature","properties":{"s":0.97,"t":1},"geometry":{"type":"Point","coordinates":[77.026343,8.61662]}},{"type":"Feature","properties":{"s":0.76,"t":0},"geometry":{"type":"Point","coordinates":[77.02674,8.616874]}},{"type":"Feature","properties":{"s":1.17,"t":1},"geometry":{"type":"Point","coordinates":[77.026932,8.616885]}},{"type":"Feature","properties":{"s":0.97,"t":1},"geometry":{"type":"Point","coordinates":[77.028014,8.616584]}},{"type":"Feature","properties":{"s":1.28,"t":0},"geometry":{"type":"Point","coordinates":[77.028107,8.616724]}},{"type":"Feature","properties":{"s":1.32,"t":0},"geometry":{"type":"Point","coordinates":[77.02905,8.616834]}},{"type":"Feature","properties":{"s":0.83,"t":1},"geometry":{"type":"Point","coordinates":[77.031632,8.616793]}},{"type":"Feature","properties":{"s":0.86,"t":0},"geometry":{"type":"Point","coordinates":[77.03262,8.616692]}},{"type":"Feature","properties":{"s":1.16,"t":1},"geometry":{"type":"Point","coordinates":[77.03271,8.616867]}},{"type":"Feature","properties":{"s":0.89,"t":0},"geometry":{"type":"Point","coordinates":[77.03387,8.616614]}},{"type":"Feature","properties":{"s":0.82,"t":0},"geometry":{"type":"Point","coordinates":[77.034457,8.616598]}},{"type":"Feature","properties":{"s":0.84,"t":1},"geometry":{"type":"Point","coordinates":[77.035133,8.616901]}},{"type":"Feature","properties":{"s":1.12,"t":1},"geometry":{"type":"Point","coordinates":[77.035251,8.616831]}},{"type":"Feature","properties":{"s":0.86,"t":0},"geometry":{"type":"Point","coordinates":[76.958463,8.617315]}},{"type":"Feature","properties":{"s":1.12,"t":1},"geometry":{"type":"Point","coordinates":[76.959173,8.617296]}},{"type":"Feature","properties":{"s":0.77,"t":1},"geometry":{"type":"Point","coordinates":[76.96111,8.617238]}},{"type":"Feature","properties":{"s":0.96,"t":1},"geometry":{"type":"Point","coordinates":[76.962357,8.617233]}},{"type":"Feature","properties":{"s":1.12,"t":0},"geometry":{"type":"Point","coordinates":[76.962504,8.617311]}},{"type":"Feature","properties":{"s":0.89,"t":0},"geometry":{"type":"Point","coordinates":[76.964244,8.617303]}},{"type":"Feature","properties":{"s":1.18,"t":1},"geometry":{"type":"Point","coordinates":[76.965523,8.61709]}},{"type":"Feature","properties":{"s":1.0,"t":0},"geometry":{"type":"Point","coordinates":[76.966146,8.616977]}},{"type":"Feature","properties":{"s":0.77,"t":1},"geometry":{"type":"Point","coordinates":[76.966672,8.616981]}},{"type":"Feature","properties":{"s":1.33,"t":0},"geometry":{"type":"Point","coordinates":[76.967836,8.617273]}},{"type":"Feature","properties":{"s":1.12,"t":1},"geometry":{"type":"Point","coordinates":[76.968157,8.617146]}},{"type":"Feature","properties":{"s":1.33,"t":0},"geometry":{"type":"Point","coordinates":[76.968839,8.617127]}},{"type":"Feature","properties":{"s":1.17,"t":0},"geometry":{"type":"Point","coordinates":[76.969278,8.617298]}},{"type":"Feature","properties":{"s":1.07,"t":0},"geometry":{"type":"Point","coordinates":[76.971434,8.617075]}},{"type":"Feature","properties":{"s":0.89,"t":1},"geometry":{"type":"Point","coordinates":[76.972568,8.61722]}},{"type":"Feature","properties":{"s":1.15,"t":1},"geometry":{"type":"Point","coordinates":[76.973175,8.617165]}},{"type":"Feature","properties":{"s":1.13,"t":0},"geometry":{"type":"Point","coordinates":[76.973684,8.617019]}},{"type":"Feature","properties":{"s":1.33,"t":0},"geometry":{"type":"Point","coordinates":[76.974027,8.617054]}},{"type":"Feature","properties":{"s":1.04,"t":0},"geometry":{"type":"Point","coordinates":[76.974914,8.61731]}},{"type":"Feature","properties":{"s":1.24,"t":1},"geometry":{"type":"Point","coordinates":[76.976294,8.617167]}},{"type":"Feature","properties":{"s":1.1,"t":0},"geometry":{"type":"Point","coordinates":[76.97715,8.617248]}},{"type":"Feature","properties":{"s":0.99,"t":0},"geometry":{"type":"Point","coordinates":[76.977822,8.617078]}},{"type":"Feature","properties":{"s":1.32,"t":0},"geometry":{"type":"Point","coordinates":[76.978083,8.617015]}},{"type":"Feature","properties":{"s":1.27,"t":1},"geometry":{"type":"Point","coordinates":[76.978967,8.617124]}},{"type":"Feature","properties":{"s":0.84,"t":1},"geometry":{"type":"Point","coordinates":[76.980296,8.617011]}},{"type":"Feature","properties":{"s":0.78,"t":0},"geometry":{"type":"Point","coordinates":[76.980788,8.617222]}},{"type":"Feature","properties":{"s":0.99,"t":0},"geometry":{"type":"Point","coordinates":[76.981017,8.617066]}},{"type":"Feature","properties":{"s":1.15,"t":1},"geometry":{"type":"Point","coordinates":[76.981463,8.617317]}},{"type":"Feature","properties":{"s":1.16,"t":0},"geometry":{"type":"Point","coordinates":[76.981829,8.617061]}},{"type":"Feature","properties":{"s":0.73,"t":1},"geometry":{"type":"Point","coordinates":[76.982367,8.617142]}},{"type":"Feature","properties":{"s":0.93,"t":0},"geometry":{"type":"Point","coordinates":[76.982732,8.617323]}},{"type":"Feature","properties":{"s":1.13,"t":1},"geometry":{"type":"Point","coordinates":[76.983064,8.617073]}},{"type":"Feature","properties":{"s":0.86,"t":1},"geometry":{"type":"Point","coordinates":[76.983652,8.617142]}},{"type":"Feature","properties":{"s":1.14,"t":0},"geometry":{"type":"Point","coordinates":[76.983852,8.617312]}},{"type":"Feature","properties":{"s":1.29,"t":0},"geometry":{"type":"Point","coordinates":[76.985616,8.617057]}},{"type":"Feature","properties":{"s":0.83,"t":1},"geometry":{"type":"Point","coordinates":[77.001827,8.617295]}},{"type":"Feature","properties":{"s":1.23,"t":0},"geometry":{"type":"Point","coordinates":[77.004454,8.61715]}},{"type":"Feature","properties":{"s":0.88,"t":0},"geometry":{"type":"Point","coordinates":[77.004853,8.617038]}},{"type":"Feature","properties":{"s":1.16,"t":1},"geometry":{"type":"Point","coordinates":[77.005139,8.616971]}},{"type":"Feature","properties":{"s":1.03,"t":1},"geometry":{"type":"Point","coordinates":[77.005866,8.617259]}},{"type":"Feature","properties":{"s":1.0,"t":1},"geometry":{"type":"Point","coordinates":[77.009822,8.617141]}},{"type":"Feature","properties":{"s":1.15,"t":0},"geometry":{"type":"Point","coordinates":[77.010631,8.617143]}},{"type":"Feature","properties":{"s":1.28,"t":0},"geometry":{"type":"Point","coordinates":[77.012286,8.616997]}},{"type":"Feature","properties":{"s":0.82,"t":0},"geometry":{"type":"Point","coordinates":[77.012935,8.617142]}},{"type":"Feature","properties":{"s":0.79,"t":0},"geometry":{"type":"Point","coordinates":[77.013944,8.617257]}},{"type":"Feature","properties":{"s":0.96,"t":0},"geometry":{"type":"Point","coordinates":[77.014837,8.616982]}},{"type":"Feature","properties":{"s":0.89,"t":1},"geometry":{"type":"Point","coordinates":[77.01563,8.617093]}},{"type":"Feature","properties":{"s":0.94,"t":0},"geometry":{"type":"Point","coordinates":[77.016134,8.617178]}},{"type":"Feature","properties":{"s":0.84,"t":0},"geometry":{"type":"Point","coordinates":[77.016729,8.6171]}},{"type":"Feature","properties":{"s":0.93,"t":1},"geometry":{"type":"Point","coordinates":[77.01708,8.617173]}},{"type":"Feature","properties":{"s":1.3,"t":1},"geometry":{"type":"Point","coordinates":[77.017728,8.616987]}},{"type":"Feature","properties":{"s":1.11,"t":1},"geometry":{"type":"Point","coordinates":[77.018109,8.617288]}},{"type":"Feature","properties":{"s":1.1,"t":1},"geometry":{"type":"Point","coordinates":[77.018799,8.617076]}},{"type":"Feature","properties":{"s":1.2,"t":1},"geometry":{"type":"Point","coordinates":[77.019177,8.617118]}},{"type":"Feature","properties":{"s":0.74,"t":1},"geometry":{"type":"Point","coordinates":[77.02023,8.617266]}},{"type":"Feature","properties":{"s":1.19,"t":1},"geometry":{"type":"Point","coordinates":[77.020839,8.617249]}},{"type":"Feature","properties":{"s":0.86,"t":0},"geometry":{"type":"Point","coordinates":[77.023775,8.617308]}},{"type":"Feature","properties":{"s":0.94,"t":1},"geometry":{"type":"Point","coordinates":[77.024183,8.617146]}},{"type":"Feature","properties":{"s":1.03,"t":1},"geometry":{"type":"Point","coordinates":[77.024422,8.617262]}},{"type":"Feature","properties":{"s":0.91,"t":1},"geometry":{"type":"Point","coordinates":[77.025048,8.617148]}},{"type":"Feature","properties":{"s":1.28,"t":0},"geometry":{"type":"Point","coordinates":[77.025411,8.617205]}},{"type":"Feature","properties":{"s":1.31,"t":0},"geometry":{"type":"Point","coordinates":[77.02569,8.617223]}},{"type":"Feature","properties":{"s":1.06,"t":0},"geometry":{"type":"Point","coordinates":[77.026067,8.617211]}},{"type":"Feature","properties":{"s":1.26,"t":0},"geometry":{"type":"Point","coordinates":[77.026708,8.61721]}},{"type":"Feature","properties":{"s":1.04,"t":0},"geometry":{"type":"Point","coordinates":[77.026907,8.617092]}},{"type":"Feature","properties":{"s":1.16,"t":0},"geometry":{"type":"Point","coordinates":[77.027491,8.617151]}},{"type":"Feature","properties":{"s":1.13,"t":0},"geometry":{"type":"Point","coordinates":[77.027775,8.617043]}},{"type":"Feature","properties":{"s":1.33,"t":1},"geometry":{"type":"Point","coordinates":[77.028445,8.617173]}},{"type":"Feature","properties":{"s":1.1,"t":0},"geometry":{"type":"Point","coordinates":[77.029051,8.616977]}},{"type":"Feature","properties":{"s":1.05,"t":1},"geometry":{"type":"Point","coordinates":[77.029556,8.617255]}},{"type":"Feature","properties":{"s":0.9,"t":0},"geometry":{"type":"Point","coordinates":[77.029822,8.617296]}},{"type":"Feature","properties":{"s":1.25,"t":0},"geometry":{"type":"Point","coordinates":[77.031372,8.617184]}},{"type":"Feature","properties":{"s":0.83,"t":0},"geometry":{"type":"Point","coordinates":[77.031714,8.617301]}},{"type":"Feature","properties":{"s":0.82,"t":1},"geometry":{"type":"Point","coordinates":[77.032004,8.616979]}},{"type":"Feature","properties":{"s":1.14,"t":1},"geometry":{"type":"Point","coordinates":[77.032295,8.617012]}},{"type":"Feature","properties":{"s":0.89,"t":0},"geometry":{"type":"Point","coordinates":[77.032731,8.617092]}},{"type":"Feature","properties":{"s":1.09,"t":0},"geometry":{"type":"Point","coordinates":[77.033566,8.617127]}},{"type":"Feature","properties":{"s":0.77,"t":0},"geometry":{"type":"Point","coordinates":[77.034041,8.617115]}},{"type":"Feature","properties":{"s":1.3,"t":0},"geometry":{"type":"Point","coordinates":[77.03479,8.617151]}},{"type":"Feature","properties":{"s":0.96,"t":1},"geometry":{"type":"Point","coordinates":[77.035436,8.617098]}},{"type":"Feature","properties":{"s":1.0,"t":1},"geometry":{"type":"Point","coordinates":[76.957055,8.617448]}},{"type":"Feature","properties":{"s":0.91,"t":0},"geometry":{"type":"Point","coordinates":[76.95934,8.617609]}},{"type":"Feature","properties":{"s":0.76,"t":0},"geometry":{"type":"Point","coordinates":[76.95982,8.617523]}},{"type":"Feature","properties":{"s":1.08,"t":1},"geometry":{"type":"Point","coordinates":[76.960581,8.617633]}},{"type":"Feature","properties":{"s":0.94,"t":0},"geometry":{"type":"Point","coordinates":[76.961132,8.617491]}},{"type":"Feature","properties":{"s":0.95,"t":1},"geometry":{"type":"Point","coordinates":[76.96241,8.617464]}},{"type":"Feature","properties":{"s":1.03,"t":0},"geometry":{"type":"Point","coordinates":[76.962726,8.617707]}},{"type":"Feature","properties":{"s":0.83,"t":1},"geometry":{"type":"Point","coordinates":[76.963452,8.617559]}},{"type":"Feature","properties":{"s":1.05,"t":0},"geometry":{"type":"Point","coordinates":[76.963959,8.617586]}},{"type":"Feature","properties":{"s":1.33,"t":1},"geometry":{"type":"Point","coordinates":[76.964267,8.617656]}},{"type":"Feature","properties":{"s":1.12,"t":0},"geometry":{"type":"Point","coordinates":[76.964664,8.617601]}},{"type":"Feature","properties":{"s":1.29,"t":1},"geometry":{"type":"Point","coordinates":[76.965844,8.61741]}},{"type":"Feature","properties":{"s":1.06,"t":0},"geometry":{"type":"Point","coordinates":[76.967767,8.617687]}},{"type":"Feature","properties":{"s":1.32,"t":0},"geometry":{"type":"Point","coordinates":[76.968036,8.617562]}},{"type":"Feature","properties":{"s":1.32,"t":0},"geometry":{"type":"Point","coordinates":[76.968657,8.617457]}},{"type":"Feature","properties":{"s":1.1,"t":1},"geometry":{"type":"Point","coordinates":[76.969101,8.617699]}},{"type":"Feature","properties":{"s":0.8,"t":1},"geometry":{"type":"Point","coordinates":[76.969903,8.617717]}},{"type":"Feature","properties":{"s":1.06,"t":0},"geometry":{"type":"Point","coordinates":[76.970071,8.617699]}},{"type":"Feature","properties":{"s":1.26,"t":1},"geometry":{"type":"Point","coordinates":[76.970482,8.617487]}},{"type":"Feature","properties":{"s":0.91,"t":0},"geometry":{"type":"Point","coordinates":[76.971195,8.61757]}},{"type":"Feature","properties":{"s":1.15,"t":0},"geometry":{"type":"Point","coordinates":[76.971812,8.617611]}},{"type":"Feature","properties":{"s":0.74,"t":1},"geometry":{"type":"Point","coordinates":[76.973494,8.617458]}},{"type":"Feature","properties":{"s":0.88,"t":0},"geometry":{"type":"Point","coordinates":[76.97428,8.617732]}},{"type":"Feature","properties":{"s":1.08,"t":0},"geometry":{"type":"Point","coordinates":[76.97486,8.617562]}},{"type":"Feature","properties":{"s":1.34,"t":1},"geometry":{"type":"Point","coordinates":[76.978961,8.61744]}},{"type":"Feature","properties":{"s":1.29,"t":0},"geometry":{"type":"Point","coordinates":[76.979456,8.617703]}},{"type":"Feature","properties":{"s":0.85,"t":1},"geometry":{"type":"Point","coordinates":[76.980346,8.61774]}},{"type":"Feature","properties":{"s":1.25,"t":1},"geometry":{"type":"Point","coordinates":[76.98076,8.617533]}},{"type":"Feature","properties":{"s":0.79,"t":1},"geometry":{"type":"Point","coordinates":[76.980975,8.61763]}},{"type":"Feature","properties":{"s":0.93,"t":1},"geometry":{"type":"Point","coordinates":[76.98153,8.617651]}},{"type":"Feature","properties":{"s":0.98,"t":1},"geometry":{"type":"Point","coordinates":[76.98179,8.617597]}},{"type":"Feature","properties":{"s":1.06,"t":0},"geometry":{"type":"Point","coordinates":[76.98238,8.617447]}},{"type":"Feature","properties":{"s":1.3,"t":1},"geometry":{"type":"Point","coordinates":[76.982782,8.617475]}},{"type":"Feature","properties":{"s":0.72,"t":0},"geometry":{"type":"Point","coordinates":[76.983078,8.617681]}},{"type":"Feature","properties":{"s":0.87,"t":1},"geometry":{"type":"Point","coordinates":[76.983669,8.617466]}},{"type":"Feature","properties":{"s":0.78,"t":1},"geometry":{"type":"Point","coordinates":[76.984377,8.617474]}},{"type":"Feature","properties":{"s":1.3,"t":1},"geometry":{"type":"Point","coordinates":[76.998162,8.61749]}},{"type":"Feature","properties":{"s":0.79,"t":0},"geometry":{"type":"Point","coordinates":[77.000415,8.617435]}},{"type":"Feature","properties":{"s":0.78,"t":0},"geometry":{"type":"Point","coordinates":[77.000762,8.617524]}},{"type":"Feature","properties":{"s":1.32,"t":0},"geometry":{"type":"Point","coordinates":[77.002097,8.617523]}},{"type":"Feature","properties":{"s":1.23,"t":1},"geometry":{"type":"Point","coordinates":[77.002641,8.617424]}},{"type":"Feature","properties":{"s":0.8,"t":1},"geometry":{"type":"Point","coordinates":[77.004518,8.617593]}},{"type":"Feature","properties":{"s":1.01,"t":1},"geometry":{"type":"Point","coordinates":[77.004915,8.617714]}},{"type":"Feature","properties":{"s":0.8,"t":1},"geometry":{"type":"Point","coordinates":[77.006022,8.617504]}},{"type":"Feature","properties":{"s":0.99,"t":0},"geometry":{"type":"Point","coordinates":[77.007811,8.617736]}},{"type":"Feature","properties":{"s":0.75,"t":1},"geometry":{"type":"Point","coordinates":[77.00858,8.617452]}},{"type":"Feature","properties":{"s":0.94,"t":1},"geometry":{"type":"Point","coordinates":[77.010714,8.617705]}},{"type":"Feature","properties":{"s":1.1,"t":0},"geometry":{"type":"Point","coordinates":[77.011291,8.617423]}},{"type":"Feature","properties":{"s":1.31,"t":0},"geometry":{"type":"Point","coordinates":[77.012427,8.617419]}},{"type":"Feature","properties":{"s":1.03,"t":1},"geometry":{"type":"Point","coordinates":[77.013403,8.617619]}},{"type":"Feature","properties":{"s":0.86,"t":0},"geometry":{"type":"Point","coordinates":[77.014001,8.617526]}},{"type":"Feature","properties":{"s":1.2,"t":0},"geometry":{"type":"Point","coordinates":[77.014427,8.617566]}},{"type":"Feature","properties":{"s":1.08,"t":0},"geometry":{"type":"Point","coordinates":[77.015064,8.617475]}},{"type":"Feature","properties":{"s":0.94,"t":0},"geometry":{"type":"Point","coordinates":[77.015569,8.617529]}},{"type":"Feature","properties":{"s":0.77,"t":0},"geometry":{"type":"Point","coordinates":[77.015994,8.61764]}},{"type":"Feature","properties":{"s":0.77,"t":0},"geometry":{"type":"Point","coordinates":[77.016674,8.617593]}},{"type":"Feature","properties":{"s":0.81,"t":0},"geometry":{"type":"Point","coordinates":[77.016817,8.617504]}},{"type":"Feature","properties":{"s":1.01,"t":0},"geometry":{"type":"Point","coordinates":[77.018126,8.617589]}},{"type":"Feature","properties":{"s":0.79,"t":1},"geometry":{"type":"Point","coordinates":[77.018752,8.617536]}},{"type":"Feature","properties":{"s":1.06,"t":0},"geometry":{"type":"Point","coordinates":[77.019206,8.617539]}},{"type":"Feature","properties":{"s":1.06,"t":1},"geometry":{"type":"Point","coordinates":[77.019466,8.617453]}},{"type":"Feature","properties":{"s":1.04,"t":0},"geometry":{"type":"Point","coordinates":[77.020765,8.617551]}},{"type":"Feature","properties":{"s":0.84,"t":0},"geometry":{"type":"Point","coordinates":[77.021225,8.61761]}},{"type":"Feature","properties":{"s":1.17,"t":0},"geometry":{"type":"Point","coordinates":[77.022583,8.617426]}},{"type":"Feature","properties":{"s":0.78,"t":0},"geometry":{"type":"Point","coordinates":[77.02289,8.617519]}},{"type":"Feature","properties":{"s":1.31,"t":1},"geometry":{"type":"Point","coordinates":[77.023544,8.617624]}},{"type":"Feature","properties":{"s":1.31,"t":1},"geometry":{"type":"Point","coordinates":[77.024414,8.617672]}},{"type":"Feature","properties":{"s":1.03,"t":1},"geometry":{"type":"Point","coordinates":[77.025054,8.61762]}},{"type":"Feature","properties":{"s":0.92,"t":1},"geometry":{"type":"Point","coordinates":[77.025471,8.617655]}},{"type":"Feature","properties":{"s":1.09,"t":1},"geometry":{"type":"Point","coordinates":[77.025916,8.617671]}},{"type":"Feature","properties":{"s":1.24,"t":0},"geometry":{"type":"Point","coordinates":[77.026314,8.617481]}},{"type":"Feature","properties":{"s":1.25,"t":0},"geometry":{"type":"Point","coordinates":[77.026736,8.617538]}},{"type":"Feature","properties":{"s":1.11,"t":1},"geometry":{"type":"Point","coordinates":[77.027098,8.617497]}},{"type":"Feature","properties":{"s":1.18,"t":0},"geometry":{"type":"Point","coordinates":[77.027299,8.617405]}},{"type":"Feature","properties":{"s":0.9,"t":0},"geometry":{"type":"Point","coordinates":[77.027712,8.617549]}},{"type":"Feature","properties":{"s":0.75,"t":0},"geometry":{"type":"Point","coordinates":[77.02835,8.617582]}},{"type":"Feature","properties":{"s":1.21,"t":0},"geometry":{"type":"Point","coordinates":[77.028652,8.617586]}},{"type":"Feature","properties":{"s":1.07,"t":1},"geometry":{"type":"Point","coordinates":[77.031064,8.617424]}},{"type":"Feature","properties":{"s":1.13,"t":0},"geometry":{"type":"Point","coordinates":[77.031782,8.617388]}},{"type":"Feature","properties":{"s":1.33,"t":1},"geometry":{"type":"Point","coordinates":[77.032207,8.617713]}},{"type":"Feature","properties":{"s":0.89,"t":0},"geometry":{"type":"Point","coordinates":[77.032532,8.617643]}},{"type":"Feature","properties":{"s":1.24,"t":0},"geometry":{"type":"Point","coordinates":[77.032791,8.617609]}},{"type":"Feature","properties":{"s":1.15,"t":0},"geometry":{"type":"Point","coordinates":[77.035352,8.61753]}},{"type":"Feature","properties":{"s":0.95,"t":1},"geometry":{"type":"Point","coordinates":[77.035886,8.617713]}},{"type":"Feature","properties":{"s":0.82,"t":1},"geometry":{"type":"Point","coordinates":[76.958854,8.618097]}},{"type":"Feature","properties":{"s":1.22,"t":1},"geometry":{"type":"Point","coordinates":[76.959445,8.617952]}},{"type":"Feature","properties":{"s":1.28,"t":1},"geometry":{"type":"Point","coordinates":[76.959689,8.618013]}},{"type":"Feature","properties":{"s":0.75,"t":0},"geometry":{"type":"Point","coordinates":[76.960043,8.617827]}},{"type":"Feature","properties":{"s":1.05,"t":1},"geometry":{"type":"Point","coordinates":[76.960444,8.618032]}},{"type":"Feature","properties":{"s":0.94,"t":1},"geometry":{"type":"Point","coordinates":[76.961787,8.618126]}},{"type":"Feature","properties":{"s":0.86,"t":1},"geometry":{"type":"Point","coordinates":[76.962696,8.617832]}},{"type":"Feature","properties":{"s":1.23,"t":1},"geometry":{"type":"Point","coordinates":[76.963181,8.618079]}},{"type":"Feature","properties":{"s":1.05,"t":1},"geometry":{"type":"Point","coordinates":[76.963586,8.61796]}},{"type":"Feature","properties":{"s":1.03,"t":0},"geometry":{"type":"Point","coordinates":[76.963958,8.617841]}},{"type":"Feature","properties":{"s":1.19,"t":0},"geometry":{"type":"Point","coordinates":[76.96757,8.617894]}},{"type":"Feature","properties":{"s":1.3,"t":1},"geometry":{"type":"Point","coordinates":[76.968412,8.61811]}},{"type":"Feature","properties":{"s":1.19,"t":0},"geometry":{"type":"Point","coordinates":[76.968971,8.618066]}},{"type":"Feature","properties":{"s":0.77,"t":0},"geometry":{"type":"Point","coordinates":[76.969871,8.618061]}},{"type":"Feature","properties":{"s":1.15,"t":0},"geometry":{"type":"Point","coordinates":[76.970062,8.618009]}},{"type":"Feature","properties":{"s":1.18,"t":0},"geometry":{"type":"Point","coordinates":[76.970582,8.617953]}},{"type":"Feature","properties":{"s":0.74,"t":0},"geometry":{"type":"Point","coordinates":[76.970922,8.617914]}},{"type":"Feature","properties":{"s":0.99,"t":1},"geometry":{"type":"Point","coordinates":[76.971441,8.61805]}},{"type":"Feature","properties":{"s":1.25,"t":1},"geometry":{"type":"Point","coordinates":[76.97198,8.618093]}},{"type":"Feature","properties":{"s":1.31,"t":1},"geometry":{"type":"Point","coordinates":[76.972304,8.618122]}},{"type":"Feature","properties":{"s":0.86,"t":1},"geometry":{"type":"Point","coordinates":[76.97347,8.618154]}},{"type":"Feature","properties":{"s":1.04,"t":1},"geometry":{"type":"Point","coordinates":[76.97595,8.618039]}},{"type":"Feature","properties":{"s":1.08,"t":0},"geometry":{"type":"Point","coordinates":[76.976752,8.617933]}},{"type":"Feature","properties":{"s":1.33,"t":1},"geometry":{"type":"Point","coordinates":[76.977858,8.618006]}},{"type":"Feature","properties":{"s":0.88,"t":0},"geometry":{"type":"Point","coordinates":[76.97823,8.618069]}},{"type":"Feature","properties":{"s":0.79,"t":1},"geometry":{"type":"Point","coordinates":[76.979686,8.617911]}},{"type":"Feature","properties":{"s":0.96,"t":1},"geometry":{"type":"Point","coordinates":[76.980068,8.617997]}},{"type":"Feature","properties":{"s":1.29,"t":0},"geometry":{"type":"Point","coordinates":[76.980488,8.617824]}},{"type":"Feature","properties":{"s":0.79,"t":1},"geometry":{"type":"Point","coordinates":[76.981092,8.618144]}},{"type":"Feature","properties":{"s":0.97,"t":1},"geometry":{"type":"Point","coordinates":[76.981457,8.618135]}},{"type":"Feature","properties":{"s":1.26,"t":1},"geometry":{"type":"Point","coordinates":[76.981745,8.618009]}},{"type":"Feature","properties":{"s":0.89,"t":1},"geometry":{"type":"Point","coordinates":[76.982226,8.618031]}},{"type":"Feature","properties":{"s":1.15,"t":1},"geometry":{"type":"Point","coordinates":[76.982859,8.617842]}},{"type":"Feature","properties":{"s":1.23,"t":1},"geometry":{"type":"Point","coordinates":[76.983308,8.617931]}},{"type":"Feature","properties":{"s":0.85,"t":1},"geometry":{"type":"Point","coordinates":[76.983686,8.618023]}},{"type":"Feature","properties":{"s":0.84,"t":1},"geometry":{"type":"Point","coordinates":[76.983893,8.618093]}},{"type":"Feature","properties":{"s":0.9,"t":0},"geometry":{"type":"Point","coordinates":[76.984689,8.617928]}},{"type":"Feature","properties":{"s":1.16,"t":0},"geometry":{"type":"Point","coordinates":[77.001192,8.618155]}},{"type":"Feature","properties":{"s":0.95,"t":0},"geometry":{"type":"Point","coordinates":[77.001632,8.617902]}},{"type":"Feature","properties":{"s":0.99,"t":1},"geometry":{"type":"Point","coordinates":[77.001805,8.618119]}},{"type":"Feature","properties":{"s":1.07,"t":0},"geometry":{"type":"Point","coordinates":[77.002425,8.617844]}},{"type":"Feature","properties":{"s":1.29,"t":0},"geometry":{"type":"Point","coordinates":[77.003246,8.617811]}},{"type":"Feature","properties":{"s":1.04,"t":0},"geometry":{"type":"Point","coordinates":[77.003527,8.618026]}},{"type":"Feature","properties":{"s":1.28,"t":1},"geometry":{"type":"Point","coordinates":[77.00499,8.618077]}},{"type":"Feature","properties":{"s":0.92,"t":1},"geometry":{"type":"Point","coordinates":[77.005409,8.617861]}},{"type":"Feature","properties":{"s":0.93,"t":1},"geometry":{"type":"Point","coordinates":[77.005548,8.618076]}},{"type":"Feature","properties":{"s":1.03,"t":0},"geometry":{"type":"Point","coordinates":[77.010756,8.618119]}},{"type":"Feature","properties":{"s":0.89,"t":0},"geometry":{"type":"Point","coordinates":[77.012413,8.618069]}},{"type":"Feature","properties":{"s":0.84,"t":0},"geometry":{"type":"Point","coordinates":[77.012707,8.618043]}},{"type":"Feature","properties":{"s":0.8,"t":1},"geometry":{"type":"Point","coordinates":[77.014076,8.61795]}},{"type":"Feature","properties":{"s":1.01,"t":0},"geometry":{"type":"Point","coordinates":[77.015617,8.618129]}},{"type":"Feature","properties":{"s":0.74,"t":1},"geometry":{"type":"Point","coordinates":[77.016175,8.61787]}},{"type":"Feature","properties":{"s":0.99,"t":0},"geometry":{"type":"Point","coordinates":[77.016608,8.618074]}},{"type":"Feature","properties":{"s":0.96,"t":1},"geometry":{"type":"Point","coordinates":[77.017478,8.618002]}},{"type":"Feature","properties":{"s":1.02,"t":1},"geometry":{"type":"Point","coordinates":[77.019084,8.617876]}},{"type":"Feature","properties":{"s":1.02,"t":0},"geometry":{"type":"Point","coordinates":[77.01995,8.617835]}},{"type":"Feature","properties":{"s":1.02,"t":0},"geometry":{"type":"Point","coordinates":[77.020606,8.617994]}},{"type":"Feature","properties":{"s":1.12,"t":0},"geometry":{"type":"Point","coordinates":[77.021054,8.618152]}},{"type":"Feature","properties":{"s":1.08,"t":1},"geometry":{"type":"Point","coordinates":[77.021605,8.617888]}},{"type":"Feature","properties":{"s":1.33,"t":0},"geometry":{"type":"Point","coordinates":[77.022037,8.617955]}},{"type":"Feature","properties":{"s":0.97,"t":0},"geometry":{"type":"Point","coordinates":[77.023011,8.617864]}},{"type":"Feature","properties":{"s":1.29,"t":1},"geometry":{"type":"Point","coordinates":[77.024345,8.617808]}},{"type":"Feature","properties":{"s":0.8,"t":0},"geometry":{"type":"Point","coordinates":[77.025731,8.617919]}},{"type":"Feature","properties":{"s":1.3,"t":1},"geometry":{"type":"Point","coordinates":[77.02601,8.617889]}},{"type":"Feature","properties":{"s":0.81,"t":1},"geometry":{"type":"Point","coordinates":[77.026862,8.617937]}},{"type":"Feature","properties":{"s":0.83,"t":0},"geometry":{"type":"Point","coordinates":[77.027502,8.618021]}},{"type":"Feature","properties":{"s":1.19,"t":1},"geometry":{"type":"Point","coordinates":[77.02769,8.617854]}},{"type":"Feature","properties":{"s":1.17,"t":0},"geometry":{"type":"Point","coordinates":[77.028184,8.617997]}},{"type":"Feature","properties":{"s":1.15,"t":1},"geometry":{"type":"Point","coordinates":[77.030641,8.617907]}},{"type":"Feature","properties":{"s":1.25,"t":0},"geometry":{"type":"Point","coordinates":[77.031198,8.617944]}},{"type":"Feature","properties":{"s":1.06,"t":1},"geometry":{"type":"Point","coordinates":[77.031748,8.617897]}},{"type":"Feature","properties":{"s":1.23,"t":0},"geometry":{"type":"Point","coordinates":[77.032132,8.617883]}},{"type":"Feature","properties":{"s":1.32,"t":1},"geometry":{"type":"Point","coordinates":[77.032425,8.618106]}},{"type":"Feature","properties":{"s":0.77,"t":1},"geometry":{"type":"Point","coordinates":[77.033419,8.617831]}},{"type":"Feature","properties":{"s":0.94,"t":0},"geometry":{"type":"Point","coordinates":[77.033843,8.617954]}},{"type":"Feature","properties":{"s":1.03,"t":0},"geometry":{"type":"Point","coordinates":[77.034188,8.618092]}},{"type":"Feature","properties":{"s":1.18,"t":1},"geometry":{"type":"Point","coordinates":[77.034853,8.61787]}},{"type":"Feature","properties":{"s":1.1,"t":0},"geometry":{"type":"Point","coordinates":[77.03586,8.617878]}},{"type":"Feature","properties":{"s":0.84,"t":0},"geometry":{"type":"Point","coordinates":[77.036325,8.617839]}},{"type":"Feature","properties":{"s":0.73,"t":1},"geometry":{"type":"Point","coordinates":[76.960227,8.618366]}},{"type":"Feature","properties":{"s":1.02,"t":0},"geometry":{"type":"Point","coordinates":[76.96104,8.618572]}},{"type":"Feature","properties":{"s":0.72,"t":1},"geometry":{"type":"Point","coordinates":[76.961789,8.618302]}},{"type":"Feature","properties":{"s":1.12,"t":0},"geometry":{"type":"Point","coordinates":[76.962794,8.618413]}},{"type":"Feature","properties":{"s":0.9,"t":0},"geometry":{"type":"Point","coordinates":[76.963369,8.618227]}},{"type":"Feature","properties":{"s":0.97,"t":1},"geometry":{"type":"Point","coordinates":[76.963833,8.618476]}},{"type":"Feature","properties":{"s":1.31,"t":0},"geometry":{"type":"Point","coordinates":[76.964359,8.618313]}},{"type":"Feature","properties":{"s":1.01,"t":1},"geometry":{"type":"Point","coordinates":[76.964796,8.618382]}},{"type":"Feature","properties":{"s":0.78,"t":1},"geometry":{"type":"Point","coordinates":[76.965137,8.61827]}},{"type":"Feature","properties":{"s":0.73,"t":0},"geometry":{"type":"Point","coordinates":[76.966006,8.618405]}},{"type":"Feature","properties":{"s":0.77,"t":0},"geometry":{"type":"Point","coordinates":[76.966996,8.618517]}},{"type":"Feature","properties":{"s":1.18,"t":0},"geometry":{"type":"Point","coordinates":[76.967527,8.618345]}},{"type":"Feature","properties":{"s":0.85,"t":1},"geometry":{"type":"Point","coordinates":[76.968671,8.618346]}},{"type":"Feature","properties":{"s":1.26,"t":0},"geometry":{"type":"Point","coordinates":[76.968856,8.618496]}},{"type":"Feature","properties":{"s":0.76,"t":1},"geometry":{"type":"Point","coordinates":[76.969791,8.618557]}},{"type":"Feature","properties":{"s":0.87,"t":1},"geometry":{"type":"Point","coordinates":[76.970755,8.618428]}},{"type":"Feature","properties":{"s":0.8,"t":1},"geometry":{"type":"Point","coordinates":[76.970918,8.618243]}},{"type":"Feature","properties":{"s":1.21,"t":1},"geometry":{"type":"Point","coordinates":[76.972366,8.618309]}},{"type":"Feature","properties":{"s":0.79,"t":0},"geometry":{"type":"Point","coordinates":[76.972737,8.618246]}},{"type":"Feature","properties":{"s":1.02,"t":1},"geometry":{"type":"Point","coordinates":[76.975676,8.618498]}},{"type":"Feature","properties":{"s":0.84,"t":1},"geometry":{"type":"Point","coordinates":[76.976136,8.618509]}},{"type":"Feature","properties":{"s":0.86,"t":0},"geometry":{"type":"Point","coordinates":[76.976515,8.618271]}},{"type":"Feature","properties":{"s":1.22,"t":1},"geometry":{"type":"Point","coordinates":[76.976835,8.618301]}},{"type":"Feature","properties":{"s":1.32,"t":1},"geometry":{"type":"Point","coordinates":[76.980313,8.618256]}},{"type":"Feature","properties":{"s":0.78,"t":0},"geometry":{"type":"Point","coordinates":[76.980535,8.618496]}},{"type":"Feature","properties":{"s":1.23,"t":1},"geometry":{"type":"Point","coordinates":[76.980923,8.618255]}},{"type":"Feature","properties":{"s":1.23,"t":1},"geometry":{"type":"Point","coordinates":[76.981401,8.618506]}},{"type":"Feature","properties":{"s":0.8,"t":1},"geometry":{"type":"Point","coordinates":[76.981805,8.618345]}},{"type":"Feature","properties":{"s":1.3,"t":0},"geometry":{"type":"Point","coordinates":[76.982304,8.618238]}},{"type":"Feature","properties":{"s":1.03,"t":0},"geometry":{"type":"Point","coordinates":[76.983459,8.618452]}},{"type":"Feature","properties":{"s":0.83,"t":0},"geometry":{"type":"Point","coordinates":[76.984053,8.618274]}},{"type":"Feature","properties":{"s":0.93,"t":0},"geometry":{"type":"Point","coordinates":[77.00111,8.618561]}},{"type":"Feature","properties":{"s":0.84,"t":1},"geometry":{"type":"Point","coordinates":[77.001634,8.618249]}},{"type":"Feature","properties":{"s":1.07,"t":0},"geometry":{"type":"Point","coordinates":[77.0035,8.618257]}},{"type":"Feature","properties":{"s":0.85,"t":0},"geometry":{"type":"Point","coordinates":[77.004289,8.618567]}},{"type":"Feature","properties":{"s":0.8,"t":1},"geometry":{"type":"Point","coordinates":[77.004783,8.618527]}},{"type":"Feature","properties":{"s":0.89,"t":1},"geometry":{"type":"Point","coordinates":[77.005292,8.618414]}},{"type":"Feature","properties":{"s":1.17,"t":0},"geometry":{"type":"Point","coordinates":[77.005563,8.618497]}},{"type":"Feature","properties":{"s":1.24,"t":1},"geometry":{"type":"Point","coordinates":[77.009039,8.618345]}},{"type":"Feature","properties":{"s":0.99,"t":0},"geometry":{"type":"Point","coordinates":[77.010207,8.618306]}},{"type":"Feature","properties":{"s":0.98,"t":1},"geometry":{"type":"Point","coordinates":[77.010706,8.618252]}},{"type":"Feature","properties":{"s":1.3,"t":0},"geometry":{"type":"Point","coordinates":[77.011097,8.61834]}},{"type":"Feature","properties":{"s":0.89,"t":0},"geometry":{"type":"Point","coordinates":[77.011413,8.618406]}},{"type":"Feature","properties":{"s":0.88,"t":1},"geometry":{"type":"Point","coordinates":[77.012802,8.618338]}},{"type":"Feature","properties":{"s":0.91,"t":1},"geometry":{"type":"Point","coordinates":[77.015049,8.618231]}},{"type":"Feature","properties":{"s":0.88,"t":0},"geometry":{"type":"Point","coordinates":[77.01545,8.618414]}},{"type":"Feature","properties":{"s":1.17,"t":1},"geometry":{"type":"Point","coordinates":[77.015794,8.618307]}},{"type":"Feature","properties":{"s":0.74,"t":0},"geometry":{"type":"Point","coordinates":[77.016093,8.61839]}},{"type":"Feature","properties":{"s":1.02,"t":0},"geometry":{"type":"Point","coordinates":[77.016965,8.618395]}},{"type":"Feature","properties":{"s":0.99,"t":1},"geometry":{"type":"Point","coordinates":[77.017717,8.618294]}},{"type":"Feature","properties":{"s":0.76,"t":1},"geometry":{"type":"Point","coordinates":[77.018522,8.618301]}},{"type":"Feature","properties":{"s":1.08,"t":1},"geometry":{"type":"Point","coordinates":[77.020418,8.618223]}},{"type":"Feature","properties":{"s":1.15,"t":1},"geometry":{"type":"Point","coordinates":[77.021317,8.618354]}},{"type":"Feature","properties":{"s":1.13,"t":0},"geometry":{"type":"Point","coordinates":[77.02152,8.618503]}},{"type":"Feature","properties":{"s":1.33,"t":1},"geometry":{"type":"Point","coordinates":[77.022119,8.618228]}},{"type":"Feature","properties":{"s":1.04,"t":1},"geometry":{"type":"Point","coordinates":[77.022852,8.618413]}},{"type":"Feature","properties":{"s":0.8,"t":1},"geometry":{"type":"Point","coordinates":[77.023149,8.618468]}},{"type":"Feature","properties":{"s":1.04,"t":1},"geometry":{"type":"Point","coordinates":[77.024391,8.618395]}},{"type":"Feature","properties":{"s":0.81,"t":1},"geometry":{"type":"Point","coordinates":[77.024835,8.618304]}},{"type":"Feature","properties":{"s":1.33,"t":0},"geometry":{"type":"Point","coordinates":[77.025199,8.618291]}},{"type":"Feature","properties":{"s":1.22,"t":1},"geometry":{"type":"Point","coordinates":[77.025828,8.618282]}},{"type":"Feature","properties":{"s":1.1,"t":0},"geometry":{"type":"Point","coordinates":[77.026248,8.618279]}},{"type":"Feature","properties":{"s":0.98,"t":0},"geometry":{"type":"Point","coordinates":[77.029882,8.618329]}},{"type":"Feature","properties":{"s":1.17,"t":0},"geometry":{"type":"Point","coordinates":[77.030851,8.618428]}},{"type":"Feature","properties":{"s":0.79,"t":0},"geometry":{"type":"Point","coordinates":[77.032327,8.61842]}},{"type":"Feature","properties":{"s":1.16,"t":1},"geometry":{"type":"Point","coordinates":[77.032791,8.618335]}},{"type":"Feature","properties":{"s":0.87,"t":0},"geometry":{"type":"Point","coordinates":[77.035057,8.618553]}},{"type":"Feature","properties":{"s":0.88,"t":1},"geometry":{"type":"Point","coordinates":[77.035694,8.618292]}},{"type":"Feature","properties":{"s":1.32,"t":0},"geometry":{"type":"Point","coordinates":[77.036225,8.618397]}},{"type":"Feature","properties":{"s":1.12,"t":0},"geometry":{"type":"Point","coordinates":[76.959003,8.618706]}},{"type":"Feature","properties":{"s":1.06,"t":0},"geometry":{"type":"Point","coordinates":[76.959289,8.618719]}},{"type":"Feature","properties":{"s":1.0,"t":1},"geometry":{"type":"Point","coordinates":[76.961148,8.618789]}},{"type":"Feature","properties":{"s":0.87,"t":1},"geometry":{"type":"Point","coordinates":[76.961481,8.618655]}},{"type":"Feature","properties":{"s":0.88,"t":1},"geometry":{"type":"Point","coordinates":[76.962235,8.618811]}},{"type":"Feature","properties":{"s":0.98,"t":0},"geometry":{"type":"Point","coordinates":[76.963928,8.618819]}},{"type":"Feature","properties":{"s":1.23,"t":1},"geometry":{"type":"Point","coordinates":[76.964326,8.618831]}},{"type":"Feature","properties":{"s":0.73,"t":1},"geometry":{"type":"Point","coordinates":[76.964774,8.618681]}},{"type":"Feature","properties":{"s":0.95,"t":0},"geometry":{"type":"Point","coordinates":[76.967088,8.618786]}},{"type":"Feature","properties":{"s":1.13,"t":0},"geometry":{"type":"Point","coordinates":[76.968606,8.618819]}},{"type":"Feature","properties":{"s":1.27,"t":1},"geometry":{"type":"Point","coordinates":[76.969375,8.618728]}},{"type":"Feature","properties":{"s":1.07,"t":0},"geometry":{"type":"Point","coordinates":[76.969748,8.618822]}},{"type":"Feature","properties":{"s":1.27,"t":0},"geometry":{"type":"Point","coordinates":[76.97031,8.618959]}},{"type":"Feature","properties":{"s":1.22,"t":1},"geometry":{"type":"Point","coordinates":[76.97068,8.618813]}},{"type":"Feature","properties":{"s":1.24,"t":1},"geometry":{"type":"Point","coordinates":[76.97098,8.61867]}},{"type":"Feature","properties":{"s":1.24,"t":0},"geometry":{"type":"Point","coordinates":[76.971583,8.618939]}},{"type":"Feature","properties":{"s":1.2,"t":1},"geometry":{"type":"Point","coordinates":[76.971874,8.61886]}},{"type":"Feature","properties":{"s":0.8,"t":1},"geometry":{"type":"Point","coordinates":[76.97216,8.618899]}},{"type":"Feature","properties":{"s":0.95,"t":0},"geometry":{"type":"Point","coordinates":[76.972604,8.618748]}},{"type":"Feature","properties":{"s":0.82,"t":0},"geometry":{"type":"Point","coordinates":[76.973684,8.618982]}},{"type":"Feature","properties":{"s":1.06,"t":0},"geometry":{"type":"Point","coordinates":[76.976351,8.618762]}},{"type":"Feature","properties":{"s":0.76,"t":1},"geometry":{"type":"Point","coordinates":[76.976995,8.618953]}},{"type":"Feature","properties":{"s":1.13,"t":1},"geometry":{"type":"Point","coordinates":[76.978188,8.618682]}},{"type":"Feature","properties":{"s":1.17,"t":1},"geometry":{"type":"Point","coordinates":[76.978563,8.618806]}},{"type":"Feature","properties":{"s":0.98,"t":1},"geometry":{"type":"Point","coordinates":[76.979549,8.618878]}},{"type":"Feature","properties":{"s":0.98,"t":0},"geometry":{"type":"Point","coordinates":[76.980365,8.618903]}},{"type":"Feature","properties":{"s":0.97,"t":1},"geometry":{"type":"Point","coordinates":[76.980474,8.618773]}},{"type":"Feature","properties":{"s":0.89,"t":1},"geometry":{"type":"Point","coordinates":[76.981186,8.618784]}},{"type":"Feature","properties":{"s":1.21,"t":1},"geometry":{"type":"Point","coordinates":[76.981625,8.618734]}},{"type":"Feature","properties":{"s":1.17,"t":1},"geometry":{"type":"Point","coordinates":[76.981792,8.61874]}},{"type":"Feature","properties":{"s":1.2,"t":1},"geometry":{"type":"Point","coordinates":[76.982193,8.618888]}},{"type":"Feature","properties":{"s":1.1,"t":1},"geometry":{"type":"Point","coordinates":[76.982728,8.618832]}},{"type":"Feature","properties":{"s":1.04,"t":0},"geometry":{"type":"Point","coordinates":[76.983281,8.618872]}},{"type":"Feature","properties":{"s":0.74,"t":0},"geometry":{"type":"Point","coordinates":[76.983396,8.618929]}},{"type":"Feature","properties":{"s":1.05,"t":0},"geometry":{"type":"Point","coordinates":[76.983892,8.618785]}},{"type":"Feature","properties":{"s":1.21,"t":0},"geometry":{"type":"Point","coordinates":[77.001611,8.618967]}},{"type":"Feature","properties":{"s":0.77,"t":1},"geometry":{"type":"Point","coordinates":[77.003242,8.618942]}},{"type":"Feature","properties":{"s":1.29,"t":1},"geometry":{"type":"Point","coordinates":[77.003952,8.618893]}},{"type":"Feature","properties":{"s":0.91,"t":0},"geometry":{"type":"Point","coordinates":[77.004781,8.618655]}},{"type":"Feature","properties":{"s":1.12,"t":1},"geometry":{"type":"Point","coordinates":[77.005215,8.61877]}},{"type":"Feature","properties":{"s":0.72,"t":0},"geometry":{"type":"Point","coordinates":[77.005578,8.61898]}},{"type":"Feature","properties":{"s":1.09,"t":0},"geometry":{"type":"Point","coordinates":[77.006546,8.618699]}},{"type":"Feature","properties":{"s":0.73,"t":0},"geometry":{"type":"Point","coordinates":[77.006914,8.618671]}},{"type":"Feature","properties":{"s":1.32,"t":1},"geometry":{"type":"Point","coordinates":[77.008464,8.618811]}},{"type":"Feature","properties":{"s":1.08,"t":1},"geometry":{"type":"Point","coordinates":[77.009544,8.618675]}},{"type":"Feature","properties":{"s":0.75,"t":0},"geometry":{"type":"Point","coordinates":[77.009737,8.61894]}},{"type":"Feature","properties":{"s":0.84,"t":0},"geometry":{"type":"Point","coordinates":[77.010834,8.618707]}},{"type":"Feature","properties":{"s":0.78,"t":1},"geometry":{"type":"Point","coordinates":[77.011102,8.618756]}},{"type":"Feature","properties":{"s":0.76,"t":1},"geometry":{"type":"Point","coordinates":[77.012974,8.618981]}},{"type":"Feature","properties":{"s":1.27,"t":1},"geometry":{"type":"Point","coordinates":[77.01321,8.618977]}},{"type":"Feature","properties":{"s":0.77,"t":1},"geometry":{"type":"Point","coordinates":[77.01414,8.618675]}},{"type":"Feature","properties":{"s":0.82,"t":0},"geometry":{"type":"Point","coordinates":[77.015762,8.618926]}},{"type":"Feature","properties":{"s":0.88,"t":1},"geometry":{"type":"Point","coordinates":[77.016085,8.61888]}},{"type":"Feature","properties":{"s":1.29,"t":0},"geometry":{"type":"Point","coordinates":[77.017347,8.618772]}},{"type":"Feature","properties":{"s":0.91,"t":0},"geometry":{"type":"Point","coordinates":[77.017651,8.61887]}},{"type":"Feature","properties":{"s":0.85,"t":0},"geometry":{"type":"Point","coordinates":[77.018192,8.618699]}},{"type":"Feature","properties":{"s":1.06,"t":0},"geometry":{"type":"Point","coordinates":[77.019043,8.618907]}},{"type":"Feature","properties":{"s":0.95,"t":0},"geometry":{"type":"Point","coordinates":[77.019328,8.618817]}},{"type":"Feature","properties":{"s":1.09,"t":0},"geometry":{"type":"Point","coordinates":[77.02038,8.618738]}},{"type":"Feature","properties":{"s":1.26,"t":1},"geometry":{"type":"Point","coordinates":[77.020767,8.618909]}},{"type":"Feature","properties":{"s":1.13,"t":1},"geometry":{"type":"Point","coordinates":[77.021336,8.618733]}},{"type":"Feature","properties":{"s":1.15,"t":1},"geometry":{"type":"Point","coordinates":[77.021714,8.618648]}},{"type":"Feature","properties":{"s":0.87,"t":0},"geometry":{"type":"Point","coordinates":[77.022794,8.618667]}},{"type":"Feature","properties":{"s":1.22,"t":1},"geometry":{"type":"Point","coordinates":[77.023152,8.618745]}},{"type":"Feature","properties":{"s":1.26,"t":0},"geometry":{"type":"Point","coordinates":[77.024915,8.618783]}},{"type":"Feature","properties":{"s":1.24,"t":1},"geometry":{"type":"Point","coordinates":[77.025847,8.618936]}},{"type":"Feature","properties":{"s":1.15,"t":0},"geometry":{"type":"Point","coordinates":[77.02686,8.618925]}},{"type":"Feature","properties":{"s":1.26,"t":1},"geometry":{"type":"Point","coordinates":[77.028779,8.618919]}},{"type":"Feature","properties":{"s":1.14,"t":0},"geometry":{"type":"Point","coordinates":[77.029145,8.618878]}},{"type":"Feature","properties":{"s":0.91,"t":1},"geometry":{"type":"Point","coordinates":[77.030215,8.61871]}},{"type":"Feature","properties":{"s":1.18,"t":1},"geometry":{"type":"Point","coordinates":[77.031149,8.618937]}},{"type":"Feature","properties":{"s":0.91,"t":1},"geometry":{"type":"Point","coordinates":[77.034549,8.618799]}},{"type":"Feature","properties":{"s":0.85,"t":0},"geometry":{"type":"Point","coordinates":[77.036943,8.618719]}},{"type":"Feature","properties":{"s":0.95,"t":1},"geometry":{"type":"Point","coordinates":[76.959596,8.619122]}},{"type":"Feature","properties":{"s":0.78,"t":1},"geometry":{"type":"Point","coordinates":[76.960108,8.619323]}},{"type":"Feature","properties":{"s":0.85,"t":0},"geometry":{"type":"Point","coordinates":[76.961129,8.619308]}},{"type":"Feature","properties":{"s":0.95,"t":0},"geometry":{"type":"Point","coordinates":[76.961254,8.619115]}},{"type":"Feature","properties":{"s":1.2,"t":1},"geometry":{"type":"Point","coordinates":[76.961754,8.619272]}},{"type":"Feature","properties":{"s":0.82,"t":0},"geometry":{"type":"Point","coordinates":[76.962666,8.619359]}},{"type":"Feature","properties":{"s":0.86,"t":1},"geometry":{"type":"Point","coordinates":[76.96304,8.619255]}},{"type":"Feature","properties":{"s":0.87,"t":1},"geometry":{"type":"Point","coordinates":[76.963609,8.619269]}},{"type":"Feature","properties":{"s":1.02,"t":0},"geometry":{"type":"Point","coordinates":[76.965662,8.619189]}},{"type":"Feature","properties":{"s":0.75,"t":0},"geometry":{"type":"Point","coordinates":[76.967157,8.619235]}},{"type":"Feature","properties":{"s":0.87,"t":0},"geometry":{"type":"Point","coordinates":[76.967831,8.619346]}},{"type":"Feature","properties":{"s":1.1,"t":1},"geometry":{"type":"Point","coordinates":[76.968247,8.619104]}},{"type":"Feature","properties":{"s":0.75,"t":0},"geometry":{"type":"Point","coordinates":[76.968542,8.619374]}},{"type":"Feature","properties":{"s":0.89,"t":0},"geometry":{"type":"Point","coordinates":[76.969914,8.619202]}},{"type":"Feature","properties":{"s":0.86,"t":1},"geometry":{"type":"Point","coordinates":[76.970056,8.619116]}},{"type":"Feature","properties":{"s":1.26,"t":0},"geometry":{"type":"Point","coordinates":[76.970697,8.619183]}},{"type":"Feature","properties":{"s":1.09,"t":1},"geometry":{"type":"Point","coordinates":[76.971407,8.619105]}},{"type":"Feature","properties":{"s":0.9,"t":1},"geometry":{"type":"Point","coordinates":[76.971774,8.619263]}},{"type":"Feature","properties":{"s":1.29,"t":0},"geometry":{"type":"Point","coordinates":[76.972388,8.619059]}},{"type":"Feature","properties":{"s":0.84,"t":0},"geometry":{"type":"Point","coordinates":[76.972539,8.619058]}},{"type":"Feature","properties":{"s":0.74,"t":0},"geometry":{"type":"Point","coordinates":[76.973013,8.619142]}},{"type":"Feature","properties":{"s":1.05,"t":1},"geometry":{"type":"Point","coordinates":[76.973703,8.6191]}},{"type":"Feature","properties":{"s":0.83,"t":1},"geometry":{"type":"Point","coordinates":[76.973858,8.619328]}},{"type":"Feature","properties":{"s":1.02,"t":0},"geometry":{"type":"Point","coordinates":[76.97433,8.619114]}},{"type":"Feature","properties":{"s":0.87,"t":1},"geometry":{"type":"Point","coordinates":[76.974873,8.619158]}},{"type":"Feature","properties":{"s":0.97,"t":1},"geometry":{"type":"Point","coordinates":[76.975209,8.619221]}},{"type":"Feature","properties":{"s":1.11,"t":0},"geometry":{"type":"Point","coordinates":[76.975903,8.619322]}},{"type":"Feature","properties":{"s":0.98,"t":1},"geometry":{"type":"Point","coordinates":[76.976604,8.619086]}},{"type":"Feature","properties":{"s":0.73,"t":1},"geometry":{"type":"Point","coordinates":[76.976725,8.619137]}},{"type":"Feature","properties":{"s":1.24,"t":0},"geometry":{"type":"Point","coordinates":[76.977145,8.619335]}},{"type":"Feature","properties":{"s":0.99,"t":0},"geometry":{"type":"Point","coordinates":[76.977608,8.619276]}},{"type":"Feature","properties":{"s":1.03,"t":1},"geometry":{"type":"Point","coordinates":[76.978043,8.619313]}},{"type":"Feature","properties":{"s":1.22,"t":0},"geometry":{"type":"Point","coordinates":[76.978394,8.61924]}},{"type":"Feature","properties":{"s":1.0,"t":0},"geometry":{"type":"Point","coordinates":[76.979011,8.61917]}},{"type":"Feature","properties":{"s":0.88,"t":1},"geometry":{"type":"Point","coordinates":[76.979861,8.619356]}},{"type":"Feature","properties":{"s":0.81,"t":0},"geometry":{"type":"Point","coordinates":[76.980358,8.61927]}},{"type":"Feature","properties":{"s":0.79,"t":1},"geometry":{"type":"Point","coordinates":[76.980678,8.619348]}},{"type":"Feature","properties":{"s":0.85,"t":0},"geometry":{"type":"Point","coordinates":[76.9811,8.619119]}},{"type":"Feature","properties":{"s":0.87,"t":1},"geometry":{"type":"Point","coordinates":[76.982446,8.619331]}},{"type":"Feature","properties":{"s":0.9,"t":0},"geometry":{"type":"Point","coordinates":[76.98268,8.61915]}},{"type":"Feature","properties":{"s":1.09,"t":0},"geometry":{"type":"Point","coordinates":[76.983407,8.619224]}},{"type":"Feature","properties":{"s":0.89,"t":0},"geometry":{"type":"Point","coordinates":[77.001108,8.619347]}},{"type":"Feature","properties":{"s":1.08,"t":1},"geometry":{"type":"Point","coordinates":[77.001585,8.619135]}},{"type":"Feature","properties":{"s":0.84,"t":1},"geometry":{"type":"Point","coordinates":[77.00187,8.619179]}},{"type":"Feature","properties":{"s":0.8,"t":0},"geometry":{"type":"Point","coordinates":[77.002434,8.619244]}},{"type":"Feature","properties":{"s":0.82,"t":1},"geometry":{"type":"Point","coordinates":[77.003736,8.619403]}},{"type":"Feature","properties":{"s":1.19,"t":1},"geometry":{"type":"Point","coordinates":[77.004208,8.619276]}},{"type":"Feature","properties":{"s":0.88,"t":1},"geometry":{"type":"Point","coordinates":[77.004456,8.619329]}},{"type":"Feature","properties":{"s":1.34,"t":1},"geometry":{"type":"Point","coordinates":[77.00626,8.619157]}},{"type":"Feature","properties":{"s":0.99,"t":1},"geometry":{"type":"Point","coordinates":[77.006373,8.619382]}},{"type":"Feature","properties":{"s":1.01,"t":0},"geometry":{"type":"Point","coordinates":[77.009342,8.619355]}},{"type":"Feature","properties":{"s":1.05,"t":1},"geometry":{"type":"Point","coordinates":[77.009918,8.619166]}},{"type":"Feature","properties":{"s":1.09,"t":0},"geometry":{"type":"Point","coordinates":[77.010821,8.619079]}},{"type":"Feature","properties":{"s":1.23,"t":0},"geometry":{"type":"Point","coordinates":[77.012083,8.619355]}},{"type":"Feature","properties":{"s":0.72,"t":1},"geometry":{"type":"Point","coordinates":[77.012253,8.619316]}},{"type":"Feature","properties":{"s":0.85,"t":0},"geometry":{"type":"Point","coordinates":[77.013064,8.619151]}},{"type":"Feature","properties":{"s":0.97,"t":0},"geometry":{"type":"Point","coordinates":[77.014609,8.619321]}},{"type":"Feature","properties":{"s":0.73,"t":1},"geometry":{"type":"Point","coordinates":[77.016997,8.619067]}},{"type":"Feature","properties":{"s":0.91,"t":0},"geometry":{"type":"Point","coordinates":[77.017404,8.619125]}},{"type":"Feature","properties":{"s":0.93,"t":1},"geometry":{"type":"Point","coordinates":[77.018805,8.619073]}},{"type":"Feature","properties":{"s":0.8,"t":1},"geometry":{"type":"Point","coordinates":[77.021589,8.619173]}},{"type":"Feature","properties":{"s":1.15,"t":1},"geometry":{"type":"Point","coordinates":[77.02207,8.619147]}},{"type":"Feature","properties":{"s":1.17,"t":0},"geometry":{"type":"Point","coordinates":[77.022867,8.619346]}},{"type":"Feature","properties":{"s":1.07,"t":1},"geometry":{"type":"Point","coordinates":[77.024402,8.619365]}},{"type":"Feature","properties":{"s":1.05,"t":1},"geometry":{"type":"Point","coordinates":[77.025206,8.619297]}},{"type":"Feature","properties":{"s":0.98,"t":0},"geometry":{"type":"Point","coordinates":[77.026209,8.619059]}},{"type":"Feature","properties":{"s":1.25,"t":0},"geometry":{"type":"Point","coordinates":[77.027178,8.61925]}},{"type":"Feature","properties":{"s":1.03,"t":0},"geometry":{"type":"Point","coordinates":[77.027552,8.619081]}},{"type":"Feature","properties":{"s":1.29,"t":1},"geometry":{"type":"Point","coordinates":[77.027722,8.619158]}},{"type":"Feature","properties":{"s":1.01,"t":1},"geometry":{"type":"Point","coordinates":[77.030624,8.619281]}},{"type":"Feature","properties":{"s":0.98,"t":0},"geometry":{"type":"Point","coordinates":[77.031135,8.619313]}},{"type":"Feature","properties":{"s":0.83,"t":0},"geometry":{"type":"Point","coordinates":[77.031462,8.619157]}},{"type":"Feature","properties":{"s":0.88,"t":0},"geometry":{"type":"Point","coordinates":[77.034059,8.619389]}},{"type":"Feature","properties":{"s":1.07,"t":0},"geometry":{"type":"Point","coordinates":[77.034611,8.619099]}},{"type":"Feature","properties":{"s":0.72,"t":1},"geometry":{"type":"Point","coordinates":[77.035026,8.619218]}},{"type":"Feature","properties":{"s":0.86,"t":1},"geometry":{"type":"Point","coordinates":[77.03551,8.619321]}},{"type":"Feature","properties":{"s":1.0,"t":0},"geometry":{"type":"Point","coordinates":[77.035689,8.619094]}},{"type":"Feature","properties":{"s":1.07,"t":0},"geometry":{"type":"Point","coordinates":[77.036782,8.619149]}},{"type":"Feature","properties":{"s":1.14,"t":1},"geometry":{"type":"Point","coordinates":[76.959331,8.619804]}},{"type":"Feature","properties":{"s":1.11,"t":0},"geometry":{"type":"Point","coordinates":[76.960212,8.619668]}},{"type":"Feature","properties":{"s":0.84,"t":1},"geometry":{"type":"Point","coordinates":[76.960707,8.619548]}},{"type":"Feature","properties":{"s":0.74,"t":0},"geometry":{"type":"Point","coordinates":[76.961044,8.619689]}},{"type":"Feature","properties":{"s":1.33,"t":1},"geometry":{"type":"Point","coordinates":[76.964616,8.619658]}},{"type":"Feature","properties":{"s":1.04,"t":0},"geometry":{"type":"Point","coordinates":[76.966497,8.619513]}},{"type":"Feature","properties":{"s":0.82,"t":1},"geometry":{"type":"Point","coordinates":[76.966759,8.619592]}},{"type":"Feature","properties":{"s":1.32,"t":1},"geometry":{"type":"Point","coordinates":[76.967112,8.619532]}},{"type":"Feature","properties":{"s":1.19,"t":1},"geometry":{"type":"Point","coordinates":[76.967801,8.619694]}},{"type":"Feature","properties":{"s":1.08,"t":1},"geometry":{"type":"Point","coordinates":[76.968146,8.619736]}},{"type":"Feature","properties":{"s":1.05,"t":1},"geometry":{"type":"Point","coordinates":[76.968479,8.619595]}},{"type":"Feature","properties":{"s":1.09,"t":1},"geometry":{"type":"Point","coordinates":[76.969267,8.61969]}},{"type":"Feature","properties":{"s":0.73,"t":1},"geometry":{"type":"Point","coordinates":[76.970206,8.61981]}},{"type":"Feature","properties":{"s":0.98,"t":1},"geometry":{"type":"Point","coordinates":[76.971826,8.619771]}},{"type":"Feature","properties":{"s":0.95,"t":1},"geometry":{"type":"Point","coordinates":[76.972204,8.619487]}},{"type":"Feature","properties":{"s":1.06,"t":0},"geometry":{"type":"Point","coordinates":[76.9727,8.61972]}},{"type":"Feature","properties":{"s":0.73,"t":0},"geometry":{"type":"Point","coordinates":[76.973157,8.619792]}},{"type":"Feature","properties":{"s":0.88,"t":0},"geometry":{"type":"Point","coordinates":[76.97359,8.619719]}},{"type":"Feature","properties":{"s":0.95,"t":1},"geometry":{"type":"Point","coordinates":[76.975056,8.619613]}},{"type":"Feature","properties":{"s":1.05,"t":0},"geometry":{"type":"Point","coordinates":[76.975915,8.61959]}},{"type":"Feature","properties":{"s":0.74,"t":0},"geometry":{"type":"Point","coordinates":[76.976451,8.619677]}},{"type":"Feature","properties":{"s":1.26,"t":1},"geometry":{"type":"Point","coordinates":[76.976973,8.61969]}},{"type":"Feature","properties":{"s":0.76,"t":0},"geometry":{"type":"Point","coordinates":[76.97744,8.619583]}},{"type":"Feature","properties":{"s":0.81,"t":1},"geometry":{"type":"Point","coordinates":[76.978033,8.619627]}},{"type":"Feature","properties":{"s":1.01,"t":1},"geometry":{"type":"Point","coordinates":[76.980661,8.619542]}},{"type":"Feature","properties":{"s":0.78,"t":1},"geometry":{"type":"Point","coordinates":[76.980963,8.619602]}},{"type":"Feature","properties":{"s":1.28,"t":0},"geometry":{"type":"Point","coordinates":[76.981613,8.619764]}},{"type":"Feature","properties":{"s":1.34,"t":0},"geometry":{"type":"Point","coordinates":[76.98184,8.619702]}},{"type":"Feature","properties":{"s":0.91,"t":1},"geometry":{"type":"Point","coordinates":[76.982564,8.619774]}},{"type":"Feature","properties":{"s":1.29,"t":1},"geometry":{"type":"Point","coordinates":[77.000622,8.61948]}},{"type":"Feature","properties":{"s":1.2,"t":1},"geometry":{"type":"Point","coordinates":[77.002629,8.619517]}},{"type":"Feature","properties":{"s":0.85,"t":1},"geometry":{"type":"Point","coordinates":[77.003145,8.61951]}},{"type":"Feature","properties":{"s":0.78,"t":0},"geometry":{"type":"Point","coordinates":[77.003708,8.619669]}},{"type":"Feature","properties":{"s":1.26,"t":1},"geometry":{"type":"Point","coordinates":[77.003979,8.619515]}},{"type":"Feature","properties":{"s":0.76,"t":0},"geometry":{"type":"Point","coordinates":[77.004524,8.619498]}},{"type":"Feature","properties":{"s":1.04,"t":1},"geometry":{"type":"Point","coordinates":[77.009112,8.619792]}},{"type":"Feature","properties":{"s":0.8,"t":0},"geometry":{"type":"Point","coordinates":[77.009605,8.619755]}},{"type":"Feature","properties":{"s":0.8,"t":1},"geometry":{"type":"Point","coordinates":[77.009972,8.619819]}},{"type":"Feature","properties":{"s":0.81,"t":0},"geometry":{"type":"Point","coordinates":[77.011096,8.619697]}},{"type":"Feature","properties":{"s":1.07,"t":1},"geometry":{"type":"Point","coordinates":[77.012501,8.619661]}},{"type":"Feature","properties":{"s":1.16,"t":1},"geometry":{"type":"Point","coordinates":[77.012662,8.619794]}},{"type":"Feature","properties":{"s":0.86,"t":0},"geometry":{"type":"Point","coordinates":[77.013066,8.619595]}},{"type":"Feature","properties":{"s":0.97,"t":0},"geometry":{"type":"Point","coordinates":[77.015191,8.619692]}},{"type":"Feature","properties":{"s":1.09,"t":1},"geometry":{"type":"Point","coordinates":[77.016396,8.619809]}},{"type":"Feature","properties":{"s":1.29,"t":0},"geometry":{"type":"Point","coordinates":[77.016883,8.619769]}},{"type":"Feature","properties":{"s":1.34,"t":0},"geometry":{"type":"Point","coordinates":[77.017305,8.619758]}},{"type":"Feature","properties":{"s":0.97,"t":0},"geometry":{"type":"Point","coordinates":[77.017817,8.619583]}},{"type":"Feature","properties":{"s":0.82,"t":0},"geometry":{"type":"Point","coordinates":[77.018403,8.619799]}},{"type":"Feature","properties":{"s":0.83,"t":0},"geometry":{"type":"Point","coordinates":[77.018805,8.619484]}},{"type":"Feature","properties":{"s":1.09,"t":1},"geometry":{"type":"Point","coordinates":[77.01912,8.619647]}},{"type":"Feature","properties":{"s":1.15,"t":1},"geometry":{"type":"Point","coordinates":[77.019388,8.619773]}},{"type":"Feature","properties":{"s":0.9,"t":1},"geometry":{"type":"Point","coordinates":[77.020354,8.619809]}},{"type":"Feature","properties":{"s":0.98,"t":0},"geometry":{"type":"Point","coordinates":[77.02164,8.619552]}},{"type":"Feature","properties":{"s":0.84,"t":1},"geometry":{"type":"Point","coordinates":[77.021848,8.619604]}},{"type":"Feature","properties":{"s":0.81,"t":1},"geometry":{"type":"Point","coordinates":[77.022458,8.619772]}},{"type":"Feature","properties":{"s":1.22,"t":1},"geometry":{"type":"Point","coordinates":[77.022979,8.619646]}},{"type":"Feature","properties":{"s":0.72,"t":1},"geometry":{"type":"Point","coordinates":[77.023514,8.619786]}},{"type":"Feature","properties":{"s":0.86,"t":0},"geometry":{"type":"Point","coordinates":[77.024184,8.619793]}},{"type":"Feature","properties":{"s":1.02,"t":0},"geometry":{"type":"Point","coordinates":[77.024451,8.619634]}},{"type":"Feature","properties":{"s":0.96,"t":1},"geometry":{"type":"Point","coordinates":[77.024963,8.619749]}},{"type":"Feature","properties":{"s":1.09,"t":0},"geometry":{"type":"Point","coordinates":[77.026257,8.619752]}},{"type":"Feature","properties":{"s":1.04,"t":1},"geometry":{"type":"Point","coordinates":[77.027545,8.619625]}},{"type":"Feature","properties":{"s":1.04,"t":0},"geometry":{"type":"Point","coordinates":[77.028018,8.619797]}},{"type":"Feature","properties":{"s":1.23,"t":1},"geometry":{"type":"Point","coordinates":[77.028108,8.619701]}},{"type":"Feature","properties":{"s":0.95,"t":0},"geometry":{"type":"Point","coordinates":[77.028792,8.619685]}},{"type":"Feature","properties":{"s":0.95,"t":1},"geometry":{"type":"Point","coordinates":[77.029214,8.619573]}},{"type":"Feature","properties":{"s":0.95,"t":1},"geometry":{"type":"Point","coordinates":[77.030729,8.619594]}},{"type":"Feature","properties":{"s":0.85,"t":0},"geometry":{"type":"Point","coordinates":[77.031272,8.619747]}},{"type":"Feature","properties":{"s":0.87,"t":0},"geometry":{"type":"Point","coordinates":[77.031757,8.619684]}},{"type":"Feature","properties":{"s":0.79,"t":0},"geometry":{"type":"Point","coordinates":[77.031918,8.619468]}},{"type":"Feature","properties":{"s":0.9,"t":1},"geometry":{"type":"Point","coordinates":[77.032493,8.619724]}},{"type":"Feature","properties":{"s":0.77,"t":1},"geometry":{"type":"Point","coordinates":[77.033757,8.619802]}},{"type":"Feature","properties":{"s":1.05,"t":1},"geometry":{"type":"Point","coordinates":[77.034884,8.61956]}},{"type":"Feature","properties":{"s":1.0,"t":1},"geometry":{"type":"Point","coordinates":[77.036597,8.619537]}},{"type":"Feature","properties":{"s":1.02,"t":1},"geometry":{"type":"Point","coordinates":[77.037124,8.619635]}},{"type":"Feature","properties":{"s":1.0,"t":1},"geometry":{"type":"Point","coordinates":[77.037385,8.619472]}},{"type":"Feature","properties":{"s":0.77,"t":0},"geometry":{"type":"Point","coordinates":[76.958459,8.620053]}},{"type":"Feature","properties":{"s":1.04,"t":0},"geometry":{"type":"Point","coordinates":[76.959154,8.619916]}},{"type":"Feature","properties":{"s":0.94,"t":1},"geometry":{"type":"Point","coordinates":[76.959748,8.620195]}},{"type":"Feature","properties":{"s":0.75,"t":0},"geometry":{"type":"Point","coordinates":[76.960197,8.620016]}},{"type":"Feature","properties":{"s":0.79,"t":1},"geometry":{"type":"Point","coordinates":[76.960616,8.620026]}},{"type":"Feature","properties":{"s":1.17,"t":1},"geometry":{"type":"Point","coordinates":[76.963546,8.620129]}},{"type":"Feature","properties":{"s":1.16,"t":0},"geometry":{"type":"Point","coordinates":[76.963847,8.620053]}},{"type":"Feature","properties":{"s":0.91,"t":1},"geometry":{"type":"Point","coordinates":[76.966424,8.620183]}},{"type":"Feature","properties":{"s":1.2,"t":0},"geometry":{"type":"Point","coordinates":[76.966714,8.619893]}},{"type":"Feature","properties":{"s":1.2,"t":0},"geometry":{"type":"Point","coordinates":[76.967375,8.619937]}},{"type":"Feature","properties":{"s":1.21,"t":1},"geometry":{"type":"Point","coordinates":[76.969415,8.619906]}},{"type":"Feature","properties":{"s":1.13,"t":0},"geometry":{"type":"Point","coordinates":[76.969844,8.620149]}},{"type":"Feature","properties":{"s":1.11,"t":0},"geometry":{"type":"Point","coordinates":[76.970121,8.620054]}},{"type":"Feature","properties":{"s":1.26,"t":1},"geometry":{"type":"Point","coordinates":[76.970695,8.620029]}},{"type":"Feature","properties":{"s":0.95,"t":0},"geometry":{"type":"Point","coordinates":[76.971388,8.619911]}},{"type":"Feature","properties":{"s":1.12,"t":0},"geometry":{"type":"Point","coordinates":[76.972427,8.620141]}},{"type":"Feature","properties":{"s":1.29,"t":0},"geometry":{"type":"Point","coordinates":[76.972565,8.619962]}},{"type":"Feature","properties":{"s":1.2,"t":0},"geometry":{"type":"Point","coordinates":[76.973025,8.619982]}},{"type":"Feature","properties":{"s":1.32,"t":0},"geometry":{"type":"Point","coordinates":[76.973651,8.620205]}},{"type":"Feature","properties":{"s":0.97,"t":1},"geometry":{"type":"Point","coordinates":[76.975643,8.620172]}},{"type":"Feature","properties":{"s":0.88,"t":1},"geometry":{"type":"Point","coordinates":[76.976178,8.620032]}},{"type":"Feature","properties":{"s":0.8,"t":0},"geometry":{"type":"Point","coordinates":[76.97629,8.619973]}},{"type":"Feature","properties":{"s":1.3,"t":1},"geometry":{"type":"Point","coordinates":[76.976857,8.620165]}},{"type":"Feature","properties":{"s":1.1,"t":0},"geometry":{"type":"Point","coordinates":[76.97828,8.619941]}},{"type":"Feature","properties":{"s":1.07,"t":0},"geometry":{"type":"Point","coordinates":[76.978717,8.620174]}},{"type":"Feature","properties":{"s":0.95,"t":1},"geometry":{"type":"Point","coordinates":[76.979464,8.619984]}},{"type":"Feature","properties":{"s":1.18,"t":1},"geometry":{"type":"Point","coordinates":[76.980156,8.619999]}},{"type":"Feature","properties":{"s":1.32,"t":0},"geometry":{"type":"Point","coordinates":[76.980528,8.619887]}},{"type":"Feature","properties":{"s":1.11,"t":1},"geometry":{"type":"Point","coordinates":[76.981144,8.620176]}},{"type":"Feature","properties":{"s":0.94,"t":1},"geometry":{"type":"Point","coordinates":[76.981361,8.620203]}},{"type":"Feature","properties":{"s":0.97,"t":0},"geometry":{"type":"Point","coordinates":[76.981937,8.620145]}},{"type":"Feature","properties":{"s":0.8,"t":0},"geometry":{"type":"Point","coordinates":[76.982356,8.620206]}},{"type":"Feature","properties":{"s":1.28,"t":1},"geometry":{"type":"Point","coordinates":[76.98282,8.620059]}},{"type":"Feature","properties":{"s":1.02,"t":0},"geometry":{"type":"Point","coordinates":[76.983089,8.620149]}},{"type":"Feature","properties":{"s":1.03,"t":0},"geometry":{"type":"Point","coordinates":[76.999449,8.620179]}},{"type":"Feature","properties":{"s":1.19,"t":0},"geometry":{"type":"Point","coordinates":[76.99972,8.620231]}},{"type":"Feature","properties":{"s":1.22,"t":1},"geometry":{"type":"Point","coordinates":[77.001684,8.620142]}},{"type":"Feature","properties":{"s":0.72,"t":1},"geometry":{"type":"Point","coordinates":[77.001868,8.620217]}},{"type":"Feature","properties":{"s":1.25,"t":0},"geometry":{"type":"Point","coordinates":[77.003551,8.620046]}},{"type":"Feature","properties":{"s":0.86,"t":0},"geometry":{"type":"Point","coordinates":[77.003971,8.620125]}},{"type":"Feature","properties":{"s":0.94,"t":0},"geometry":{"type":"Point","coordinates":[77.004571,8.619918]}},{"type":"Feature","properties":{"s":0.93,"t":1},"geometry":{"type":"Point","coordinates":[77.005045,8.619886]}},{"type":"Feature","properties":{"s":1.03,"t":0},"geometry":{"type":"Point","coordinates":[77.005341,8.619949]}},{"type":"Feature","properties":{"s":0.85,"t":0},"geometry":{"type":"Point","coordinates":[77.007422,8.620194]}},{"type":"Feature","properties":{"s":1.01,"t":1},"geometry":{"type":"Point","coordinates":[77.009134,8.620196]}},{"type":"Feature","properties":{"s":0.83,"t":0},"geometry":{"type":"Point","coordinates":[77.010032,8.620225]}},{"type":"Feature","properties":{"s":0.78,"t":1},"geometry":{"type":"Point","coordinates":[77.012344,8.619963]}},{"type":"Feature","properties":{"s":1.25,"t":0},"geometry":{"type":"Point","coordinates":[77.012767,8.620054]}},{"type":"Feature","properties":{"s":0.86,"t":1},"geometry":{"type":"Point","coordinates":[77.013179,8.619975]}},{"type":"Feature","properties":{"s":1.24,"t":1},"geometry":{"type":"Point","coordinates":[77.013649,8.620138]}},{"type":"Feature","properties":{"s":0.93,"t":1},"geometry":{"type":"Point","coordinates":[77.014352,8.620169]}},{"type":"Feature","properties":{"s":1.01,"t":1},"geometry":{"type":"Point","coordinates":[77.014902,8.619953]}},{"type":"Feature","properties":{"s":0.95,"t":1},"geometry":{"type":"Point","coordinates":[77.016482,8.620153]}},{"type":"Feature","properties":{"s":0.97,"t":1},"geometry":{"type":"Point","coordinates":[77.017032,8.620051]}},{"type":"Feature","properties":{"s":0.9,"t":1},"geometry":{"type":"Point","coordinates":[77.017232,8.62015]}},{"type":"Feature","properties":{"s":0.97,"t":1},"geometry":{"type":"Point","coordinates":[77.019523,8.619991]}},{"type":"Feature","properties":{"s":1.27,"t":0},"geometry":{"type":"Point","coordinates":[77.019881,8.620097]}},{"type":"Feature","properties":{"s":0.83,"t":1},"geometry":{"type":"Point","coordinates":[77.020188,8.620056]}},{"type":"Feature","properties":{"s":0.92,"t":1},"geometry":{"type":"Point","coordinates":[77.02198,8.620214]}},{"type":"Feature","properties":{"s":0.99,"t":1},"geometry":{"type":"Point","coordinates":[77.022582,8.620193]}},{"type":"Feature","properties":{"s":0.82,"t":1},"geometry":{"type":"Point","coordinates":[77.023101,8.619918]}},{"type":"Feature","properties":{"s":0.93,"t":0},"geometry":{"type":"Point","coordinates":[77.023933,8.620092]}},{"type":"Feature","properties":{"s":1.09,"t":1},"geometry":{"type":"Point","coordinates":[77.024676,8.620018]}},{"type":"Feature","properties":{"s":0.85,"t":0},"geometry":{"type":"Point","coordinates":[77.025288,8.620156]}},{"type":"Feature","properties":{"s":0.95,"t":1},"geometry":{"type":"Point","coordinates":[77.026944,8.61992]}},{"type":"Feature","properties":{"s":1.16,"t":1},"geometry":{"type":"Point","coordinates":[77.028197,8.619887]}},{"type":"Feature","properties":{"s":1.04,"t":0},"geometry":{"type":"Point","coordinates":[77.028698,8.620207]}},{"type":"Feature","properties":{"s":1.2,"t":1},"geometry":{"type":"Point","coordinates":[77.031306,8.620069]}},{"type":"Feature","properties":{"s":0.94,"t":1},"geometry":{"type":"Point","coordinates":[77.031545,8.619975]}},{"type":"Feature","properties":{"s":0.81,"t":0},"geometry":{"type":"Point","coordinates":[77.032126,8.619976]}},{"type":"Feature","properties":{"s":1.01,"t":0},"geometry":{"type":"Point","coordinates":[77.032383,8.619985]}},{"type":"Feature","properties":{"s":1.08,"t":0},"geometry":{"type":"Point","coordinates":[77.033628,8.620005]}},{"type":"Feature","properties":{"s":0.9,"t":1},"geometry":{"type":"Point","coordinates":[77.034404,8.620035]}},{"type":"Feature","properties":{"s":1.25,"t":1},"geometry":{"type":"Point","coordinates":[77.035094,8.620213]}},{"type":"Feature","properties":{"s":1.21,"t":1},"geometry":{"type":"Point","coordinates":[77.03609,8.619885]}},{"type":"Feature","properties":{"s":1.12,"t":1},"geometry":{"type":"Point","coordinates":[77.037075,8.620029]}},{"type":"Feature","properties":{"s":0.98,"t":1},"geometry":{"type":"Point","coordinates":[76.958546,8.620345]}},{"type":"Feature","properties":{"s":1.04,"t":1},"geometry":{"type":"Point","coordinates":[76.960248,8.620379]}},{"type":"Feature","properties":{"s":1.19,"t":1},"geometry":{"type":"Point","coordinates":[76.960613,8.620574]}},{"type":"Feature","properties":{"s":1.02,"t":1},"geometry":{"type":"Point","coordinates":[76.961024,8.620452]}},{"type":"Feature","properties":{"s":1.24,"t":0},"geometry":{"type":"Point","coordinates":[76.961422,8.620512]}},{"type":"Feature","properties":{"s":1.33,"t":1},"geometry":{"type":"Point","coordinates":[76.963076,8.620304]}},{"type":"Feature","properties":{"s":1.12,"t":1},"geometry":{"type":"Point","coordinates":[76.963439,8.62062]}},{"type":"Feature","properties":{"s":1.06,"t":1},"geometry":{"type":"Point","coordinates":[76.964203,8.62058]}},{"type":"Feature","properties":{"s":1.05,"t":0},"geometry":{"type":"Point","coordinates":[76.964607,8.620412]}},{"type":"Feature","properties":{"s":1.1,"t":1},"geometry":{"type":"Point","coordinates":[76.96634,8.620453]}},{"type":"Feature","properties":{"s":1.24,"t":1},"geometry":{"type":"Point","coordinates":[76.966766,8.620629]}},{"type":"Feature","properties":{"s":0.79,"t":0},"geometry":{"type":"Point","coordinates":[76.967202,8.620635]}},{"type":"Feature","properties":{"s":1.34,"t":1},"geometry":{"type":"Point","coordinates":[76.968172,8.620443]}},{"type":"Feature","properties":{"s":1.06,"t":0},"geometry":{"type":"Point","coordinates":[76.968803,8.620633]}},{"type":"Feature","properties":{"s":0.88,"t":0},"geometry":{"type":"Point","coordinates":[76.969199,8.620499]}},{"type":"Feature","properties":{"s":0.78,"t":0},"geometry":{"type":"Point","coordinates":[76.969708,8.620339]}},{"type":"Feature","properties":{"s":1.23,"t":0},"geometry":{"type":"Point","coordinates":[76.970079,8.620452]}},{"type":"Feature","properties":{"s":1.07,"t":0},"geometry":{"type":"Point","coordinates":[76.970554,8.620305]}},{"type":"Feature","properties":{"s":0.87,"t":0},"geometry":{"type":"Point","coordinates":[76.970865,8.620311]}},{"type":"Feature","properties":{"s":1.2,"t":0},"geometry":{"type":"Point","coordinates":[76.972522,8.620476]}},{"type":"Feature","properties":{"s":1.06,"t":1},"geometry":{"type":"Point","coordinates":[76.974045,8.620569]}},{"type":"Feature","properties":{"s":1.02,"t":0},"geometry":{"type":"Point","coordinates":[76.974254,8.620585]}},{"type":"Feature","properties":{"s":0.99,"t":0},"geometry":{"type":"Point","coordinates":[76.974837,8.62049]}},{"type":"Feature","properties":{"s":1.18,"t":1},"geometry":{"type":"Point","coordinates":[76.97503,8.620632]}},{"type":"Feature","properties":{"s":1.06,"t":0},"geometry":{"type":"Point","coordinates":[76.975575,8.620578]}},{"type":"Feature","properties":{"s":0.92,"t":0},"geometry":{"type":"Point","coordinates":[76.976883,8.620529]}},{"type":"Feature","properties":{"s":0.83,"t":0},"geometry":{"type":"Point","coordinates":[76.979104,8.620565]}},{"type":"Feature","properties":{"s":0.8,"t":1},"geometry":{"type":"Point","coordinates":[76.97927,8.62062]}},{"type":"Feature","properties":{"s":0.95,"t":0},"geometry":{"type":"Point","coordinates":[76.980277,8.620415]}},{"type":"Feature","properties":{"s":0.73,"t":1},"geometry":{"type":"Point","coordinates":[76.980669,8.620618]}},{"type":"Feature","properties":{"s":1.02,"t":1},"geometry":{"type":"Point","coordinates":[76.981004,8.620337]}},{"type":"Feature","properties":{"s":0.74,"t":1},"geometry":{"type":"Point","coordinates":[76.981452,8.620522]}},{"type":"Feature","properties":{"s":0.88,"t":0},"geometry":{"type":"Point","coordinates":[76.981733,8.620313]}},{"type":"Feature","properties":{"s":0.82,"t":1},"geometry":{"type":"Point","coordinates":[76.982249,8.620562]}},{"type":"Feature","properties":{"s":0.94,"t":0},"geometry":{"type":"Point","coordinates":[76.98255,8.620324]}},{"type":"Feature","properties":{"s":1.31,"t":1},"geometry":{"type":"Point","coordinates":[77.002071,8.6204]}},{"type":"Feature","properties":{"s":1.17,"t":0},"geometry":{"type":"Point","coordinates":[77.003161,8.620468]}},{"type":"Feature","properties":{"s":0.75,"t":0},"geometry":{"type":"Point","coordinates":[77.003639,8.620319]}},{"type":"Feature","properties":{"s":0.93,"t":0},"geometry":{"type":"Point","coordinates":[77.004166,8.62032]}},{"type":"Feature","properties":{"s":1.0,"t":0},"geometry":{"type":"Point","coordinates":[77.005332,8.620537]}},{"type":"Feature","properties":{"s":1.16,"t":1},"geometry":{"type":"Point","coordinates":[77.007754,8.620344]}},{"type":"Feature","properties":{"s":0.74,"t":0},"geometry":{"type":"Point","coordinates":[77.008507,8.62042]}},{"type":"Feature","properties":{"s":1.03,"t":1},"geometry":{"type":"Point","coordinates":[77.009198,8.620404]}},{"type":"Feature","properties":{"s":1.07,"t":1},"geometry":{"type":"Point","coordinates":[77.009383,8.620362]}},{"type":"Feature","properties":{"s":1.24,"t":1},"geometry":{"type":"Point","coordinates":[77.009887,8.620341]}},{"type":"Feature","properties":{"s":1.13,"t":0},"geometry":{"type":"Point","coordinates":[77.012081,8.620422]}},{"type":"Feature","properties":{"s":1.06,"t":1},"geometry":{"type":"Point","coordinates":[77.012466,8.620367]}},{"type":"Feature","properties":{"s":0.84,"t":0},"geometry":{"type":"Point","coordinates":[77.012931,8.620442]}},{"type":"Feature","properties":{"s":1.17,"t":1},"geometry":{"type":"Point","coordinates":[77.013192,8.620545]}},{"type":"Feature","properties":{"s":0.77,"t":0},"geometry":{"type":"Point","coordinates":[77.01372,8.620405]}},{"type":"Feature","properties":{"s":0.78,"t":0},"geometry":{"type":"Point","coordinates":[77.016482,8.620318]}},{"type":"Feature","properties":{"s":1.17,"t":1},"geometry":{"type":"Point","coordinates":[77.019623,8.620394]}},{"type":"Feature","properties":{"s":1.31,"t":0},"geometry":{"type":"Point","coordinates":[77.019937,8.620595]}},{"type":"Feature","properties":{"s":1.33,"t":0},"geometry":{"type":"Point","coordinates":[77.020339,8.620566]}},{"type":"Feature","properties":{"s":0.83,"t":1},"geometry":{"type":"Point","coordinates":[77.023233,8.620397]}},{"type":"Feature","properties":{"s":0.77,"t":1},"geometry":{"type":"Point","coordinates":[77.023998,8.620627]}},{"type":"Feature","properties":{"s":1.33,"t":1},"geometry":{"type":"Point","coordinates":[77.024543,8.620432]}},{"type":"Feature","properties":{"s":0.99,"t":0},"geometry":{"type":"Point","coordinates":[77.025386,8.620546]}},{"type":"Feature","properties":{"s":0.94,"t":0},"geometry":{"type":"Point","coordinates":[77.026573,8.620594]}},{"type":"Feature","properties":{"s":0.85,"t":0},"geometry":{"type":"Point","coordinates":[77.027731,8.620531]}},{"type":"Feature","properties":{"s":0.85,"t":1},"geometry":{"type":"Point","coordinates":[77.028575,8.620513]}},{"type":"Feature","properties":{"s":1.0,"t":0},"geometry":{"type":"Point","coordinates":[77.029179,8.620337]}},{"type":"Feature","properties":{"s":1.1,"t":0},"geometry":{"type":"Point","coordinates":[77.030867,8.620419]}},{"type":"Feature","properties":{"s":1.22,"t":0},"geometry":{"type":"Point","coordinates":[77.033612,8.620459]}},{"type":"Feature","properties":{"s":0.88,"t":0},"geometry":{"type":"Point","coordinates":[77.034212,8.620375]}},{"type":"Feature","properties":{"s":0.99,"t":0},"geometry":{"type":"Point","coordinates":[77.034617,8.620497]}},{"type":"Feature","properties":{"s":1.29,"t":0},"geometry":{"type":"Point","coordinates":[77.035101,8.620393]}},{"type":"Feature","properties":{"s":1.12,"t":0},"geometry":{"type":"Point","coordinates":[77.035299,8.620462]}},{"type":"Feature","properties":{"s":1.15,"t":0},"geometry":{"type":"Point","coordinates":[76.959389,8.620937]}},{"type":"Feature","properties":{"s":1.23,"t":1},"geometry":{"type":"Point","coordinates":[76.960705,8.620759]}},{"type":"Feature","properties":{"s":0.83,"t":1},"geometry":{"type":"Point","coordinates":[76.960847,8.620812]}},{"type":"Feature","properties":{"s":1.21,"t":0},"geometry":{"type":"Point","coordinates":[76.96319,8.62077]}},{"type":"Feature","properties":{"s":1.09,"t":0},"geometry":{"type":"Point","coordinates":[76.963351,8.62095]}},{"type":"Feature","properties":{"s":0.94,"t":1},"geometry":{"type":"Point","coordinates":[76.963964,8.620829]}},{"type":"Feature","properties":{"s":0.79,"t":1},"geometry":{"type":"Point","coordinates":[76.964592,8.620984]}},{"type":"Feature","properties":{"s":1.03,"t":1},"geometry":{"type":"Point","coordinates":[76.965433,8.621008]}},{"type":"Feature","properties":{"s":0.95,"t":0},"geometry":{"type":"Point","coordinates":[76.967543,8.621043]}},{"type":"Feature","properties":{"s":1.07,"t":0},"geometry":{"type":"Point","coordinates":[76.968433,8.620915]}},{"type":"Feature","properties":{"s":1.1,"t":0},"geometry":{"type":"Point","coordinates":[76.969283,8.620952]}},{"type":"Feature","properties":{"s":0.94,"t":0},"geometry":{"type":"Point","coordinates":[76.969782,8.620785]}},{"type":"Feature","properties":{"s":1.07,"t":1},"geometry":{"type":"Point","coordinates":[76.970983,8.620892]}},{"type":"Feature","properties":{"s":0.9,"t":1},"geometry":{"type":"Point","coordinates":[76.97146,8.620735]}},{"type":"Feature","properties":{"s":1.09,"t":1},"geometry":{"type":"Point","coordinates":[76.971847,8.621059]}},{"type":"Feature","properties":{"s":1.21,"t":0},"geometry":{"type":"Point","coordinates":[76.973559,8.620934]}},{"type":"Feature","properties":{"s":0.77,"t":0},"geometry":{"type":"Point","coordinates":[76.973866,8.62102]}},{"type":"Feature","properties":{"s":1.3,"t":0},"geometry":{"type":"Point","coordinates":[76.974316,8.620947]}},{"type":"Feature","properties":{"s":0.85,"t":0},"geometry":{"type":"Point","coordinates":[76.97488,8.620926]}},{"type":"Feature","properties":{"s":0.96,"t":1},"geometry":{"type":"Point","coordinates":[76.975325,8.621013]}},{"type":"Feature","properties":{"s":1.27,"t":1},"geometry":{"type":"Point","coordinates":[76.975561,8.620739]}},{"type":"Feature","properties":{"s":1.03,"t":0},"geometry":{"type":"Point","coordinates":[76.976352,8.621043]}},{"type":"Feature","properties":{"s":1.32,"t":0},"geometry":{"type":"Point","coordinates":[76.979123,8.620743]}},{"type":"Feature","properties":{"s":1.12,"t":0},"geometry":{"type":"Point","coordinates":[76.979948,8.62092]}},{"type":"Feature","properties":{"s":0.94,"t":0},"geometry":{"type":"Point","coordinates":[76.980128,8.620739]}},{"type":"Feature","properties":{"s":1.22,"t":0},"geometry":{"type":"Point","coordinates":[76.980802,8.620784]}},{"type":"Feature","properties":{"s":1.02,"t":1},"geometry":{"type":"Point","coordinates":[76.981967,8.620984]}},{"type":"Feature","properties":{"s":0.87,"t":1},"geometry":{"type":"Point","coordinates":[76.982263,8.620951]}},{"type":"Feature","properties":{"s":1.05,"t":0},"geometry":{"type":"Point","coordinates":[76.982761,8.621015]}},{"type":"Feature","properties":{"s":1.31,"t":0},"geometry":{"type":"Point","coordinates":[76.983064,8.620934]}},{"type":"Feature","properties":{"s":1.16,"t":0},"geometry":{"type":"Point","coordinates":[77.001685,8.620778]}},{"type":"Feature","properties":{"s":0.76,"t":1},"geometry":{"type":"Point","coordinates":[77.002798,8.620867]}},{"type":"Feature","properties":{"s":0.96,"t":1},"geometry":{"type":"Point","coordinates":[77.003178,8.620823]}},{"type":"Feature","properties":{"s":1.05,"t":1},"geometry":{"type":"Point","coordinates":[77.00558,8.62095]}},{"type":"Feature","properties":{"s":0.76,"t":0},"geometry":{"type":"Point","coordinates":[77.007872,8.620883]}},{"type":"Feature","properties":{"s":1.24,"t":1},"geometry":{"type":"Point","coordinates":[77.00917,8.621003]}},{"type":"Feature","properties":{"s":1.16,"t":0},"geometry":{"type":"Point","coordinates":[77.011724,8.620999]}},{"type":"Feature","properties":{"s":0.94,"t":1},"geometry":{"type":"Point","coordinates":[77.011866,8.620993]}},{"type":"Feature","properties":{"s":1.14,"t":0},"geometry":{"type":"Point","coordinates":[77.012749,8.620879]}},{"type":"Feature","properties":{"s":1.1,"t":0},"geometry":{"type":"Point","coordinates":[77.014528,8.620778]}},{"type":"Feature","properties":{"s":0.76,"t":0},"geometry":{"type":"Point","coordinates":[77.01875,8.620979]}},{"type":"Feature","properties":{"s":0.86,"t":1},"geometry":{"type":"Point","coordinates":[77.019763,8.621005]}},{"type":"Feature","properties":{"s":0.75,"t":0},"geometry":{"type":"Point","coordinates":[77.022752,8.620949]}},{"type":"Feature","properties":{"s":0.75,"t":0},"geometry":{"type":"Point","coordinates":[77.023431,8.620833]}},{"type":"Feature","properties":{"s":0.89,"t":1},"geometry":{"type":"Point","coordinates":[77.02358,8.620903]}},{"type":"Feature","properties":{"s":0.87,"t":1},"geometry":{"type":"Point","coordinates":[77.025597,8.620935]}},{"type":"Feature","properties":{"s":0.81,"t":0},"geometry":{"type":"Point","coordinates":[77.027774,8.620982]}},{"type":"Feature","properties":{"s":0.73,"t":1},"geometry":{"type":"Point","coordinates":[77.028171,8.620963]}},{"type":"Feature","properties":{"s":0.89,"t":1},"geometry":{"type":"Point","coordinates":[77.029213,8.620847]}},{"type":"Feature","properties":{"s":0.91,"t":1},"geometry":{"type":"Point","coordinates":[77.029495,8.62093]}},{"type":"Feature","properties":{"s":1.16,"t":0},"geometry":{"type":"Point","coordinates":[77.030751,8.620956]}},{"type":"Feature","properties":{"s":0.8,"t":0},"geometry":{"type":"Point","coordinates":[77.031156,8.620908]}},{"type":"Feature","properties":{"s":0.78,"t":0},"geometry":{"type":"Point","coordinates":[77.032871,8.62077]}},{"type":"Feature","properties":{"s":1.02,"t":0},"geometry":{"type":"Point","coordinates":[77.034243,8.62082]}},{"type":"Feature","properties":{"s":1.03,"t":0},"geometry":{"type":"Point","coordinates":[77.037329,8.620828]}},{"type":"Feature","properties":{"s":0.87,"t":0},"geometry":{"type":"Point","coordinates":[76.958555,8.621212]}},{"type":"Feature","properties":{"s":0.88,"t":1},"geometry":{"type":"Point","coordinates":[76.959004,8.621412]}},{"type":"Feature","properties":{"s":1.22,"t":0},"geometry":{"type":"Point","coordinates":[76.959455,8.621294]}},{"type":"Feature","properties":{"s":0.82,"t":1},"geometry":{"type":"Point","coordinates":[76.959704,8.62144]}},{"type":"Feature","properties":{"s":0.93,"t":0},"geometry":{"type":"Point","coordinates":[76.960195,8.62115]}},{"type":"Feature","properties":{"s":1.32,"t":1},"geometry":{"type":"Point","coordinates":[76.961931,8.62129]}},{"type":"Feature","properties":{"s":0.92,"t":1},"geometry":{"type":"Point","coordinates":[76.962199,8.621155]}},{"type":"Feature","properties":{"s":0.85,"t":0},"geometry":{"type":"Point","coordinates":[76.962952,8.621139]}},{"type":"Feature","properties":{"s":0.8,"t":1},"geometry":{"type":"Point","coordinates":[76.963806,8.621222]}},{"type":"Feature","properties":{"s":0.84,"t":0},"geometry":{"type":"Point","coordinates":[76.964252,8.621402]}},{"type":"Feature","properties":{"s":1.25,"t":1},"geometry":{"type":"Point","coordinates":[76.967412,8.621351]}},{"type":"Feature","properties":{"s":0.8,"t":1},"geometry":{"type":"Point","coordinates":[76.967691,8.621323]}},{"type":"Feature","properties":{"s":0.91,"t":1},"geometry":{"type":"Point","coordinates":[76.968191,8.621286]}},{"type":"Feature","properties":{"s":0.8,"t":1},"geometry":{"type":"Point","coordinates":[76.969294,8.621148]}},{"type":"Feature","properties":{"s":0.73,"t":0},"geometry":{"type":"Point","coordinates":[76.969675,8.621313]}},{"type":"Feature","properties":{"s":0.81,"t":1},"geometry":{"type":"Point","coordinates":[76.970089,8.621338]}},{"type":"Feature","properties":{"s":0.77,"t":1},"geometry":{"type":"Point","coordinates":[76.970916,8.621388]}},{"type":"Feature","properties":{"s":0.77,"t":1},"geometry":{"type":"Point","coordinates":[76.971601,8.621182]}},{"type":"Feature","properties":{"s":1.28,"t":0},"geometry":{"type":"Point","coordinates":[76.972349,8.621252]}},{"type":"Feature","properties":{"s":1.26,"t":1},"geometry":{"type":"Point","coordinates":[76.973616,8.62115]}},{"type":"Feature","properties":{"s":1.17,"t":1},"geometry":{"type":"Point","coordinates":[76.974697,8.62117]}},{"type":"Feature","properties":{"s":0.83,"t":0},"geometry":{"type":"Point","coordinates":[76.975584,8.621192]}},{"type":"Feature","properties":{"s":1.27,"t":0},"geometry":{"type":"Point","coordinates":[76.976603,8.62137]}},{"type":"Feature","properties":{"s":1.16,"t":1},"geometry":{"type":"Point","coordinates":[76.978557,8.621429]}},{"type":"Feature","properties":{"s":1.17,"t":1},"geometry":{"type":"Point","coordinates":[76.979457,8.621461]}},{"type":"Feature","properties":{"s":1.03,"t":0},"geometry":{"type":"Point","coordinates":[76.979763,8.621213]}},{"type":"Feature","properties":{"s":1.23,"t":1},"geometry":{"type":"Point","coordinates":[76.980127,8.621372]}},{"type":"Feature","properties":{"s":1.16,"t":0},"geometry":{"type":"Point","coordinates":[76.980641,8.621467]}},{"type":"Feature","properties":{"s":1.0,"t":0},"geometry":{"type":"Point","coordinates":[76.981178,8.621347]}},{"type":"Feature","properties":{"s":1.23,"t":0},"geometry":{"type":"Point","coordinates":[76.981299,8.621314]}},{"type":"Feature","properties":{"s":0.82,"t":0},"geometry":{"type":"Point","coordinates":[76.981982,8.621442]}},{"type":"Feature","properties":{"s":1.13,"t":0},"geometry":{"type":"Point","coordinates":[76.982722,8.621465]}},{"type":"Feature","properties":{"s":0.81,"t":0},"geometry":{"type":"Point","coordinates":[77.00311,8.621205]}},{"type":"Feature","properties":{"s":1.08,"t":1},"geometry":{"type":"Point","coordinates":[77.003481,8.621351]}},{"type":"Feature","properties":{"s":1.03,"t":0},"geometry":{"type":"Point","coordinates":[77.004109,8.62129]}},{"type":"Feature","properties":{"s":1.28,"t":1},"geometry":{"type":"Point","coordinates":[77.004833,8.621369]}},{"type":"Feature","properties":{"s":1.05,"t":1},"geometry":{"type":"Point","coordinates":[77.00518,8.621472]}},{"type":"Feature","properties":{"s":1.04,"t":1},"geometry":{"type":"Point","coordinates":[77.007849,8.621385]}},{"type":"Feature","properties":{"s":0.74,"t":1},"geometry":{"type":"Point","coordinates":[77.00907,8.621374]}},{"type":"Feature","properties":{"s":0.98,"t":0},"geometry":{"type":"Point","coordinates":[77.011582,8.621254]}},{"type":"Feature","properties":{"s":1.23,"t":0},"geometry":{"type":"Point","coordinates":[77.012741,8.621207]}},{"type":"Feature","properties":{"s":0.96,"t":0},"geometry":{"type":"Point","coordinates":[77.01316,8.62135]}},{"type":"Feature","properties":{"s":1.34,"t":0},"geometry":{"type":"Point","coordinates":[77.013552,8.621191]}},{"type":"Feature","properties":{"s":1.17,"t":0},"geometry":{"type":"Point","coordinates":[77.017342,8.621432]}},{"type":"Feature","properties":{"s":0.91,"t":1},"geometry":{"type":"Point","coordinates":[77.017682,8.621204]}},{"type":"Feature","properties":{"s":1.18,"t":1},"geometry":{"type":"Point","coordinates":[77.018383,8.621427]}},{"type":"Feature","properties":{"s":0.72,"t":1},"geometry":{"type":"Point","coordinates":[77.018524,8.621287]}},{"type":"Feature","properties":{"s":1.02,"t":1},"geometry":{"type":"Point","coordinates":[77.019538,8.621145]}},{"type":"Feature","properties":{"s":0.91,"t":0},"geometry":{"type":"Point","coordinates":[77.019867,8.621246]}},{"type":"Feature","properties":{"s":0.9,"t":1},"geometry":{"type":"Point","coordinates":[77.021913,8.621218]}},{"type":"Feature","properties":{"s":1.29,"t":0},"geometry":{"type":"Point","coordinates":[77.023257,8.621437]}},{"type":"Feature","properties":{"s":0.94,"t":1},"geometry":{"type":"Point","coordinates":[77.024669,8.621372]}},{"type":"Feature","properties":{"s":1.22,"t":1},"geometry":{"type":"Point","coordinates":[77.025052,8.621455]}},{"type":"Feature","properties":{"s":0.73,"t":1},"geometry":{"type":"Point","coordinates":[77.026976,8.621275]}},{"type":"Feature","properties":{"s":0.96,"t":1},"geometry":{"type":"Point","coordinates":[77.028622,8.621476]}},{"type":"Feature","properties":{"s":1.25,"t":0},"geometry":{"type":"Point","coordinates":[77.029558,8.621305]}},{"type":"Feature","properties":{"s":0.78,"t":0},"geometry":{"type":"Point","coordinates":[77.030523,8.621241]}},{"type":"Feature","properties":{"s":0.87,"t":1},"geometry":{"type":"Point","coordinates":[77.030635,8.621272]}},{"type":"Feature","properties":{"s":1.34,"t":1},"geometry":{"type":"Point","coordinates":[77.031727,8.621483]}},{"type":"Feature","properties":{"s":0.92,"t":0},"geometry":{"type":"Point","coordinates":[77.03187,8.621379]}},{"type":"Feature","properties":{"s":1.24,"t":0},"geometry":{"type":"Point","coordinates":[77.036937,8.621332]}},{"type":"Feature","properties":{"s":0.89,"t":1},"geometry":{"type":"Point","coordinates":[77.037618,8.62128]}},{"type":"Feature","properties":{"s":0.78,"t":0},"geometry":{"type":"Point","coordinates":[77.037873,8.621238]}},{"type":"Feature","properties":{"s":1.17,"t":1},"geometry":{"type":"Point","coordinates":[76.958485,8.621625]}},{"type":"Feature","properties":{"s":0.72,"t":1},"geometry":{"type":"Point","coordinates":[76.958811,8.621852]}},{"type":"Feature","properties":{"s":1.04,"t":1},"geometry":{"type":"Point","coordinates":[76.959359,8.621775]}},{"type":"Feature","properties":{"s":0.84,"t":1},"geometry":{"type":"Point","coordinates":[76.959643,8.621736]}},{"type":"Feature","properties":{"s":0.76,"t":1},"geometry":{"type":"Point","coordinates":[76.960293,8.621819]}},{"type":"Feature","properties":{"s":1.11,"t":0},"geometry":{"type":"Point","coordinates":[76.961981,8.621569]}},{"type":"Feature","properties":{"s":0.72,"t":1},"geometry":{"type":"Point","coordinates":[76.962272,8.621812]}},{"type":"Feature","properties":{"s":0.84,"t":0},"geometry":{"type":"Point","coordinates":[76.963597,8.621673]}},{"type":"Feature","properties":{"s":1.1,"t":1},"geometry":{"type":"Point","coordinates":[76.964496,8.621612]}},{"type":"Feature","properties":{"s":1.32,"t":1},"geometry":{"type":"Point","coordinates":[76.965273,8.621765]}},{"type":"Feature","properties":{"s":1.32,"t":0},"geometry":{"type":"Point","coordinates":[76.965713,8.621788]}},{"type":"Feature","properties":{"s":1.29,"t":1},"geometry":{"type":"Point","coordinates":[76.966128,8.621698]}},{"type":"Feature","properties":{"s":0.79,"t":1},"geometry":{"type":"Point","coordinates":[76.967798,8.621866]}},{"type":"Feature","properties":{"s":0.79,"t":1},"geometry":{"type":"Point","coordinates":[76.968083,8.621757]}},{"type":"Feature","properties":{"s":1.16,"t":0},"geometry":{"type":"Point","coordinates":[76.968633,8.621686]}},{"type":"Feature","properties":{"s":1.12,"t":1},"geometry":{"type":"Point","coordinates":[76.968761,8.621808]}},{"type":"Feature","properties":{"s":0.77,"t":0},"geometry":{"type":"Point","coordinates":[76.969388,8.621874]}},{"type":"Feature","properties":{"s":0.92,"t":1},"geometry":{"type":"Point","coordinates":[76.969853,8.621653]}},{"type":"Feature","properties":{"s":0.9,"t":0},"geometry":{"type":"Point","coordinates":[76.970055,8.621881]}},{"type":"Feature","properties":{"s":1.0,"t":1},"geometry":{"type":"Point","coordinates":[76.97044,8.62176]}},{"type":"Feature","properties":{"s":0.88,"t":1},"geometry":{"type":"Point","coordinates":[76.971159,8.621808]}},{"type":"Feature","properties":{"s":0.94,"t":1},"geometry":{"type":"Point","coordinates":[76.971454,8.621781]}},{"type":"Feature","properties":{"s":1.27,"t":0},"geometry":{"type":"Point","coordinates":[76.972948,8.621679]}},{"type":"Feature","properties":{"s":0.97,"t":0},"geometry":{"type":"Point","coordinates":[76.974704,8.621773]}},{"type":"Feature","properties":{"s":0.92,"t":1},"geometry":{"type":"Point","coordinates":[76.975238,8.621727]}},{"type":"Feature","properties":{"s":1.32,"t":0},"geometry":{"type":"Point","coordinates":[76.975455,8.621752]}},{"type":"Feature","properties":{"s":0.77,"t":0},"geometry":{"type":"Point","coordinates":[76.978133,8.621787]}},{"type":"Feature","properties":{"s":1.17,"t":1},"geometry":{"type":"Point","coordinates":[76.978627,8.621866]}},{"type":"Feature","properties":{"s":1.12,"t":1},"geometry":{"type":"Point","coordinates":[76.979551,8.621796]}},{"type":"Feature","properties":{"s":0.91,"t":0},"geometry":{"type":"Point","coordinates":[76.979781,8.621717]}},{"type":"Feature","properties":{"s":0.85,"t":0},"geometry":{"type":"Point","coordinates":[76.980282,8.621562]}},{"type":"Feature","properties":{"s":1.18,"t":0},"geometry":{"type":"Point","coordinates":[76.981174,8.621637]}},{"type":"Feature","properties":{"s":1.3,"t":1},"geometry":{"type":"Point","coordinates":[76.981423,8.621607]}},{"type":"Feature","properties":{"s":1.25,"t":0},"geometry":{"type":"Point","coordinates":[76.982331,8.621593]}},{"type":"Feature","properties":{"s":0.98,"t":0},"geometry":{"type":"Point","coordinates":[77.003471,8.62155]}},{"type":"Feature","properties":{"s":0.95,"t":1},"geometry":{"type":"Point","coordinates":[77.004178,8.621658]}},{"type":"Feature","properties":{"s":1.12,"t":0},"geometry":{"type":"Point","coordinates":[77.004598,8.621637]}},{"type":"Feature","properties":{"s":1.25,"t":0},"geometry":{"type":"Point","coordinates":[77.004909,8.621735]}},{"type":"Feature","properties":{"s":0.75,"t":0},"geometry":{"type":"Point","coordinates":[77.005412,8.621582]}},{"type":"Feature","properties":{"s":1.24,"t":0},"geometry":{"type":"Point","coordinates":[77.005674,8.621612]}},{"type":"Feature","properties":{"s":1.05,"t":1},"geometry":{"type":"Point","coordinates":[77.006478,8.621683]}},{"type":"Feature","properties":{"s":1.19,"t":1},"geometry":{"type":"Point","coordinates":[77.012827,8.621582]}},{"type":"Feature","properties":{"s":0.83,"t":0},"geometry":{"type":"Point","coordinates":[77.01332,8.621865]}},{"type":"Feature","properties":{"s":0.89,"t":1},"geometry":{"type":"Point","coordinates":[77.015843,8.62183]}},{"type":"Feature","properties":{"s":1.19,"t":0},"geometry":{"type":"Point","coordinates":[77.017677,8.621745]}},{"type":"Feature","properties":{"s":1.1,"t":1},"geometry":{"type":"Point","coordinates":[77.01828,8.621631]}},{"type":"Feature","properties":{"s":1.29,"t":1},"geometry":{"type":"Point","coordinates":[77.018632,8.621796]}},{"type":"Feature","properties":{"s":1.18,"t":1},"geometry":{"type":"Point","coordinates":[77.020262,8.621805]}},{"type":"Feature","properties":{"s":1.05,"t":0},"geometry":{"type":"Point","coordinates":[77.023934,8.621768]}},{"type":"Feature","properties":{"s":1.02,"t":1},"geometry":{"type":"Point","coordinates":[77.026991,8.621554]}},{"type":"Feature","properties":{"s":1.23,"t":0},"geometry":{"type":"Point","coordinates":[77.027868,8.621725]}},{"type":"Feature","properties":{"s":1.01,"t":0},"geometry":{"type":"Point","coordinates":[77.030541,8.621666]}},{"type":"Feature","properties":{"s":1.28,"t":0},"geometry":{"type":"Point","coordinates":[77.030849,8.621758]}},{"type":"Feature","properties":{"s":1.14,"t":1},"geometry":{"type":"Point","coordinates":[77.031218,8.62176]}},{"type":"Feature","properties":{"s":1.01,"t":1},"geometry":{"type":"Point","coordinates":[77.031753,8.621726]}},{"type":"Feature","properties":{"s":1.14,"t":1},"geometry":{"type":"Point","coordinates":[77.032929,8.621661]}},{"type":"Feature","properties":{"s":0.96,"t":1},"geometry":{"type":"Point","coordinates":[77.034014,8.621665]}},{"type":"Feature","properties":{"s":0.75,"t":1},"geometry":{"type":"Point","coordinates":[77.034419,8.621833]}},{"type":"Feature","properties":{"s":1.08,"t":1},"geometry":{"type":"Point","coordinates":[77.035488,8.62164]}},{"type":"Feature","properties":{"s":1.17,"t":0},"geometry":{"type":"Point","coordinates":[77.038353,8.621652]}},{"type":"Feature","properties":{"s":1.06,"t":1},"geometry":{"type":"Point","coordinates":[77.039661,8.621771]}},{"type":"Feature","properties":{"s":1.33,"t":0},"geometry":{"type":"Point","coordinates":[76.958471,8.622173]}},{"type":"Feature","properties":{"s":1.29,"t":0},"geometry":{"type":"Point","coordinates":[76.959888,8.621982]}},{"type":"Feature","properties":{"s":1.01,"t":0},"geometry":{"type":"Point","coordinates":[76.962151,8.62219]}},{"type":"Feature","properties":{"s":0.9,"t":1},"geometry":{"type":"Point","coordinates":[76.965683,8.621982]}},{"type":"Feature","properties":{"s":1.05,"t":0},"geometry":{"type":"Point","coordinates":[76.966145,8.622005]}},{"type":"Feature","properties":{"s":0.99,"t":1},"geometry":{"type":"Point","coordinates":[76.967374,8.622295]}},{"type":"Feature","properties":{"s":1.24,"t":1},"geometry":{"type":"Point","coordinates":[76.967699,8.621971]}},{"type":"Feature","properties":{"s":0.96,"t":1},"geometry":{"type":"Point","coordinates":[76.968151,8.622143]}},{"type":"Feature","properties":{"s":0.74,"t":1},"geometry":{"type":"Point","coordinates":[76.968456,8.622299]}},{"type":"Feature","properties":{"s":1.33,"t":0},"geometry":{"type":"Point","coordinates":[76.968908,8.622218]}},{"type":"Feature","properties":{"s":0.94,"t":1},"geometry":{"type":"Point","coordinates":[76.969302,8.622225]}},{"type":"Feature","properties":{"s":1.0,"t":0},"geometry":{"type":"Point","coordinates":[76.969864,8.622077]}},{"type":"Feature","properties":{"s":1.09,"t":1},"geometry":{"type":"Point","coordinates":[76.970339,8.622306]}},{"type":"Feature","properties":{"s":1.34,"t":0},"geometry":{"type":"Point","coordinates":[76.970715,8.62223]}},{"type":"Feature","properties":{"s":1.1,"t":0},"geometry":{"type":"Point","coordinates":[76.970867,8.621968]}},{"type":"Feature","properties":{"s":1.28,"t":1},"geometry":{"type":"Point","coordinates":[76.971363,8.622176]}},{"type":"Feature","properties":{"s":1.12,"t":0},"geometry":{"type":"Point","coordinates":[76.971721,8.621993]}},{"type":"Feature","properties":{"s":0.75,"t":0},"geometry":{"type":"Point","coordinates":[76.973101,8.621974]}},{"type":"Feature","properties":{"s":0.93,"t":0},"geometry":{"type":"Point","coordinates":[76.973658,8.622185]}},{"type":"Feature","properties":{"s":1.08,"t":0},"geometry":{"type":"Point","coordinates":[76.974909,8.622177]}},{"type":"Feature","properties":{"s":0.74,"t":0},"geometry":{"type":"Point","coordinates":[76.975674,8.622144]}},{"type":"Feature","properties":{"s":1.2,"t":1},"geometry":{"type":"Point","coordinates":[76.976163,8.622001]}},{"type":"Feature","properties":{"s":0.8,"t":1},"geometry":{"type":"Point","coordinates":[76.976915,8.622129]}},{"type":"Feature","properties":{"s":1.23,"t":1},"geometry":{"type":"Point","coordinates":[76.977328,8.622282]}},{"type":"Feature","properties":{"s":0.81,"t":1},"geometry":{"type":"Point","coordinates":[76.978631,8.622316]}},{"type":"Feature","properties":{"s":1.12,"t":0},"geometry":{"type":"Point","coordinates":[76.97983,8.622189]}},{"type":"Feature","properties":{"s":1.24,"t":0},"geometry":{"type":"Point","coordinates":[76.980287,8.622262]}},{"type":"Feature","properties":{"s":1.3,"t":0},"geometry":{"type":"Point","coordinates":[76.980738,8.622217]}},{"type":"Feature","properties":{"s":0.74,"t":0},"geometry":{"type":"Point","coordinates":[76.981109,8.62224]}},{"type":"Feature","properties":{"s":1.22,"t":0},"geometry":{"type":"Point","coordinates":[76.981553,8.622234]}},{"type":"Feature","properties":{"s":1.12,"t":1},"geometry":{"type":"Point","coordinates":[76.981911,8.622261]}},{"type":"Feature","properties":{"s":1.16,"t":0},"geometry":{"type":"Point","coordinates":[77.001599,8.622088]}},{"type":"Feature","properties":{"s":0.9,"t":0},"geometry":{"type":"Point","coordinates":[77.001816,8.622023]}},{"type":"Feature","properties":{"s":1.21,"t":0},"geometry":{"type":"Point","coordinates":[77.00236,8.622026]}},{"type":"Feature","properties":{"s":1.0,"t":1},"geometry":{"type":"Point","coordinates":[77.00312,8.622217]}},{"type":"Feature","properties":{"s":1.09,"t":1},"geometry":{"type":"Point","coordinates":[77.003469,8.622299]}},{"type":"Feature","properties":{"s":1.27,"t":0},"geometry":{"type":"Point","coordinates":[77.004135,8.622133]}},{"type":"Feature","properties":{"s":1.16,"t":0},"geometry":{"type":"Point","coordinates":[77.004541,8.622309]}},{"type":"Feature","properties":{"s":0.82,"t":1},"geometry":{"type":"Point","coordinates":[77.004871,8.622078]}},{"type":"Feature","properties":{"s":1.16,"t":1},"geometry":{"type":"Point","coordinates":[77.005615,8.622196]}},{"type":"Feature","properties":{"s":1.26,"t":1},"geometry":{"type":"Point","coordinates":[77.006787,8.622182]}},{"type":"Feature","properties":{"s":0.73,"t":0},"geometry":{"type":"Point","coordinates":[77.008254,8.622024]}},{"type":"Feature","properties":{"s":1.29,"t":1},"geometry":{"type":"Point","coordinates":[77.011061,8.622161]}},{"type":"Feature","properties":{"s":0.82,"t":0},"geometry":{"type":"Point","coordinates":[77.011858,8.622146]}},{"type":"Feature","properties":{"s":1.11,"t":1},"geometry":{"type":"Point","coordinates":[77.012432,8.622142]}},{"type":"Feature","properties":{"s":0.89,"t":1},"geometry":{"type":"Point","coordinates":[77.012984,8.622047]}},{"type":"Feature","properties":{"s":0.9,"t":0},"geometry":{"type":"Point","coordinates":[77.013666,8.621967]}},{"type":"Feature","properties":{"s":0.95,"t":0},"geometry":{"type":"Point","coordinates":[77.013889,8.622004]}},{"type":"Feature","properties":{"s":0.97,"t":0},"geometry":{"type":"Point","coordinates":[77.015635,8.622096]}},{"type":"Feature","properties":{"s":0.93,"t":0},"geometry":{"type":"Point","coordinates":[77.016561,8.622175]}},{"type":"Feature","properties":{"s":1.05,"t":1},"geometry":{"type":"Point","coordinates":[77.017959,8.622093]}},{"type":"Feature","properties":{"s":1.14,"t":0},"geometry":{"type":"Point","coordinates":[77.018149,8.622145]}},{"type":"Feature","properties":{"s":1.17,"t":0},"geometry":{"type":"Point","coordinates":[77.026715,8.622192]}},{"type":"Feature","properties":{"s":1.06,"t":1},"geometry":{"type":"Point","coordinates":[77.027055,8.621992]}},{"type":"Feature","properties":{"s":0.86,"t":1},"geometry":{"type":"Point","coordinates":[77.027314,8.622162]}},{"type":"Feature","properties":{"s":0.72,"t":0},"geometry":{"type":"Point","coordinates":[77.027983,8.622296]}},{"type":"Feature","properties":{"s":0.79,"t":0},"geometry":{"type":"Point","coordinates":[77.029113,8.622227]}},{"type":"Feature","properties":{"s":1.22,"t":0},"geometry":{"type":"Point","coordinates":[77.029922,8.622242]}},{"type":"Feature","properties":{"s":0.9,"t":1},"geometry":{"type":"Point","coordinates":[77.030254,8.622234]}},{"type":"Feature","properties":{"s":0.82,"t":0},"geometry":{"type":"Point","coordinates":[77.030789,8.622094]}},{"type":"Feature","properties":{"s":0.73,"t":0},"geometry":{"type":"Point","coordinates":[77.031241,8.622117]}},{"type":"Feature","properties":{"s":1.14,"t":0},"geometry":{"type":"Point","coordinates":[77.031656,8.622287]}},{"type":"Feature","properties":{"s":1.06,"t":1},"geometry":{"type":"Point","coordinates":[77.032931,8.621992]}},{"type":"Feature","properties":{"s":1.04,"t":0},"geometry":{"type":"Point","coordinates":[77.033219,8.622099]}},{"type":"Feature","properties":{"s":1.22,"t":1},"geometry":{"type":"Point","coordinates":[77.034218,8.622221]}},{"type":"Feature","properties":{"s":0.94,"t":1},"geometry":{"type":"Point","coordinates":[77.034493,8.622205]}},{"type":"Feature","properties":{"s":1.06,"t":0},"geometry":{"type":"Point","coordinates":[77.036504,8.622233]}},{"type":"Feature","properties":{"s":1.02,"t":0},"geometry":{"type":"Point","coordinates":[76.958988,8.622579]}},{"type":"Feature","properties":{"s":1.25,"t":0},"geometry":{"type":"Point","coordinates":[76.96031,8.622625]}},{"type":"Feature","properties":{"s":1.3,"t":1},"geometry":{"type":"Point","coordinates":[76.961328,8.622394]}},{"type":"Feature","properties":{"s":0.88,"t":0},"geometry":{"type":"Point","coordinates":[76.962286,8.622494]}},{"type":"Feature","properties":{"s":0.86,"t":1},"geometry":{"type":"Point","coordinates":[76.962597,8.62257]}},{"type":"Feature","properties":{"s":1.16,"t":0},"geometry":{"type":"Point","coordinates":[76.963578,8.622574]}},{"type":"Feature","properties":{"s":1.28,"t":0},"geometry":{"type":"Point","coordinates":[76.964038,8.622655]}},{"type":"Feature","properties":{"s":1.16,"t":0},"geometry":{"type":"Point","coordinates":[76.964194,8.622413]}},{"type":"Feature","properties":{"s":1.03,"t":1},"geometry":{"type":"Point","coordinates":[76.964899,8.622521]}},{"type":"Feature","properties":{"s":0.91,"t":0},"geometry":{"type":"Point","coordinates":[76.965336,8.622434]}},{"type":"Feature","properties":{"s":0.78,"t":1},"geometry":{"type":"Point","coordinates":[76.967323,8.62242]}},{"type":"Feature","properties":{"s":1.32,"t":0},"geometry":{"type":"Point","coordinates":[76.967712,8.622688]}},{"type":"Feature","properties":{"s":0.78,"t":0},"geometry":{"type":"Point","coordinates":[76.968027,8.622484]}},{"type":"Feature","properties":{"s":0.74,"t":0},"geometry":{"type":"Point","coordinates":[76.968634,8.622536]}},{"type":"Feature","properties":{"s":1.08,"t":1},"geometry":{"type":"Point","coordinates":[76.968842,8.622584]}},{"type":"Feature","properties":{"s":1.28,"t":0},"geometry":{"type":"Point","coordinates":[76.96941,8.622582]}},{"type":"Feature","properties":{"s":1.02,"t":0},"geometry":{"type":"Point","coordinates":[76.969721,8.622379]}},{"type":"Feature","properties":{"s":0.89,"t":1},"geometry":{"type":"Point","coordinates":[76.970039,8.622729]}},{"type":"Feature","properties":{"s":1.31,"t":0},"geometry":{"type":"Point","coordinates":[76.970473,8.622602]}},{"type":"Feature","properties":{"s":1.27,"t":0},"geometry":{"type":"Point","coordinates":[76.971925,8.622469]}},{"type":"Feature","properties":{"s":1.07,"t":1},"geometry":{"type":"Point","coordinates":[76.972407,8.622693]}},{"type":"Feature","properties":{"s":1.3,"t":1},"geometry":{"type":"Point","coordinates":[76.972654,8.622688]}},{"type":"Feature","properties":{"s":1.18,"t":1},"geometry":{"type":"Point","coordinates":[76.974101,8.622531]}},{"type":"Feature","properties":{"s":1.28,"t":1},"geometry":{"type":"Point","coordinates":[76.974228,8.6227]}},{"type":"Feature","properties":{"s":1.27,"t":1},"geometry":{"type":"Point","coordinates":[76.974677,8.622651]}},{"type":"Feature","properties":{"s":1.28,"t":0},"geometry":{"type":"Point","coordinates":[76.975915,8.622608]}},{"type":"Feature","properties":{"s":1.0,"t":0},"geometry":{"type":"Point","coordinates":[76.977985,8.622717]}},{"type":"Feature","properties":{"s":1.29,"t":0},"geometry":{"type":"Point","coordinates":[76.978407,8.622653]}},{"type":"Feature","properties":{"s":0.72,"t":1},"geometry":{"type":"Point","coordinates":[76.978938,8.62259]}},{"type":"Feature","properties":{"s":0.92,"t":1},"geometry":{"type":"Point","coordinates":[76.980166,8.622698]}},{"type":"Feature","properties":{"s":0.75,"t":1},"geometry":{"type":"Point","coordinates":[76.980904,8.622386]}},{"type":"Feature","properties":{"s":1.08,"t":1},"geometry":{"type":"Point","coordinates":[77.00013,8.622597]}},{"type":"Feature","properties":{"s":1.24,"t":0},"geometry":{"type":"Point","coordinates":[77.000591,8.622442]}},{"type":"Feature","properties":{"s":1.09,"t":0},"geometry":{"type":"Point","coordinates":[77.001251,8.622562]}},{"type":"Feature","properties":{"s":1.18,"t":1},"geometry":{"type":"Point","coordinates":[77.001631,8.622519]}},{"type":"Feature","properties":{"s":0.92,"t":1},"geometry":{"type":"Point","coordinates":[77.002042,8.622534]}},{"type":"Feature","properties":{"s":1.03,"t":0},"geometry":{"type":"Point","coordinates":[77.002534,8.622532]}},{"type":"Feature","properties":{"s":0.96,"t":1},"geometry":{"type":"Point","coordinates":[77.002679,8.622551]}},{"type":"Feature","properties":{"s":0.92,"t":1},"geometry":{"type":"Point","coordinates":[77.003101,8.622665]}},{"type":"Feature","properties":{"s":1.15,"t":1},"geometry":{"type":"Point","coordinates":[77.004064,8.622569]}},{"type":"Feature","properties":{"s":0.88,"t":0},"geometry":{"type":"Point","coordinates":[77.00437,8.622399]}},{"type":"Feature","properties":{"s":0.77,"t":0},"geometry":{"type":"Point","coordinates":[77.004887,8.622389]}},{"type":"Feature","properties":{"s":1.33,"t":0},"geometry":{"type":"Point","coordinates":[77.005317,8.622434]}},{"type":"Feature","properties":{"s":1.05,"t":0},"geometry":{"type":"Point","coordinates":[77.005582,8.622509]}},{"type":"Feature","properties":{"s":0.75,"t":0},"geometry":{"type":"Point","coordinates":[77.008249,8.622609]}},{"type":"Feature","properties":{"s":1.17,"t":1},"geometry":{"type":"Point","coordinates":[77.011131,8.622501]}},{"type":"Feature","properties":{"s":0.73,"t":0},"geometry":{"type":"Point","coordinates":[77.011441,8.622622]}},{"type":"Feature","properties":{"s":1.14,"t":1},"geometry":{"type":"Point","coordinates":[77.012507,8.622546]}},{"type":"Feature","properties":{"s":1.17,"t":1},"geometry":{"type":"Point","coordinates":[77.012848,8.622382]}},{"type":"Feature","properties":{"s":1.3,"t":1},"geometry":{"type":"Point","coordinates":[77.015352,8.622499]}},{"type":"Feature","properties":{"s":1.14,"t":0},"geometry":{"type":"Point","coordinates":[77.017559,8.622528]}},{"type":"Feature","properties":{"s":0.8,"t":1},"geometry":{"type":"Point","coordinates":[77.019034,8.622722]}},{"type":"Feature","properties":{"s":1.16,"t":1},"geometry":{"type":"Point","coordinates":[77.019877,8.622529]}},{"type":"Feature","properties":{"s":1.18,"t":0},"geometry":{"type":"Point","coordinates":[77.020649,8.622666]}},{"type":"Feature","properties":{"s":0.87,"t":1},"geometry":{"type":"Point","coordinates":[77.021159,8.622724]}},{"type":"Feature","properties":{"s":1.19,"t":1},"geometry":{"type":"Point","coordinates":[77.023731,8.622691]}},{"type":"Feature","properties":{"s":1.12,"t":0},"geometry":{"type":"Point","coordinates":[77.024455,8.622702]}},{"type":"Feature","properties":{"s":1.06,"t":1},"geometry":{"type":"Point","coordinates":[77.02709,8.622534]}},{"type":"Feature","properties":{"s":0.79,"t":0},"geometry":{"type":"Point","coordinates":[77.027602,8.622698]}},{"type":"Feature","properties":{"s":0.96,"t":1},"geometry":{"type":"Point","coordinates":[77.027955,8.622395]}},{"type":"Feature","properties":{"s":1.24,"t":0},"geometry":{"type":"Point","coordinates":[77.028158,8.622574]}},{"type":"Feature","properties":{"s":1.01,"t":0},"geometry":{"type":"Point","coordinates":[77.029578,8.622424]}},{"type":"Feature","properties":{"s":1.29,"t":1},"geometry":{"type":"Point","coordinates":[77.03048,8.622544]}},{"type":"Feature","properties":{"s":1.11,"t":0},"geometry":{"type":"Point","coordinates":[77.030865,8.622456]}},{"type":"Feature","properties":{"s":0.88,"t":1},"geometry":{"type":"Point","coordinates":[77.031656,8.622408]}},{"type":"Feature","properties":{"s":0.8,"t":1},"geometry":{"type":"Point","coordinates":[77.032173,8.622436]}},{"type":"Feature","properties":{"s":1.09,"t":0},"geometry":{"type":"Point","coordinates":[77.032339,8.622651]}},{"type":"Feature","properties":{"s":0.88,"t":0},"geometry":{"type":"Point","coordinates":[77.032903,8.622451]}},{"type":"Feature","properties":{"s":0.95,"t":1},"geometry":{"type":"Point","coordinates":[77.033139,8.622395]}},{"type":"Feature","properties":{"s":0.93,"t":1},"geometry":{"type":"Point","coordinates":[77.033638,8.622583]}},{"type":"Feature","properties":{"s":1.32,"t":0},"geometry":{"type":"Point","coordinates":[77.034287,8.622458]}},{"type":"Feature","properties":{"s":1.04,"t":1},"geometry":{"type":"Point","coordinates":[77.03468,8.622625]}},{"type":"Feature","properties":{"s":0.92,"t":0},"geometry":{"type":"Point","coordinates":[77.035125,8.622449]}},{"type":"Feature","properties":{"s":1.2,"t":0},"geometry":{"type":"Point","coordinates":[77.035209,8.622409]}},{"type":"Feature","properties":{"s":1.22,"t":0},"geometry":{"type":"Point","coordinates":[77.035756,8.622546]}},{"type":"Feature","properties":{"s":0.92,"t":1},"geometry":{"type":"Point","coordinates":[77.036254,8.622383]}},{"type":"Feature","properties":{"s":0.96,"t":1},"geometry":{"type":"Point","coordinates":[77.036919,8.622562]}},{"type":"Feature","properties":{"s":1.04,"t":1},"geometry":{"type":"Point","coordinates":[77.037982,8.622677]}},{"type":"Feature","properties":{"s":1.21,"t":0},"geometry":{"type":"Point","coordinates":[77.03868,8.62239]}},{"type":"Feature","properties":{"s":0.95,"t":0},"geometry":{"type":"Point","coordinates":[77.039232,8.622489]}},{"type":"Feature","properties":{"s":1.15,"t":0},"geometry":{"type":"Point","coordinates":[77.039403,8.622721]}},{"type":"Feature","properties":{"s":0.82,"t":0},"geometry":{"type":"Point","coordinates":[77.039869,8.62251]}},{"type":"Feature","properties":{"s":1.15,"t":0},"geometry":{"type":"Point","coordinates":[77.040673,8.62256]}},{"type":"Feature","properties":{"s":1.01,"t":1},"geometry":{"type":"Point","coordinates":[76.958769,8.623041]}},{"type":"Feature","properties":{"s":0.86,"t":0},"geometry":{"type":"Point","coordinates":[76.959154,8.622801]}},{"type":"Feature","properties":{"s":0.83,"t":0},"geometry":{"type":"Point","coordinates":[76.959817,8.622847]}},{"type":"Feature","properties":{"s":1.17,"t":1},"geometry":{"type":"Point","coordinates":[76.960273,8.622955]}},{"type":"Feature","properties":{"s":0.8,"t":1},"geometry":{"type":"Point","coordinates":[76.961155,8.622804]}},{"type":"Feature","properties":{"s":1.31,"t":0},"geometry":{"type":"Point","coordinates":[76.961356,8.622828]}},{"type":"Feature","properties":{"s":1.2,"t":0},"geometry":{"type":"Point","coordinates":[76.962742,8.622928]}},{"type":"Feature","properties":{"s":1.2,"t":0},"geometry":{"type":"Point","coordinates":[76.962933,8.622927]}},{"type":"Feature","properties":{"s":0.9,"t":1},"geometry":{"type":"Point","coordinates":[76.963623,8.622912]}},{"type":"Feature","properties":{"s":1.09,"t":1},"geometry":{"type":"Point","coordinates":[76.964422,8.622884]}},{"type":"Feature","properties":{"s":0.83,"t":1},"geometry":{"type":"Point","coordinates":[76.965637,8.623055]}},{"type":"Feature","properties":{"s":1.18,"t":1},"geometry":{"type":"Point","coordinates":[76.967279,8.62302]}},{"type":"Feature","properties":{"s":1.15,"t":1},"geometry":{"type":"Point","coordinates":[76.968075,8.622968]}},{"type":"Feature","properties":{"s":1.24,"t":1},"geometry":{"type":"Point","coordinates":[76.968782,8.623029]}},{"type":"Feature","properties":{"s":1.22,"t":1},"geometry":{"type":"Point","coordinates":[76.969225,8.622819]}},{"type":"Feature","properties":{"s":1.32,"t":1},"geometry":{"type":"Point","coordinates":[76.970021,8.622863]}},{"type":"Feature","properties":{"s":0.73,"t":1},"geometry":{"type":"Point","coordinates":[76.970642,8.622974]}},{"type":"Feature","properties":{"s":0.86,"t":0},"geometry":{"type":"Point","coordinates":[76.970891,8.622825]}},{"type":"Feature","properties":{"s":0.86,"t":1},"geometry":{"type":"Point","coordinates":[76.971954,8.62295]}},{"type":"Feature","properties":{"s":0.96,"t":1},"geometry":{"type":"Point","coordinates":[76.973879,8.623145]}},{"type":"Feature","properties":{"s":1.16,"t":0},"geometry":{"type":"Point","coordinates":[76.974329,8.623092]}},{"type":"Feature","properties":{"s":0.94,"t":0},"geometry":{"type":"Point","coordinates":[76.975913,8.622957]}},{"type":"Feature","properties":{"s":0.75,"t":1},"geometry":{"type":"Point","coordinates":[76.976461,8.622983]}},{"type":"Feature","properties":{"s":1.14,"t":0},"geometry":{"type":"Point","coordinates":[76.977698,8.623138]}},{"type":"Feature","properties":{"s":1.11,"t":1},"geometry":{"type":"Point","coordinates":[76.978454,8.622948]}},{"type":"Feature","properties":{"s":1.2,"t":1},"geometry":{"type":"Point","coordinates":[76.978994,8.622949]}},{"type":"Feature","properties":{"s":0.76,"t":1},"geometry":{"type":"Point","coordinates":[76.979637,8.623096]}},{"type":"Feature","properties":{"s":0.86,"t":0},"geometry":{"type":"Point","coordinates":[76.980713,8.622822]}},{"type":"Feature","properties":{"s":1.04,"t":1},"geometry":{"type":"Point","coordinates":[76.981601,8.622961]}},{"type":"Feature","properties":{"s":1.33,"t":1},"geometry":{"type":"Point","coordinates":[76.999844,8.622803]}},{"type":"Feature","properties":{"s":1.3,"t":0},"geometry":{"type":"Point","coordinates":[77.000377,8.623113]}},{"type":"Feature","properties":{"s":1.19,"t":0},"geometry":{"type":"Point","coordinates":[77.000725,8.622901]}},{"type":"Feature","properties":{"s":1.2,"t":1},"geometry":{"type":"Point","coordinates":[77.002023,8.623116]}},{"type":"Feature","properties":{"s":1.28,"t":1},"geometry":{"type":"Point","coordinates":[77.003587,8.623054]}},{"type":"Feature","properties":{"s":0.84,"t":0},"geometry":{"type":"Point","coordinates":[77.004782,8.623043]}},{"type":"Feature","properties":{"s":0.96,"t":1},"geometry":{"type":"Point","coordinates":[77.005447,8.623113]}},{"type":"Feature","properties":{"s":0.84,"t":1},"geometry":{"type":"Point","coordinates":[77.006191,8.623136]}},{"type":"Feature","properties":{"s":1.27,"t":1},"geometry":{"type":"Point","coordinates":[77.006656,8.622941]}},{"type":"Feature","properties":{"s":1.02,"t":0},"geometry":{"type":"Point","coordinates":[77.007538,8.623026]}},{"type":"Feature","properties":{"s":1.04,"t":0},"geometry":{"type":"Point","coordinates":[77.007701,8.622921]}},{"type":"Feature","properties":{"s":0.92,"t":1},"geometry":{"type":"Point","coordinates":[77.008755,8.622957]}},{"type":"Feature","properties":{"s":0.97,"t":1},"geometry":{"type":"Point","coordinates":[77.010381,8.622847]}},{"type":"Feature","properties":{"s":0.9,"t":0},"geometry":{"type":"Point","coordinates":[77.010887,8.622852]}},{"type":"Feature","properties":{"s":0.77,"t":0},"geometry":{"type":"Point","coordinates":[77.011285,8.62302]}},{"type":"Feature","properties":{"s":1.08,"t":0},"geometry":{"type":"Point","coordinates":[77.013104,8.622909]}},{"type":"Feature","properties":{"s":0.83,"t":0},"geometry":{"type":"Point","coordinates":[77.013506,8.622908]}},{"type":"Feature","properties":{"s":0.74,"t":1},"geometry":{"type":"Point","coordinates":[77.016063,8.623056]}},{"type":"Feature","properties":{"s":0.72,"t":1},"geometry":{"type":"Point","coordinates":[77.017659,8.622989]}},{"type":"Feature","properties":{"s":0.98,"t":0},"geometry":{"type":"Point","coordinates":[77.018095,8.622967]}},{"type":"Feature","properties":{"s":1.28,"t":1},"geometry":{"type":"Point","coordinates":[77.018548,8.623095]}},{"type":"Feature","properties":{"s":1.04,"t":1},"geometry":{"type":"Point","coordinates":[77.019063,8.622978]}},{"type":"Feature","properties":{"s":1.18,"t":1},"geometry":{"type":"Point","coordinates":[77.020216,8.622929]}},{"type":"Feature","properties":{"s":1.22,"t":1},"geometry":{"type":"Point","coordinates":[77.021958,8.623113]}},{"type":"Feature","properties":{"s":1.04,"t":1},"geometry":{"type":"Point","coordinates":[77.02364,8.623116]}},{"type":"Feature","properties":{"s":0.97,"t":1},"geometry":{"type":"Point","coordinates":[77.024429,8.623075]}},{"type":"Feature","properties":{"s":0.96,"t":0},"geometry":{"type":"Point","coordinates":[77.024779,8.623074]}},{"type":"Feature","properties":{"s":0.73,"t":0},"geometry":{"type":"Point","coordinates":[77.02563,8.623048]}},{"type":"Feature","properties":{"s":0.91,"t":0},"geometry":{"type":"Point","coordinates":[77.026184,8.623032]}},{"type":"Feature","properties":{"s":0.74,"t":1},"geometry":{"type":"Point","coordinates":[77.026971,8.622932]}},{"type":"Feature","properties":{"s":0.91,"t":0},"geometry":{"type":"Point","coordinates":[77.027342,8.623062]}},{"type":"Feature","properties":{"s":0.75,"t":1},"geometry":{"type":"Point","coordinates":[77.027892,8.62297]}},{"type":"Feature","properties":{"s":0.84,"t":1},"geometry":{"type":"Point","coordinates":[77.0292,8.622809]}},{"type":"Feature","properties":{"s":1.25,"t":0},"geometry":{"type":"Point","coordinates":[77.029495,8.623036]}},{"type":"Feature","properties":{"s":0.76,"t":1},"geometry":{"type":"Point","coordinates":[77.030938,8.623115]}},{"type":"Feature","properties":{"s":1.1,"t":1},"geometry":{"type":"Point","coordinates":[77.032211,8.62283]}},{"type":"Feature","properties":{"s":0.78,"t":1},"geometry":{"type":"Point","coordinates":[77.032295,8.623096]}},{"type":"Feature","properties":{"s":0.82,"t":1},"geometry":{"type":"Point","coordinates":[77.032807,8.6231]}},{"type":"Feature","properties":{"s":1.11,"t":0},"geometry":{"type":"Point","coordinates":[77.033308,8.622875]}},{"type":"Feature","properties":{"s":1.3,"t":1},"geometry":{"type":"Point","coordinates":[77.033643,8.622813]}},{"type":"Feature","properties":{"s":1.02,"t":1},"geometry":{"type":"Point","coordinates":[77.034026,8.622894]}},{"type":"Feature","properties":{"s":0.75,"t":1},"geometry":{"type":"Point","coordinates":[77.034866,8.622918]}},{"type":"Feature","properties":{"s":1.26,"t":0},"geometry":{"type":"Point","coordinates":[77.035443,8.622796]}},{"type":"Feature","properties":{"s":1.33,"t":0},"geometry":{"type":"Point","coordinates":[77.036331,8.623063]}},{"type":"Feature","properties":{"s":1.2,"t":1},"geometry":{"type":"Point","coordinates":[77.036878,8.623045]}},{"type":"Feature","properties":{"s":1.26,"t":0},"geometry":{"type":"Point","coordinates":[77.037573,8.623047]}},{"type":"Feature","properties":{"s":0.95,"t":0},"geometry":{"type":"Point","coordinates":[77.038287,8.623089]}},{"type":"Feature","properties":{"s":0.82,"t":0},"geometry":{"type":"Point","coordinates":[77.039124,8.622938]}},{"type":"Feature","properties":{"s":1.13,"t":1},"geometry":{"type":"Point","coordinates":[77.039507,8.622841]}},{"type":"Feature","properties":{"s":0.9,"t":0},"geometry":{"type":"Point","coordinates":[77.039977,8.622825]}},{"type":"Feature","properties":{"s":1.08,"t":0},"geometry":{"type":"Point","coordinates":[77.040301,8.622901]}},{"type":"Feature","properties":{"s":1.2,"t":0},"geometry":{"type":"Point","coordinates":[77.040643,8.622938]}},{"type":"Feature","properties":{"s":1.13,"t":1},"geometry":{"type":"Point","coordinates":[77.041181,8.62292]}},{"type":"Feature","properties":{"s":0.75,"t":0},"geometry":{"type":"Point","coordinates":[76.959731,8.623528]}},{"type":"Feature","properties":{"s":0.9,"t":1},"geometry":{"type":"Point","coordinates":[76.96043,8.623294]}},{"type":"Feature","properties":{"s":0.86,"t":0},"geometry":{"type":"Point","coordinates":[76.962643,8.623447]}},{"type":"Feature","properties":{"s":1.16,"t":1},"geometry":{"type":"Point","coordinates":[76.963642,8.623238]}},{"type":"Feature","properties":{"s":0.72,"t":1},"geometry":{"type":"Point","coordinates":[76.964064,8.623443]}},{"type":"Feature","properties":{"s":0.75,"t":1},"geometry":{"type":"Point","coordinates":[76.9649,8.623238]}},{"type":"Feature","properties":{"s":0.86,"t":0},"geometry":{"type":"Point","coordinates":[76.96645,8.623555]}},{"type":"Feature","properties":{"s":0.99,"t":1},"geometry":{"type":"Point","coordinates":[76.966793,8.62354]}},{"type":"Feature","properties":{"s":1.2,"t":1},"geometry":{"type":"Point","coordinates":[76.968521,8.623342]}},{"type":"Feature","properties":{"s":0.91,"t":0},"geometry":{"type":"Point","coordinates":[76.968947,8.623478]}},{"type":"Feature","properties":{"s":1.16,"t":0},"geometry":{"type":"Point","coordinates":[76.969452,8.623557]}},{"type":"Feature","properties":{"s":0.98,"t":0},"geometry":{"type":"Point","coordinates":[76.970563,8.623497]}},{"type":"Feature","properties":{"s":1.26,"t":0},"geometry":{"type":"Point","coordinates":[76.971522,8.62322]}},{"type":"Feature","properties":{"s":0.77,"t":1},"geometry":{"type":"Point","coordinates":[76.973522,8.623215]}},{"type":"Feature","properties":{"s":0.93,"t":1},"geometry":{"type":"Point","coordinates":[76.974516,8.62352]}},{"type":"Feature","properties":{"s":1.3,"t":1},"geometry":{"type":"Point","coordinates":[76.974922,8.623528]}},{"type":"Feature","properties":{"s":1.3,"t":0},"geometry":{"type":"Point","coordinates":[76.975096,8.623409]}},{"type":"Feature","properties":{"s":1.3,"t":0},"geometry":{"type":"Point","coordinates":[76.975993,8.623317]}},{"type":"Feature","properties":{"s":0.96,"t":0},"geometry":{"type":"Point","coordinates":[76.976541,8.623431]}},{"type":"Feature","properties":{"s":1.15,"t":0},"geometry":{"type":"Point","coordinates":[76.977807,8.623233]}},{"type":"Feature","properties":{"s":0.9,"t":0},"geometry":{"type":"Point","coordinates":[77.00104,8.623342]}},{"type":"Feature","properties":{"s":0.94,"t":1},"geometry":{"type":"Point","coordinates":[77.002913,8.623343]}},{"type":"Feature","properties":{"s":0.99,"t":1},"geometry":{"type":"Point","coordinates":[77.003451,8.623525]}},{"type":"Feature","properties":{"s":1.28,"t":0},"geometry":{"type":"Point","coordinates":[77.004547,8.623222]}},{"type":"Feature","properties":{"s":0.79,"t":1},"geometry":{"type":"Point","coordinates":[77.005045,8.623268]}},{"type":"Feature","properties":{"s":0.77,"t":0},"geometry":{"type":"Point","coordinates":[77.006022,8.623278]}},{"type":"Feature","properties":{"s":1.14,"t":0},"geometry":{"type":"Point","coordinates":[77.006434,8.623265]}},{"type":"Feature","properties":{"s":0.8,"t":0},"geometry":{"type":"Point","coordinates":[77.006843,8.623527]}},{"type":"Feature","properties":{"s":1.04,"t":0},"geometry":{"type":"Point","coordinates":[77.008049,8.62333]}},{"type":"Feature","properties":{"s":0.96,"t":0},"geometry":{"type":"Point","coordinates":[77.008655,8.623335]}},{"type":"Feature","properties":{"s":1.04,"t":1},"geometry":{"type":"Point","coordinates":[77.009124,8.623474]}},{"type":"Feature","properties":{"s":0.81,"t":1},"geometry":{"type":"Point","coordinates":[77.010815,8.623214]}},{"type":"Feature","properties":{"s":1.27,"t":0},"geometry":{"type":"Point","coordinates":[77.010976,8.623478]}},{"type":"Feature","properties":{"s":1.07,"t":0},"geometry":{"type":"Point","coordinates":[77.01324,8.623545]}},{"type":"Feature","properties":{"s":0.96,"t":0},"geometry":{"type":"Point","coordinates":[77.015046,8.623234]}},{"type":"Feature","properties":{"s":1.18,"t":1},"geometry":{"type":"Point","coordinates":[77.015217,8.623558]}},{"type":"Feature","properties":{"s":0.98,"t":1},"geometry":{"type":"Point","coordinates":[77.015856,8.623276]}},{"type":"Feature","properties":{"s":0.86,"t":1},"geometry":{"type":"Point","coordinates":[77.017944,8.62349]}},{"type":"Feature","properties":{"s":0.79,"t":0},"geometry":{"type":"Point","coordinates":[77.018107,8.623274]}},{"type":"Feature","properties":{"s":1.14,"t":1},"geometry":{"type":"Point","coordinates":[77.023994,8.623403]}},{"type":"Feature","properties":{"s":0.86,"t":1},"geometry":{"type":"Point","coordinates":[77.025835,8.623271]}},{"type":"Feature","properties":{"s":0.87,"t":1},"geometry":{"type":"Point","coordinates":[77.026774,8.623529]}},{"type":"Feature","properties":{"s":0.74,"t":0},"geometry":{"type":"Point","coordinates":[77.027059,8.623417]}},{"type":"Feature","properties":{"s":1.31,"t":0},"geometry":{"type":"Point","coordinates":[77.027277,8.623344]}},{"type":"Feature","properties":{"s":1.17,"t":0},"geometry":{"type":"Point","coordinates":[77.027957,8.62327]}},{"type":"Feature","properties":{"s":1.07,"t":0},"geometry":{"type":"Point","coordinates":[77.028202,8.623439]}},{"type":"Feature","properties":{"s":1.25,"t":0},"geometry":{"type":"Point","coordinates":[77.029222,8.623364]}},{"type":"Feature","properties":{"s":0.95,"t":1},"geometry":{"type":"Point","coordinates":[77.029588,8.623339]}},{"type":"Feature","properties":{"s":0.77,"t":0},"geometry":{"type":"Point","coordinates":[77.029908,8.623369]}},{"type":"Feature","properties":{"s":0.87,"t":1},"geometry":{"type":"Point","coordinates":[77.030453,8.623215]}},{"type":"Feature","properties":{"s":0.74,"t":1},"geometry":{"type":"Point","coordinates":[77.030746,8.623488]}},{"type":"Feature","properties":{"s":0.8,"t":1},"geometry":{"type":"Point","coordinates":[77.031532,8.623355]}},{"type":"Feature","properties":{"s":1.1,"t":1},"geometry":{"type":"Point","coordinates":[77.033378,8.62331]}},{"type":"Feature","properties":{"s":1.15,"t":1},"geometry":{"type":"Point","coordinates":[77.034069,8.623315]}},{"type":"Feature","properties":{"s":1.28,"t":1},"geometry":{"type":"Point","coordinates":[77.034708,8.623378]}},{"type":"Feature","properties":{"s":0.87,"t":1},"geometry":{"type":"Point","coordinates":[77.034845,8.623351]}},{"type":"Feature","properties":{"s":0.79,"t":0},"geometry":{"type":"Point","coordinates":[77.035358,8.623387]}},{"type":"Feature","properties":{"s":0.88,"t":1},"geometry":{"type":"Point","coordinates":[77.036579,8.62346]}},{"type":"Feature","properties":{"s":0.74,"t":1},"geometry":{"type":"Point","coordinates":[77.036967,8.62323]}},{"type":"Feature","properties":{"s":1.23,"t":0},"geometry":{"type":"Point","coordinates":[77.037373,8.623401]}},{"type":"Feature","properties":{"s":1.3,"t":0},"geometry":{"type":"Point","coordinates":[77.037852,8.623398]}},{"type":"Feature","properties":{"s":0.89,"t":0},"geometry":{"type":"Point","coordinates":[77.038393,8.623322]}},{"type":"Feature","properties":{"s":1.1,"t":1},"geometry":{"type":"Point","coordinates":[77.038783,8.623295]}},{"type":"Feature","properties":{"s":0.77,"t":0},"geometry":{"type":"Point","coordinates":[77.039986,8.623384]}},{"type":"Feature","properties":{"s":0.77,"t":0},"geometry":{"type":"Point","coordinates":[77.040455,8.623502]}},{"type":"Feature","properties":{"s":1.11,"t":0},"geometry":{"type":"Point","coordinates":[77.04082,8.623328]}},{"type":"Feature","properties":{"s":1.14,"t":1},"geometry":{"type":"Point","coordinates":[76.95984,8.623665]}},{"type":"Feature","properties":{"s":1.31,"t":1},"geometry":{"type":"Point","coordinates":[76.961825,8.623885]}},{"type":"Feature","properties":{"s":0.72,"t":0},"geometry":{"type":"Point","coordinates":[76.962299,8.623857]}},{"type":"Feature","properties":{"s":0.85,"t":0},"geometry":{"type":"Point","coordinates":[76.96257,8.623823]}},{"type":"Feature","properties":{"s":1.26,"t":1},"geometry":{"type":"Point","coordinates":[76.96433,8.623777]}},{"type":"Feature","properties":{"s":0.74,"t":1},"geometry":{"type":"Point","coordinates":[76.964654,8.623876]}},{"type":"Feature","properties":{"s":0.97,"t":1},"geometry":{"type":"Point","coordinates":[76.966462,8.62375]}},{"type":"Feature","properties":{"s":1.18,"t":0},"geometry":{"type":"Point","coordinates":[76.969523,8.623641]}},{"type":"Feature","properties":{"s":1.11,"t":0},"geometry":{"type":"Point","coordinates":[76.969768,8.623967]}},{"type":"Feature","properties":{"s":0.94,"t":1},"geometry":{"type":"Point","coordinates":[76.970672,8.623676]}},{"type":"Feature","properties":{"s":1.07,"t":1},"geometry":{"type":"Point","coordinates":[76.974811,8.623947]}},{"type":"Feature","properties":{"s":1.13,"t":1},"geometry":{"type":"Point","coordinates":[76.975061,8.62396]}},{"type":"Feature","properties":{"s":0.77,"t":1},"geometry":{"type":"Point","coordinates":[76.975456,8.623675]}},{"type":"Feature","properties":{"s":0.82,"t":0},"geometry":{"type":"Point","coordinates":[76.976497,8.62389]}},{"type":"Feature","properties":{"s":0.76,"t":0},"geometry":{"type":"Point","coordinates":[77.000125,8.623681]}},{"type":"Feature","properties":{"s":1.13,"t":0},"geometry":{"type":"Point","coordinates":[77.002349,8.623632]}},{"type":"Feature","properties":{"s":0.95,"t":1},"geometry":{"type":"Point","coordinates":[77.002761,8.623795]}},{"type":"Feature","properties":{"s":0.96,"t":0},"geometry":{"type":"Point","coordinates":[77.003375,8.623728]}},{"type":"Feature","properties":{"s":0.82,"t":1},"geometry":{"type":"Point","coordinates":[77.003597,8.623704]}},{"type":"Feature","properties":{"s":0.81,"t":0},"geometry":{"type":"Point","coordinates":[77.004027,8.62381]}},{"type":"Feature","properties":{"s":1.3,"t":1},"geometry":{"type":"Point","coordinates":[77.004347,8.623783]}},{"type":"Feature","properties":{"s":1.09,"t":1},"geometry":{"type":"Point","coordinates":[77.00618,8.623681]}},{"type":"Feature","properties":{"s":0.96,"t":0},"geometry":{"type":"Point","coordinates":[77.007061,8.623809]}},{"type":"Feature","properties":{"s":1.2,"t":0},"geometry":{"type":"Point","coordinates":[77.0078,8.623804]}},{"type":"Feature","properties":{"s":0.83,"t":0},"geometry":{"type":"Point","coordinates":[77.008333,8.623713]}},{"type":"Feature","properties":{"s":1.25,"t":0},"geometry":{"type":"Point","coordinates":[77.008459,8.623764]}},{"type":"Feature","properties":{"s":0.78,"t":0},"geometry":{"type":"Point","coordinates":[77.010815,8.623647]}},{"type":"Feature","properties":{"s":0.99,"t":1},"geometry":{"type":"Point","coordinates":[77.011155,8.623867]}},{"type":"Feature","properties":{"s":0.95,"t":0},"geometry":{"type":"Point","coordinates":[77.011384,8.623627]}},{"type":"Feature","properties":{"s":0.9,"t":1},"geometry":{"type":"Point","coordinates":[77.012729,8.623887]}},{"type":"Feature","properties":{"s":1.07,"t":0},"geometry":{"type":"Point","coordinates":[77.015241,8.623718]}},{"type":"Feature","properties":{"s":1.0,"t":0},"geometry":{"type":"Point","coordinates":[77.015569,8.62371]}},{"type":"Feature","properties":{"s":0.83,"t":1},"geometry":{"type":"Point","coordinates":[77.016302,8.623627]}},{"type":"Feature","properties":{"s":0.95,"t":0},"geometry":{"type":"Point","coordinates":[77.016654,8.623805]}},{"type":"Feature","properties":{"s":0.81,"t":0},"geometry":{"type":"Point","coordinates":[77.017413,8.623912]}},{"type":"Feature","properties":{"s":0.86,"t":1},"geometry":{"type":"Point","coordinates":[77.017841,8.623976]}},{"type":"Feature","properties":{"s":0.93,"t":1},"geometry":{"type":"Point","coordinates":[77.018774,8.62363]}},{"type":"Feature","properties":{"s":1.08,"t":1},"geometry":{"type":"Point","coordinates":[77.018927,8.623713]}},{"type":"Feature","properties":{"s":0.97,"t":0},"geometry":{"type":"Point","coordinates":[77.021648,8.623892]}},{"type":"Feature","properties":{"s":0.78,"t":0},"geometry":{"type":"Point","coordinates":[77.022278,8.623923]}},{"type":"Feature","properties":{"s":1.33,"t":0},"geometry":{"type":"Point","coordinates":[77.023722,8.623715]}},{"type":"Feature","properties":{"s":1.27,"t":0},"geometry":{"type":"Point","coordinates":[77.024084,8.623779]}},{"type":"Feature","properties":{"s":0.95,"t":0},"geometry":{"type":"Point","coordinates":[77.024578,8.623681]}},{"type":"Feature","properties":{"s":1.13,"t":0},"geometry":{"type":"Point","coordinates":[77.02544,8.623664]}},{"type":"Feature","properties":{"s":1.0,"t":1},"geometry":{"type":"Point","coordinates":[77.026592,8.623884]}},{"type":"Feature","properties":{"s":1.06,"t":0},"geometry":{"type":"Point","coordinates":[77.027166,8.623965]}},{"type":"Feature","properties":{"s":0.88,"t":0},"geometry":{"type":"Point","coordinates":[77.02746,8.623763]}},{"type":"Feature","properties":{"s":0.9,"t":1},"geometry":{"type":"Point","coordinates":[77.027854,8.623662]}},{"type":"Feature","properties":{"s":1.34,"t":1},"geometry":{"type":"Point","coordinates":[77.028396,8.623878]}},{"type":"Feature","properties":{"s":0.94,"t":1},"geometry":{"type":"Point","coordinates":[77.029508,8.623693]}},{"type":"Feature","properties":{"s":0.89,"t":0},"geometry":{"type":"Point","coordinates":[77.030107,8.623686]}},{"type":"Feature","properties":{"s":0.85,"t":0},"geometry":{"type":"Point","coordinates":[77.030426,8.62365]}},{"type":"Feature","properties":{"s":1.27,"t":1},"geometry":{"type":"Point","coordinates":[77.03084,8.62372]}},{"type":"Feature","properties":{"s":1.28,"t":1},"geometry":{"type":"Point","coordinates":[77.031316,8.623714]}},{"type":"Feature","properties":{"s":1.29,"t":0},"geometry":{"type":"Point","coordinates":[77.033163,8.623897]}},{"type":"Feature","properties":{"s":0.77,"t":0},"geometry":{"type":"Point","coordinates":[77.033751,8.6239]}},{"type":"Feature","properties":{"s":0.79,"t":1},"geometry":{"type":"Point","coordinates":[77.034074,8.623644]}},{"type":"Feature","properties":{"s":1.12,"t":1},"geometry":{"type":"Point","coordinates":[77.034714,8.623789]}},{"type":"Feature","properties":{"s":1.02,"t":0},"geometry":{"type":"Point","coordinates":[77.035027,8.623908]}},{"type":"Feature","properties":{"s":0.86,"t":1},"geometry":{"type":"Point","coordinates":[77.035278,8.623742]}},{"type":"Feature","properties":{"s":1.17,"t":1},"geometry":{"type":"Point","coordinates":[77.03629,8.623769]}},{"type":"Feature","properties":{"s":0.74,"t":0},"geometry":{"type":"Point","coordinates":[77.036976,8.623893]}},{"type":"Feature","properties":{"s":1.27,"t":0},"geometry":{"type":"Point","coordinates":[77.037312,8.623799]}},{"type":"Feature","properties":{"s":0.91,"t":0},"geometry":{"type":"Point","coordinates":[77.037913,8.623824]}},{"type":"Feature","properties":{"s":1.28,"t":0},"geometry":{"type":"Point","coordinates":[77.038469,8.623957]}},{"type":"Feature","properties":{"s":1.29,"t":0},"geometry":{"type":"Point","coordinates":[77.038681,8.623796]}},{"type":"Feature","properties":{"s":0.8,"t":0},"geometry":{"type":"Point","coordinates":[77.039271,8.623697]}},{"type":"Feature","properties":{"s":1.06,"t":0},"geometry":{"type":"Point","coordinates":[77.039548,8.623969]}},{"type":"Feature","properties":{"s":0.9,"t":0},"geometry":{"type":"Point","coordinates":[77.039893,8.623787]}},{"type":"Feature","properties":{"s":0.88,"t":0},"geometry":{"type":"Point","coordinates":[77.040498,8.623979]}},{"type":"Feature","properties":{"s":0.81,"t":0},"geometry":{"type":"Point","coordinates":[77.040799,8.62397]}},{"type":"Feature","properties":{"s":0.81,"t":0},"geometry":{"type":"Point","coordinates":[76.962408,8.624263]}},{"type":"Feature","properties":{"s":1.07,"t":1},"geometry":{"type":"Point","coordinates":[76.963002,8.624104]}},{"type":"Feature","properties":{"s":0.94,"t":0},"geometry":{"type":"Point","coordinates":[76.964743,8.624086]}},{"type":"Feature","properties":{"s":0.92,"t":0},"geometry":{"type":"Point","coordinates":[76.965056,8.624157]}},{"type":"Feature","properties":{"s":1.15,"t":0},"geometry":{"type":"Point","coordinates":[76.965747,8.624309]}},{"type":"Feature","properties":{"s":1.01,"t":0},"geometry":{"type":"Point","coordinates":[76.966936,8.624236]}},{"type":"Feature","properties":{"s":1.1,"t":0},"geometry":{"type":"Point","coordinates":[76.967568,8.624177]}},{"type":"Feature","properties":{"s":1.02,"t":0},"geometry":{"type":"Point","coordinates":[76.975714,8.624341]}},{"type":"Feature","properties":{"s":1.03,"t":1},"geometry":{"type":"Point","coordinates":[76.999169,8.62428]}},{"type":"Feature","properties":{"s":0.75,"t":1},"geometry":{"type":"Point","coordinates":[77.000776,8.624154]}},{"type":"Feature","properties":{"s":1.11,"t":1},"geometry":{"type":"Point","coordinates":[77.001884,8.624242]}},{"type":"Feature","properties":{"s":1.12,"t":1},"geometry":{"type":"Point","coordinates":[77.002376,8.624334]}},{"type":"Feature","properties":{"s":1.15,"t":0},"geometry":{"type":"Point","coordinates":[77.002802,8.624355]}},{"type":"Feature","properties":{"s":0.76,"t":0},"geometry":{"type":"Point","coordinates":[77.003154,8.624105]}},{"type":"Feature","properties":{"s":0.84,"t":0},"geometry":{"type":"Point","coordinates":[77.004901,8.624104]}},{"type":"Feature","properties":{"s":0.96,"t":1},"geometry":{"type":"Point","coordinates":[77.005866,8.624309]}},{"type":"Feature","properties":{"s":1.09,"t":1},"geometry":{"type":"Point","coordinates":[77.007537,8.624187]}},{"type":"Feature","properties":{"s":1.1,"t":0},"geometry":{"type":"Point","coordinates":[77.011273,8.624231]}},{"type":"Feature","properties":{"s":1.28,"t":1},"geometry":{"type":"Point","coordinates":[77.011506,8.62423]}},{"type":"Feature","properties":{"s":1.01,"t":1},"geometry":{"type":"Point","coordinates":[77.01207,8.624272]}},{"type":"Feature","properties":{"s":1.02,"t":1},"geometry":{"type":"Point","coordinates":[77.012531,8.624138]}},{"type":"Feature","properties":{"s":1.07,"t":1},"geometry":{"type":"Point","coordinates":[77.012696,8.624342]}},{"type":"Feature","properties":{"s":0.73,"t":0},"geometry":{"type":"Point","coordinates":[77.015219,8.624057]}},{"type":"Feature","properties":{"s":0.75,"t":1},"geometry":{"type":"Point","coordinates":[77.016624,8.624361]}},{"type":"Feature","properties":{"s":0.87,"t":1},"geometry":{"type":"Point","coordinates":[77.017152,8.624386]}},{"type":"Feature","properties":{"s":1.09,"t":1},"geometry":{"type":"Point","coordinates":[77.017559,8.624168]}},{"type":"Feature","properties":{"s":0.77,"t":0},"geometry":{"type":"Point","coordinates":[77.01809,8.624132]}},{"type":"Feature","properties":{"s":1.01,"t":0},"geometry":{"type":"Point","coordinates":[77.019473,8.624156]}},{"type":"Feature","properties":{"s":1.04,"t":1},"geometry":{"type":"Point","coordinates":[77.019923,8.624056]}},{"type":"Feature","properties":{"s":1.31,"t":1},"geometry":{"type":"Point","coordinates":[77.020326,8.624143]}},{"type":"Feature","properties":{"s":0.96,"t":1},"geometry":{"type":"Point","coordinates":[77.020804,8.624291]}},{"type":"Feature","properties":{"s":0.77,"t":0},"geometry":{"type":"Point","coordinates":[77.021146,8.624093]}},{"type":"Feature","properties":{"s":1.19,"t":0},"geometry":{"type":"Point","coordinates":[77.0224,8.624249]}},{"type":"Feature","properties":{"s":0.84,"t":1},"geometry":{"type":"Point","coordinates":[77.025317,8.624208]}},{"type":"Feature","properties":{"s":1.24,"t":0},"geometry":{"type":"Point","coordinates":[77.025608,8.624237]}},{"type":"Feature","properties":{"s":0.74,"t":1},"geometry":{"type":"Point","coordinates":[77.026555,8.624277]}},{"type":"Feature","properties":{"s":1.17,"t":0},"geometry":{"type":"Point","coordinates":[77.0273,8.624327]}},{"type":"Feature","properties":{"s":0.98,"t":0},"geometry":{"type":"Point","coordinates":[77.028166,8.624259]}},{"type":"Feature","properties":{"s":0.91,"t":0},"geometry":{"type":"Point","coordinates":[77.029698,8.624393]}},{"type":"Feature","properties":{"s":0.79,"t":1},"geometry":{"type":"Point","coordinates":[77.030081,8.624278]}},{"type":"Feature","properties":{"s":0.72,"t":0},"geometry":{"type":"Point","coordinates":[77.030291,8.624194]}},{"type":"Feature","properties":{"s":0.93,"t":0},"geometry":{"type":"Point","coordinates":[77.03064,8.624308]}},{"type":"Feature","properties":{"s":0.76,"t":1},"geometry":{"type":"Point","coordinates":[77.031339,8.624045]}},{"type":"Feature","properties":{"s":0.87,"t":0},"geometry":{"type":"Point","coordinates":[77.032607,8.624181]}},{"type":"Feature","properties":{"s":0.75,"t":1},"geometry":{"type":"Point","coordinates":[77.034066,8.624216]}},{"type":"Feature","properties":{"s":1.17,"t":0},"geometry":{"type":"Point","coordinates":[77.035223,8.624199]}},{"type":"Feature","properties":{"s":0.73,"t":0},"geometry":{"type":"Point","coordinates":[77.035936,8.624234]}},{"type":"Feature","properties":{"s":1.05,"t":1},"geometry":{"type":"Point","coordinates":[77.036522,8.624296]}},{"type":"Feature","properties":{"s":1.07,"t":1},"geometry":{"type":"Point","coordinates":[77.036907,8.624303]}},{"type":"Feature","properties":{"s":1.29,"t":1},"geometry":{"type":"Point","coordinates":[77.037582,8.624296]}},{"type":"Feature","properties":{"s":0.79,"t":1},"geometry":{"type":"Point","coordinates":[77.037726,8.624381]}},{"type":"Feature","properties":{"s":0.82,"t":1},"geometry":{"type":"Point","coordinates":[77.038159,8.624088]}},{"type":"Feature","properties":{"s":1.03,"t":1},"geometry":{"type":"Point","coordinates":[77.038608,8.624351]}},{"type":"Feature","properties":{"s":1.15,"t":0},"geometry":{"type":"Point","coordinates":[77.039234,8.624247]}},{"type":"Feature","properties":{"s":0.97,"t":1},"geometry":{"type":"Point","coordinates":[77.039441,8.624356]}},{"type":"Feature","properties":{"s":1.25,"t":1},"geometry":{"type":"Point","coordinates":[77.040005,8.624274]}},{"type":"Feature","properties":{"s":1.31,"t":1},"geometry":{"type":"Point","coordinates":[77.040542,8.624117]}},{"type":"Feature","properties":{"s":1.11,"t":0},"geometry":{"type":"Point","coordinates":[77.041351,8.624302]}},{"type":"Feature","properties":{"s":1.25,"t":1},"geometry":{"type":"Point","coordinates":[77.041782,8.624283]}},{"type":"Feature","properties":{"s":0.88,"t":1},"geometry":{"type":"Point","coordinates":[77.041955,8.624297]}},{"type":"Feature","properties":{"s":1.31,"t":1},"geometry":{"type":"Point","coordinates":[77.042906,8.624364]}},{"type":"Feature","properties":{"s":1.1,"t":1},"geometry":{"type":"Point","coordinates":[76.962375,8.624532]}},{"type":"Feature","properties":{"s":0.81,"t":0},"geometry":{"type":"Point","coordinates":[76.962659,8.624664]}},{"type":"Feature","properties":{"s":1.29,"t":0},"geometry":{"type":"Point","coordinates":[76.963486,8.624524]}},{"type":"Feature","properties":{"s":1.01,"t":1},"geometry":{"type":"Point","coordinates":[76.964458,8.624519]}},{"type":"Feature","properties":{"s":0.92,"t":1},"geometry":{"type":"Point","coordinates":[76.964687,8.624801]}},{"type":"Feature","properties":{"s":1.29,"t":0},"geometry":{"type":"Point","coordinates":[76.966699,8.624525]}},{"type":"Feature","properties":{"s":1.22,"t":0},"geometry":{"type":"Point","coordinates":[77.005995,8.62453]}},{"type":"Feature","properties":{"s":1.02,"t":0},"geometry":{"type":"Point","coordinates":[77.00654,8.624472]}},{"type":"Feature","properties":{"s":0.77,"t":1},"geometry":{"type":"Point","coordinates":[77.011872,8.624492]}},{"type":"Feature","properties":{"s":0.79,"t":0},"geometry":{"type":"Point","coordinates":[77.018285,8.624576]}},{"type":"Feature","properties":{"s":1.07,"t":0},"geometry":{"type":"Point","coordinates":[77.018828,8.624682]}},{"type":"Feature","properties":{"s":1.14,"t":1},"geometry":{"type":"Point","coordinates":[77.01893,8.624738]}},{"type":"Feature","properties":{"s":0.78,"t":0},"geometry":{"type":"Point","coordinates":[77.021268,8.624795]}},{"type":"Feature","properties":{"s":1.33,"t":1},"geometry":{"type":"Point","coordinates":[77.021471,8.624485]}},{"type":"Feature","properties":{"s":1.34,"t":0},"geometry":{"type":"Point","coordinates":[77.023197,8.624765]}},{"type":"Feature","properties":{"s":1.27,"t":0},"geometry":{"type":"Point","coordinates":[77.025738,8.624555]}},{"type":"Feature","properties":{"s":1.18,"t":1},"geometry":{"type":"Point","coordinates":[77.026342,8.624463]}},{"type":"Feature","properties":{"s":0.76,"t":1},"geometry":{"type":"Point","coordinates":[77.026435,8.624699]}},{"type":"Feature","properties":{"s":1.02,"t":1},"geometry":{"type":"Point","coordinates":[77.02698,8.62467]}},{"type":"Feature","properties":{"s":0.8,"t":1},"geometry":{"type":"Point","coordinates":[77.027597,8.624461]}},{"type":"Feature","properties":{"s":1.14,"t":0},"geometry":{"type":"Point","coordinates":[77.028016,8.624784]}},{"type":"Feature","properties":{"s":1.33,"t":0},"geometry":{"type":"Point","coordinates":[77.028255,8.624609]}},{"type":"Feature","properties":{"s":0.92,"t":1},"geometry":{"type":"Point","coordinates":[77.028667,8.624578]}},{"type":"Feature","properties":{"s":1.31,"t":1},"geometry":{"type":"Point","coordinates":[77.029228,8.624741]}},{"type":"Feature","properties":{"s":0.91,"t":0},"geometry":{"type":"Point","coordinates":[77.029658,8.624725]}},{"type":"Feature","properties":{"s":1.06,"t":0},"geometry":{"type":"Point","coordinates":[77.029992,8.624558]}},{"type":"Feature","properties":{"s":1.32,"t":0},"geometry":{"type":"Point","coordinates":[77.030851,8.624607]}},{"type":"Feature","properties":{"s":1.22,"t":1},"geometry":{"type":"Point","coordinates":[77.031124,8.624704]}},{"type":"Feature","properties":{"s":1.24,"t":1},"geometry":{"type":"Point","coordinates":[77.031882,8.624672]}},{"type":"Feature","properties":{"s":0.8,"t":1},"geometry":{"type":"Point","coordinates":[77.03422,8.624669]}},{"type":"Feature","properties":{"s":1.2,"t":1},"geometry":{"type":"Point","coordinates":[77.035787,8.624532]}},{"type":"Feature","properties":{"s":1.26,"t":0},"geometry":{"type":"Point","coordinates":[77.036545,8.624725]}},{"type":"Feature","properties":{"s":1.0,"t":0},"geometry":{"type":"Point","coordinates":[77.037153,8.624601]}},{"type":"Feature","properties":{"s":0.8,"t":0},"geometry":{"type":"Point","coordinates":[77.038035,8.62465]}},{"type":"Feature","properties":{"s":1.21,"t":1},"geometry":{"type":"Point","coordinates":[77.038376,8.624679]}},{"type":"Feature","properties":{"s":1.3,"t":1},"geometry":{"type":"Point","coordinates":[77.039019,8.624621]}},{"type":"Feature","properties":{"s":0.84,"t":1},"geometry":{"type":"Point","coordinates":[77.039404,8.624794]}},{"type":"Feature","properties":{"s":0.84,"t":1},"geometry":{"type":"Point","coordinates":[77.039923,8.624519]}},{"type":"Feature","properties":{"s":1.09,"t":1},"geometry":{"type":"Point","coordinates":[77.041343,8.62473]}},{"type":"Feature","properties":{"s":1.28,"t":1},"geometry":{"type":"Point","coordinates":[77.041613,8.624667]}},{"type":"Feature","properties":{"s":1.2,"t":1},"geometry":{"type":"Point","coordinates":[77.042146,8.624471]}},{"type":"Feature","properties":{"s":0.77,"t":0},"geometry":{"type":"Point","coordinates":[76.963081,8.624943]}},{"type":"Feature","properties":{"s":1.29,"t":0},"geometry":{"type":"Point","coordinates":[76.963332,8.625202]}},{"type":"Feature","properties":{"s":1.05,"t":0},"geometry":{"type":"Point","coordinates":[76.964907,8.625005]}},{"type":"Feature","properties":{"s":1.17,"t":0},"geometry":{"type":"Point","coordinates":[76.965071,8.62516]}},{"type":"Feature","properties":{"s":0.72,"t":0},"geometry":{"type":"Point","coordinates":[77.017808,8.625088]}},{"type":"Feature","properties":{"s":1.16,"t":0},"geometry":{"type":"Point","coordinates":[77.018823,8.624926]}},{"type":"Feature","properties":{"s":0.76,"t":1},"geometry":{"type":"Point","coordinates":[77.021251,8.625099]}},{"type":"Feature","properties":{"s":1.21,"t":1},"geometry":{"type":"Point","coordinates":[77.021619,8.62518]}},{"type":"Feature","properties":{"s":1.06,"t":0},"geometry":{"type":"Point","coordinates":[77.021873,8.624975]}},{"type":"Feature","properties":{"s":1.27,"t":0},"geometry":{"type":"Point","coordinates":[77.022385,8.62518]}},{"type":"Feature","properties":{"s":1.25,"t":1},"geometry":{"type":"Point","coordinates":[77.023671,8.62509]}},{"type":"Feature","properties":{"s":1.0,"t":0},"geometry":{"type":"Point","coordinates":[77.025837,8.624964]}},{"type":"Feature","properties":{"s":0.86,"t":1},"geometry":{"type":"Point","coordinates":[77.026736,8.624952]}},{"type":"Feature","properties":{"s":1.1,"t":1},"geometry":{"type":"Point","coordinates":[77.026937,8.625098]}},{"type":"Feature","properties":{"s":1.01,"t":1},"geometry":{"type":"Point","coordinates":[77.027481,8.624902]}},{"type":"Feature","properties":{"s":1.04,"t":1},"geometry":{"type":"Point","coordinates":[77.027996,8.62503]}},{"type":"Feature","properties":{"s":1.02,"t":1},"geometry":{"type":"Point","coordinates":[77.028446,8.625035]}},{"type":"Feature","properties":{"s":0.81,"t":0},"geometry":{"type":"Point","coordinates":[77.02949,8.624877]}},{"type":"Feature","properties":{"s":1.13,"t":1},"geometry":{"type":"Point","coordinates":[77.029836,8.624926]}},{"type":"Feature","properties":{"s":1.13,"t":1},"geometry":{"type":"Point","coordinates":[77.030379,8.624896]}},{"type":"Feature","properties":{"s":1.07,"t":0},"geometry":{"type":"Point","coordinates":[77.031338,8.625143]}},{"type":"Feature","properties":{"s":1.15,"t":0},"geometry":{"type":"Point","coordinates":[77.033247,8.625098]}},{"type":"Feature","properties":{"s":1.12,"t":0},"geometry":{"type":"Point","coordinates":[77.035788,8.625141]}},{"type":"Feature","properties":{"s":0.94,"t":0},"geometry":{"type":"Point","coordinates":[77.036074,8.625205]}},{"type":"Feature","properties":{"s":1.2,"t":1},"geometry":{"type":"Point","coordinates":[77.036464,8.625222]}},{"type":"Feature","properties":{"s":1.17,"t":1},"geometry":{"type":"Point","coordinates":[77.036925,8.624876]}},{"type":"Feature","properties":{"s":1.26,"t":1},"geometry":{"type":"Point","coordinates":[77.037551,8.625072]}},{"type":"Feature","properties":{"s":1.19,"t":1},"geometry":{"type":"Point","coordinates":[77.037787,8.625016]}},{"type":"Feature","properties":{"s":1.08,"t":1},"geometry":{"type":"Point","coordinates":[77.038251,8.624882]}},{"type":"Feature","properties":{"s":0.74,"t":0},"geometry":{"type":"Point","coordinates":[77.038969,8.625146]}},{"type":"Feature","properties":{"s":0.82,"t":0},"geometry":{"type":"Point","coordinates":[77.039412,8.625203]}},{"type":"Feature","properties":{"s":1.15,"t":0},"geometry":{"type":"Point","coordinates":[77.040003,8.625009]}},{"type":"Feature","properties":{"s":1.09,"t":1},"geometry":{"type":"Point","coordinates":[77.040466,8.625025]}},{"type":"Feature","properties":{"s":1.3,"t":0},"geometry":{"type":"Point","coordinates":[77.040879,8.624887]}},{"type":"Feature","properties":{"s":0.88,"t":1},"geometry":{"type":"Point","coordinates":[77.041348,8.624918]}},{"type":"Feature","properties":{"s":0.95,"t":0},"geometry":{"type":"Point","coordinates":[77.041824,8.625091]}},{"type":"Feature","properties":{"s":0.92,"t":0},"geometry":{"type":"Point","coordinates":[77.041956,8.625079]}},{"type":"Feature","properties":{"s":1.22,"t":0},"geometry":{"type":"Point","coordinates":[77.042893,8.625018]}},{"type":"Feature","properties":{"s":1.1,"t":0},"geometry":{"type":"Point","coordinates":[76.964309,8.625313]}},{"type":"Feature","properties":{"s":1.27,"t":1},"geometry":{"type":"Point","coordinates":[76.964594,8.625312]}},{"type":"Feature","properties":{"s":1.32,"t":0},"geometry":{"type":"Point","coordinates":[77.018339,8.625339]}},{"type":"Feature","properties":{"s":0.9,"t":0},"geometry":{"type":"Point","coordinates":[77.018779,8.625498]}},{"type":"Feature","properties":{"s":1.24,"t":1},"geometry":{"type":"Point","coordinates":[77.019819,8.625355]}},{"type":"Feature","properties":{"s":1.13,"t":0},"geometry":{"type":"Point","coordinates":[77.021259,8.625512]}},{"type":"Feature","properties":{"s":0.97,"t":0},"geometry":{"type":"Point","coordinates":[77.021471,8.62553]}},{"type":"Feature","properties":{"s":0.82,"t":0},"geometry":{"type":"Point","coordinates":[77.022549,8.625505]}},{"type":"Feature","properties":{"s":0.94,"t":0},"geometry":{"type":"Point","coordinates":[77.02353,8.62546]}},{"type":"Feature","properties":{"s":0.86,"t":0},"geometry":{"type":"Point","coordinates":[77.024442,8.625638]}},{"type":"Feature","properties":{"s":0.85,"t":0},"geometry":{"type":"Point","coordinates":[77.025008,8.625496]}},{"type":"Feature","properties":{"s":0.85,"t":0},"geometry":{"type":"Point","coordinates":[77.026224,8.625299]}},{"type":"Feature","properties":{"s":0.77,"t":0},"geometry":{"type":"Point","coordinates":[77.027518,8.625464]}},{"type":"Feature","properties":{"s":0.8,"t":1},"geometry":{"type":"Point","coordinates":[77.027934,8.625584]}},{"type":"Feature","properties":{"s":1.12,"t":0},"geometry":{"type":"Point","coordinates":[77.028452,8.625577]}},{"type":"Feature","properties":{"s":0.8,"t":1},"geometry":{"type":"Point","coordinates":[77.028623,8.625433]}},{"type":"Feature","properties":{"s":0.73,"t":1},"geometry":{"type":"Point","coordinates":[77.028959,8.625582]}},{"type":"Feature","properties":{"s":1.1,"t":0},"geometry":{"type":"Point","coordinates":[77.029395,8.625495]}},{"type":"Feature","properties":{"s":1.19,"t":1},"geometry":{"type":"Point","coordinates":[77.029979,8.625604]}},{"type":"Feature","properties":{"s":1.32,"t":0},"geometry":{"type":"Point","coordinates":[77.030253,8.625415]}},{"type":"Feature","properties":{"s":1.12,"t":1},"geometry":{"type":"Point","coordinates":[77.030741,8.625451]}},{"type":"Feature","properties":{"s":0.92,"t":1},"geometry":{"type":"Point","coordinates":[77.03114,8.625336]}},{"type":"Feature","properties":{"s":0.77,"t":1},"geometry":{"type":"Point","coordinates":[77.032857,8.625444]}},{"type":"Feature","properties":{"s":0.91,"t":0},"geometry":{"type":"Point","coordinates":[77.035791,8.625524]}},{"type":"Feature","properties":{"s":1.33,"t":1},"geometry":{"type":"Point","coordinates":[77.036165,8.625605]}},{"type":"Feature","properties":{"s":1.05,"t":0},"geometry":{"type":"Point","coordinates":[77.036479,8.625537]}},{"type":"Feature","properties":{"s":1.06,"t":1},"geometry":{"type":"Point","coordinates":[77.037219,8.625622]}},{"type":"Feature","properties":{"s":0.83,"t":0},"geometry":{"type":"Point","coordinates":[77.037642,8.62537]}},{"type":"Feature","properties":{"s":1.13,"t":0},"geometry":{"type":"Point","coordinates":[77.037886,8.62544]}},{"type":"Feature","properties":{"s":1.1,"t":1},"geometry":{"type":"Point","coordinates":[77.038177,8.625429]}},{"type":"Feature","properties":{"s":0.95,"t":1},"geometry":{"type":"Point","coordinates":[77.038634,8.625622]}},{"type":"Feature","properties":{"s":1.08,"t":0},"geometry":{"type":"Point","coordinates":[77.038967,8.625348]}},{"type":"Feature","properties":{"s":0.95,"t":1},"geometry":{"type":"Point","coordinates":[77.039484,8.6255]}},{"type":"Feature","properties":{"s":1.24,"t":1},"geometry":{"type":"Point","coordinates":[77.040229,8.62547]}},{"type":"Feature","properties":{"s":1.13,"t":1},"geometry":{"type":"Point","coordinates":[77.040906,8.62541]}},{"type":"Feature","properties":{"s":1.01,"t":0},"geometry":{"type":"Point","coordinates":[77.041108,8.625479]}},{"type":"Feature","properties":{"s":1.12,"t":0},"geometry":{"type":"Point","coordinates":[77.041657,8.625428]}},{"type":"Feature","properties":{"s":1.14,"t":1},"geometry":{"type":"Point","coordinates":[76.965345,8.625725]}},{"type":"Feature","properties":{"s":0.72,"t":0},"geometry":{"type":"Point","coordinates":[77.019411,8.625906]}},{"type":"Feature","properties":{"s":1.22,"t":1},"geometry":{"type":"Point","coordinates":[77.020055,8.626008]}},{"type":"Feature","properties":{"s":0.8,"t":1},"geometry":{"type":"Point","coordinates":[77.02144,8.62574]}},{"type":"Feature","properties":{"s":1.15,"t":0},"geometry":{"type":"Point","coordinates":[77.023642,8.625712]}},{"type":"Feature","properties":{"s":1.29,"t":0},"geometry":{"type":"Point","coordinates":[77.02616,8.625817]}},{"type":"Feature","properties":{"s":1.07,"t":1},"geometry":{"type":"Point","coordinates":[77.026587,8.625994]}},{"type":"Feature","properties":{"s":1.29,"t":0},"geometry":{"type":"Point","coordinates":[77.02697,8.625824]}},{"type":"Feature","properties":{"s":0.75,"t":0},"geometry":{"type":"Point","coordinates":[77.027343,8.625784]}},{"type":"Feature","properties":{"s":1.05,"t":1},"geometry":{"type":"Point","coordinates":[77.028013,8.625894]}},{"type":"Feature","properties":{"s":0.92,"t":0},"geometry":{"type":"Point","coordinates":[77.028285,8.625717]}},{"type":"Feature","properties":{"s":1.14,"t":1},"geometry":{"type":"Point","coordinates":[77.028831,8.6259]}},{"type":"Feature","properties":{"s":1.2,"t":1},"geometry":{"type":"Point","coordinates":[77.029287,8.625771]}},{"type":"Feature","properties":{"s":1.3,"t":1},"geometry":{"type":"Point","coordinates":[77.030113,8.625837]}},{"type":"Feature","properties":{"s":1.13,"t":1},"geometry":{"type":"Point","coordinates":[77.030504,8.625966]}},{"type":"Feature","properties":{"s":1.12,"t":1},"geometry":{"type":"Point","coordinates":[77.030693,8.625838]}},{"type":"Feature","properties":{"s":0.86,"t":0},"geometry":{"type":"Point","coordinates":[77.035108,8.626023]}},{"type":"Feature","properties":{"s":0.96,"t":1},"geometry":{"type":"Point","coordinates":[77.035668,8.625713]}},{"type":"Feature","properties":{"s":1.17,"t":1},"geometry":{"type":"Point","coordinates":[77.036325,8.625855]}},{"type":"Feature","properties":{"s":0.87,"t":1},"geometry":{"type":"Point","coordinates":[77.036697,8.625918]}},{"type":"Feature","properties":{"s":0.97,"t":0},"geometry":{"type":"Point","coordinates":[77.037641,8.626008]}},{"type":"Feature","properties":{"s":0.83,"t":0},"geometry":{"type":"Point","coordinates":[77.037778,8.626041]}},{"type":"Feature","properties":{"s":1.06,"t":1},"geometry":{"type":"Point","coordinates":[77.038188,8.62598]}},{"type":"Feature","properties":{"s":1.08,"t":0},"geometry":{"type":"Point","coordinates":[77.038884,8.625841]}},{"type":"Feature","properties":{"s":0.93,"t":0},"geometry":{"type":"Point","coordinates":[77.039616,8.626005]}},{"type":"Feature","properties":{"s":1.14,"t":0},"geometry":{"type":"Point","coordinates":[77.040061,8.625963]}},{"type":"Feature","properties":{"s":1.22,"t":1},"geometry":{"type":"Point","coordinates":[77.040218,8.625924]}},{"type":"Feature","properties":{"s":0.9,"t":1},"geometry":{"type":"Point","coordinates":[77.040642,8.625835]}},{"type":"Feature","properties":{"s":1.07,"t":1},"geometry":{"type":"Point","coordinates":[77.041306,8.625858]}},{"type":"Feature","properties":{"s":1.31,"t":1},"geometry":{"type":"Point","coordinates":[77.041625,8.626015]}},{"type":"Feature","properties":{"s":0.94,"t":1},"geometry":{"type":"Point","coordinates":[77.04234,8.625805]}},{"type":"Feature","properties":{"s":0.79,"t":0},"geometry":{"type":"Point","coordinates":[77.042983,8.626049]}},{"type":"Feature","properties":{"s":1.12,"t":0},"geometry":{"type":"Point","coordinates":[77.043144,8.625836]}},{"type":"Feature","properties":{"s":1.27,"t":1},"geometry":{"type":"Point","coordinates":[77.020008,8.626239]}},{"type":"Feature","properties":{"s":1.29,"t":1},"geometry":{"type":"Point","coordinates":[77.020493,8.626209]}},{"type":"Feature","properties":{"s":0.97,"t":1},"geometry":{"type":"Point","coordinates":[77.020625,8.626156]}},{"type":"Feature","properties":{"s":0.98,"t":1},"geometry":{"type":"Point","coordinates":[77.02372,8.626331]}},{"type":"Feature","properties":{"s":0.8,"t":0},"geometry":{"type":"Point","coordinates":[77.024224,8.626145]}},{"type":"Feature","properties":{"s":1.22,"t":1},"geometry":{"type":"Point","coordinates":[77.024784,8.626309]}},{"type":"Feature","properties":{"s":0.78,"t":1},"geometry":{"type":"Point","coordinates":[77.025419,8.626328]}},{"type":"Feature","properties":{"s":1.1,"t":0},"geometry":{"type":"Point","coordinates":[77.026914,8.62635]}},{"type":"Feature","properties":{"s":1.3,"t":1},"geometry":{"type":"Point","coordinates":[77.027395,8.626412]}},{"type":"Feature","properties":{"s":0.83,"t":1},"geometry":{"type":"Point","coordinates":[77.027836,8.626135]}},{"type":"Feature","properties":{"s":0.82,"t":1},"geometry":{"type":"Point","coordinates":[77.028121,8.626325]}},{"type":"Feature","properties":{"s":1.2,"t":0},"geometry":{"type":"Point","coordinates":[77.028538,8.626221]}},{"type":"Feature","properties":{"s":1.04,"t":0},"geometry":{"type":"Point","coordinates":[77.029129,8.626142]}},{"type":"Feature","properties":{"s":1.2,"t":1},"geometry":{"type":"Point","coordinates":[77.029474,8.626293]}},{"type":"Feature","properties":{"s":1.06,"t":0},"geometry":{"type":"Point","coordinates":[77.030079,8.626135]}},{"type":"Feature","properties":{"s":0.94,"t":1},"geometry":{"type":"Point","coordinates":[77.030533,8.626349]}},{"type":"Feature","properties":{"s":1.21,"t":0},"geometry":{"type":"Point","coordinates":[77.030758,8.626353]}},{"type":"Feature","properties":{"s":1.16,"t":0},"geometry":{"type":"Point","coordinates":[77.032723,8.626436]}},{"type":"Feature","properties":{"s":1.28,"t":0},"geometry":{"type":"Point","coordinates":[77.033182,8.626399]}},{"type":"Feature","properties":{"s":0.95,"t":0},"geometry":{"type":"Point","coordinates":[77.033837,8.626454]}},{"type":"Feature","properties":{"s":0.82,"t":1},"geometry":{"type":"Point","coordinates":[77.034904,8.626337]}},{"type":"Feature","properties":{"s":0.74,"t":0},"geometry":{"type":"Point","coordinates":[77.03673,8.626349]}},{"type":"Feature","properties":{"s":0.97,"t":1},"geometry":{"type":"Point","coordinates":[77.036947,8.626233]}},{"type":"Feature","properties":{"s":1.31,"t":1},"geometry":{"type":"Point","coordinates":[77.037502,8.62638]}},{"type":"Feature","properties":{"s":0.95,"t":1},"geometry":{"type":"Point","coordinates":[77.037861,8.626297]}},{"type":"Feature","properties":{"s":0.97,"t":1},"geometry":{"type":"Point","coordinates":[77.038325,8.626432]}},{"type":"Feature","properties":{"s":0.91,"t":1},"geometry":{"type":"Point","coordinates":[77.038734,8.626148]}},{"type":"Feature","properties":{"s":1.07,"t":0},"geometry":{"type":"Point","coordinates":[77.039085,8.626284]}},{"type":"Feature","properties":{"s":1.16,"t":0},"geometry":{"type":"Point","coordinates":[77.039697,8.626427]}},{"type":"Feature","properties":{"s":1.09,"t":1},"geometry":{"type":"Point","coordinates":[77.039911,8.626412]}},{"type":"Feature","properties":{"s":0.86,"t":1},"geometry":{"type":"Point","coordinates":[77.040288,8.626333]}},{"type":"Feature","properties":{"s":1.07,"t":0},"geometry":{"type":"Point","coordinates":[77.040793,8.626149]}},{"type":"Feature","properties":{"s":0.93,"t":0},"geometry":{"type":"Point","coordinates":[77.041133,8.626351]}},{"type":"Feature","properties":{"s":0.91,"t":0},"geometry":{"type":"Point","coordinates":[77.041908,8.6264]}},{"type":"Feature","properties":{"s":1.05,"t":1},"geometry":{"type":"Point","coordinates":[77.043173,8.626417]}},{"type":"Feature","properties":{"s":0.88,"t":0},"geometry":{"type":"Point","coordinates":[77.023125,8.626706]}},{"type":"Feature","properties":{"s":1.12,"t":0},"geometry":{"type":"Point","coordinates":[77.023517,8.626554]}},{"type":"Feature","properties":{"s":1.13,"t":1},"geometry":{"type":"Point","coordinates":[77.024073,8.626591]}},{"type":"Feature","properties":{"s":0.78,"t":1},"geometry":{"type":"Point","coordinates":[77.02441,8.626814]}},{"type":"Feature","properties":{"s":1.23,"t":1},"geometry":{"type":"Point","coordinates":[77.026174,8.626677]}},{"type":"Feature","properties":{"s":0.87,"t":0},"geometry":{"type":"Point","coordinates":[77.027006,8.626843]}},{"type":"Feature","properties":{"s":1.01,"t":1},"geometry":{"type":"Point","coordinates":[77.029152,8.626685]}},{"type":"Feature","properties":{"s":0.89,"t":0},"geometry":{"type":"Point","coordinates":[77.029493,8.626662]}},{"type":"Feature","properties":{"s":1.1,"t":0},"geometry":{"type":"Point","coordinates":[77.029885,8.626602]}},{"type":"Feature","properties":{"s":1.2,"t":1},"geometry":{"type":"Point","coordinates":[77.032046,8.626725]}},{"type":"Feature","properties":{"s":0.82,"t":1},"geometry":{"type":"Point","coordinates":[77.03295,8.626579]}},{"type":"Feature","properties":{"s":0.84,"t":0},"geometry":{"type":"Point","coordinates":[77.034214,8.626737]}},{"type":"Feature","properties":{"s":0.92,"t":1},"geometry":{"type":"Point","coordinates":[77.034918,8.626572]}},{"type":"Feature","properties":{"s":1.23,"t":1},"geometry":{"type":"Point","coordinates":[77.035787,8.626775]}},{"type":"Feature","properties":{"s":1.09,"t":1},"geometry":{"type":"Point","coordinates":[77.037149,8.626653]}},{"type":"Feature","properties":{"s":1.2,"t":0},"geometry":{"type":"Point","coordinates":[77.037538,8.62667]}},{"type":"Feature","properties":{"s":1.31,"t":1},"geometry":{"type":"Point","coordinates":[77.038205,8.626623]}},{"type":"Feature","properties":{"s":0.97,"t":1},"geometry":{"type":"Point","coordinates":[77.038818,8.626883]}},{"type":"Feature","properties":{"s":0.95,"t":1},"geometry":{"type":"Point","coordinates":[77.039274,8.626723]}},{"type":"Feature","properties":{"s":1.15,"t":0},"geometry":{"type":"Point","coordinates":[77.039615,8.626645]}},{"type":"Feature","properties":{"s":1.27,"t":1},"geometry":{"type":"Point","coordinates":[77.03992,8.626762]}},{"type":"Feature","properties":{"s":1.08,"t":0},"geometry":{"type":"Point","coordinates":[77.040458,8.626564]}},{"type":"Feature","properties":{"s":0.76,"t":0},"geometry":{"type":"Point","coordinates":[77.041171,8.626758]}},{"type":"Feature","properties":{"s":1.14,"t":1},"geometry":{"type":"Point","coordinates":[77.041913,8.626599]}},{"type":"Feature","properties":{"s":1.17,"t":1},"geometry":{"type":"Point","coordinates":[77.042789,8.626649]}},{"type":"Feature","properties":{"s":1.24,"t":0},"geometry":{"type":"Point","coordinates":[77.023395,8.626961]}},{"type":"Feature","properties":{"s":1.33,"t":1},"geometry":{"type":"Point","coordinates":[77.023613,8.626955]}},{"type":"Feature","properties":{"s":1.16,"t":1},"geometry":{"type":"Point","coordinates":[77.027135,8.627139]}},{"type":"Feature","properties":{"s":0.97,"t":1},"geometry":{"type":"Point","coordinates":[77.028718,8.627218]}},{"type":"Feature","properties":{"s":1.3,"t":1},"geometry":{"type":"Point","coordinates":[77.029191,8.627291]}},{"type":"Feature","properties":{"s":0.72,"t":0},"geometry":{"type":"Point","coordinates":[77.029972,8.627255]}},{"type":"Feature","properties":{"s":1.0,"t":0},"geometry":{"type":"Point","coordinates":[77.031477,8.627266]}},{"type":"Feature","properties":{"s":1.25,"t":1},"geometry":{"type":"Point","coordinates":[77.032067,8.627206]}},{"type":"Feature","properties":{"s":1.09,"t":0},"geometry":{"type":"Point","coordinates":[77.033246,8.627255]}},{"type":"Feature","properties":{"s":1.33,"t":1},"geometry":{"type":"Point","coordinates":[77.033847,8.627298]}},{"type":"Feature","properties":{"s":0.81,"t":1},"geometry":{"type":"Point","coordinates":[77.035402,8.62722]}},{"type":"Feature","properties":{"s":0.88,"t":1},"geometry":{"type":"Point","coordinates":[77.036253,8.627223]}},{"type":"Feature","properties":{"s":0.81,"t":1},"geometry":{"type":"Point","coordinates":[77.037034,8.626991]}},{"type":"Feature","properties":{"s":0.91,"t":0},"geometry":{"type":"Point","coordinates":[77.037535,8.627083]}},{"type":"Feature","properties":{"s":0.73,"t":1},"geometry":{"type":"Point","coordinates":[77.038063,8.627121]}},{"type":"Feature","properties":{"s":1.23,"t":0},"geometry":{"type":"Point","coordinates":[77.038131,8.627285]}},{"type":"Feature","properties":{"s":0.94,"t":1},"geometry":{"type":"Point","coordinates":[77.038591,8.627144]}},{"type":"Feature","properties":{"s":0.72,"t":1},"geometry":{"type":"Point","coordinates":[77.03928,8.627068]}},{"type":"Feature","properties":{"s":1.29,"t":0},"geometry":{"type":"Point","coordinates":[77.040124,8.627303]}},{"type":"Feature","properties":{"s":1.11,"t":1},"geometry":{"type":"Point","coordinates":[77.040347,8.627188]}},{"type":"Feature","properties":{"s":1.08,"t":1},"geometry":{"type":"Point","coordinates":[77.041755,8.627304]}},{"type":"Feature","properties":{"s":1.08,"t":1},"geometry":{"type":"Point","coordinates":[77.043029,8.627299]}},{"type":"Feature","properties":{"s":0.79,"t":0},"geometry":{"type":"Point","coordinates":[77.043166,8.627119]}},{"type":"Feature","properties":{"s":0.75,"t":0},"geometry":{"type":"Point","coordinates":[77.025867,8.627717]}},{"type":"Feature","properties":{"s":1.32,"t":0},"geometry":{"type":"Point","coordinates":[77.026727,8.6276]}},{"type":"Feature","properties":{"s":0.73,"t":1},"geometry":{"type":"Point","coordinates":[77.027836,8.627574]}},{"type":"Feature","properties":{"s":1.14,"t":0},"geometry":{"type":"Point","coordinates":[77.028324,8.627596]}},{"type":"Feature","properties":{"s":1.14,"t":1},"geometry":{"type":"Point","coordinates":[77.028582,8.627563]}},{"type":"Feature","properties":{"s":0.92,"t":0},"geometry":{"type":"Point","coordinates":[77.030694,8.627602]}},{"type":"Feature","properties":{"s":1.07,"t":0},"geometry":{"type":"Point","coordinates":[77.031486,8.627481]}},{"type":"Feature","properties":{"s":1.33,"t":1},"geometry":{"type":"Point","coordinates":[77.033656,8.627458]}},{"type":"Feature","properties":{"s":1.15,"t":1},"geometry":{"type":"Point","coordinates":[77.036043,8.62769]}},{"type":"Feature","properties":{"s":0.74,"t":1},"geometry":{"type":"Point","coordinates":[77.03654,8.627534]}},{"type":"Feature","properties":{"s":1.32,"t":1},"geometry":{"type":"Point","coordinates":[77.037989,8.627623]}},{"type":"Feature","properties":{"s":1.01,"t":0},"geometry":{"type":"Point","coordinates":[77.038899,8.627722]}},{"type":"Feature","properties":{"s":0.92,"t":0},"geometry":{"type":"Point","coordinates":[77.038971,8.627458]}},{"type":"Feature","properties":{"s":1.23,"t":0},"geometry":{"type":"Point","coordinates":[77.039728,8.627699]}},{"type":"Feature","properties":{"s":0.77,"t":0},"geometry":{"type":"Point","coordinates":[77.040102,8.627501]}},{"type":"Feature","properties":{"s":1.0,"t":0},"geometry":{"type":"Point","coordinates":[77.040458,8.627663]}},{"type":"Feature","properties":{"s":1.07,"t":1},"geometry":{"type":"Point","coordinates":[77.041141,8.627688]}},{"type":"Feature","properties":{"s":0.87,"t":0},"geometry":{"type":"Point","coordinates":[77.04152,8.62752]}},{"type":"Feature","properties":{"s":0.81,"t":0},"geometry":{"type":"Point","coordinates":[77.042495,8.627714]}},{"type":"Feature","properties":{"s":0.95,"t":1},"geometry":{"type":"Point","coordinates":[77.042862,8.627677]}},{"type":"Feature","properties":{"s":1.24,"t":0},"geometry":{"type":"Point","coordinates":[77.043209,8.627695]}},{"type":"Feature","properties":{"s":1.01,"t":0},"geometry":{"type":"Point","coordinates":[77.024128,8.628137]}},{"type":"Feature","properties":{"s":0.81,"t":1},"geometry":{"type":"Point","coordinates":[77.026577,8.627924]}},{"type":"Feature","properties":{"s":1.13,"t":0},"geometry":{"type":"Point","coordinates":[77.027295,8.627864]}},{"type":"Feature","properties":{"s":1.28,"t":1},"geometry":{"type":"Point","coordinates":[77.028968,8.628068]}},{"type":"Feature","properties":{"s":0.76,"t":0},"geometry":{"type":"Point","coordinates":[77.029634,8.628109]}},{"type":"Feature","properties":{"s":0.86,"t":1},"geometry":{"type":"Point","coordinates":[77.030701,8.627945]}},{"type":"Feature","properties":{"s":0.82,"t":0},"geometry":{"type":"Point","coordinates":[77.032084,8.62795]}},{"type":"Feature","properties":{"s":0.77,"t":0},"geometry":{"type":"Point","coordinates":[77.032612,8.628047]}},{"type":"Feature","properties":{"s":0.92,"t":1},"geometry":{"type":"Point","coordinates":[77.032737,8.627933]}},{"type":"Feature","properties":{"s":1.0,"t":0},"geometry":{"type":"Point","coordinates":[77.033295,8.628135]}},{"type":"Feature","properties":{"s":1.33,"t":1},"geometry":{"type":"Point","coordinates":[77.03572,8.628006]}},{"type":"Feature","properties":{"s":1.21,"t":1},"geometry":{"type":"Point","coordinates":[77.036203,8.628009]}},{"type":"Feature","properties":{"s":0.86,"t":1},"geometry":{"type":"Point","coordinates":[77.036481,8.628069]}},{"type":"Feature","properties":{"s":1.32,"t":1},"geometry":{"type":"Point","coordinates":[77.038055,8.628082]}},{"type":"Feature","properties":{"s":1.32,"t":0},"geometry":{"type":"Point","coordinates":[77.038409,8.627972]}},{"type":"Feature","properties":{"s":1.06,"t":1},"geometry":{"type":"Point","coordinates":[77.039167,8.627908]}},{"type":"Feature","properties":{"s":1.24,"t":0},"geometry":{"type":"Point","coordinates":[77.039463,8.627876]}},{"type":"Feature","properties":{"s":1.05,"t":0},"geometry":{"type":"Point","coordinates":[77.040105,8.628018]}},{"type":"Feature","properties":{"s":1.08,"t":1},"geometry":{"type":"Point","coordinates":[77.040459,8.627957]}},{"type":"Feature","properties":{"s":1.32,"t":1},"geometry":{"type":"Point","coordinates":[77.04095,8.6279]}},{"type":"Feature","properties":{"s":1.2,"t":0},"geometry":{"type":"Point","coordinates":[77.041242,8.62793]}},{"type":"Feature","properties":{"s":0.76,"t":0},"geometry":{"type":"Point","coordinates":[77.042239,8.627809]}},{"type":"Feature","properties":{"s":1.28,"t":0},"geometry":{"type":"Point","coordinates":[77.042602,8.627948]}},{"type":"Feature","properties":{"s":0.93,"t":0},"geometry":{"type":"Point","coordinates":[77.042984,8.628012]}},{"type":"Feature","properties":{"s":1.05,"t":1},"geometry":{"type":"Point","coordinates":[77.043753,8.627868]}},{"type":"Feature","properties":{"s":0.89,"t":1},"geometry":{"type":"Point","coordinates":[77.04413,8.627989]}},{"type":"Feature","properties":{"s":1.06,"t":1},"geometry":{"type":"Point","coordinates":[77.044672,8.628114]}},{"type":"Feature","properties":{"s":1.1,"t":1},"geometry":{"type":"Point","coordinates":[77.045657,8.628102]}},{"type":"Feature","properties":{"s":1.17,"t":0},"geometry":{"type":"Point","coordinates":[77.024061,8.628302]}},{"type":"Feature","properties":{"s":1.16,"t":1},"geometry":{"type":"Point","coordinates":[77.025335,8.628551]}},{"type":"Feature","properties":{"s":1.16,"t":0},"geometry":{"type":"Point","coordinates":[77.025832,8.628482]}},{"type":"Feature","properties":{"s":1.02,"t":1},"geometry":{"type":"Point","coordinates":[77.0274,8.628257]}},{"type":"Feature","properties":{"s":0.97,"t":1},"geometry":{"type":"Point","coordinates":[77.028027,8.628388]}},{"type":"Feature","properties":{"s":0.74,"t":0},"geometry":{"type":"Point","coordinates":[77.028134,8.628425]}},{"type":"Feature","properties":{"s":0.83,"t":0},"geometry":{"type":"Point","coordinates":[77.02913,8.628365]}},{"type":"Feature","properties":{"s":0.87,"t":1},"geometry":{"type":"Point","coordinates":[77.029442,8.62838]}},{"type":"Feature","properties":{"s":0.75,"t":1},"geometry":{"type":"Point","coordinates":[77.029894,8.628516]}},{"type":"Feature","properties":{"s":1.14,"t":1},"geometry":{"type":"Point","coordinates":[77.030412,8.62852]}},{"type":"Feature","properties":{"s":0.89,"t":1},"geometry":{"type":"Point","coordinates":[77.036334,8.628358]}},{"type":"Feature","properties":{"s":1.33,"t":1},"geometry":{"type":"Point","coordinates":[77.037613,8.628323]}},{"type":"Feature","properties":{"s":0.87,"t":1},"geometry":{"type":"Point","coordinates":[77.037819,8.628498]}},{"type":"Feature","properties":{"s":0.79,"t":1},"geometry":{"type":"Point","coordinates":[77.038438,8.628379]}},{"type":"Feature","properties":{"s":0.93,"t":0},"geometry":{"type":"Point","coordinates":[77.038847,8.62822]}},{"type":"Feature","properties":{"s":0.99,"t":1},"geometry":{"type":"Point","coordinates":[77.039579,8.628212]}},{"type":"Feature","properties":{"s":0.86,"t":1},"geometry":{"type":"Point","coordinates":[77.039895,8.628249]}},{"type":"Feature","properties":{"s":0.91,"t":1},"geometry":{"type":"Point","coordinates":[77.040541,8.628537]}},{"type":"Feature","properties":{"s":1.2,"t":0},"geometry":{"type":"Point","coordinates":[77.042355,8.628468]}},{"type":"Feature","properties":{"s":1.09,"t":0},"geometry":{"type":"Point","coordinates":[77.043265,8.628394]}},{"type":"Feature","properties":{"s":0.83,"t":1},"geometry":{"type":"Point","coordinates":[77.043585,8.628486]}},{"type":"Feature","properties":{"s":0.88,"t":1},"geometry":{"type":"Point","coordinates":[77.044327,8.628556]}},{"type":"Feature","properties":{"s":1.26,"t":1},"geometry":{"type":"Point","coordinates":[77.04451,8.628429]}},{"type":"Feature","properties":{"s":1.07,"t":1},"geometry":{"type":"Point","coordinates":[77.045148,8.628509]}},{"type":"Feature","properties":{"s":1.01,"t":1},"geometry":{"type":"Point","coordinates":[77.045438,8.628392]}},{"type":"Feature","properties":{"s":0.8,"t":1},"geometry":{"type":"Point","coordinates":[77.045898,8.628447]}},{"type":"Feature","properties":{"s":1.25,"t":1},"geometry":{"type":"Point","coordinates":[77.024351,8.628869]}},{"type":"Feature","properties":{"s":1.21,"t":0},"geometry":{"type":"Point","coordinates":[77.025036,8.62863]}},{"type":"Feature","properties":{"s":1.32,"t":0},"geometry":{"type":"Point","coordinates":[77.026617,8.628863]}},{"type":"Feature","properties":{"s":1.25,"t":1},"geometry":{"type":"Point","coordinates":[77.027584,8.628804]}},{"type":"Feature","properties":{"s":1.09,"t":1},"geometry":{"type":"Point","coordinates":[77.027692,8.628895]}},{"type":"Feature","properties":{"s":1.33,"t":1},"geometry":{"type":"Point","coordinates":[77.028957,8.628834]}},{"type":"Feature","properties":{"s":1.14,"t":1},"geometry":{"type":"Point","coordinates":[77.02949,8.628919]}},{"type":"Feature","properties":{"s":1.07,"t":1},"geometry":{"type":"Point","coordinates":[77.030006,8.628631]}},{"type":"Feature","properties":{"s":0.87,"t":0},"geometry":{"type":"Point","coordinates":[77.03039,8.628808]}},{"type":"Feature","properties":{"s":0.8,"t":1},"geometry":{"type":"Point","coordinates":[77.030837,8.628914]}},{"type":"Feature","properties":{"s":1.2,"t":0},"geometry":{"type":"Point","coordinates":[77.031107,8.628756]}},{"type":"Feature","properties":{"s":0.78,"t":1},"geometry":{"type":"Point","coordinates":[77.036062,8.628849]}},{"type":"Feature","properties":{"s":0.83,"t":0},"geometry":{"type":"Point","coordinates":[77.037495,8.628721]}},{"type":"Feature","properties":{"s":0.82,"t":0},"geometry":{"type":"Point","coordinates":[77.037844,8.628821]}},{"type":"Feature","properties":{"s":1.3,"t":0},"geometry":{"type":"Point","coordinates":[77.038441,8.62887]}},{"type":"Feature","properties":{"s":0.96,"t":0},"geometry":{"type":"Point","coordinates":[77.038742,8.628954]}},{"type":"Feature","properties":{"s":1.09,"t":0},"geometry":{"type":"Point","coordinates":[77.039133,8.628764]}},{"type":"Feature","properties":{"s":1.31,"t":0},"geometry":{"type":"Point","coordinates":[77.039435,8.628785]}},{"type":"Feature","properties":{"s":1.25,"t":1},"geometry":{"type":"Point","coordinates":[77.039807,8.628686]}},{"type":"Feature","properties":{"s":1.0,"t":0},"geometry":{"type":"Point","coordinates":[77.040254,8.628704]}},{"type":"Feature","properties":{"s":0.89,"t":0},"geometry":{"type":"Point","coordinates":[77.041391,8.628822]}},{"type":"Feature","properties":{"s":1.25,"t":1},"geometry":{"type":"Point","coordinates":[77.041646,8.628781]}},{"type":"Feature","properties":{"s":0.91,"t":0},"geometry":{"type":"Point","coordinates":[77.042135,8.628832]}},{"type":"Feature","properties":{"s":0.98,"t":1},"geometry":{"type":"Point","coordinates":[77.045147,8.628651]}},{"type":"Feature","properties":{"s":0.82,"t":1},"geometry":{"type":"Point","coordinates":[77.045235,8.628809]}},{"type":"Feature","properties":{"s":0.9,"t":1},"geometry":{"type":"Point","coordinates":[77.045781,8.628706]}},{"type":"Feature","properties":{"s":0.93,"t":0},"geometry":{"type":"Point","coordinates":[77.024131,8.629235]}},{"type":"Feature","properties":{"s":0.74,"t":0},"geometry":{"type":"Point","coordinates":[77.024555,8.629373]}},{"type":"Feature","properties":{"s":0.79,"t":1},"geometry":{"type":"Point","coordinates":[77.024935,8.629314]}},{"type":"Feature","properties":{"s":0.97,"t":1},"geometry":{"type":"Point","coordinates":[77.025822,8.629161]}},{"type":"Feature","properties":{"s":0.93,"t":1},"geometry":{"type":"Point","coordinates":[77.028267,8.629084]}},{"type":"Feature","properties":{"s":0.95,"t":0},"geometry":{"type":"Point","coordinates":[77.028851,8.629345]}},{"type":"Feature","properties":{"s":1.09,"t":1},"geometry":{"type":"Point","coordinates":[77.029282,8.629172]}},{"type":"Feature","properties":{"s":0.89,"t":0},"geometry":{"type":"Point","coordinates":[77.029835,8.629103]}},{"type":"Feature","properties":{"s":1.21,"t":1},"geometry":{"type":"Point","coordinates":[77.030639,8.629384]}},{"type":"Feature","properties":{"s":1.2,"t":1},"geometry":{"type":"Point","coordinates":[77.031516,8.629124]}},{"type":"Feature","properties":{"s":0.77,"t":0},"geometry":{"type":"Point","coordinates":[77.035964,8.629201]}},{"type":"Feature","properties":{"s":0.77,"t":0},"geometry":{"type":"Point","coordinates":[77.036121,8.629226]}},{"type":"Feature","properties":{"s":0.76,"t":0},"geometry":{"type":"Point","coordinates":[77.036677,8.629251]}},{"type":"Feature","properties":{"s":0.98,"t":0},"geometry":{"type":"Point","coordinates":[77.037128,8.629309]}},{"type":"Feature","properties":{"s":0.75,"t":0},"geometry":{"type":"Point","coordinates":[77.03747,8.629254]}},{"type":"Feature","properties":{"s":0.98,"t":1},"geometry":{"type":"Point","coordinates":[77.037716,8.629132]}},{"type":"Feature","properties":{"s":1.01,"t":0},"geometry":{"type":"Point","coordinates":[77.038456,8.629317]}},{"type":"Feature","properties":{"s":0.98,"t":0},"geometry":{"type":"Point","coordinates":[77.038809,8.62927]}},{"type":"Feature","properties":{"s":0.9,"t":0},"geometry":{"type":"Point","coordinates":[77.03927,8.629371]}},{"type":"Feature","properties":{"s":1.13,"t":1},"geometry":{"type":"Point","coordinates":[77.040484,8.629141]}},{"type":"Feature","properties":{"s":0.74,"t":0},"geometry":{"type":"Point","coordinates":[77.041186,8.629149]}},{"type":"Feature","properties":{"s":1.2,"t":0},"geometry":{"type":"Point","coordinates":[77.041572,8.629139]}},{"type":"Feature","properties":{"s":1.31,"t":1},"geometry":{"type":"Point","coordinates":[77.041992,8.629306]}},{"type":"Feature","properties":{"s":1.11,"t":1},"geometry":{"type":"Point","coordinates":[77.042931,8.629344]}},{"type":"Feature","properties":{"s":1.1,"t":0},"geometry":{"type":"Point","coordinates":[77.043493,8.629337]}},{"type":"Feature","properties":{"s":1.14,"t":0},"geometry":{"type":"Point","coordinates":[77.044914,8.629193]}},{"type":"Feature","properties":{"s":0.85,"t":0},"geometry":{"type":"Point","coordinates":[77.045569,8.629288]}},{"type":"Feature","properties":{"s":1.3,"t":1},"geometry":{"type":"Point","coordinates":[77.024402,8.629552]}},{"type":"Feature","properties":{"s":1.01,"t":1},"geometry":{"type":"Point","coordinates":[77.025497,8.629696]}},{"type":"Feature","properties":{"s":0.9,"t":1},"geometry":{"type":"Point","coordinates":[77.027156,8.629697]}},{"type":"Feature","properties":{"s":0.93,"t":0},"geometry":{"type":"Point","coordinates":[77.028351,8.629515]}},{"type":"Feature","properties":{"s":1.19,"t":1},"geometry":{"type":"Point","coordinates":[77.029218,8.62978]}},{"type":"Feature","properties":{"s":1.05,"t":0},"geometry":{"type":"Point","coordinates":[77.029917,8.629583]}},{"type":"Feature","properties":{"s":1.2,"t":1},"geometry":{"type":"Point","coordinates":[77.030419,8.629632]}},{"type":"Feature","properties":{"s":1.12,"t":0},"geometry":{"type":"Point","coordinates":[77.03085,8.629454]}},{"type":"Feature","properties":{"s":1.29,"t":1},"geometry":{"type":"Point","coordinates":[77.031123,8.62957]}},{"type":"Feature","properties":{"s":0.76,"t":1},"geometry":{"type":"Point","coordinates":[77.032837,8.629521]}},{"type":"Feature","properties":{"s":1.24,"t":0},"geometry":{"type":"Point","coordinates":[77.035963,8.629606]}},{"type":"Feature","properties":{"s":1.14,"t":0},"geometry":{"type":"Point","coordinates":[77.036464,8.629765]}},{"type":"Feature","properties":{"s":0.81,"t":1},"geometry":{"type":"Point","coordinates":[77.037338,8.629696]}},{"type":"Feature","properties":{"s":1.28,"t":1},"geometry":{"type":"Point","coordinates":[77.037993,8.629535]}},{"type":"Feature","properties":{"s":0.82,"t":0},"geometry":{"type":"Point","coordinates":[77.038427,8.629662]}},{"type":"Feature","properties":{"s":1.07,"t":1},"geometry":{"type":"Point","coordinates":[77.038698,8.629479]}},{"type":"Feature","properties":{"s":1.09,"t":1},"geometry":{"type":"Point","coordinates":[77.039501,8.62972]}},{"type":"Feature","properties":{"s":1.3,"t":1},"geometry":{"type":"Point","coordinates":[77.040763,8.629483]}},{"type":"Feature","properties":{"s":0.75,"t":1},"geometry":{"type":"Point","coordinates":[77.041263,8.629727]}},{"type":"Feature","properties":{"s":1.31,"t":1},"geometry":{"type":"Point","coordinates":[77.041724,8.629667]}},{"type":"Feature","properties":{"s":1.1,"t":0},"geometry":{"type":"Point","coordinates":[77.042223,8.629558]}},{"type":"Feature","properties":{"s":1.07,"t":0},"geometry":{"type":"Point","coordinates":[77.042747,8.629671]}},{"type":"Feature","properties":{"s":1.26,"t":1},"geometry":{"type":"Point","coordinates":[77.043292,8.629803]}},{"type":"Feature","properties":{"s":1.06,"t":0},"geometry":{"type":"Point","coordinates":[77.04498,8.62974]}},{"type":"Feature","properties":{"s":1.3,"t":1},"geometry":{"type":"Point","coordinates":[77.045753,8.629456]}},{"type":"Feature","properties":{"s":0.95,"t":0},"geometry":{"type":"Point","coordinates":[77.024263,8.630173]}},{"type":"Feature","properties":{"s":1.01,"t":0},"geometry":{"type":"Point","coordinates":[77.025087,8.63014]}},{"type":"Feature","properties":{"s":0.82,"t":1},"geometry":{"type":"Point","coordinates":[77.025511,8.630127]}},{"type":"Feature","properties":{"s":1.19,"t":0},"geometry":{"type":"Point","coordinates":[77.02563,8.630022]}},{"type":"Feature","properties":{"s":1.03,"t":0},"geometry":{"type":"Point","coordinates":[77.026088,8.630196]}},{"type":"Feature","properties":{"s":0.81,"t":1},"geometry":{"type":"Point","coordinates":[77.02776,8.63006]}},{"type":"Feature","properties":{"s":0.92,"t":1},"geometry":{"type":"Point","coordinates":[77.028417,8.629998]}},{"type":"Feature","properties":{"s":0.84,"t":1},"geometry":{"type":"Point","coordinates":[77.029093,8.629959]}},{"type":"Feature","properties":{"s":0.76,"t":1},"geometry":{"type":"Point","coordinates":[77.029447,8.630099]}},{"type":"Feature","properties":{"s":1.19,"t":1},"geometry":{"type":"Point","coordinates":[77.029985,8.630041]}},{"type":"Feature","properties":{"s":0.91,"t":1},"geometry":{"type":"Point","coordinates":[77.030403,8.62995]}},{"type":"Feature","properties":{"s":0.92,"t":0},"geometry":{"type":"Point","coordinates":[77.030881,8.630117]}},{"type":"Feature","properties":{"s":1.25,"t":0},"geometry":{"type":"Point","coordinates":[77.031232,8.629968]}},{"type":"Feature","properties":{"s":0.94,"t":1},"geometry":{"type":"Point","coordinates":[77.034382,8.630207]}},{"type":"Feature","properties":{"s":1.15,"t":1},"geometry":{"type":"Point","coordinates":[77.039672,8.630085]}},{"type":"Feature","properties":{"s":1.03,"t":1},"geometry":{"type":"Point","coordinates":[77.040909,8.63017]}},{"type":"Feature","properties":{"s":1.13,"t":0},"geometry":{"type":"Point","coordinates":[77.041357,8.630134]}},{"type":"Feature","properties":{"s":0.83,"t":0},"geometry":{"type":"Point","coordinates":[77.041774,8.630174]}},{"type":"Feature","properties":{"s":0.83,"t":1},"geometry":{"type":"Point","coordinates":[77.042106,8.630035]}},{"type":"Feature","properties":{"s":1.21,"t":0},"geometry":{"type":"Point","coordinates":[77.043167,8.629959]}},{"type":"Feature","properties":{"s":0.94,"t":1},"geometry":{"type":"Point","coordinates":[77.044273,8.630036]}},{"type":"Feature","properties":{"s":0.73,"t":1},"geometry":{"type":"Point","coordinates":[77.044518,8.629868]}},{"type":"Feature","properties":{"s":0.9,"t":1},"geometry":{"type":"Point","coordinates":[77.045732,8.629937]}},{"type":"Feature","properties":{"s":0.77,"t":0},"geometry":{"type":"Point","coordinates":[77.046103,8.630137]}},{"type":"Feature","properties":{"s":1.01,"t":0},"geometry":{"type":"Point","coordinates":[77.024081,8.630418]}},{"type":"Feature","properties":{"s":0.87,"t":1},"geometry":{"type":"Point","coordinates":[77.024958,8.630323]}},{"type":"Feature","properties":{"s":1.29,"t":0},"geometry":{"type":"Point","coordinates":[77.026186,8.630306]}},{"type":"Feature","properties":{"s":1.34,"t":1},"geometry":{"type":"Point","coordinates":[77.026703,8.630365]}},{"type":"Feature","properties":{"s":1.32,"t":0},"geometry":{"type":"Point","coordinates":[77.028239,8.630428]}},{"type":"Feature","properties":{"s":1.06,"t":1},"geometry":{"type":"Point","coordinates":[77.029161,8.630495]}},{"type":"Feature","properties":{"s":1.27,"t":1},"geometry":{"type":"Point","coordinates":[77.030068,8.630311]}},{"type":"Feature","properties":{"s":0.97,"t":0},"geometry":{"type":"Point","coordinates":[77.03034,8.630409]}},{"type":"Feature","properties":{"s":1.29,"t":1},"geometry":{"type":"Point","coordinates":[77.030947,8.630405]}},{"type":"Feature","properties":{"s":1.16,"t":0},"geometry":{"type":"Point","coordinates":[77.031056,8.630342]}},{"type":"Feature","properties":{"s":0.96,"t":0},"geometry":{"type":"Point","coordinates":[77.034284,8.630391]}},{"type":"Feature","properties":{"s":1.08,"t":0},"geometry":{"type":"Point","coordinates":[77.038836,8.630534]}},{"type":"Feature","properties":{"s":0.88,"t":1},"geometry":{"type":"Point","coordinates":[77.039425,8.63038]}},{"type":"Feature","properties":{"s":0.81,"t":0},"geometry":{"type":"Point","coordinates":[77.040879,8.630325]}},{"type":"Feature","properties":{"s":0.82,"t":0},"geometry":{"type":"Point","coordinates":[77.041114,8.630566]}},{"type":"Feature","properties":{"s":0.92,"t":1},"geometry":{"type":"Point","coordinates":[77.041798,8.630568]}},{"type":"Feature","properties":{"s":1.15,"t":1},"geometry":{"type":"Point","coordinates":[77.042002,8.630627]}},{"type":"Feature","properties":{"s":1.04,"t":1},"geometry":{"type":"Point","coordinates":[77.043328,8.630489]}},{"type":"Feature","properties":{"s":0.88,"t":0},"geometry":{"type":"Point","coordinates":[77.043753,8.630422]}},{"type":"Feature","properties":{"s":1.04,"t":0},"geometry":{"type":"Point","coordinates":[77.044227,8.63036]}},{"type":"Feature","properties":{"s":0.94,"t":1},"geometry":{"type":"Point","coordinates":[77.044456,8.63038]}},{"type":"Feature","properties":{"s":0.76,"t":1},"geometry":{"type":"Point","coordinates":[77.044964,8.630445]}},{"type":"Feature","properties":{"s":0.93,"t":1},"geometry":{"type":"Point","coordinates":[77.045974,8.630577]}},{"type":"Feature","properties":{"s":1.24,"t":1},"geometry":{"type":"Point","coordinates":[77.024103,8.630784]}},{"type":"Feature","properties":{"s":1.31,"t":1},"geometry":{"type":"Point","coordinates":[77.024457,8.630772]}},{"type":"Feature","properties":{"s":1.32,"t":0},"geometry":{"type":"Point","coordinates":[77.026052,8.630801]}},{"type":"Feature","properties":{"s":1.29,"t":0},"geometry":{"type":"Point","coordinates":[77.026475,8.630957]}},{"type":"Feature","properties":{"s":1.22,"t":0},"geometry":{"type":"Point","coordinates":[77.026866,8.630983]}},{"type":"Feature","properties":{"s":1.26,"t":1},"geometry":{"type":"Point","coordinates":[77.029471,8.630975]}},{"type":"Feature","properties":{"s":0.8,"t":1},"geometry":{"type":"Point","coordinates":[77.030819,8.630959]}},{"type":"Feature","properties":{"s":1.09,"t":0},"geometry":{"type":"Point","coordinates":[77.032146,8.631015]}},{"type":"Feature","properties":{"s":0.73,"t":1},"geometry":{"type":"Point","coordinates":[77.03413,8.631035]}},{"type":"Feature","properties":{"s":1.17,"t":0},"geometry":{"type":"Point","coordinates":[77.035858,8.631044]}},{"type":"Feature","properties":{"s":1.11,"t":1},"geometry":{"type":"Point","coordinates":[77.037057,8.630812]}},{"type":"Feature","properties":{"s":0.81,"t":1},"geometry":{"type":"Point","coordinates":[77.040867,8.630787]}},{"type":"Feature","properties":{"s":1.04,"t":0},"geometry":{"type":"Point","coordinates":[77.041092,8.630745]}},{"type":"Feature","properties":{"s":0.79,"t":0},"geometry":{"type":"Point","coordinates":[77.041532,8.630759]}},{"type":"Feature","properties":{"s":0.88,"t":0},"geometry":{"type":"Point","coordinates":[77.04217,8.630947]}},{"type":"Feature","properties":{"s":0.91,"t":1},"geometry":{"type":"Point","coordinates":[77.04406,8.630884]}},{"type":"Feature","properties":{"s":1.14,"t":1},"geometry":{"type":"Point","coordinates":[77.045136,8.630869]}},{"type":"Feature","properties":{"s":0.96,"t":0},"geometry":{"type":"Point","coordinates":[77.045585,8.630915]}},{"type":"Feature","properties":{"s":1.06,"t":0},"geometry":{"type":"Point","coordinates":[77.045849,8.630756]}},{"type":"Feature","properties":{"s":1.28,"t":1},"geometry":{"type":"Point","coordinates":[77.046134,8.631026]}},{"type":"Feature","properties":{"s":0.85,"t":0},"geometry":{"type":"Point","coordinates":[77.046742,8.630767]}},{"type":"Feature","properties":{"s":1.25,"t":0},"geometry":{"type":"Point","coordinates":[77.023413,8.631449]}},{"type":"Feature","properties":{"s":0.96,"t":0},"geometry":{"type":"Point","coordinates":[77.024013,8.631284]}},{"type":"Feature","properties":{"s":1.22,"t":0},"geometry":{"type":"Point","coordinates":[77.024621,8.631413]}},{"type":"Feature","properties":{"s":1.09,"t":0},"geometry":{"type":"Point","coordinates":[77.024779,8.631329]}},{"type":"Feature","properties":{"s":1.13,"t":0},"geometry":{"type":"Point","coordinates":[77.025438,8.631259]}},{"type":"Feature","properties":{"s":1.1,"t":0},"geometry":{"type":"Point","coordinates":[77.025751,8.631404]}},{"type":"Feature","properties":{"s":0.99,"t":1},"geometry":{"type":"Point","coordinates":[77.027015,8.631399]}},{"type":"Feature","properties":{"s":0.93,"t":0},"geometry":{"type":"Point","coordinates":[77.027464,8.631296]}},{"type":"Feature","properties":{"s":0.94,"t":1},"geometry":{"type":"Point","coordinates":[77.028208,8.631188]}},{"type":"Feature","properties":{"s":1.32,"t":1},"geometry":{"type":"Point","coordinates":[77.028544,8.631223]}},{"type":"Feature","properties":{"s":0.74,"t":0},"geometry":{"type":"Point","coordinates":[77.029441,8.631118]}},{"type":"Feature","properties":{"s":1.03,"t":0},"geometry":{"type":"Point","coordinates":[77.030048,8.631408]}},{"type":"Feature","properties":{"s":0.73,"t":1},"geometry":{"type":"Point","coordinates":[77.032004,8.631202]}},{"type":"Feature","properties":{"s":1.06,"t":0},"geometry":{"type":"Point","coordinates":[77.032527,8.631129]}},{"type":"Feature","properties":{"s":0.75,"t":0},"geometry":{"type":"Point","coordinates":[77.03313,8.631376]}},{"type":"Feature","properties":{"s":1.25,"t":1},"geometry":{"type":"Point","coordinates":[77.033717,8.63122]}},{"type":"Feature","properties":{"s":1.32,"t":0},"geometry":{"type":"Point","coordinates":[77.03398,8.631152]}},{"type":"Feature","properties":{"s":1.21,"t":0},"geometry":{"type":"Point","coordinates":[77.034599,8.631405]}},{"type":"Feature","properties":{"s":1.22,"t":0},"geometry":{"type":"Point","coordinates":[77.034841,8.631256]}},{"type":"Feature","properties":{"s":0.88,"t":0},"geometry":{"type":"Point","coordinates":[77.035527,8.631416]}},{"type":"Feature","properties":{"s":1.31,"t":0},"geometry":{"type":"Point","coordinates":[77.035827,8.631403]}},{"type":"Feature","properties":{"s":1.24,"t":0},"geometry":{"type":"Point","coordinates":[77.036148,8.631259]}},{"type":"Feature","properties":{"s":0.86,"t":1},"geometry":{"type":"Point","coordinates":[77.036613,8.631412]}},{"type":"Feature","properties":{"s":0.98,"t":0},"geometry":{"type":"Point","coordinates":[77.039996,8.631335]}},{"type":"Feature","properties":{"s":1.11,"t":1},"geometry":{"type":"Point","coordinates":[77.040234,8.631163]}},{"type":"Feature","properties":{"s":0.83,"t":1},"geometry":{"type":"Point","coordinates":[77.041344,8.631223]}},{"type":"Feature","properties":{"s":1.28,"t":0},"geometry":{"type":"Point","coordinates":[77.041819,8.631177]}},{"type":"Feature","properties":{"s":1.31,"t":0},"geometry":{"type":"Point","coordinates":[77.042529,8.631162]}},{"type":"Feature","properties":{"s":1.16,"t":0},"geometry":{"type":"Point","coordinates":[77.044221,8.631236]}},{"type":"Feature","properties":{"s":1.31,"t":0},"geometry":{"type":"Point","coordinates":[77.044557,8.631178]}},{"type":"Feature","properties":{"s":1.18,"t":1},"geometry":{"type":"Point","coordinates":[77.045875,8.631251]}},{"type":"Feature","properties":{"s":1.14,"t":0},"geometry":{"type":"Point","coordinates":[77.046281,8.631402]}},{"type":"Feature","properties":{"s":1.31,"t":1},"geometry":{"type":"Point","coordinates":[77.04672,8.631193]}},{"type":"Feature","properties":{"s":0.84,"t":1},"geometry":{"type":"Point","coordinates":[77.046912,8.63116]}},{"type":"Feature","properties":{"s":0.8,"t":0},"geometry":{"type":"Point","coordinates":[77.022995,8.631783]}},{"type":"Feature","properties":{"s":0.75,"t":1},"geometry":{"type":"Point","coordinates":[77.02328,8.631855]}},{"type":"Feature","properties":{"s":1.28,"t":0},"geometry":{"type":"Point","coordinates":[77.023518,8.631705]}},{"type":"Feature","properties":{"s":0.98,"t":1},"geometry":{"type":"Point","coordinates":[77.02414,8.63186]}},{"type":"Feature","properties":{"s":0.98,"t":0},"geometry":{"type":"Point","coordinates":[77.024512,8.631561]}},{"type":"Feature","properties":{"s":1.24,"t":0},"geometry":{"type":"Point","coordinates":[77.026066,8.63156]}},{"type":"Feature","properties":{"s":1.17,"t":1},"geometry":{"type":"Point","coordinates":[77.026453,8.631545]}},{"type":"Feature","properties":{"s":1.14,"t":1},"geometry":{"type":"Point","coordinates":[77.026867,8.631558]}},{"type":"Feature","properties":{"s":0.82,"t":1},"geometry":{"type":"Point","coordinates":[77.030269,8.631767]}},{"type":"Feature","properties":{"s":1.0,"t":1},"geometry":{"type":"Point","coordinates":[77.030643,8.631576]}},{"type":"Feature","properties":{"s":1.23,"t":0},"geometry":{"type":"Point","coordinates":[77.032871,8.631641]}},{"type":"Feature","properties":{"s":1.0,"t":0},"geometry":{"type":"Point","coordinates":[77.033163,8.631605]}},{"type":"Feature","properties":{"s":1.28,"t":1},"geometry":{"type":"Point","coordinates":[77.03382,8.631683]}},{"type":"Feature","properties":{"s":0.85,"t":0},"geometry":{"type":"Point","coordinates":[77.034175,8.631625]}},{"type":"Feature","properties":{"s":0.74,"t":1},"geometry":{"type":"Point","coordinates":[77.035886,8.631779]}},{"type":"Feature","properties":{"s":1.13,"t":0},"geometry":{"type":"Point","coordinates":[77.036719,8.631688]}},{"type":"Feature","properties":{"s":1.12,"t":1},"geometry":{"type":"Point","coordinates":[77.037041,8.631741]}},{"type":"Feature","properties":{"s":1.18,"t":0},"geometry":{"type":"Point","coordinates":[77.03747,8.631692]}},{"type":"Feature","properties":{"s":0.95,"t":1},"geometry":{"type":"Point","coordinates":[77.038798,8.631736]}},{"type":"Feature","properties":{"s":1.33,"t":1},"geometry":{"type":"Point","coordinates":[77.039278,8.631643]}},{"type":"Feature","properties":{"s":1.21,"t":1},"geometry":{"type":"Point","coordinates":[77.039579,8.631828]}},{"type":"Feature","properties":{"s":0.79,"t":0},"geometry":{"type":"Point","coordinates":[77.040441,8.631682]}},{"type":"Feature","properties":{"s":1.3,"t":1},"geometry":{"type":"Point","coordinates":[77.041298,8.631813]}},{"type":"Feature","properties":{"s":0.92,"t":0},"geometry":{"type":"Point","coordinates":[77.041625,8.63187]}},{"type":"Feature","properties":{"s":1.06,"t":1},"geometry":{"type":"Point","coordinates":[77.043271,8.631682]}},{"type":"Feature","properties":{"s":1.07,"t":1},"geometry":{"type":"Point","coordinates":[77.045896,8.631564]}},{"type":"Feature","properties":{"s":0.82,"t":1},"geometry":{"type":"Point","coordinates":[77.046131,8.631779]}},{"type":"Feature","properties":{"s":0.8,"t":1},"geometry":{"type":"Point","coordinates":[77.046958,8.631792]}},{"type":"Feature","properties":{"s":1.33,"t":1},"geometry":{"type":"Point","coordinates":[77.047398,8.631841]}},{"type":"Feature","properties":{"s":0.92,"t":0},"geometry":{"type":"Point","coordinates":[77.023173,8.63212]}},{"type":"Feature","properties":{"s":0.73,"t":0},"geometry":{"type":"Point","coordinates":[77.023555,8.631978]}},{"type":"Feature","properties":{"s":0.77,"t":1},"geometry":{"type":"Point","coordinates":[77.025771,8.632041]}},{"type":"Feature","properties":{"s":0.74,"t":1},"geometry":{"type":"Point","coordinates":[77.02614,8.632075]}},{"type":"Feature","properties":{"s":0.79,"t":1},"geometry":{"type":"Point","coordinates":[77.026655,8.631973]}},{"type":"Feature","properties":{"s":1.25,"t":0},"geometry":{"type":"Point","coordinates":[77.027682,8.632046]}},{"type":"Feature","properties":{"s":1.02,"t":1},"geometry":{"type":"Point","coordinates":[77.028566,8.632299]}},{"type":"Feature","properties":{"s":0.96,"t":1},"geometry":{"type":"Point","coordinates":[77.030427,8.632126]}},{"type":"Feature","properties":{"s":1.09,"t":0},"geometry":{"type":"Point","coordinates":[77.031241,8.632228]}},{"type":"Feature","properties":{"s":1.26,"t":0},"geometry":{"type":"Point","coordinates":[77.034073,8.631993]}},{"type":"Feature","properties":{"s":1.05,"t":0},"geometry":{"type":"Point","coordinates":[77.034605,8.631953]}},{"type":"Feature","properties":{"s":1.03,"t":0},"geometry":{"type":"Point","coordinates":[77.035047,8.63216]}},{"type":"Feature","properties":{"s":1.0,"t":1},"geometry":{"type":"Point","coordinates":[77.035793,8.632273]}},{"type":"Feature","properties":{"s":1.3,"t":0},"geometry":{"type":"Point","coordinates":[77.036339,8.632058]}},{"type":"Feature","properties":{"s":0.8,"t":0},"geometry":{"type":"Point","coordinates":[77.037963,8.632115]}},{"type":"Feature","properties":{"s":1.1,"t":1},"geometry":{"type":"Point","coordinates":[77.03822,8.631955]}},{"type":"Feature","properties":{"s":1.18,"t":0},"geometry":{"type":"Point","coordinates":[77.038688,8.632079]}},{"type":"Feature","properties":{"s":0.83,"t":1},"geometry":{"type":"Point","coordinates":[77.039517,8.632279]}},{"type":"Feature","properties":{"s":0.78,"t":0},"geometry":{"type":"Point","coordinates":[77.04007,8.632143]}},{"type":"Feature","properties":{"s":0.73,"t":0},"geometry":{"type":"Point","coordinates":[77.041194,8.632084]}},{"type":"Feature","properties":{"s":0.97,"t":1},"geometry":{"type":"Point","coordinates":[77.041684,8.632202]}},{"type":"Feature","properties":{"s":0.93,"t":0},"geometry":{"type":"Point","coordinates":[77.042109,8.632015]}},{"type":"Feature","properties":{"s":1.21,"t":0},"geometry":{"type":"Point","coordinates":[77.043038,8.632059]}},{"type":"Feature","properties":{"s":1.06,"t":0},"geometry":{"type":"Point","coordinates":[77.043354,8.632023]}},{"type":"Feature","properties":{"s":1.08,"t":1},"geometry":{"type":"Point","coordinates":[77.043659,8.632048]}},{"type":"Feature","properties":{"s":1.29,"t":1},"geometry":{"type":"Point","coordinates":[77.044157,8.632114]}},{"type":"Feature","properties":{"s":1.34,"t":1},"geometry":{"type":"Point","coordinates":[77.045978,8.631969]}},{"type":"Feature","properties":{"s":0.74,"t":1},"geometry":{"type":"Point","coordinates":[77.046272,8.632075]}},{"type":"Feature","properties":{"s":1.16,"t":0},"geometry":{"type":"Point","coordinates":[77.047163,8.632233]}},{"type":"Feature","properties":{"s":1.3,"t":1},"geometry":{"type":"Point","coordinates":[77.047533,8.631949]}},{"type":"Feature","properties":{"s":1.29,"t":1},"geometry":{"type":"Point","coordinates":[77.022893,8.63262]}},{"type":"Feature","properties":{"s":1.06,"t":0},"geometry":{"type":"Point","coordinates":[77.023273,8.632624]}},{"type":"Feature","properties":{"s":1.18,"t":1},"geometry":{"type":"Point","coordinates":[77.02548,8.632494]}},{"type":"Feature","properties":{"s":0.87,"t":1},"geometry":{"type":"Point","coordinates":[77.025699,8.632465]}},{"type":"Feature","properties":{"s":0.72,"t":1},"geometry":{"type":"Point","coordinates":[77.028402,8.632434]}},{"type":"Feature","properties":{"s":1.1,"t":1},"geometry":{"type":"Point","coordinates":[77.02879,8.632633]}},{"type":"Feature","properties":{"s":1.34,"t":0},"geometry":{"type":"Point","coordinates":[77.030783,8.632546]}},{"type":"Feature","properties":{"s":1.0,"t":1},"geometry":{"type":"Point","coordinates":[77.033385,8.63258]}},{"type":"Feature","properties":{"s":1.31,"t":1},"geometry":{"type":"Point","coordinates":[77.033674,8.632684]}},{"type":"Feature","properties":{"s":1.31,"t":0},"geometry":{"type":"Point","coordinates":[77.034695,8.632712]}},{"type":"Feature","properties":{"s":0.74,"t":0},"geometry":{"type":"Point","coordinates":[77.034846,8.632393]}},{"type":"Feature","properties":{"s":1.27,"t":0},"geometry":{"type":"Point","coordinates":[77.035358,8.63247]}},{"type":"Feature","properties":{"s":0.94,"t":0},"geometry":{"type":"Point","coordinates":[77.035621,8.632651]}},{"type":"Feature","properties":{"s":1.19,"t":0},"geometry":{"type":"Point","coordinates":[77.03636,8.632533]}},{"type":"Feature","properties":{"s":0.99,"t":1},"geometry":{"type":"Point","coordinates":[77.036476,8.632561]}},{"type":"Feature","properties":{"s":1.0,"t":1},"geometry":{"type":"Point","coordinates":[77.037113,8.632441]}},{"type":"Feature","properties":{"s":0.75,"t":1},"geometry":{"type":"Point","coordinates":[77.037724,8.632492]}},{"type":"Feature","properties":{"s":0.96,"t":1},"geometry":{"type":"Point","coordinates":[77.040119,8.632604]}},{"type":"Feature","properties":{"s":1.24,"t":0},"geometry":{"type":"Point","coordinates":[77.040321,8.632627]}},{"type":"Feature","properties":{"s":1.26,"t":0},"geometry":{"type":"Point","coordinates":[77.043011,8.632704]}},{"type":"Feature","properties":{"s":0.82,"t":0},"geometry":{"type":"Point","coordinates":[77.043148,8.632689]}},{"type":"Feature","properties":{"s":1.21,"t":0},"geometry":{"type":"Point","coordinates":[77.045778,8.63271]}},{"type":"Feature","properties":{"s":0.9,"t":1},"geometry":{"type":"Point","coordinates":[77.046099,8.632623]}},{"type":"Feature","properties":{"s":1.3,"t":0},"geometry":{"type":"Point","coordinates":[77.046564,8.63248]}},{"type":"Feature","properties":{"s":0.82,"t":0},"geometry":{"type":"Point","coordinates":[77.04742,8.632588]}},{"type":"Feature","properties":{"s":0.82,"t":1},"geometry":{"type":"Point","coordinates":[77.048043,8.632572]}},{"type":"Feature","properties":{"s":0.78,"t":0},"geometry":{"type":"Point","coordinates":[77.0224,8.632875]}},{"type":"Feature","properties":{"s":1.32,"t":1},"geometry":{"type":"Point","coordinates":[77.02279,8.633111]}},{"type":"Feature","properties":{"s":1.06,"t":1},"geometry":{"type":"Point","coordinates":[77.023395,8.633075]}},{"type":"Feature","properties":{"s":1.03,"t":1},"geometry":{"type":"Point","coordinates":[77.023637,8.633089]}},{"type":"Feature","properties":{"s":1.27,"t":1},"geometry":{"type":"Point","coordinates":[77.02549,8.633114]}},{"type":"Feature","properties":{"s":0.9,"t":0},"geometry":{"type":"Point","coordinates":[77.028334,8.633112]}},{"type":"Feature","properties":{"s":1.14,"t":0},"geometry":{"type":"Point","coordinates":[77.028603,8.633062]}},{"type":"Feature","properties":{"s":0.83,"t":0},"geometry":{"type":"Point","coordinates":[77.029827,8.632893]}},{"type":"Feature","properties":{"s":0.72,"t":0},"geometry":{"type":"Point","coordinates":[77.031861,8.632946]}},{"type":"Feature","properties":{"s":1.32,"t":1},"geometry":{"type":"Point","coordinates":[77.033011,8.632951]}},{"type":"Feature","properties":{"s":1.05,"t":1},"geometry":{"type":"Point","coordinates":[77.033356,8.632783]}},{"type":"Feature","properties":{"s":0.82,"t":1},"geometry":{"type":"Point","coordinates":[77.033654,8.632979]}},{"type":"Feature","properties":{"s":1.11,"t":1},"geometry":{"type":"Point","coordinates":[77.034064,8.632842]}},{"type":"Feature","properties":{"s":0.98,"t":0},"geometry":{"type":"Point","coordinates":[77.035017,8.632926]}},{"type":"Feature","properties":{"s":1.22,"t":0},"geometry":{"type":"Point","coordinates":[77.035359,8.63296]}},{"type":"Feature","properties":{"s":0.97,"t":0},"geometry":{"type":"Point","coordinates":[77.036151,8.633023]}},{"type":"Feature","properties":{"s":0.75,"t":1},"geometry":{"type":"Point","coordinates":[77.036586,8.632912]}},{"type":"Feature","properties":{"s":1.14,"t":1},"geometry":{"type":"Point","coordinates":[77.038064,8.632851]}},{"type":"Feature","properties":{"s":1.03,"t":0},"geometry":{"type":"Point","coordinates":[77.03863,8.633132]}},{"type":"Feature","properties":{"s":0.75,"t":0},"geometry":{"type":"Point","coordinates":[77.043411,8.6329]}},{"type":"Feature","properties":{"s":1.18,"t":1},"geometry":{"type":"Point","coordinates":[77.044109,8.632802]}},{"type":"Feature","properties":{"s":1.26,"t":0},"geometry":{"type":"Point","coordinates":[77.044952,8.633001]}},{"type":"Feature","properties":{"s":1.0,"t":1},"geometry":{"type":"Point","coordinates":[77.045464,8.632827]}},{"type":"Feature","properties":{"s":1.22,"t":1},"geometry":{"type":"Point","coordinates":[77.045746,8.632865]}},{"type":"Feature","properties":{"s":1.04,"t":1},"geometry":{"type":"Point","coordinates":[77.046089,8.632996]}},{"type":"Feature","properties":{"s":1.28,"t":1},"geometry":{"type":"Point","coordinates":[77.046977,8.633018]}},{"type":"Feature","properties":{"s":0.95,"t":0},"geometry":{"type":"Point","coordinates":[77.047467,8.632873]}},{"type":"Feature","properties":{"s":1.3,"t":1},"geometry":{"type":"Point","coordinates":[77.047798,8.632937]}},{"type":"Feature","properties":{"s":1.25,"t":0},"geometry":{"type":"Point","coordinates":[77.048191,8.632883]}},{"type":"Feature","properties":{"s":0.73,"t":0},"geometry":{"type":"Point","coordinates":[77.048905,8.633045]}},{"type":"Feature","properties":{"s":1.08,"t":1},"geometry":{"type":"Point","coordinates":[77.022516,8.633347]}},{"type":"Feature","properties":{"s":0.84,"t":1},"geometry":{"type":"Point","coordinates":[77.022889,8.633267]}},{"type":"Feature","properties":{"s":0.83,"t":0},"geometry":{"type":"Point","coordinates":[77.023377,8.633269]}},{"type":"Feature","properties":{"s":1.24,"t":0},"geometry":{"type":"Point","coordinates":[77.02352,8.633231]}},{"type":"Feature","properties":{"s":0.88,"t":1},"geometry":{"type":"Point","coordinates":[77.023971,8.63324]}},{"type":"Feature","properties":{"s":1.2,"t":0},"geometry":{"type":"Point","coordinates":[77.025331,8.633349]}},{"type":"Feature","properties":{"s":1.24,"t":0},"geometry":{"type":"Point","coordinates":[77.028015,8.633204]}},{"type":"Feature","properties":{"s":1.07,"t":0},"geometry":{"type":"Point","coordinates":[77.028437,8.633283]}},{"type":"Feature","properties":{"s":1.33,"t":0},"geometry":{"type":"Point","coordinates":[77.028591,8.633511]}},{"type":"Feature","properties":{"s":0.96,"t":0},"geometry":{"type":"Point","coordinates":[77.031744,8.633406]}},{"type":"Feature","properties":{"s":1.02,"t":0},"geometry":{"type":"Point","coordinates":[77.032865,8.633443]}},{"type":"Feature","properties":{"s":1.22,"t":1},"geometry":{"type":"Point","coordinates":[77.033424,8.633533]}},{"type":"Feature","properties":{"s":1.02,"t":0},"geometry":{"type":"Point","coordinates":[77.033636,8.633442]}},{"type":"Feature","properties":{"s":1.11,"t":1},"geometry":{"type":"Point","coordinates":[77.035096,8.633483]}},{"type":"Feature","properties":{"s":1.1,"t":1},"geometry":{"type":"Point","coordinates":[77.036162,8.633506]}},{"type":"Feature","properties":{"s":0.73,"t":0},"geometry":{"type":"Point","coordinates":[77.037055,8.633479]}},{"type":"Feature","properties":{"s":0.96,"t":0},"geometry":{"type":"Point","coordinates":[77.038138,8.633418]}},{"type":"Feature","properties":{"s":1.28,"t":0},"geometry":{"type":"Point","coordinates":[77.038639,8.633417]}},{"type":"Feature","properties":{"s":0.79,"t":1},"geometry":{"type":"Point","coordinates":[77.039437,8.633385]}},{"type":"Feature","properties":{"s":0.85,"t":0},"geometry":{"type":"Point","coordinates":[77.039974,8.633464]}},{"type":"Feature","properties":{"s":1.26,"t":1},"geometry":{"type":"Point","coordinates":[77.04094,8.633409]}},{"type":"Feature","properties":{"s":0.99,"t":0},"geometry":{"type":"Point","coordinates":[77.041169,8.633234]}},{"type":"Feature","properties":{"s":1.09,"t":0},"geometry":{"type":"Point","coordinates":[77.043749,8.633324]}},{"type":"Feature","properties":{"s":0.79,"t":1},"geometry":{"type":"Point","coordinates":[77.04594,8.633296]}},{"type":"Feature","properties":{"s":1.27,"t":0},"geometry":{"type":"Point","coordinates":[77.046715,8.633285]}},{"type":"Feature","properties":{"s":0.83,"t":1},"geometry":{"type":"Point","coordinates":[77.047034,8.633311]}},{"type":"Feature","properties":{"s":0.75,"t":1},"geometry":{"type":"Point","coordinates":[77.047504,8.633458]}},{"type":"Feature","properties":{"s":0.77,"t":0},"geometry":{"type":"Point","coordinates":[77.047936,8.633435]}},{"type":"Feature","properties":{"s":1.03,"t":0},"geometry":{"type":"Point","coordinates":[77.048204,8.633398]}},{"type":"Feature","properties":{"s":1.23,"t":1},"geometry":{"type":"Point","coordinates":[77.022686,8.633693]}},{"type":"Feature","properties":{"s":1.01,"t":1},"geometry":{"type":"Point","coordinates":[77.023193,8.633657]}},{"type":"Feature","properties":{"s":1.01,"t":0},"geometry":{"type":"Point","coordinates":[77.024651,8.633883]}},{"type":"Feature","properties":{"s":1.01,"t":1},"geometry":{"type":"Point","coordinates":[77.026735,8.633859]}},{"type":"Feature","properties":{"s":1.1,"t":0},"geometry":{"type":"Point","coordinates":[77.027189,8.633817]}},{"type":"Feature","properties":{"s":0.75,"t":0},"geometry":{"type":"Point","coordinates":[77.028591,8.633727]}},{"type":"Feature","properties":{"s":1.12,"t":0},"geometry":{"type":"Point","coordinates":[77.029045,8.633807]}},{"type":"Feature","properties":{"s":1.17,"t":0},"geometry":{"type":"Point","coordinates":[77.032072,8.633791]}},{"type":"Feature","properties":{"s":1.24,"t":0},"geometry":{"type":"Point","coordinates":[77.033379,8.633825]}},{"type":"Feature","properties":{"s":1.03,"t":0},"geometry":{"type":"Point","coordinates":[77.03377,8.633931]}},{"type":"Feature","properties":{"s":0.95,"t":0},"geometry":{"type":"Point","coordinates":[77.034241,8.633898]}},{"type":"Feature","properties":{"s":1.03,"t":1},"geometry":{"type":"Point","coordinates":[77.034397,8.633839]}},{"type":"Feature","properties":{"s":1.1,"t":0},"geometry":{"type":"Point","coordinates":[77.035138,8.633921]}},{"type":"Feature","properties":{"s":0.94,"t":1},"geometry":{"type":"Point","coordinates":[77.035488,8.633725]}},{"type":"Feature","properties":{"s":1.22,"t":1},"geometry":{"type":"Point","coordinates":[77.035745,8.633712]}},{"type":"Feature","properties":{"s":1.12,"t":1},"geometry":{"type":"Point","coordinates":[77.03714,8.633615]}},{"type":"Feature","properties":{"s":0.97,"t":0},"geometry":{"type":"Point","coordinates":[77.037846,8.633706]}},{"type":"Feature","properties":{"s":1.3,"t":0},"geometry":{"type":"Point","coordinates":[77.038456,8.633887]}},{"type":"Feature","properties":{"s":0.98,"t":0},"geometry":{"type":"Point","coordinates":[77.038701,8.633705]}},{"type":"Feature","properties":{"s":0.86,"t":1},"geometry":{"type":"Point","coordinates":[77.039498,8.633888]}},{"type":"Feature","properties":{"s":1.3,"t":1},"geometry":{"type":"Point","coordinates":[77.040849,8.633641]}},{"type":"Feature","properties":{"s":1.17,"t":0},"geometry":{"type":"Point","coordinates":[77.041939,8.633952]}},{"type":"Feature","properties":{"s":0.96,"t":0},"geometry":{"type":"Point","coordinates":[77.042657,8.633958]}},{"type":"Feature","properties":{"s":1.31,"t":1},"geometry":{"type":"Point","coordinates":[77.044671,8.633781]}},{"type":"Feature","properties":{"s":0.89,"t":0},"geometry":{"type":"Point","coordinates":[77.045559,8.63395]}},{"type":"Feature","properties":{"s":0.85,"t":1},"geometry":{"type":"Point","coordinates":[77.045703,8.633763]}},{"type":"Feature","properties":{"s":1.25,"t":1},"geometry":{"type":"Point","coordinates":[77.046117,8.633655]}},{"type":"Feature","properties":{"s":0.81,"t":0},"geometry":{"type":"Point","coordinates":[77.046794,8.633752]}},{"type":"Feature","properties":{"s":0.91,"t":0},"geometry":{"type":"Point","coordinates":[77.047519,8.633778]}},{"type":"Feature","properties":{"s":0.94,"t":1},"geometry":{"type":"Point","coordinates":[77.023416,8.634165]}},{"type":"Feature","properties":{"s":1.03,"t":0},"geometry":{"type":"Point","coordinates":[77.023817,8.634272]}},{"type":"Feature","properties":{"s":1.14,"t":0},"geometry":{"type":"Point","coordinates":[77.024402,8.634053]}},{"type":"Feature","properties":{"s":1.15,"t":0},"geometry":{"type":"Point","coordinates":[77.025046,8.634034]}},{"type":"Feature","properties":{"s":1.19,"t":0},"geometry":{"type":"Point","coordinates":[77.025338,8.634097]}},{"type":"Feature","properties":{"s":0.77,"t":0},"geometry":{"type":"Point","coordinates":[77.026671,8.634361]}},{"type":"Feature","properties":{"s":1.15,"t":1},"geometry":{"type":"Point","coordinates":[77.028433,8.63423]}},{"type":"Feature","properties":{"s":1.08,"t":0},"geometry":{"type":"Point","coordinates":[77.029163,8.634031]}},{"type":"Feature","properties":{"s":0.99,"t":0},"geometry":{"type":"Point","coordinates":[77.030234,8.634125]}},{"type":"Feature","properties":{"s":1.04,"t":1},"geometry":{"type":"Point","coordinates":[77.030927,8.634252]}},{"type":"Feature","properties":{"s":1.17,"t":0},"geometry":{"type":"Point","coordinates":[77.032798,8.634171]}},{"type":"Feature","properties":{"s":1.11,"t":1},"geometry":{"type":"Point","coordinates":[77.033837,8.634242]}},{"type":"Feature","properties":{"s":1.09,"t":0},"geometry":{"type":"Point","coordinates":[77.0342,8.634089]}},{"type":"Feature","properties":{"s":0.76,"t":0},"geometry":{"type":"Point","coordinates":[77.03491,8.634252]}},{"type":"Feature","properties":{"s":1.12,"t":1},"geometry":{"type":"Point","coordinates":[77.035404,8.634379]}},{"type":"Feature","properties":{"s":0.8,"t":0},"geometry":{"type":"Point","coordinates":[77.037354,8.634267]}},{"type":"Feature","properties":{"s":1.28,"t":0},"geometry":{"type":"Point","coordinates":[77.037716,8.634366]}},{"type":"Feature","properties":{"s":1.1,"t":0},"geometry":{"type":"Point","coordinates":[77.038208,8.634134]}},{"type":"Feature","properties":{"s":1.0,"t":1},"geometry":{"type":"Point","coordinates":[77.038803,8.634184]}},{"type":"Feature","properties":{"s":1.11,"t":0},"geometry":{"type":"Point","coordinates":[77.041922,8.634078]}},{"type":"Feature","properties":{"s":1.01,"t":1},"geometry":{"type":"Point","coordinates":[77.04322,8.634167]}},{"type":"Feature","properties":{"s":1.12,"t":1},"geometry":{"type":"Point","coordinates":[77.043792,8.634321]}},{"type":"Feature","properties":{"s":0.79,"t":0},"geometry":{"type":"Point","coordinates":[77.044197,8.634353]}},{"type":"Feature","properties":{"s":0.88,"t":1},"geometry":{"type":"Point","coordinates":[77.044965,8.634104]}},{"type":"Feature","properties":{"s":1.31,"t":1},"geometry":{"type":"Point","coordinates":[77.045567,8.634062]}},{"type":"Feature","properties":{"s":1.02,"t":1},"geometry":{"type":"Point","coordinates":[77.046085,8.63422]}},{"type":"Feature","properties":{"s":1.15,"t":0},"geometry":{"type":"Point","coordinates":[77.021566,8.634649]}},{"type":"Feature","properties":{"s":1.33,"t":1},"geometry":{"type":"Point","coordinates":[77.022158,8.634547]}},{"type":"Feature","properties":{"s":1.03,"t":0},"geometry":{"type":"Point","coordinates":[77.024044,8.6347]}},{"type":"Feature","properties":{"s":0.77,"t":0},"geometry":{"type":"Point","coordinates":[77.024346,8.634748]}},{"type":"Feature","properties":{"s":1.17,"t":0},"geometry":{"type":"Point","coordinates":[77.024974,8.634486]}},{"type":"Feature","properties":{"s":0.73,"t":1},"geometry":{"type":"Point","coordinates":[77.025471,8.634514]}},{"type":"Feature","properties":{"s":0.94,"t":0},"geometry":{"type":"Point","coordinates":[77.029165,8.634793]}},{"type":"Feature","properties":{"s":1.16,"t":0},"geometry":{"type":"Point","coordinates":[77.02943,8.634758]}},{"type":"Feature","properties":{"s":0.75,"t":1},"geometry":{"type":"Point","coordinates":[77.032754,8.634602]}},{"type":"Feature","properties":{"s":0.79,"t":0},"geometry":{"type":"Point","coordinates":[77.033137,8.634463]}},{"type":"Feature","properties":{"s":1.29,"t":1},"geometry":{"type":"Point","coordinates":[77.03374,8.634515]}},{"type":"Feature","properties":{"s":1.25,"t":1},"geometry":{"type":"Point","coordinates":[77.034095,8.63472]}},{"type":"Feature","properties":{"s":0.78,"t":0},"geometry":{"type":"Point","coordinates":[77.034641,8.634493]}},{"type":"Feature","properties":{"s":0.94,"t":0},"geometry":{"type":"Point","coordinates":[77.034819,8.634647]}},{"type":"Feature","properties":{"s":1.01,"t":0},"geometry":{"type":"Point","coordinates":[77.035254,8.634449]}},{"type":"Feature","properties":{"s":1.27,"t":1},"geometry":{"type":"Point","coordinates":[77.035794,8.634524]}},{"type":"Feature","properties":{"s":1.01,"t":1},"geometry":{"type":"Point","coordinates":[77.036173,8.634595]}},{"type":"Feature","properties":{"s":1.13,"t":1},"geometry":{"type":"Point","coordinates":[77.0371,8.634609]}},{"type":"Feature","properties":{"s":0.76,"t":1},"geometry":{"type":"Point","coordinates":[77.037604,8.634637]}},{"type":"Feature","properties":{"s":0.84,"t":1},"geometry":{"type":"Point","coordinates":[77.037813,8.634481]}},{"type":"Feature","properties":{"s":1.16,"t":0},"geometry":{"type":"Point","coordinates":[77.038255,8.634755]}},{"type":"Feature","properties":{"s":0.8,"t":1},"geometry":{"type":"Point","coordinates":[77.038739,8.634778]}},{"type":"Feature","properties":{"s":1.06,"t":1},"geometry":{"type":"Point","coordinates":[77.042585,8.634684]}},{"type":"Feature","properties":{"s":0.86,"t":0},"geometry":{"type":"Point","coordinates":[77.043039,8.634688]}},{"type":"Feature","properties":{"s":0.89,"t":0},"geometry":{"type":"Point","coordinates":[77.043319,8.634774]}},{"type":"Feature","properties":{"s":0.97,"t":0},"geometry":{"type":"Point","coordinates":[77.04425,8.634535]}},{"type":"Feature","properties":{"s":0.77,"t":1},"geometry":{"type":"Point","coordinates":[77.044667,8.634667]}},{"type":"Feature","properties":{"s":1.12,"t":1},"geometry":{"type":"Point","coordinates":[77.045044,8.634621]}},{"type":"Feature","properties":{"s":1.25,"t":0},"geometry":{"type":"Point","coordinates":[77.045739,8.63475]}},{"type":"Feature","properties":{"s":1.05,"t":0},"geometry":{"type":"Point","coordinates":[77.046604,8.634662]}},{"type":"Feature","properties":{"s":1.06,"t":1},"geometry":{"type":"Point","coordinates":[77.021643,8.635176]}},{"type":"Feature","properties":{"s":0.84,"t":1},"geometry":{"type":"Point","coordinates":[77.021841,8.634889]}},{"type":"Feature","properties":{"s":1.21,"t":0},"geometry":{"type":"Point","coordinates":[77.024603,8.634904]}},{"type":"Feature","properties":{"s":1.08,"t":0},"geometry":{"type":"Point","coordinates":[77.024964,8.63511]}},{"type":"Feature","properties":{"s":0.73,"t":0},"geometry":{"type":"Point","coordinates":[77.025424,8.635211]}},{"type":"Feature","properties":{"s":1.18,"t":1},"geometry":{"type":"Point","coordinates":[77.027303,8.635184]}},{"type":"Feature","properties":{"s":0.86,"t":1},"geometry":{"type":"Point","coordinates":[77.028439,8.634941]}},{"type":"Feature","properties":{"s":1.03,"t":1},"geometry":{"type":"Point","coordinates":[77.028558,8.634983]}},{"type":"Feature","properties":{"s":0.84,"t":0},"geometry":{"type":"Point","coordinates":[77.029288,8.635137]}},{"type":"Feature","properties":{"s":0.86,"t":0},"geometry":{"type":"Point","coordinates":[77.029473,8.634996]}},{"type":"Feature","properties":{"s":0.81,"t":1},"geometry":{"type":"Point","coordinates":[77.032427,8.635028]}},{"type":"Feature","properties":{"s":0.99,"t":0},"geometry":{"type":"Point","coordinates":[77.033252,8.635106]}},{"type":"Feature","properties":{"s":1.18,"t":1},"geometry":{"type":"Point","coordinates":[77.033777,8.635126]}},{"type":"Feature","properties":{"s":1.33,"t":1},"geometry":{"type":"Point","coordinates":[77.034029,8.635068]}},{"type":"Feature","properties":{"s":1.1,"t":1},"geometry":{"type":"Point","coordinates":[77.034434,8.635041]}},{"type":"Feature","properties":{"s":0.83,"t":1},"geometry":{"type":"Point","coordinates":[77.034886,8.634936]}},{"type":"Feature","properties":{"s":0.94,"t":0},"geometry":{"type":"Point","coordinates":[77.037999,8.634944]}},{"type":"Feature","properties":{"s":1.0,"t":1},"geometry":{"type":"Point","coordinates":[77.038356,8.634994]}},{"type":"Feature","properties":{"s":1.26,"t":1},"geometry":{"type":"Point","coordinates":[77.038861,8.635121]}},{"type":"Feature","properties":{"s":1.22,"t":1},"geometry":{"type":"Point","coordinates":[77.039542,8.635102]}},{"type":"Feature","properties":{"s":1.22,"t":0},"geometry":{"type":"Point","coordinates":[77.040037,8.635115]}},{"type":"Feature","properties":{"s":0.97,"t":0},"geometry":{"type":"Point","coordinates":[77.040264,8.634948]}},{"type":"Feature","properties":{"s":1.18,"t":1},"geometry":{"type":"Point","coordinates":[77.042845,8.635169]}},{"type":"Feature","properties":{"s":0.77,"t":0},"geometry":{"type":"Point","coordinates":[77.043672,8.635135]}},{"type":"Feature","properties":{"s":1.08,"t":1},"geometry":{"type":"Point","coordinates":[77.04421,8.634985]}},{"type":"Feature","properties":{"s":0.79,"t":0},"geometry":{"type":"Point","coordinates":[77.044477,8.634911]}},{"type":"Feature","properties":{"s":1.2,"t":0},"geometry":{"type":"Point","coordinates":[77.044863,8.635133]}},{"type":"Feature","properties":{"s":0.93,"t":0},"geometry":{"type":"Point","coordinates":[77.045544,8.635163]}},{"type":"Feature","properties":{"s":0.95,"t":0},"geometry":{"type":"Point","coordinates":[77.045824,8.635185]}},{"type":"Feature","properties":{"s":0.89,"t":0},"geometry":{"type":"Point","coordinates":[77.046348,8.635183]}},{"type":"Feature","properties":{"s":1.32,"t":1},"geometry":{"type":"Point","coordinates":[77.046702,8.634936]}},{"type":"Feature","properties":{"s":1.13,"t":1},"geometry":{"type":"Point","coordinates":[77.02143,8.63558]}},{"type":"Feature","properties":{"s":0.87,"t":0},"geometry":{"type":"Point","coordinates":[77.022391,8.635589]}},{"type":"Feature","properties":{"s":0.98,"t":0},"geometry":{"type":"Point","coordinates":[77.023733,8.635336]}},{"type":"Feature","properties":{"s":0.98,"t":0},"geometry":{"type":"Point","coordinates":[77.024257,8.635596]}},{"type":"Feature","properties":{"s":1.13,"t":1},"geometry":{"type":"Point","coordinates":[77.024395,8.635333]}},{"type":"Feature","properties":{"s":1.12,"t":1},"geometry":{"type":"Point","coordinates":[77.025103,8.635433]}},{"type":"Feature","properties":{"s":1.11,"t":0},"geometry":{"type":"Point","coordinates":[77.025308,8.6354]}},{"type":"Feature","properties":{"s":0.75,"t":1},"geometry":{"type":"Point","coordinates":[77.025653,8.635291]}},{"type":"Feature","properties":{"s":1.01,"t":0},"geometry":{"type":"Point","coordinates":[77.026746,8.635453]}},{"type":"Feature","properties":{"s":0.77,"t":0},"geometry":{"type":"Point","coordinates":[77.027,8.635317]}},{"type":"Feature","properties":{"s":1.22,"t":0},"geometry":{"type":"Point","coordinates":[77.02793,8.635335]}},{"type":"Feature","properties":{"s":1.21,"t":0},"geometry":{"type":"Point","coordinates":[77.028142,8.635432]}},{"type":"Feature","properties":{"s":1.25,"t":0},"geometry":{"type":"Point","coordinates":[77.028766,8.635584]}},{"type":"Feature","properties":{"s":0.75,"t":1},"geometry":{"type":"Point","coordinates":[77.02908,8.635485]}},{"type":"Feature","properties":{"s":0.76,"t":0},"geometry":{"type":"Point","coordinates":[77.029573,8.6354]}},{"type":"Feature","properties":{"s":1.28,"t":1},"geometry":{"type":"Point","coordinates":[77.030207,8.635403]}},{"type":"Feature","properties":{"s":1.31,"t":1},"geometry":{"type":"Point","coordinates":[77.032806,8.635342]}},{"type":"Feature","properties":{"s":0.81,"t":1},"geometry":{"type":"Point","coordinates":[77.034265,8.635386]}},{"type":"Feature","properties":{"s":1.01,"t":1},"geometry":{"type":"Point","coordinates":[77.034523,8.63544]}},{"type":"Feature","properties":{"s":1.2,"t":0},"geometry":{"type":"Point","coordinates":[77.034828,8.63557]}},{"type":"Feature","properties":{"s":1.05,"t":1},"geometry":{"type":"Point","coordinates":[77.035966,8.63535]}},{"type":"Feature","properties":{"s":1.18,"t":0},"geometry":{"type":"Point","coordinates":[77.037892,8.635582]}},{"type":"Feature","properties":{"s":1.0,"t":0},"geometry":{"type":"Point","coordinates":[77.039123,8.635335]}},{"type":"Feature","properties":{"s":1.1,"t":1},"geometry":{"type":"Point","coordinates":[77.03984,8.635618]}},{"type":"Feature","properties":{"s":0.82,"t":0},"geometry":{"type":"Point","coordinates":[77.04265,8.635282]}},{"type":"Feature","properties":{"s":1.04,"t":1},"geometry":{"type":"Point","coordinates":[77.042983,8.635327]}},{"type":"Feature","properties":{"s":1.08,"t":1},"geometry":{"type":"Point","coordinates":[77.043772,8.635599]}},{"type":"Feature","properties":{"s":0.76,"t":1},"geometry":{"type":"Point","coordinates":[77.044002,8.635513]}},{"type":"Feature","properties":{"s":0.86,"t":1},"geometry":{"type":"Point","coordinates":[77.044685,8.635561]}},{"type":"Feature","properties":{"s":0.91,"t":1},"geometry":{"type":"Point","coordinates":[77.044846,8.635468]}},{"type":"Feature","properties":{"s":1.05,"t":1},"geometry":{"type":"Point","coordinates":[77.045374,8.635505]}},{"type":"Feature","properties":{"s":1.31,"t":0},"geometry":{"type":"Point","coordinates":[77.045856,8.635497]}},{"type":"Feature","properties":{"s":0.76,"t":1},"geometry":{"type":"Point","coordinates":[77.021763,8.635775]}},{"type":"Feature","properties":{"s":0.73,"t":0},"geometry":{"type":"Point","coordinates":[77.02367,8.635888]}},{"type":"Feature","properties":{"s":1.2,"t":0},"geometry":{"type":"Point","coordinates":[77.024039,8.635783]}},{"type":"Feature","properties":{"s":0.82,"t":1},"geometry":{"type":"Point","coordinates":[77.025048,8.635818]}},{"type":"Feature","properties":{"s":1.33,"t":0},"geometry":{"type":"Point","coordinates":[77.025507,8.635935]}},{"type":"Feature","properties":{"s":0.73,"t":0},"geometry":{"type":"Point","coordinates":[77.026651,8.635754]}},{"type":"Feature","properties":{"s":1.2,"t":0},"geometry":{"type":"Point","coordinates":[77.02691,8.635829]}},{"type":"Feature","properties":{"s":0.9,"t":0},"geometry":{"type":"Point","coordinates":[77.027804,8.63598]}},{"type":"Feature","properties":{"s":0.94,"t":1},"geometry":{"type":"Point","coordinates":[77.028219,8.635739]}},{"type":"Feature","properties":{"s":1.1,"t":0},"geometry":{"type":"Point","coordinates":[77.028855,8.63585]}},{"type":"Feature","properties":{"s":0.76,"t":0},"geometry":{"type":"Point","coordinates":[77.029441,8.635889]}},{"type":"Feature","properties":{"s":1.24,"t":0},"geometry":{"type":"Point","coordinates":[77.02982,8.635759]}},{"type":"Feature","properties":{"s":0.91,"t":0},"geometry":{"type":"Point","coordinates":[77.030273,8.635986]}},{"type":"Feature","properties":{"s":1.34,"t":0},"geometry":{"type":"Point","coordinates":[77.031046,8.63584]}},{"type":"Feature","properties":{"s":1.31,"t":1},"geometry":{"type":"Point","coordinates":[77.031639,8.635981]}},{"type":"Feature","properties":{"s":0.95,"t":0},"geometry":{"type":"Point","coordinates":[77.032006,8.635893]}},{"type":"Feature","properties":{"s":1.02,"t":0},"geometry":{"type":"Point","coordinates":[77.032806,8.635876]}},{"type":"Feature","properties":{"s":1.01,"t":0},"geometry":{"type":"Point","coordinates":[77.034045,8.635873]}},{"type":"Feature","properties":{"s":0.91,"t":0},"geometry":{"type":"Point","coordinates":[77.034436,8.635707]}},{"type":"Feature","properties":{"s":1.29,"t":1},"geometry":{"type":"Point","coordinates":[77.035683,8.635884]}},{"type":"Feature","properties":{"s":0.83,"t":1},"geometry":{"type":"Point","coordinates":[77.0383,8.636021]}},{"type":"Feature","properties":{"s":1.1,"t":1},"geometry":{"type":"Point","coordinates":[77.038851,8.636003]}},{"type":"Feature","properties":{"s":1.07,"t":1},"geometry":{"type":"Point","coordinates":[77.039676,8.635903]}},{"type":"Feature","properties":{"s":1.07,"t":1},"geometry":{"type":"Point","coordinates":[77.040046,8.635724]}},{"type":"Feature","properties":{"s":1.33,"t":1},"geometry":{"type":"Point","coordinates":[77.042618,8.635785]}},{"type":"Feature","properties":{"s":0.87,"t":1},"geometry":{"type":"Point","coordinates":[77.043056,8.63592]}},{"type":"Feature","properties":{"s":1.14,"t":1},"geometry":{"type":"Point","coordinates":[77.043636,8.635883]}},{"type":"Feature","properties":{"s":0.91,"t":0},"geometry":{"type":"Point","coordinates":[77.044244,8.635974]}},{"type":"Feature","properties":{"s":1.26,"t":0},"geometry":{"type":"Point","coordinates":[77.044533,8.635948]}},{"type":"Feature","properties":{"s":0.9,"t":0},"geometry":{"type":"Point","coordinates":[77.045483,8.635964]}},{"type":"Feature","properties":{"s":0.74,"t":1},"geometry":{"type":"Point","coordinates":[77.045799,8.635816]}},{"type":"Feature","properties":{"s":1.02,"t":0},"geometry":{"type":"Point","coordinates":[77.023302,8.636276]}},{"type":"Feature","properties":{"s":1.23,"t":1},"geometry":{"type":"Point","coordinates":[77.023725,8.636383]}},{"type":"Feature","properties":{"s":1.01,"t":0},"geometry":{"type":"Point","coordinates":[77.024065,8.636123]}},{"type":"Feature","properties":{"s":1.26,"t":1},"geometry":{"type":"Point","coordinates":[77.027133,8.636387]}},{"type":"Feature","properties":{"s":0.91,"t":1},"geometry":{"type":"Point","coordinates":[77.027426,8.636155]}},{"type":"Feature","properties":{"s":0.75,"t":1},"geometry":{"type":"Point","coordinates":[77.027758,8.636171]}},{"type":"Feature","properties":{"s":0.93,"t":0},"geometry":{"type":"Point","coordinates":[77.028641,8.636403]}},{"type":"Feature","properties":{"s":0.91,"t":0},"geometry":{"type":"Point","coordinates":[77.029694,8.636191]}},{"type":"Feature","properties":{"s":1.26,"t":0},"geometry":{"type":"Point","coordinates":[77.029845,8.636132]}},{"type":"Feature","properties":{"s":1.14,"t":1},"geometry":{"type":"Point","coordinates":[77.030451,8.636283]}},{"type":"Feature","properties":{"s":0.8,"t":1},"geometry":{"type":"Point","coordinates":[77.03092,8.636113]}},{"type":"Feature","properties":{"s":0.84,"t":0},"geometry":{"type":"Point","coordinates":[77.031249,8.636308]}},{"type":"Feature","properties":{"s":0.95,"t":0},"geometry":{"type":"Point","coordinates":[77.033135,8.636321]}},{"type":"Feature","properties":{"s":1.12,"t":0},"geometry":{"type":"Point","coordinates":[77.033998,8.636359]}},{"type":"Feature","properties":{"s":1.26,"t":1},"geometry":{"type":"Point","coordinates":[77.035021,8.636167]}},{"type":"Feature","properties":{"s":0.75,"t":0},"geometry":{"type":"Point","coordinates":[77.035447,8.636358]}},{"type":"Feature","properties":{"s":0.81,"t":1},"geometry":{"type":"Point","coordinates":[77.038034,8.636294]}},{"type":"Feature","properties":{"s":0.95,"t":1},"geometry":{"type":"Point","coordinates":[77.038213,8.636187]}},{"type":"Feature","properties":{"s":1.01,"t":0},"geometry":{"type":"Point","coordinates":[77.039185,8.636459]}},{"type":"Feature","properties":{"s":1.25,"t":0},"geometry":{"type":"Point","coordinates":[77.03946,8.636125]}},{"type":"Feature","properties":{"s":1.3,"t":0},"geometry":{"type":"Point","coordinates":[77.04154,8.636451]}},{"type":"Feature","properties":{"s":1.13,"t":1},"geometry":{"type":"Point","coordinates":[77.041979,8.636402]}},{"type":"Feature","properties":{"s":1.2,"t":0},"geometry":{"type":"Point","coordinates":[77.042838,8.636191]}},{"type":"Feature","properties":{"s":1.08,"t":1},"geometry":{"type":"Point","coordinates":[77.043345,8.636182]}},{"type":"Feature","properties":{"s":1.09,"t":0},"geometry":{"type":"Point","coordinates":[77.04412,8.636282]}},{"type":"Feature","properties":{"s":1.11,"t":0},"geometry":{"type":"Point","coordinates":[77.044749,8.636155]}},{"type":"Feature","properties":{"s":1.3,"t":1},"geometry":{"type":"Point","coordinates":[77.022127,8.636581]}},{"type":"Feature","properties":{"s":0.77,"t":1},"geometry":{"type":"Point","coordinates":[77.022726,8.636628]}},{"type":"Feature","properties":{"s":1.12,"t":0},"geometry":{"type":"Point","coordinates":[77.024201,8.636698]}},{"type":"Feature","properties":{"s":1.24,"t":1},"geometry":{"type":"Point","coordinates":[77.027324,8.636703]}},{"type":"Feature","properties":{"s":1.0,"t":1},"geometry":{"type":"Point","coordinates":[77.027692,8.63675]}},{"type":"Feature","properties":{"s":1.26,"t":0},"geometry":{"type":"Point","coordinates":[77.028274,8.636685]}},{"type":"Feature","properties":{"s":1.05,"t":1},"geometry":{"type":"Point","coordinates":[77.028737,8.636637]}},{"type":"Feature","properties":{"s":1.16,"t":0},"geometry":{"type":"Point","coordinates":[77.029144,8.636669]}},{"type":"Feature","properties":{"s":0.94,"t":1},"geometry":{"type":"Point","coordinates":[77.030339,8.636525]}},{"type":"Feature","properties":{"s":1.08,"t":1},"geometry":{"type":"Point","coordinates":[77.03132,8.63662]}},{"type":"Feature","properties":{"s":0.97,"t":1},"geometry":{"type":"Point","coordinates":[77.031455,8.636611]}},{"type":"Feature","properties":{"s":1.02,"t":1},"geometry":{"type":"Point","coordinates":[77.032775,8.636735]}},{"type":"Feature","properties":{"s":0.85,"t":0},"geometry":{"type":"Point","coordinates":[77.033247,8.6366]}},{"type":"Feature","properties":{"s":1.2,"t":0},"geometry":{"type":"Point","coordinates":[77.034015,8.636625]}},{"type":"Feature","properties":{"s":0.95,"t":1},"geometry":{"type":"Point","coordinates":[77.036196,8.63671]}},{"type":"Feature","properties":{"s":1.24,"t":0},"geometry":{"type":"Point","coordinates":[77.037531,8.636788]}},{"type":"Feature","properties":{"s":1.07,"t":0},"geometry":{"type":"Point","coordinates":[77.038284,8.636549]}},{"type":"Feature","properties":{"s":1.21,"t":0},"geometry":{"type":"Point","coordinates":[77.038648,8.636813]}},{"type":"Feature","properties":{"s":0.83,"t":0},"geometry":{"type":"Point","coordinates":[77.039713,8.636847]}},{"type":"Feature","properties":{"s":1.18,"t":0},"geometry":{"type":"Point","coordinates":[77.039878,8.636808]}},{"type":"Feature","properties":{"s":1.07,"t":1},"geometry":{"type":"Point","coordinates":[77.041771,8.636717]}},{"type":"Feature","properties":{"s":0.99,"t":0},"geometry":{"type":"Point","coordinates":[77.04322,8.636861]}},{"type":"Feature","properties":{"s":1.31,"t":0},"geometry":{"type":"Point","coordinates":[77.04381,8.636664]}},{"type":"Feature","properties":{"s":1.12,"t":1},"geometry":{"type":"Point","coordinates":[77.027922,8.637134]}},{"type":"Feature","properties":{"s":1.0,"t":0},"geometry":{"type":"Point","coordinates":[77.028132,8.637272]}},{"type":"Feature","properties":{"s":0.87,"t":1},"geometry":{"type":"Point","coordinates":[77.028788,8.637264]}},{"type":"Feature","properties":{"s":1.31,"t":1},"geometry":{"type":"Point","coordinates":[77.029182,8.637119]}},{"type":"Feature","properties":{"s":0.89,"t":1},"geometry":{"type":"Point","coordinates":[77.029352,8.637274]}},{"type":"Feature","properties":{"s":0.96,"t":1},"geometry":{"type":"Point","coordinates":[77.029828,8.637221]}},{"type":"Feature","properties":{"s":1.26,"t":0},"geometry":{"type":"Point","coordinates":[77.031265,8.637122]}},{"type":"Feature","properties":{"s":1.15,"t":1},"geometry":{"type":"Point","coordinates":[77.034182,8.637222]}},{"type":"Feature","properties":{"s":1.02,"t":0},"geometry":{"type":"Point","coordinates":[77.035468,8.636991]}},{"type":"Feature","properties":{"s":0.95,"t":0},"geometry":{"type":"Point","coordinates":[77.035826,8.636999]}},{"type":"Feature","properties":{"s":0.91,"t":0},"geometry":{"type":"Point","coordinates":[77.037847,8.637039]}},{"type":"Feature","properties":{"s":1.32,"t":0},"geometry":{"type":"Point","coordinates":[77.038278,8.637247]}},{"type":"Feature","properties":{"s":0.99,"t":1},"geometry":{"type":"Point","coordinates":[77.038662,8.637226]}},{"type":"Feature","properties":{"s":0.91,"t":0},"geometry":{"type":"Point","coordinates":[77.039474,8.637018]}},{"type":"Feature","properties":{"s":1.0,"t":1},"geometry":{"type":"Point","coordinates":[77.040713,8.637049]}},{"type":"Feature","properties":{"s":0.83,"t":0},"geometry":{"type":"Point","coordinates":[77.042444,8.637006]}},{"type":"Feature","properties":{"s":0.79,"t":0},"geometry":{"type":"Point","coordinates":[77.043792,8.637231]}},{"type":"Feature","properties":{"s":1.08,"t":1},"geometry":{"type":"Point","coordinates":[77.04404,8.637007]}},{"type":"Feature","properties":{"s":0.78,"t":0},"geometry":{"type":"Point","coordinates":[77.028309,8.637356]}},{"type":"Feature","properties":{"s":0.88,"t":0},"geometry":{"type":"Point","coordinates":[77.02913,8.637486]}},{"type":"Feature","properties":{"s":0.89,"t":0},"geometry":{"type":"Point","coordinates":[77.030037,8.63738]}},{"type":"Feature","properties":{"s":0.88,"t":0},"geometry":{"type":"Point","coordinates":[77.030326,8.637491]}},{"type":"Feature","properties":{"s":0.93,"t":0},"geometry":{"type":"Point","coordinates":[77.033217,8.637412]}},{"type":"Feature","properties":{"s":0.91,"t":1},"geometry":{"type":"Point","coordinates":[77.033827,8.637604]}},{"type":"Feature","properties":{"s":1.29,"t":1},"geometry":{"type":"Point","coordinates":[77.034408,8.637364]}},{"type":"Feature","properties":{"s":1.26,"t":1},"geometry":{"type":"Point","coordinates":[77.035097,8.637569]}},{"type":"Feature","properties":{"s":0.72,"t":0},"geometry":{"type":"Point","coordinates":[77.035421,8.63746]}},{"type":"Feature","properties":{"s":0.8,"t":0},"geometry":{"type":"Point","coordinates":[77.036943,8.637534]}},{"type":"Feature","properties":{"s":1.25,"t":1},"geometry":{"type":"Point","coordinates":[77.037594,8.637429]}},{"type":"Feature","properties":{"s":0.76,"t":1},"geometry":{"type":"Point","coordinates":[77.037833,8.637666]}},{"type":"Feature","properties":{"s":1.14,"t":1},"geometry":{"type":"Point","coordinates":[77.038175,8.637693]}},{"type":"Feature","properties":{"s":1.11,"t":0},"geometry":{"type":"Point","coordinates":[77.038786,8.637443]}},{"type":"Feature","properties":{"s":0.97,"t":0},"geometry":{"type":"Point","coordinates":[77.041282,8.637683]}},{"type":"Feature","properties":{"s":0.75,"t":1},"geometry":{"type":"Point","coordinates":[77.041644,8.637635]}},{"type":"Feature","properties":{"s":0.89,"t":1},"geometry":{"type":"Point","coordinates":[77.042955,8.637439]}},{"type":"Feature","properties":{"s":0.76,"t":0},"geometry":{"type":"Point","coordinates":[77.044441,8.637695]}},{"type":"Feature","properties":{"s":1.12,"t":1},"geometry":{"type":"Point","coordinates":[77.032139,8.637887]}},{"type":"Feature","properties":{"s":1.13,"t":1},"geometry":{"type":"Point","coordinates":[77.033415,8.638101]}},{"type":"Feature","properties":{"s":1.01,"t":0},"geometry":{"type":"Point","coordinates":[77.035123,8.637916]}},{"type":"Feature","properties":{"s":1.28,"t":0},"geometry":{"type":"Point","coordinates":[77.035456,8.638014]}},{"type":"Feature","properties":{"s":0.81,"t":1},"geometry":{"type":"Point","coordinates":[77.036097,8.638076]}},{"type":"Feature","properties":{"s":1.33,"t":0},"geometry":{"type":"Point","coordinates":[77.036788,8.638017]}},{"type":"Feature","properties":{"s":1.13,"t":1},"geometry":{"type":"Point","coordinates":[77.037108,8.637816]}},{"type":"Feature","properties":{"s":0.94,"t":1},"geometry":{"type":"Point","coordinates":[77.037836,8.637971]}},{"type":"Feature","properties":{"s":1.14,"t":1},"geometry":{"type":"Point","coordinates":[77.038235,8.638048]}},{"type":"Feature","properties":{"s":0.85,"t":0},"geometry":{"type":"Point","coordinates":[77.038581,8.637831]}},{"type":"Feature","properties":{"s":0.92,"t":1},"geometry":{"type":"Point","coordinates":[77.040155,8.637851]}},{"type":"Feature","properties":{"s":1.08,"t":1},"geometry":{"type":"Point","coordinates":[77.040353,8.637902]}},{"type":"Feature","properties":{"s":0.73,"t":1},"geometry":{"type":"Point","coordinates":[77.042625,8.637982]}},{"type":"Feature","properties":{"s":1.01,"t":0},"geometry":{"type":"Point","coordinates":[77.032036,8.63821]}},{"type":"Feature","properties":{"s":0.91,"t":0},"geometry":{"type":"Point","coordinates":[77.032612,8.638324]}},{"type":"Feature","properties":{"s":1.14,"t":0},"geometry":{"type":"Point","coordinates":[77.032788,8.638246]}},{"type":"Feature","properties":{"s":1.3,"t":0},"geometry":{"type":"Point","coordinates":[77.033325,8.638417]}},{"type":"Feature","properties":{"s":1.24,"t":0},"geometry":{"type":"Point","coordinates":[77.033573,8.638403]}},{"type":"Feature","properties":{"s":0.82,"t":1},"geometry":{"type":"Point","coordinates":[77.035741,8.638234]}},{"type":"Feature","properties":{"s":1.3,"t":0},"geometry":{"type":"Point","coordinates":[77.036342,8.638481]}},{"type":"Feature","properties":{"s":0.87,"t":1},"geometry":{"type":"Point","coordinates":[77.036518,8.638437]}},{"type":"Feature","properties":{"s":1.0,"t":1},"geometry":{"type":"Point","coordinates":[77.036971,8.638364]}},{"type":"Feature","properties":{"s":1.02,"t":0},"geometry":{"type":"Point","coordinates":[77.037776,8.638484]}},{"type":"Feature","properties":{"s":0.8,"t":0},"geometry":{"type":"Point","coordinates":[77.038153,8.638375]}},{"type":"Feature","properties":{"s":0.9,"t":1},"geometry":{"type":"Point","coordinates":[77.041294,8.638448]}},{"type":"Feature","properties":{"s":0.8,"t":1},"geometry":{"type":"Point","coordinates":[77.042644,8.63836]}},{"type":"Feature","properties":{"s":1.29,"t":1},"geometry":{"type":"Point","coordinates":[77.044262,8.638305]}},{"type":"Feature","properties":{"s":0.84,"t":1},"geometry":{"type":"Point","coordinates":[77.032125,8.638779]}},{"type":"Feature","properties":{"s":1.17,"t":1},"geometry":{"type":"Point","coordinates":[77.03239,8.638634]}},{"type":"Feature","properties":{"s":0.86,"t":0},"geometry":{"type":"Point","coordinates":[77.032954,8.638762]}},{"type":"Feature","properties":{"s":0.98,"t":0},"geometry":{"type":"Point","coordinates":[77.033424,8.638748]}},{"type":"Feature","properties":{"s":1.28,"t":0},"geometry":{"type":"Point","coordinates":[77.03415,8.638629]}},{"type":"Feature","properties":{"s":0.99,"t":1},"geometry":{"type":"Point","coordinates":[77.034706,8.638905]}},{"type":"Feature","properties":{"s":0.93,"t":1},"geometry":{"type":"Point","coordinates":[77.034815,8.638652]}},{"type":"Feature","properties":{"s":0.96,"t":1},"geometry":{"type":"Point","coordinates":[77.03611,8.638907]}},{"type":"Feature","properties":{"s":0.99,"t":1},"geometry":{"type":"Point","coordinates":[77.037583,8.638693]}},{"type":"Feature","properties":{"s":1.07,"t":0},"geometry":{"type":"Point","coordinates":[77.037847,8.638605]}},{"type":"Feature","properties":{"s":1.33,"t":1},"geometry":{"type":"Point","coordinates":[77.038397,8.638677]}},{"type":"Feature","properties":{"s":1.25,"t":1},"geometry":{"type":"Point","coordinates":[77.038619,8.638803]}},{"type":"Feature","properties":{"s":0.79,"t":1},"geometry":{"type":"Point","coordinates":[77.040112,8.638617]}},{"type":"Feature","properties":{"s":0.79,"t":0},"geometry":{"type":"Point","coordinates":[77.040944,8.638893]}},{"type":"Feature","properties":{"s":0.77,"t":1},"geometry":{"type":"Point","coordinates":[77.041576,8.63879]}},{"type":"Feature","properties":{"s":0.75,"t":0},"geometry":{"type":"Point","coordinates":[77.04222,8.638653]}},{"type":"Feature","properties":{"s":1.03,"t":1},"geometry":{"type":"Point","coordinates":[77.042644,8.638666]}},{"type":"Feature","properties":{"s":1.24,"t":0},"geometry":{"type":"Point","coordinates":[77.032524,8.639093]}},{"type":"Feature","properties":{"s":1.06,"t":0},"geometry":{"type":"Point","coordinates":[77.032794,8.639072]}},{"type":"Feature","properties":{"s":0.86,"t":0},"geometry":{"type":"Point","coordinates":[77.033786,8.639231]}},{"type":"Feature","properties":{"s":0.87,"t":0},"geometry":{"type":"Point","coordinates":[77.034088,8.639146]}},{"type":"Feature","properties":{"s":0.77,"t":1},"geometry":{"type":"Point","coordinates":[77.034872,8.639218]}},{"type":"Feature","properties":{"s":1.15,"t":0},"geometry":{"type":"Point","coordinates":[77.035337,8.639026]}},{"type":"Feature","properties":{"s":1.29,"t":1},"geometry":{"type":"Point","coordinates":[77.03648,8.639035]}},{"type":"Feature","properties":{"s":1.28,"t":0},"geometry":{"type":"Point","coordinates":[77.03722,8.639264]}},{"type":"Feature","properties":{"s":1.15,"t":1},"geometry":{"type":"Point","coordinates":[77.037583,8.639112]}},{"type":"Feature","properties":{"s":1.03,"t":0},"geometry":{"type":"Point","coordinates":[77.038585,8.639267]}},{"type":"Feature","properties":{"s":0.89,"t":0},"geometry":{"type":"Point","coordinates":[77.03994,8.63903]}},{"type":"Feature","properties":{"s":1.3,"t":0},"geometry":{"type":"Point","coordinates":[77.040483,8.639026]}},{"type":"Feature","properties":{"s":1.06,"t":1},"geometry":{"type":"Point","coordinates":[77.040895,8.639339]}},{"type":"Feature","properties":{"s":1.06,"t":1},"geometry":{"type":"Point","coordinates":[77.041296,8.639238]}},{"type":"Feature","properties":{"s":0.83,"t":1},"geometry":{"type":"Point","coordinates":[77.032168,8.639633]}},{"type":"Feature","properties":{"s":1.21,"t":0},"geometry":{"type":"Point","coordinates":[77.033247,8.639753]}},{"type":"Feature","properties":{"s":1.25,"t":0},"geometry":{"type":"Point","coordinates":[77.03364,8.639534]}},{"type":"Feature","properties":{"s":0.91,"t":1},"geometry":{"type":"Point","coordinates":[77.034702,8.639444]}},{"type":"Feature","properties":{"s":0.75,"t":0},"geometry":{"type":"Point","coordinates":[77.035319,8.639619]}},{"type":"Feature","properties":{"s":1.13,"t":1},"geometry":{"type":"Point","coordinates":[77.035868,8.639549]}},{"type":"Feature","properties":{"s":1.22,"t":1},"geometry":{"type":"Point","coordinates":[77.03612,8.639543]}},{"type":"Feature","properties":{"s":0.72,"t":0},"geometry":{"type":"Point","coordinates":[77.038197,8.639545]}},{"type":"Feature","properties":{"s":1.19,"t":0},"geometry":{"type":"Point","coordinates":[77.038634,8.639615]}},{"type":"Feature","properties":{"s":0.9,"t":0},"geometry":{"type":"Point","coordinates":[77.039135,8.639564]}},{"type":"Feature","properties":{"s":1.01,"t":1},"geometry":{"type":"Point","coordinates":[77.039529,8.639552]}},{"type":"Feature","properties":{"s":1.05,"t":1},"geometry":{"type":"Point","coordinates":[77.040516,8.639568]}},{"type":"Feature","properties":{"s":1.22,"t":1},"geometry":{"type":"Point","coordinates":[77.040662,8.639664]}},{"type":"Feature","properties":{"s":0.96,"t":0},"geometry":{"type":"Point","coordinates":[77.033212,8.639859]}},{"type":"Feature","properties":{"s":0.83,"t":1},"geometry":{"type":"Point","coordinates":[77.034142,8.639919]}},{"type":"Feature","properties":{"s":1.26,"t":1},"geometry":{"type":"Point","coordinates":[77.034587,8.640054]}},{"type":"Feature","properties":{"s":0.8,"t":1},"geometry":{"type":"Point","coordinates":[77.034802,8.639949]}},{"type":"Feature","properties":{"s":1.23,"t":0},"geometry":{"type":"Point","coordinates":[77.03564,8.639891]}},{"type":"Feature","properties":{"s":1.28,"t":0},"geometry":{"type":"Point","coordinates":[77.03615,8.639885]}},{"type":"Feature","properties":{"s":0.73,"t":0},"geometry":{"type":"Point","coordinates":[77.038008,8.640126]}},{"type":"Feature","properties":{"s":0.98,"t":0},"geometry":{"type":"Point","coordinates":[77.039889,8.639863]}},{"type":"Feature","properties":{"s":0.76,"t":0},"geometry":{"type":"Point","coordinates":[77.032345,8.640501]}},{"type":"Feature","properties":{"s":1.02,"t":1},"geometry":{"type":"Point","coordinates":[77.032882,8.640335]}},{"type":"Feature","properties":{"s":1.14,"t":0},"geometry":{"type":"Point","coordinates":[77.033626,8.640327]}},{"type":"Feature","properties":{"s":0.91,"t":1},"geometry":{"type":"Point","coordinates":[77.03468,8.640574]}},{"type":"Feature","properties":{"s":1.05,"t":1},"geometry":{"type":"Point","coordinates":[77.038411,8.640374]}},{"type":"Feature","properties":{"s":0.9,"t":1},"geometry":{"type":"Point","coordinates":[77.033609,8.640794]}},{"type":"Feature","properties":{"s":1.08,"t":1},"geometry":{"type":"Point","coordinates":[77.034872,8.640816]}},{"type":"Feature","properties":{"s":0.86,"t":1},"geometry":{"type":"Point","coordinates":[77.033561,8.641154]}}]}