{
"type": "FeatureCollection",
"name": "wards",
"crs": { "type": "name", "properties": { "name": "urn:ogc:def:crs:OGC:1.3:CRS84" } },
"features": [
{ "type": "Feature", "properties": { "gml_parent": null, "gml_pare_1": "featureMembers", "gml_id": "Thiruvanathapuram_Editor.fid--715e5034_19246a0be1c_1030", "geom": null, "District": "Thiruvanathapuram", "LSGD": "Nedumangad", "Ward_Name": "KODIPPURAM", "Ward_No": 12, "Lsgd_Type": "Municipality", "Created_Da": "2024/10/18 09:12:40.986", "Surveyor": "Jeevan", "Mob_No": null, "Remarks": null, "_distLsgd": "Thiruvanathapuram_Nedumangad", "OBJECTID": 439, "_result": "Thiruvanathapuram_Nedumangad", "_ulid": "01JBBD70X170A88TT77VY8PM1H", "_distLsgd2": "Thiruvanathapuram_Nedumangad" }, "geometry": { "type": "MultiPolygon", "coordinates": [ [ [ [ 77.005325959900006, 8.6165026629 ], [ 77.005328344600002, 8.615957226700001 ], [ 77.005328345899997, 8.6159569371 ], [ 77.005328367100006, 8.615952092600001 ], [ 77.005304771300004, 8.615952821900001 ], [ 77.005304123299993, 8.6159528419 ], [ 77.005300758, 8.6159550019 ], [ 77.005296425, 8.615957782900001 ], [ 77.005092659100001, 8.6160680369 ], [ 77.004933247699995, 8.616154291300001 ], [ 77.004785413, 8.616234281800001 ], [ 77.004582152599994, 8.616359105300001 ], [ 77.004427508299997, 8.616427936699999 ], [ 77.004421304100006, 8.6164312936 ], [ 77.004323959900006, 8.6164839645 ], [ 77.004323945600007, 8.616483972199999 ], [ 77.004196898900005, 8.616552714399999 ], [ 77.004124083600004, 8.616592113099999 ], [ 77.004121316699994, 8.6165913076 ], [ 77.004121123399997, 8.616591251299999 ], [ 77.004114101200003, 8.616595478500001 ], [ 77.003960202599998, 8.616550245499999 ], [ 77.0039519993, 8.6165420131 ], [ 77.003930599499995, 8.6165357828 ], [ 77.003928852200005, 8.6165352741 ], [ 77.003922822500002, 8.6165283145 ], [ 77.003832390400007, 8.6164239346 ], [ 77.003828430400006, 8.6164193639 ], [ 77.003731555900004, 8.6163460043 ], [ 77.003626063699997, 8.6163201754 ], [ 77.003570950899999, 8.616306681399999 ], [ 77.003365952099998, 8.616264836 ], [ 77.003350813400004, 8.616253883500001 ], [ 77.003335669199998, 8.616242927 ], [ 77.003332206, 8.616242232099999 ], [ 77.003322490200006, 8.6162402828 ], [ 77.0033214571, 8.6162400755 ], [ 77.003320515499993, 8.616235112 ], [ 77.003319823200002, 8.6162314627 ], [ 77.003319661299997, 8.616231345599999 ], [ 77.003303669499999, 8.616219775799999 ], [ 77.003281946200005, 8.6161556304 ], [ 77.003057914500005, 8.616117533700001 ], [ 77.0030374814, 8.616114059 ], [ 77.002835952599995, 8.6161000916 ], [ 77.002547458400002, 8.6160497273 ], [ 77.002530951599994, 8.6160441672 ], [ 77.002429035199995, 8.6160098376 ], [ 77.002392724, 8.616004204299999 ], [ 77.002362333600004, 8.6159994895 ], [ 77.002343095399993, 8.615980889599999 ], [ 77.002327687, 8.6159756994 ], [ 77.002322792200005, 8.6159740506 ], [ 77.002139414200002, 8.615866748 ], [ 77.002091377499994, 8.6158796038 ], [ 77.001933876199999, 8.615921755 ], [ 77.0018797165, 8.6159245628 ], [ 77.001878985100007, 8.6159247343 ], [ 77.001878937699999, 8.6159246032 ], [ 77.001774063599996, 8.6159300402 ], [ 77.001773091499999, 8.6159304486 ], [ 77.001727110399997, 8.615949767 ], [ 77.0017244, 8.6159509058 ], [ 77.001675138600007, 8.615972481 ], [ 77.001683888, 8.6160798431 ], [ 77.001683888, 8.6160798433 ], [ 77.001684521499996, 8.616086323899999 ], [ 77.001685736900001, 8.6160987571 ], [ 77.001687234399995, 8.616114076700001 ], [ 77.001689539200001, 8.616137655199999 ], [ 77.001711678099994, 8.616141770300001 ], [ 77.001712733299996, 8.6161409275 ], [ 77.001712945700007, 8.616142006 ], [ 77.001705819700007, 8.616140681399999 ], [ 77.001688584899995, 8.616137477900001 ], [ 77.001688682, 8.616138669 ], [ 77.0016886887, 8.616138751 ], [ 77.001689066799997, 8.6161433907 ], [ 77.001689077799995, 8.6161435261 ], [ 77.0016892517, 8.616145659200001 ], [ 77.00168895, 8.6161456327 ], [ 77.001665062300006, 8.616143533500001 ], [ 77.001604925600006, 8.616138249 ], [ 77.001601081900006, 8.616137911199999 ], [ 77.001600657500006, 8.616137874 ], [ 77.001486673100004, 8.6161278575 ], [ 77.001330626200001, 8.6160709417 ], [ 77.001328893500002, 8.6160706196 ], [ 77.001316999300002, 8.6160684088 ], [ 77.001305011300005, 8.616066180500001 ], [ 77.001251014100006, 8.6160880447 ], [ 77.001242977399997, 8.6160924279 ], [ 77.001242911700004, 8.616092463699999 ], [ 77.001242892700006, 8.6160924883 ], [ 77.001241372099997, 8.616094457299999 ], [ 77.001232635899996, 8.616105769900001 ], [ 77.0012315938, 8.616107119300001 ], [ 77.001227760099994, 8.616112083499999 ], [ 77.001208246600001, 8.616137351500001 ], [ 77.001208175299993, 8.6161374438 ], [ 77.001206718099994, 8.616137202799999 ], [ 77.0012062399, 8.6161371237 ], [ 77.001171546799995, 8.616131385899999 ], [ 77.0011695309, 8.6161324854 ], [ 77.001092179500006, 8.6161205512 ], [ 77.000950069500007, 8.616098625699999 ], [ 77.000918295899993, 8.616089500899999 ], [ 77.0009046885, 8.6160872504 ], [ 77.000813991800001, 8.6160722501 ], [ 77.000777494, 8.6160662137 ], [ 77.000673532500002, 8.6160490195 ], [ 77.000642926699996, 8.616043957600001 ], [ 77.000625802599998, 8.616041125500001 ], [ 77.000626495800006, 8.6160394479 ], [ 77.000642948500001, 8.616043914800001 ], [ 77.000643386199997, 8.6160440336 ], [ 77.000645366200004, 8.6160391587 ], [ 77.000655564699997, 8.616014049 ], [ 77.000649664, 8.6160123544 ], [ 77.000775858599994, 8.6157170606 ], [ 77.000782526099997, 8.6157014588 ], [ 77.000825992, 8.615599749 ], [ 77.000891623, 8.615437771 ], [ 77.000895043200003, 8.615438169900001 ], [ 77.000904059, 8.6154170728 ], [ 77.00101375, 8.6151575349 ], [ 77.001099638300005, 8.6149243863 ], [ 77.001102813399996, 8.614915767299999 ], [ 77.001102594, 8.6149137372 ], [ 77.00110246, 8.614913751 ], [ 77.001102567100006, 8.614913487500001 ], [ 77.001056076899999, 8.614483157700001 ], [ 77.001055378800004, 8.614476696700001 ], [ 77.001056551700003, 8.6144499858 ], [ 77.001051422, 8.6144506674 ], [ 77.001051258499999, 8.6144483238 ], [ 77.000947437899995, 8.614464484899999 ], [ 77.000917162299999, 8.6144691977 ], [ 77.000775899499999, 8.614565032 ], [ 76.9997155314, 8.6146178296 ], [ 76.999347809300005, 8.614598411899999 ], [ 76.999344581399995, 8.6145982415 ], [ 76.999283422299996, 8.6146269549 ], [ 76.999204090099994, 8.6146896625 ], [ 76.998985929699998, 8.614586364599999 ], [ 76.998892768600001, 8.6145422532 ], [ 76.998824897399999, 8.6144541925 ], [ 76.998778240700005, 8.614393657 ], [ 76.998484923700005, 8.6142445269 ], [ 76.99845416, 8.6142311667 ], [ 76.998404061200006, 8.614209409500001 ], [ 76.998110634400007, 8.6142023736 ], [ 76.997879255599997, 8.614196825400001 ], [ 76.997878319700007, 8.614195220699999 ], [ 76.997837200700005, 8.614499739699999 ], [ 76.997709303899995, 8.6147246387 ], [ 76.997505004600001, 8.6150425091 ], [ 76.997418926600005, 8.6152213205 ], [ 76.997214562400004, 8.615734721300001 ], [ 76.997138922900007, 8.615950893200001 ], [ 76.997169367, 8.6162656595 ], [ 76.997275407299995, 8.6164946075 ], [ 76.997469051600007, 8.616791145100001 ], [ 76.997566222800003, 8.617098778800001 ], [ 76.997531530800003, 8.617471546100001 ], [ 76.997356847600003, 8.6181765088 ], [ 76.997295613, 8.618589802900001 ], [ 76.997314834, 8.6188091833 ], [ 76.997395987700003, 8.618933998499999 ], [ 76.997793823, 8.6192385488 ], [ 76.998106451599995, 8.6195192263 ], [ 76.998226004, 8.620213153 ], [ 76.998228458400007, 8.6202136505 ], [ 76.998233260700005, 8.620214623800001 ], [ 76.998236750299995, 8.620215331100001 ], [ 76.998244114, 8.6202168236 ], [ 76.998269882599999, 8.6202220464 ], [ 76.998570696399995, 8.6202938775 ], [ 76.999303616, 8.6204688895 ], [ 76.999380757099999, 8.6204873097 ], [ 76.999427227799998, 8.620497415899999 ], [ 76.99943037, 8.620499156599999 ], [ 76.99943037, 8.620499156599999 ], [ 76.999612591800002, 8.620598575100001 ], [ 76.999679873399998, 8.620612700800001 ], [ 76.999827963100003, 8.620643792 ], [ 76.999859371100001, 8.620650386 ], [ 76.99993842, 8.620673657299999 ], [ 76.999952867, 8.6206779104 ], [ 76.99999606, 8.620690626 ], [ 77.0000074326, 8.6206900473 ], [ 77.000009164199994, 8.6206899592 ], [ 77.000087051799994, 8.620685996100001 ], [ 77.000228649700006, 8.6206787913 ], [ 77.000524348200003, 8.6206637454 ], [ 77.000526774700006, 8.6206636219 ], [ 77.000526890499998, 8.6206640041 ], [ 77.000830150300004, 8.620694862900001 ], [ 77.000838177700004, 8.6206991762 ], [ 77.000838177700004, 8.6206991762 ], [ 77.000838178500004, 8.620699176700001 ], [ 77.001350365600004, 8.620974388900001 ], [ 77.001361838500003, 8.620980553600001 ], [ 77.001363813599994, 8.620974329399999 ], [ 77.001364478400006, 8.6209722345 ], [ 77.001372581300004, 8.6209742906 ], [ 77.001590523100006, 8.6210295953 ], [ 77.001598395100004, 8.6210315928 ], [ 77.001861358100001, 8.6210983218 ], [ 77.001871144500001, 8.6210887874 ], [ 77.001902119299999, 8.62105861 ], [ 77.001968356600003, 8.620994077800001 ], [ 77.002192492600003, 8.6207757115 ], [ 77.002251111299998, 8.6207186018 ], [ 77.002254620299993, 8.6207151831 ], [ 77.002394201399994, 8.6206836478 ], [ 77.002500197800003, 8.620659700199999 ], [ 77.002530452900004, 8.6206528647 ], [ 77.002845775200001, 8.620705107 ], [ 77.002875265100002, 8.6207099928 ], [ 77.002968025900003, 8.6207253613 ], [ 77.002973412900005, 8.620726253799999 ], [ 77.002973472299999, 8.6207274831 ], [ 77.002973623900004, 8.6207306231 ], [ 77.002989115099993, 8.620733577099999 ], [ 77.003050755100006, 8.6207453314 ], [ 77.003222376599993, 8.620778058 ], [ 77.0032964392, 8.620792181100001 ], [ 77.003300765500001, 8.620791391399999 ], [ 77.003882052700007, 8.620685288100001 ], [ 77.003885872699996, 8.620683296899999 ], [ 77.003885084700002, 8.620681553900001 ], [ 77.003890820099997, 8.620680718099999 ], [ 77.003902172300002, 8.620679063800001 ], [ 77.0040251498, 8.6206106986 ], [ 77.00403728, 8.6206039552 ], [ 77.004069095700004, 8.6205862684 ], [ 77.004151363800005, 8.6205405342 ], [ 77.004244826299995, 8.6204915885 ], [ 77.004247162599995, 8.620490365 ], [ 77.004350237300002, 8.6204363855 ], [ 77.004383658799995, 8.6204055817 ], [ 77.004412801499996, 8.6203787216 ], [ 77.004449003, 8.6203453555 ], [ 77.004587390500006, 8.620217807 ], [ 77.004595745800003, 8.620210106 ], [ 77.004637155200001, 8.6201747407 ], [ 77.004682014899998, 8.6201364287 ], [ 77.004818580600002, 8.620019796099999 ], [ 77.004819899699996, 8.620008093099999 ], [ 77.0048199318, 8.6200078084 ], [ 77.004825043400004, 8.619962459 ], [ 77.00482936, 8.6199241636 ], [ 77.004836762799997, 8.6198770505 ], [ 77.004874792600006, 8.61963502 ], [ 77.0049126567, 8.6193940445 ], [ 77.004914501299993, 8.6193815664 ], [ 77.004926978599997, 8.619302897 ], [ 77.004970061, 8.6190169636 ], [ 77.004954520499993, 8.618752392199999 ], [ 77.0049574329, 8.618572824599999 ], [ 77.005025744199997, 8.618349388 ], [ 77.005034923699995, 8.618319363399999 ], [ 77.005036761200003, 8.6183198593 ], [ 77.005151261199998, 8.6180129645 ], [ 77.005149840399994, 8.618012157200001 ], [ 77.005165276200003, 8.617975400100001 ], [ 77.0052963463, 8.617663284500001 ], [ 77.005302081699995, 8.6176174821 ], [ 77.005303733299996, 8.617604292599999 ], [ 77.005318959099995, 8.6174827013 ], [ 77.005343761099994, 8.6173209135 ], [ 77.005354315600002, 8.6172346918 ], [ 77.005354165699998, 8.6172015447 ], [ 77.0053550242, 8.6171946889 ], [ 77.005357044899995, 8.6171785512 ], [ 77.005353480500006, 8.617139353100001 ], [ 77.005345379, 8.616848946399999 ], [ 77.005331789600007, 8.616699865099999 ], [ 77.005325301100001, 8.616653339799999 ], [ 77.005325959900006, 8.6165026629 ] ] ] ] } },
{ "type": "Feature", "properties": { "gml_parent": null, "gml_pare_1": "featureMembers", "gml_id": "Thiruvanathapuram_Editor.fid-f0aec0d_192a2341ec3_-4544", "geom": null, "District": "Thiruvanathapuram", "LSGD": "Nedumangad", "Ward_Name": "T H S", "Ward_No": 28, "Lsgd_Type": "Municipality", "Created_Da": "2024/10/19 13:12:00.577", "Surveyor": "Jeevan", "Mob_No": null, "Remarks": null, "_distLsgd": "Thiruvanathapuram_Nedumangad", "OBJECTID": 439, "_result": "Thiruvanathapuram_Nedumangad", "_ulid": "01JBBD70X170A88TT77VY8PM1H", "_distLsgd2": "Thiruvanathapuram_Nedumangad" }, "geometry": { "type": "MultiPolygon", "coordinates": [ [ [ [ 77.010322534300002, 8.5967850964 ], [ 77.010341185499996, 8.5967830447 ], [ 77.010347966200001, 8.596782298700001 ], [ 77.010351041299998, 8.596780133499999 ], [ 77.010374907499994, 8.5967633295 ], [ 77.010425060299994, 8.5967280171 ], [ 77.010579895099994, 8.5966189987 ], [ 77.010599007400003, 8.596628862299999 ], [ 77.010609413899999, 8.5966342331 ], [ 77.010617521699999, 8.596638417399999 ], [ 77.010627007, 8.596643312699999 ], [ 77.010637643600006, 8.596648802200001 ], [ 77.010666466100005, 8.5966582847 ], [ 77.010678770699997, 8.596662332899999 ], [ 77.010759803, 8.596693069500001 ], [ 77.010766372199996, 8.5966955521 ], [ 77.010883158, 8.596739687099999 ], [ 77.010887647399997, 8.5967396495 ], [ 77.010892266699997, 8.5967396107 ], [ 77.010900440599997, 8.596742578100001 ], [ 77.010933652099993, 8.5967392635 ], [ 77.010989017100002, 8.596738799 ], [ 77.011057007800005, 8.596726952199999 ], [ 77.011187732300002, 8.5967139054 ], [ 77.011198978, 8.596710655 ], [ 77.011217374599994, 8.5967053377 ], [ 77.011246422, 8.596696941899999 ], [ 77.011246849499997, 8.5966970508 ], [ 77.011251822199995, 8.5966983171 ], [ 77.011309181, 8.5967129239 ], [ 77.011568823499999, 8.5967790434 ], [ 77.011866892900002, 8.596928027200001 ], [ 77.011966710899998, 8.5969779191 ], [ 77.011999747499999, 8.596994431700001 ], [ 77.012010507400007, 8.5969998098 ], [ 77.012067029799994, 8.596999347800001 ], [ 77.012221177100002, 8.596998087599999 ], [ 77.012531052599996, 8.5971440396 ], [ 77.012626254300002, 8.5971338464 ], [ 77.012755542099995, 8.597113136300001 ], [ 77.012986624700005, 8.597076120100001 ], [ 77.013061713699997, 8.597106954899999 ], [ 77.013065275, 8.597108110200001 ], [ 77.013389940500005, 8.5972134321 ], [ 77.013955784, 8.5971042377 ], [ 77.013960652700007, 8.5971032981 ], [ 77.013991548500002, 8.5971319335 ], [ 77.014084079300005, 8.5972001867 ], [ 77.014113496299998, 8.5972260127 ], [ 77.01411331, 8.5972262249 ], [ 77.014116940199997, 8.5972290361 ], [ 77.014116940500003, 8.5972290363 ], [ 77.014164687499999, 8.597286113099999 ], [ 77.014244787600006, 8.59726208 ], [ 77.014259398500002, 8.5972608073 ], [ 77.014296567900004, 8.5972575696 ], [ 77.014301351100002, 8.597249081199999 ], [ 77.014328297, 8.5972012623 ], [ 77.014342571100002, 8.597152163600001 ], [ 77.01443584, 8.5970104138 ], [ 77.014442637599998, 8.5969983505 ], [ 77.014451784, 8.5969861822 ], [ 77.014467635700001, 8.5969620907 ], [ 77.014469752099998, 8.596962277199999 ], [ 77.014469752099998, 8.596962277199999 ], [ 77.0144697522, 8.596962277199999 ], [ 77.014585117, 8.5969724428 ], [ 77.014584664500006, 8.5969715998 ], [ 77.014601187699995, 8.5969738589 ], [ 77.014946119100003, 8.5970042531 ], [ 77.015012157900003, 8.5970100722 ], [ 77.015012327199997, 8.597010087099999 ], [ 77.0150157896, 8.5970103922 ], [ 77.015083027299994, 8.596989349599999 ], [ 77.015243520400006, 8.5969391219 ], [ 77.016192017099996, 8.5964050954 ], [ 77.016207838300005, 8.596392551599999 ], [ 77.016302784100006, 8.5963172739 ], [ 77.016308360899998, 8.596311652100001 ], [ 77.016457995, 8.596160810400001 ], [ 77.01662252, 8.5959975036 ], [ 77.016647512800006, 8.5959709061 ], [ 77.016647527100005, 8.595970920799999 ], [ 77.016667802300006, 8.595958927 ], [ 77.016694092700007, 8.5959993809 ], [ 77.016697371299998, 8.5960044259 ], [ 77.016773489599998, 8.5959440754 ], [ 77.016897677499998, 8.595707554300001 ], [ 77.016598875200003, 8.595148803900001 ], [ 77.016301201299996, 8.5951849926 ], [ 77.016428428799998, 8.594866132 ], [ 77.016346428800006, 8.5944116069 ], [ 77.016110848799997, 8.5943295347 ], [ 77.016015194700003, 8.594071125099999 ], [ 77.015908926199998, 8.5939264923 ], [ 77.016111534499998, 8.593754954 ], [ 77.016027671800003, 8.593628888 ], [ 77.016185468499998, 8.5934202158 ], [ 77.016115848400005, 8.5932210937 ], [ 77.015922089100002, 8.592909673099999 ], [ 77.015781304699999, 8.592727009100001 ], [ 77.0154791442, 8.592363474500001 ], [ 77.0152768544, 8.592422132899999 ], [ 77.014842661399996, 8.5920906178 ], [ 77.014964230299995, 8.591791887399999 ], [ 77.014675022399999, 8.591517855299999 ], [ 77.0143366601, 8.5914351202 ], [ 77.013474646, 8.5919496939 ], [ 77.01279428, 8.5921679217 ], [ 77.012157281399993, 8.5921299017 ], [ 77.011849551400005, 8.592072550599999 ], [ 77.011532772099997, 8.591595203800001 ], [ 77.011073288099993, 8.591214444 ], [ 77.010991400400002, 8.5906137766 ], [ 77.010196302400004, 8.5902891704 ], [ 77.010031120099995, 8.5902465677 ], [ 77.009829959699999, 8.590058921 ], [ 77.009658431199995, 8.5896863202 ], [ 77.009640292200004, 8.5894827306 ], [ 77.009527619400004, 8.5892531805 ], [ 77.008977901500003, 8.589164285600001 ], [ 77.008534510100006, 8.5889749421 ], [ 77.008289609800002, 8.5888139016 ], [ 77.008118081299997, 8.588441299499999 ], [ 77.00767469, 8.588251955700001 ], [ 77.007385695899998, 8.5882429344 ], [ 77.007077909, 8.587893599399999 ], [ 77.006718266500002, 8.5878679356 ], [ 77.006530560399995, 8.5877019125 ], [ 77.006479534, 8.5877432845 ], [ 77.006449319, 8.587771715100001 ], [ 77.006418606300002, 8.587800614100001 ], [ 77.006394599800004, 8.587823202799999 ], [ 77.006229242800003, 8.587946219299999 ], [ 77.006149634, 8.5880107657 ], [ 77.006135180499996, 8.5880224845 ], [ 77.005896078700005, 8.5881127662 ], [ 77.005862222399998, 8.588125549900001 ], [ 77.005390464100003, 8.5883365344 ], [ 77.005385767600004, 8.588339536599999 ], [ 77.005381726099998, 8.5883404423 ], [ 77.005252092800006, 8.588398418100001 ], [ 77.005242416399994, 8.5884029154 ], [ 77.005203332199997, 8.5884222384 ], [ 77.005172958200006, 8.5884403142 ], [ 77.005153478300002, 8.5884519069 ], [ 77.005155283799994, 8.5884566996 ], [ 77.005155283799994, 8.5884566996 ], [ 77.005155283799994, 8.5884566996 ], [ 77.005196664500005, 8.588566544500001 ], [ 77.005214343, 8.5886094361 ], [ 77.005243723600003, 8.588680719399999 ], [ 77.005250574399994, 8.5886973408 ], [ 77.005253871799994, 8.5887070682 ], [ 77.005274297200003, 8.588767322600001 ], [ 77.005292225299996, 8.5888202102 ], [ 77.005305183499999, 8.588858436800001 ], [ 77.005190252399998, 8.5890983654 ], [ 77.005028037900004, 8.5894375506 ], [ 77.005037521800006, 8.5894620055 ], [ 77.005055029800005, 8.589507150799999 ], [ 77.005194591399999, 8.5898670195 ], [ 77.005212124899998, 8.5898824961 ], [ 77.005232974099997, 8.5899008995 ], [ 77.005464368700004, 8.590105148799999 ], [ 77.005564587400002, 8.5902113918 ], [ 77.005608074899996, 8.5902997143 ], [ 77.005760798599994, 8.5904422683 ], [ 77.005864763100007, 8.590529611199999 ], [ 77.005900250699995, 8.5905672319 ], [ 77.006029194500002, 8.5907039262 ], [ 77.006031051, 8.590705894299999 ], [ 77.005760269700005, 8.5909761814 ], [ 77.005743883899996, 8.5909925373 ], [ 77.005663828, 8.5911739297 ], [ 77.005403131199998, 8.591436858 ], [ 77.005395898299994, 8.591444152799999 ], [ 77.005156194500003, 8.591685907900001 ], [ 77.005137020399999, 8.5917375298 ], [ 77.005105706, 8.591821836599999 ], [ 77.005104459500004, 8.5918251925 ], [ 77.005107140600003, 8.591843753 ], [ 77.005108141199997, 8.5918506805 ], [ 77.005131651100001, 8.5920134326 ], [ 77.005138664699999, 8.592061986499999 ], [ 77.005140560200005, 8.592075108 ], [ 77.005146306399993, 8.592114887499999 ], [ 77.005093066399994, 8.592156172299999 ], [ 77.004823809300007, 8.5923649665 ], [ 77.004782478, 8.5924182723 ], [ 77.004698497800007, 8.5925265834 ], [ 77.004695800199997, 8.5925300625 ], [ 77.004586483099999, 8.5926710511 ], [ 77.004600884599995, 8.5926725931 ], [ 77.005243271799998, 8.592741375299999 ], [ 77.005518161099999, 8.592770808199999 ], [ 77.00551861, 8.5927708562 ], [ 77.005525540899995, 8.592771598300001 ], [ 77.005876112600006, 8.5925666427 ], [ 77.005969883099993, 8.592493646599999 ], [ 77.006071061900002, 8.5924148834 ], [ 77.006071091899997, 8.5924148807 ], [ 77.006207445499996, 8.5924024319 ], [ 77.006391911799994, 8.592385590299999 ], [ 77.006515859399997, 8.5922013043 ], [ 77.006515859399997, 8.5922013043 ], [ 77.006515864099995, 8.592201297400001 ], [ 77.0066484508, 8.592004166500001 ], [ 77.006649781799993, 8.592003676499999 ], [ 77.006649781799993, 8.592003676499999 ], [ 77.006649781799993, 8.592003676499999 ], [ 77.007308637400001, 8.5917611025 ], [ 77.007591048400002, 8.591657125499999 ], [ 77.007616560499997, 8.5916477325 ], [ 77.007638157499997, 8.5916524917 ], [ 77.007648279, 8.591654722199999 ], [ 77.007690745199994, 8.5916398057 ], [ 77.0083596363, 8.5918103407 ], [ 77.008359712900003, 8.591805991699999 ], [ 77.008415928700003, 8.591824692399999 ], [ 77.008419230300007, 8.5918257907 ], [ 77.008425934300007, 8.5918280209 ], [ 77.008427826800002, 8.5918286505 ], [ 77.008455080900006, 8.591846351299999 ], [ 77.008901389399995, 8.5921362177 ], [ 77.008949870600006, 8.592419384399999 ], [ 77.008952271799998, 8.5924334088 ], [ 77.008953136200006, 8.592438458 ], [ 77.008970831400006, 8.5925418107 ], [ 77.008987924500005, 8.592641647200001 ], [ 77.008996799299993, 8.5927784341 ], [ 77.008996839900007, 8.59277906 ], [ 77.008996991700002, 8.5927813995 ], [ 77.008997458500005, 8.5927885943 ], [ 77.009000497, 8.592835425800001 ], [ 77.009015723900006, 8.5930701177 ], [ 77.009013148899996, 8.5931151985 ], [ 77.009000492699997, 8.5933367645 ], [ 77.008985981899997, 8.593590800199999 ], [ 77.008958412699997, 8.594073444599999 ], [ 77.008946816299996, 8.5942764595 ], [ 77.008882643600003, 8.594822793400001 ], [ 77.008870112599993, 8.594929476 ], [ 77.009363041399993, 8.595337946500001 ], [ 77.009369051500002, 8.595405401900001 ], [ 77.009402950799995, 8.595785877599999 ], [ 77.009398647799998, 8.5957929349 ], [ 77.009381002799998, 8.5958218741 ], [ 77.009281453200003, 8.5959851437 ], [ 77.008914092599994, 8.5965876445 ], [ 77.008885734900005, 8.5966282276 ], [ 77.008897560600005, 8.596634231 ], [ 77.009061842500003, 8.596717629700001 ], [ 77.0094315435, 8.5969053101 ], [ 77.009439361299997, 8.5969092789 ], [ 77.00944198, 8.5969106083 ], [ 77.009444051299994, 8.596909652500001 ], [ 77.009469902500001, 8.596923368900001 ], [ 77.009579516599999, 8.596879423600001 ], [ 77.009845452799993, 8.596772807500001 ], [ 77.009856866899995, 8.5967682315 ], [ 77.009860221699995, 8.596766886499999 ], [ 77.009861727, 8.596766283 ], [ 77.009862197499999, 8.5967660944 ], [ 77.009864003, 8.596766354 ], [ 77.009865975300002, 8.5967666375 ], [ 77.009874621199998, 8.596763089 ], [ 77.009927233100001, 8.5967754439 ], [ 77.0101366313, 8.596805546900001 ], [ 77.010200663500001, 8.596798503 ], [ 77.010250991800007, 8.596792966600001 ], [ 77.0102816558, 8.5967864336 ], [ 77.010322534300002, 8.5967850964 ] ] ] ] } },
{ "type": "Feature", "properties": { "gml_parent": null, "gml_pare_1": "featureMembers", "gml_id": "Thiruvanathapuram_Editor.fid-f0aec0d_192a2341ec3_-47ab", "geom": null, "District": "Thiruvanathapuram", "LSGD": "Nedumangad", "Ward_Name": "PATHINARAMKALLU", "Ward_No": 19, "Lsgd_Type": "Municipality", "Created_Da": "2024/10/19 12:38:48.086", "Surveyor": "Jeevan", "Mob_No": null, "Remarks": null, "_distLsgd": "Thiruvanathapuram_Nedumangad", "OBJECTID": 439, "_result": "Thiruvanathapuram_Nedumangad", "_ulid": "01JBBD70X170A88TT77VY8PM1H", "_distLsgd2": "Thiruvanathapuram_Nedumangad" }, "geometry": { "type": "MultiPolygon", "coordinates": [ [ [ [ 77.024695161599993, 8.625406617099999 ], [ 77.024798036600004, 8.6257117634 ], [ 77.0248653047, 8.6259146185 ], [ 77.024910710599997, 8.626050359700001 ], [ 77.024909981600004, 8.6260505646 ], [ 77.024911465, 8.626053737099999 ], [ 77.024989055500001, 8.626283216499999 ], [ 77.025167601500002, 8.626599159 ], [ 77.025331884300002, 8.627076390899999 ], [ 77.025422003, 8.627338888200001 ], [ 77.025513139200001, 8.6276714527 ], [ 77.025513655699996, 8.6276772486 ], [ 77.025514380600001, 8.627676365799999 ], [ 77.025529259, 8.627736930299999 ], [ 77.025572781600005, 8.627882488599999 ], [ 77.025975051499998, 8.628373120099999 ], [ 77.025981416600004, 8.628380937399999 ], [ 77.025986365799994, 8.6283870156 ], [ 77.026066078100001, 8.6284847109 ], [ 77.026142008899996, 8.628605295 ], [ 77.026166299899998, 8.6287070345 ], [ 77.026215968100004, 8.628917742400001 ], [ 77.026238814799996, 8.629084111899999 ], [ 77.026267888099994, 8.629179106500001 ], [ 77.026287671899993, 8.6292462117 ], [ 77.026306106099995, 8.6293059795 ], [ 77.026406026, 8.6296348005 ], [ 77.026498559399997, 8.6297121755 ], [ 77.026728956300005, 8.629906378499999 ], [ 77.027119376100003, 8.630235686600001 ], [ 77.027194360400003, 8.6302539421 ], [ 77.027551537600004, 8.630340848199999 ], [ 77.027559945500002, 8.630345805399999 ], [ 77.027787219, 8.6305069131 ], [ 77.027801168899998, 8.630519127 ], [ 77.027807727199999, 8.6305248692 ], [ 77.027970541599998, 8.630741029299999 ], [ 77.027987038, 8.630871275100001 ], [ 77.027987676899997, 8.6308762882 ], [ 77.027998423400007, 8.630960487299999 ], [ 77.028009415400007, 8.631047022800001 ], [ 77.027957683500006, 8.631333589800001 ], [ 77.027958055300005, 8.6313335 ], [ 77.027949013599994, 8.6313886772 ], [ 77.027836150900001, 8.6314805132 ], [ 77.027815219700003, 8.631488279599999 ], [ 77.027787387100005, 8.6315123316 ], [ 77.027759472699998, 8.631537226500001 ], [ 77.027758436100001, 8.6315372869 ], [ 77.027698576399999, 8.6315407763 ], [ 77.027301398500001, 8.6315639288 ], [ 77.027175378500004, 8.6316474792 ], [ 77.027090998700004, 8.631819004500001 ], [ 77.027105690499994, 8.631916610599999 ], [ 77.027105728500004, 8.6319168571 ], [ 77.027120864500006, 8.632014845700001 ], [ 77.027126768499997, 8.632025777200001 ], [ 77.027127793099993, 8.6320276755 ], [ 77.027129114399997, 8.6320301688 ], [ 77.027208385, 8.632178637199999 ], [ 77.027276978399996, 8.632198882100001 ], [ 77.027345422600007, 8.632219986300001 ], [ 77.027345300199997, 8.632220200800001 ], [ 77.027606308800003, 8.6323669787 ], [ 77.027639263899999, 8.632648398 ], [ 77.027631470800003, 8.632790330300001 ], [ 77.027631470800003, 8.632790330300001 ], [ 77.027628726399996, 8.6328000087 ], [ 77.027615049900007, 8.632879513300001 ], [ 77.027647267099994, 8.6331416794 ], [ 77.027687549899994, 8.633295030399999 ], [ 77.027656495, 8.6334227804 ], [ 77.027656296800004, 8.633422725599999 ], [ 77.027571170300007, 8.6337550079 ], [ 77.027570301500006, 8.6337571848 ], [ 77.027558837200004, 8.633803718599999 ], [ 77.027550764, 8.6339815384 ], [ 77.027550188299998, 8.633981542400001 ], [ 77.027551177099994, 8.633992639200001 ], [ 77.0275486118, 8.634033475400001 ], [ 77.027589075400002, 8.634087478 ], [ 77.027731490199997, 8.6343038037 ], [ 77.027815069799999, 8.634433768799999 ], [ 77.027830489899998, 8.634460260499999 ], [ 77.027850836499994, 8.634643350499999 ], [ 77.027851365199993, 8.6346482158 ], [ 77.0278518824, 8.6346529755 ], [ 77.027858215600006, 8.6347113732 ], [ 77.027822997800001, 8.6347187346 ], [ 77.027787388, 8.6347261687 ], [ 77.027725109900004, 8.634739159 ], [ 77.027723329500006, 8.6347395236 ], [ 77.027683348799997, 8.6347473582 ], [ 77.027515866200005, 8.6347828818 ], [ 77.027477440300004, 8.6347908725 ], [ 77.027458601099994, 8.6347948067 ], [ 77.027270415199993, 8.6348341951 ], [ 77.027153200900003, 8.6348343917 ], [ 77.027115664500002, 8.634834272 ], [ 77.027036109899996, 8.634832920299999 ], [ 77.026817600599998, 8.6348288782 ], [ 77.026790430600002, 8.634827856199999 ], [ 77.026305373499994, 8.6355347568 ], [ 77.026300441700002, 8.635545133400001 ], [ 77.026235889500001, 8.6356382982 ], [ 77.026232099699996, 8.6356818589 ], [ 77.026233291899999, 8.6356823369 ], [ 77.026166112499993, 8.6363310234 ], [ 77.026162751499996, 8.6363639132 ], [ 77.0261327252, 8.6364264087 ], [ 77.026124652600004, 8.6364431892 ], [ 77.026098035800004, 8.6364977658 ], [ 77.025969606199993, 8.636764472399999 ], [ 77.025820485300002, 8.636842039599999 ], [ 77.025876065600002, 8.6368989199 ], [ 77.025875026799994, 8.6369002754 ], [ 77.0269648684, 8.6370683132 ], [ 77.027717189399993, 8.637273288 ], [ 77.031308439100002, 8.6378841576 ], [ 77.031311793699999, 8.637877982899999 ], [ 77.031428830400003, 8.6376625503 ], [ 77.031410746199995, 8.6374596013 ], [ 77.031501149899995, 8.637201020199999 ], [ 77.03194114, 8.636971369 ], [ 77.032231250099997, 8.6368215657 ], [ 77.032241525100005, 8.63681626 ], [ 77.032253399599995, 8.636810128400001 ], [ 77.032279264, 8.6367967729 ], [ 77.032279996, 8.636797362799999 ], [ 77.032811282699996, 8.63722546 ], [ 77.032992134300002, 8.637292131600001 ], [ 77.033549571699993, 8.637497632400001 ], [ 77.033550683200005, 8.6374988482 ], [ 77.033787356600001, 8.6377577398 ], [ 77.033800965799998, 8.6377726265 ], [ 77.034020814900003, 8.6378269829 ], [ 77.034023055500001, 8.6378275369 ], [ 77.034326726399996, 8.6379026174 ], [ 77.034503535200002, 8.6379463321 ], [ 77.034531087800005, 8.637953144300001 ], [ 77.034842172400005, 8.6375499894 ], [ 77.035159105399998, 8.636969107900001 ], [ 77.035162293499994, 8.6369632646 ], [ 77.035163410199999, 8.636961218 ], [ 77.0352857285, 8.636882479 ], [ 77.035311156299997, 8.6368661106 ], [ 77.035646048100006, 8.636650533 ], [ 77.0356493747, 8.6366483916 ], [ 77.036126603400007, 8.6358712645 ], [ 77.036133068300003, 8.6358607371 ], [ 77.036288451700003, 8.6356579799 ], [ 77.036306434300002, 8.6356345146 ], [ 77.036607664300007, 8.6346714197 ], [ 77.036616842399994, 8.6346196319 ], [ 77.036709797699999, 8.6340951298 ], [ 77.036710863699994, 8.634092946499999 ], [ 77.036884740299996, 8.633736816600001 ], [ 77.036885186899994, 8.633735614300001 ], [ 77.037056970899997, 8.6332731772 ], [ 77.037243531800002, 8.632948110399999 ], [ 77.037252173400006, 8.632933053 ], [ 77.037303604100003, 8.6328434392 ], [ 77.037455542299995, 8.632578699 ], [ 77.037458216199994, 8.6325764649 ], [ 77.037728819400002, 8.632350370099999 ], [ 77.037729444199996, 8.632350392199999 ], [ 77.038335611, 8.6323718093 ], [ 77.038562656, 8.632379831 ], [ 77.0385616322, 8.632380614700001 ], [ 77.038583252, 8.632385580299999 ], [ 77.038770841300007, 8.632428665300001 ], [ 77.038797611800007, 8.6324096795 ], [ 77.038798236199995, 8.632408117400001 ], [ 77.038806104499997, 8.632388432 ], [ 77.038806604100003, 8.632388449700001 ], [ 77.039175568900006, 8.6313601881 ], [ 77.039213646, 8.6312544918 ], [ 77.039214210799997, 8.6312524973 ], [ 77.039231940700006, 8.631189894 ], [ 77.039247176200007, 8.631136098200001 ], [ 77.039164667899996, 8.6309953573 ], [ 77.039157845899993, 8.6309756297 ], [ 77.039013605600005, 8.6307495812 ], [ 77.038573877600001, 8.6305703326 ], [ 77.038567937099998, 8.6305614047 ], [ 77.038563809, 8.630566228299999 ], [ 77.038531143200004, 8.630604397500001 ], [ 77.038313662500002, 8.6308585187 ], [ 77.038310184500006, 8.630861444900001 ], [ 77.0383072793, 8.6308608825 ], [ 77.038286551499993, 8.6308886568 ], [ 77.037979479100002, 8.630804471699999 ], [ 77.0372996352, 8.630115079399999 ], [ 77.037299589699998, 8.6301125484 ], [ 77.037277190599994, 8.6300872818 ], [ 77.037204003100001, 8.630110887900001 ], [ 77.03720395, 8.6301117998 ], [ 77.037203759199997, 8.6301118026 ], [ 77.037204134199996, 8.6301124919 ], [ 77.036943635399993, 8.6301859346 ], [ 77.036806156599994, 8.6306576906 ], [ 77.036787121499998, 8.630685727199999 ], [ 77.036787108400006, 8.630685790399999 ], [ 77.036717220900002, 8.6307858662 ], [ 77.036719187399996, 8.6307876412 ], [ 77.036618956400005, 8.630952971499999 ], [ 77.036539356299997, 8.631122574799999 ], [ 77.036535293599997, 8.631120109 ], [ 77.036501260700007, 8.6312217245 ], [ 77.036503365300007, 8.631224207600001 ], [ 77.0364667212, 8.631267661300001 ], [ 77.036317051, 8.6313789666 ], [ 77.036107213400001, 8.631510219700001 ], [ 77.035471838700005, 8.6316490059 ], [ 77.035079072, 8.6309087583 ], [ 77.035079276199994, 8.630908677200001 ], [ 77.035045335700005, 8.6308537312 ], [ 77.0350496131, 8.6308501829 ], [ 77.035026351799999, 8.6308046278 ], [ 77.034738006599994, 8.630566191 ], [ 77.034735273099997, 8.6305681636 ], [ 77.034735205100006, 8.630561154800001 ], [ 77.034722693299997, 8.630551046600001 ], [ 77.034732057699998, 8.6303770977 ], [ 77.034733418399995, 8.630377128699999 ], [ 77.0347333319, 8.630368220099999 ], [ 77.0347333319, 8.630368220099999 ], [ 77.034772946299995, 8.630109428500001 ], [ 77.034771135100002, 8.6301095643 ], [ 77.034778197899996, 8.6300842103 ], [ 77.034781519899994, 8.630036652699999 ], [ 77.034789229899999, 8.629958562600001 ], [ 77.034799251099997, 8.629640242100001 ], [ 77.0348034493, 8.629520188600001 ], [ 77.034807556700002, 8.629495412500001 ], [ 77.034807625400006, 8.6294949937 ], [ 77.034888985199999, 8.6294706703 ], [ 77.035101172099999, 8.6293727673 ], [ 77.035101585199996, 8.629372541 ], [ 77.035215698499997, 8.629310010599999 ], [ 77.035186421, 8.6290221375 ], [ 77.035175442400003, 8.6289141893 ], [ 77.035161824400006, 8.6287802892 ], [ 77.035162136699995, 8.628779183300001 ], [ 77.035255974, 8.628446877 ], [ 77.035352030400006, 8.628106711399999 ], [ 77.035471252700006, 8.6276845082 ], [ 77.035807536899995, 8.6269677408 ], [ 77.035813194300005, 8.6269556825 ], [ 77.035813349199998, 8.6269553522 ], [ 77.036058010399998, 8.626630546199999 ], [ 77.036123093399993, 8.626387358700001 ], [ 77.036032656700002, 8.625704884699999 ], [ 77.035980626899999, 8.625312213500001 ], [ 77.035980486, 8.6253111498 ], [ 77.035971593200003, 8.624836884900001 ], [ 77.035972129499996, 8.6248320636 ], [ 77.036016053799997, 8.6244371456 ], [ 77.036026821700005, 8.6240337428 ], [ 77.035933595, 8.623586615200001 ], [ 77.035869741300004, 8.6233942429 ], [ 77.035672662300001, 8.6232794525 ], [ 77.035373543800006, 8.623067985 ], [ 77.035224599100005, 8.622744469900001 ], [ 77.035120909300005, 8.6223786289 ], [ 77.035117753500003, 8.622367494400001 ], [ 77.0351154608, 8.622359405299999 ], [ 77.035108439699997, 8.622334633099999 ], [ 77.035107801899997, 8.6223323828 ], [ 77.034908042300003, 8.6218879345 ], [ 77.034911574399999, 8.6214820809 ], [ 77.034911605, 8.6214785587 ], [ 77.034930205, 8.621408002 ], [ 77.035024377699997, 8.6210507692 ], [ 77.035023690700001, 8.621050783099999 ], [ 77.0346328734, 8.6210586685 ], [ 77.033996774599999, 8.621355123600001 ], [ 77.033754008599999, 8.621842648299999 ], [ 77.033937057900005, 8.6225288928 ], [ 77.034822875, 8.6240237966 ], [ 77.035139748, 8.624546416 ], [ 77.035596832, 8.625690882500001 ], [ 77.035764729500002, 8.6263260383 ], [ 77.035747211300006, 8.626605292100001 ], [ 77.035746472599996, 8.6266071987 ], [ 77.035406785700005, 8.627483846400001 ], [ 77.035060336900003, 8.628294801499999 ], [ 77.034675683, 8.629093362200001 ], [ 77.034395801399995, 8.6295212283 ], [ 77.033489851400006, 8.630417591700001 ], [ 77.032971473100005, 8.630667105500001 ], [ 77.032391260200001, 8.6306390399 ], [ 77.032137261399996, 8.6307030837 ], [ 77.0317201748, 8.6311376582 ], [ 77.031590032699995, 8.631521039400001 ], [ 77.031326442, 8.631596398599999 ], [ 77.031324057099994, 8.631595796499999 ], [ 77.031125824900002, 8.631545751 ], [ 77.030783231699999, 8.6313293065 ], [ 77.030779497799998, 8.631322516699999 ], [ 77.030656732899999, 8.631099280400001 ], [ 77.0301034923, 8.6306601385 ], [ 77.030064222700005, 8.6305168362 ], [ 77.030330254299997, 8.6295766473 ], [ 77.030201838899998, 8.628670812 ], [ 77.029908206599998, 8.627873687299999 ], [ 77.028993460799995, 8.6277444698 ], [ 77.028990334400007, 8.6277440281 ], [ 77.028837232399994, 8.627688987 ], [ 77.028826069, 8.627684973699999 ], [ 77.028717822100006, 8.6275859679 ], [ 77.028266341800006, 8.6271730308 ], [ 77.027932926899993, 8.6265837339 ], [ 77.0277336037, 8.6265395209 ], [ 77.027186383100002, 8.626418139 ], [ 77.027186024900004, 8.626419909699999 ], [ 77.027026040099997, 8.6264078135 ], [ 77.0267310654, 8.626116026 ], [ 77.025895308499997, 8.6251258541 ], [ 77.025896313800004, 8.6251247732 ], [ 77.025870847099995, 8.6250955382 ], [ 77.025871152199997, 8.625095458900001 ], [ 77.0255156785, 8.624645153 ], [ 77.025515678399998, 8.624645153099999 ], [ 77.025486555, 8.6246057421 ], [ 77.025315769900004, 8.624391988399999 ], [ 77.025316397899999, 8.624389470500001 ], [ 77.025134973600004, 8.6241607156 ], [ 77.025150794599995, 8.6241487539 ], [ 77.025134993, 8.624129758500001 ], [ 77.025130813299995, 8.624132362099999 ], [ 77.02512851, 8.624133796900001 ], [ 77.025124574, 8.624136248699999 ], [ 77.0251200318, 8.624139183700001 ], [ 77.025120026899998, 8.624139186900001 ], [ 77.025118880700006, 8.6241399275 ], [ 77.025118723399999, 8.6241400963 ], [ 77.025118066, 8.6241407645 ], [ 77.025115408399998, 8.624143457800001 ], [ 77.025114373899996, 8.624144511900001 ], [ 77.025114147500005, 8.6241447412 ], [ 77.0250966439, 8.6241607589 ], [ 77.024991667899997, 8.6242680076 ], [ 77.024961246800004, 8.6242993355 ], [ 77.024939028299997, 8.6243222164 ], [ 77.024935585600005, 8.6243257618 ], [ 77.024930120500002, 8.624331316199999 ], [ 77.024930141599995, 8.6243313474 ], [ 77.024794561899995, 8.6244690539 ], [ 77.024715554, 8.6245493166 ], [ 77.024629316499997, 8.624636814900001 ], [ 77.024594013500007, 8.624672673499999 ], [ 77.024558445699995, 8.6247086869 ], [ 77.024524715400005, 8.6247430851 ], [ 77.024515599099999, 8.6247522529 ], [ 77.024508105899997, 8.624759816599999 ], [ 77.024508097799995, 8.6247598076 ], [ 77.024454614899994, 8.6248145906 ], [ 77.024412678900006, 8.6248566891 ], [ 77.0244067215, 8.624862712500001 ], [ 77.024407704599994, 8.6248636084 ], [ 77.024410373600006, 8.6248660781 ], [ 77.024408733200005, 8.624864560700001 ], [ 77.024393919600001, 8.624851082499999 ], [ 77.024392251500004, 8.6248495648 ], [ 77.0243911763, 8.624848586500001 ], [ 77.024390020499993, 8.624847534900001 ], [ 77.024389453300003, 8.624847018800001 ], [ 77.024388872299994, 8.624846490199999 ], [ 77.024387237400006, 8.624845002700001 ], [ 77.024390991399997, 8.624848419599999 ], [ 77.024393960699996, 8.624851122300001 ], [ 77.024394357199995, 8.624851483200001 ], [ 77.024405745600006, 8.624861856 ], [ 77.0244074907, 8.624863448599999 ], [ 77.024408757700002, 8.624864585299999 ], [ 77.024409993399999, 8.6248657326 ], [ 77.024410237, 8.624865953900001 ], [ 77.024410245699997, 8.624865961699999 ], [ 77.024443489600003, 8.624896209699999 ], [ 77.0244801252, 8.6249552134 ], [ 77.024482581599997, 8.6249591877 ], [ 77.024524931900004, 8.6250290664 ], [ 77.024549177899999, 8.6250826598 ], [ 77.024550129, 8.6250846692 ], [ 77.024553675, 8.6250925907 ], [ 77.024597741099996, 8.6251903842 ], [ 77.024641965699999, 8.625288212099999 ], [ 77.024645803400006, 8.6252982233 ], [ 77.024646218100003, 8.6252981001 ], [ 77.024695161599993, 8.625406617099999 ] ] ] ] } },
{ "type": "Feature", "properties": { "gml_parent": null, "gml_pare_1": "featureMembers", "gml_id": "Thiruvanathapuram_Editor.fid-f0aec0d_192a2341ec3_-5113", "geom": null, "District": "Thiruvanathapuram", "LSGD": "Nedumangad", "Ward_Name": "MUGHAVOOR", "Ward_No": 17, "Lsgd_Type": "Municipality", "Created_Da": "2024/10/19 11:15:15.201", "Surveyor": "satheesh", "Mob_No": null, "Remarks": null, "_distLsgd": "Thiruvanathapuram_Nedumangad", "OBJECTID": 439, "_result": "Thiruvanathapuram_Nedumangad", "_ulid": "01JBBD70X170A88TT77VY8PM1H", "_distLsgd2": "Thiruvanathapuram_Nedumangad" }, "geometry": { "type": "MultiPolygon", "coordinates": [ [ [ [ 77.018536503799993, 8.6234913964 ], [ 77.018966747799993, 8.6232824319 ], [ 77.018966748799997, 8.6232824314 ], [ 77.018966748899999, 8.6232824314 ], [ 77.018997888399994, 8.623267307300001 ], [ 77.019012652599997, 8.623260136500001 ], [ 77.019100365200003, 8.6232577711 ], [ 77.019424419200007, 8.6232490321 ], [ 77.019424420500002, 8.623249032 ], [ 77.0199306409, 8.623206701100001 ], [ 77.019943807900006, 8.623203927900001 ], [ 77.020137415799994, 8.6231631515 ], [ 77.020341924299998, 8.6231857638 ], [ 77.020518553499997, 8.6232052936 ], [ 77.020904277100001, 8.623247942700001 ], [ 77.0209042778, 8.623247942700001 ], [ 77.0209042778, 8.623247942700001 ], [ 77.020878082, 8.62371624 ], [ 77.020876338199997, 8.623716783900001 ], [ 77.020876201600004, 8.623716826500001 ], [ 77.020544573600006, 8.6238447473 ], [ 77.020497135599996, 8.6239511692 ], [ 77.020421632600005, 8.624120551800001 ], [ 77.020290179599996, 8.6241891365 ], [ 77.020290177700005, 8.6241891375 ], [ 77.020000317899999, 8.6241848013 ], [ 77.020000652199997, 8.624186114800001 ], [ 77.0202579531, 8.625196950099999 ], [ 77.020285235299994, 8.6252024959 ], [ 77.020371620199995, 8.625207054900001 ], [ 77.020496329799997, 8.6252136365 ], [ 77.020568409700005, 8.6252145239 ], [ 77.020880154799997, 8.625144108 ], [ 77.020880189600007, 8.6251441252 ], [ 77.020880225499994, 8.6251441429 ], [ 77.021150314600007, 8.625277559 ], [ 77.021166177599994, 8.6252713687 ], [ 77.02138395, 8.625186386399999 ], [ 77.02138395, 8.625186386399999 ], [ 77.022034933, 8.6252026239 ], [ 77.022034481700004, 8.625200874900001 ], [ 77.021977612900002, 8.6249804793 ], [ 77.021890935299993, 8.6246796634 ], [ 77.021866990299998, 8.6244453058 ], [ 77.021866509299997, 8.6244405983 ], [ 77.021782543300006, 8.624347050100001 ], [ 77.021779390099994, 8.624343723899999 ], [ 77.021779446500005, 8.6243436244 ], [ 77.021779455, 8.6243436094 ], [ 77.021845635099993, 8.6242182467 ], [ 77.021941006500001, 8.623620535300001 ], [ 77.021964924900004, 8.6234706337 ], [ 77.021964604, 8.6234730186 ], [ 77.021946196299993, 8.623583115100001 ], [ 77.021937685500006, 8.6236427892 ], [ 77.021950223100006, 8.6235605444 ], [ 77.021962466199994, 8.6234716616 ], [ 77.021966011800004, 8.623469164 ], [ 77.022179276599999, 8.623456729600001 ], [ 77.022393989400001, 8.6234316895 ], [ 77.022482345900002, 8.623410375100001 ], [ 77.02248236, 8.6234103715 ], [ 77.022741003500002, 8.6233441089 ], [ 77.022784037099996, 8.623326244499999 ], [ 77.022757320300002, 8.6232750741 ], [ 77.022756448699994, 8.6232733751 ], [ 77.022755418100004, 8.623271365800001 ], [ 77.022755413, 8.6232713125 ], [ 77.022755387, 8.6232710373 ], [ 77.022743515399995, 8.6231454161 ], [ 77.022744000800003, 8.623144422099999 ], [ 77.022750462199994, 8.623131190800001 ], [ 77.022750462199994, 8.623131190800001 ], [ 77.022821900400004, 8.6229784765 ], [ 77.022821900400004, 8.6229784765 ], [ 77.0228568024, 8.622924900699999 ], [ 77.022922393, 8.622824586 ], [ 77.022922393, 8.622824586 ], [ 77.022934678200002, 8.622792668900001 ], [ 77.022940308100004, 8.6227780423 ], [ 77.022947507300003, 8.6227593388 ], [ 77.022961630899999, 8.6227226455 ], [ 77.023012463200004, 8.6226465408 ], [ 77.023013083600006, 8.622645612 ], [ 77.023013585100003, 8.6226448612 ], [ 77.023079300099994, 8.622448395799999 ], [ 77.023090051899999, 8.622415176300001 ], [ 77.023143206200004, 8.622250946399999 ], [ 77.023144318199996, 8.622247510499999 ], [ 77.023147936499996, 8.6222363313 ], [ 77.023148113900007, 8.622235783 ], [ 77.0231481127, 8.6222357705 ], [ 77.023141293, 8.6221683446 ], [ 77.023132764099998, 8.62208402 ], [ 77.023124289600005, 8.6220002326 ], [ 77.023123663700005, 8.621994043600001 ], [ 77.022991924699994, 8.6218331463 ], [ 77.022991924600007, 8.6218331462 ], [ 77.022984696899996, 8.6218244435 ], [ 77.022864541100006, 8.621713782500001 ], [ 77.022842734799994, 8.6216936993 ], [ 77.022829030400004, 8.6216810779 ], [ 77.022816968100003, 8.621669968699999 ], [ 77.022815229399995, 8.6216683675 ], [ 77.022815079799997, 8.621668229599999 ], [ 77.02277422, 8.6216226583 ], [ 77.022585451500007, 8.621412122600001 ], [ 77.022428889899999, 8.6212375073 ], [ 77.022384627799994, 8.621188141099999 ], [ 77.0223599041, 8.6211605665 ], [ 77.022330977, 8.621004861199999 ], [ 77.022320627300005, 8.6209491525 ], [ 77.0223107419, 8.620895942600001 ], [ 77.022310396400002, 8.6208903049 ], [ 77.022310065400006, 8.620884906 ], [ 77.022309995800001, 8.620883769800001 ], [ 77.022309815499995, 8.620880829600001 ], [ 77.022309402199994, 8.620874086800001 ], [ 77.022308152799994, 8.6208537038 ], [ 77.022301345900004, 8.62074266 ], [ 77.022300447199996, 8.620728892600001 ], [ 77.022283274, 8.6207153093 ], [ 77.022266975899996, 8.6207024181 ], [ 77.022232786900005, 8.620675375899999 ], [ 77.022070922699996, 8.620547347500001 ], [ 77.022007197500002, 8.6205059278 ], [ 77.021955656299994, 8.620472427399999 ], [ 77.021919243200003, 8.6204487598 ], [ 77.021866125100004, 8.6204142344 ], [ 77.021849695300006, 8.6204044202 ], [ 77.021847453600003, 8.620403081199999 ], [ 77.021845252899993, 8.620401766600001 ], [ 77.021779991299994, 8.620353093 ], [ 77.021359671300004, 8.620039608300001 ], [ 77.020411551899997, 8.6190616662 ], [ 77.020405612399998, 8.6190555399 ], [ 77.020391630899994, 8.6190411185 ], [ 77.020278752300001, 8.618906554900001 ], [ 77.020257392800005, 8.618881092 ], [ 77.020174939399993, 8.6187827984 ], [ 77.020174936900005, 8.6187827954 ], [ 77.020125860600004, 8.618723622099999 ], [ 77.0200438392, 8.6186247257 ], [ 77.019904379, 8.6184565726 ], [ 77.019903552800002, 8.618435742699999 ], [ 77.019903552800002, 8.618435742599999 ], [ 77.019900577900003, 8.6183607389 ], [ 77.019898353299993, 8.618304650700001 ], [ 77.0198967595, 8.6182644692 ], [ 77.019895657800006, 8.6182366923 ], [ 77.019889951600007, 8.6180928259 ], [ 77.019887596700002, 8.618033455100001 ], [ 77.019882950899998, 8.617916326 ], [ 77.019875085799995, 8.617718029200001 ], [ 77.019869236399998, 8.617389231900001 ], [ 77.019867843499995, 8.617310939899999 ], [ 77.019924321399998, 8.617076410499999 ], [ 77.019986450399998, 8.616818414400001 ], [ 77.019986450499999, 8.616818413800001 ], [ 77.020077140799998, 8.616418300799999 ], [ 77.020082631600005, 8.616392943699999 ], [ 77.020091689200001, 8.6163511145 ], [ 77.020103703900006, 8.6162956293 ], [ 77.020114025300003, 8.616247964 ], [ 77.020133892800004, 8.6161562138 ], [ 77.020155610299994, 8.616055920200001 ], [ 77.020163502900004, 8.616019471 ], [ 77.020133017700005, 8.6160025545 ], [ 77.019989428800002, 8.615992073499999 ], [ 77.019920704900002, 8.6159870571 ], [ 77.019816861899997, 8.6159794772 ], [ 77.019798196400004, 8.615978114700001 ], [ 77.019790509900005, 8.615977553600001 ], [ 77.019752261899995, 8.6159747618 ], [ 77.019751556499997, 8.615974617 ], [ 77.019531311799994, 8.6159298401 ], [ 77.019529632599998, 8.6159295589 ], [ 77.019529292800001, 8.615929502 ], [ 77.019259992800002, 8.615884401 ], [ 77.018969013700001, 8.6158772256 ], [ 77.018881260399993, 8.615879705799999 ], [ 77.018832361700007, 8.6158810878 ], [ 77.018826983099999, 8.6158812398 ], [ 77.018820417800001, 8.6158814254 ], [ 77.0187723, 8.6158827853 ], [ 77.018770155200002, 8.615882216499999 ], [ 77.0187683953, 8.6158817497 ], [ 77.018713003, 8.615867057899999 ], [ 77.018685052799995, 8.6158596445 ], [ 77.018612718, 8.615840459 ], [ 77.018608633100001, 8.6158393756 ], [ 77.018555069200005, 8.615829766 ], [ 77.018533956799999, 8.6158314985 ], [ 77.018526493099998, 8.615832111 ], [ 77.018525921, 8.6158321579 ], [ 77.018525761399999, 8.615832171 ], [ 77.018525754600006, 8.615832171599999 ], [ 77.018525751499993, 8.615832171799999 ], [ 77.018524743900002, 8.615828266 ], [ 77.018522871399995, 8.615821007399999 ], [ 77.018522263, 8.6158186491 ], [ 77.018521959200001, 8.6158174715 ], [ 77.018521163599999, 8.6158143873 ], [ 77.0185209184, 8.6158134368 ], [ 77.018519939399994, 8.6158096417 ], [ 77.018514740699999, 8.615789489200001 ], [ 77.018511941599996, 8.6157786388 ], [ 77.0184854452, 8.6157396244 ], [ 77.018437098299998, 8.6156773447 ], [ 77.018425566100007, 8.6156624891 ], [ 77.018424937099994, 8.6156616788 ], [ 77.018423663, 8.6156600375 ], [ 77.018418756499997, 8.615653717100001 ], [ 77.018415276300004, 8.615649233899999 ], [ 77.018397611599994, 8.6156190752 ], [ 77.018396432, 8.6156170614 ], [ 77.0183823351, 8.615592994 ], [ 77.018348610100006, 8.6155374127 ], [ 77.018342484599998, 8.6155329431 ], [ 77.018274118199997, 8.615483058700001 ], [ 77.018159045700003, 8.615399094300001 ], [ 77.018071151800001, 8.6153350842 ], [ 77.017774400500002, 8.6151204205 ], [ 77.017542379299996, 8.614952580700001 ], [ 77.017539933699993, 8.6149508117 ], [ 77.017534753800007, 8.614947064600001 ], [ 77.017518910199996, 8.614935603599999 ], [ 77.017486246900006, 8.6149761463 ], [ 77.017445150100002, 8.615030129599999 ], [ 77.017434308700004, 8.6150443706 ], [ 77.017326267, 8.615187922400001 ], [ 77.017326824099996, 8.6151910914 ], [ 77.017355732400006, 8.615355516 ], [ 77.0173577825, 8.6153671767 ], [ 77.017357934800003, 8.6153680429 ], [ 77.017358206899999, 8.6153695907 ], [ 77.017406457299998, 8.615499355600001 ], [ 77.017424170499993, 8.6155441296 ], [ 77.017459023200004, 8.615632227700001 ], [ 77.017459107099995, 8.615632439700001 ], [ 77.017470979199999, 8.6156624492 ], [ 77.017476052299997, 8.615675272500001 ], [ 77.017483632700007, 8.6156944336 ], [ 77.017477825699999, 8.616012556799999 ], [ 77.017468337, 8.616042414200001 ], [ 77.017426956400001, 8.616172624 ], [ 77.017422739799997, 8.616185891800001 ], [ 77.017419827599994, 8.6161950557 ], [ 77.017373163399995, 8.616341890799999 ], [ 77.017359475299997, 8.6163764422 ], [ 77.017332549800003, 8.6164444076 ], [ 77.017282650499993, 8.616608143800001 ], [ 77.017191897700002, 8.6169059337 ], [ 77.017069682499994, 8.617306961900001 ], [ 77.017065053799996, 8.617395206099999 ], [ 77.017059979300001, 8.617607379100001 ], [ 77.017059584500004, 8.6176238856 ], [ 77.0170579885, 8.617690615500001 ], [ 77.017056159500001, 8.6177043646 ], [ 77.017054864900004, 8.6177140967 ], [ 77.017050562899996, 8.617746436099999 ], [ 77.017044071399994, 8.617795235199999 ], [ 77.017044071399994, 8.617795235199999 ], [ 77.017044071399994, 8.617795235199999 ], [ 77.017033053099993, 8.617878063299999 ], [ 77.0170306264, 8.6178963052 ], [ 77.017030283699995, 8.6178988811 ], [ 77.017030184099994, 8.6178996303 ], [ 77.017029798400003, 8.6179025295 ], [ 77.017028827900006, 8.6179098251 ], [ 77.017028092100006, 8.617915356299999 ], [ 77.016989182900005, 8.6180085796 ], [ 77.016960330200007, 8.6180777081 ], [ 77.0169571287, 8.6180853786 ], [ 77.016956635499994, 8.6180865603 ], [ 77.016945329099997, 8.618101087 ], [ 77.016893552799999, 8.6181676107 ], [ 77.016796018299999, 8.6182929256 ], [ 77.016588469300004, 8.6185595895 ], [ 77.0164208363, 8.6187749683 ], [ 77.016345112400003, 8.618851167800001 ], [ 77.0160554988, 8.6191426002 ], [ 77.016026676400003, 8.6191677461 ], [ 77.015959984899993, 8.619225930600001 ], [ 77.015926822300003, 8.6192548632 ], [ 77.015821435500001, 8.619346807099999 ], [ 77.015820912199999, 8.6193478713 ], [ 77.015820391800005, 8.619348929599999 ], [ 77.015815195800002, 8.6193594964 ], [ 77.015763949199993, 8.6194637143 ], [ 77.0157474775, 8.619497212 ], [ 77.015727137599995, 8.6195402678 ], [ 77.015727001800002, 8.6195406345 ], [ 77.015726936799993, 8.61954081 ], [ 77.015726337100006, 8.619542429799999 ], [ 77.015719445599998, 8.619561041600001 ], [ 77.015477974099994, 8.620213182100001 ], [ 77.015450154600003, 8.6202298182 ], [ 77.015445833300006, 8.620226072299999 ], [ 77.015418994399994, 8.620237896200001 ], [ 77.015150196700006, 8.6207477146 ], [ 77.015128149899994, 8.6207888685 ], [ 77.014876037, 8.621259477300001 ], [ 77.0144996999, 8.621761615700001 ], [ 77.014428439100001, 8.6218566972 ], [ 77.014420407800003, 8.6218702617 ], [ 77.014422560400007, 8.6218793421 ], [ 77.014425852499997, 8.621893229 ], [ 77.014435132800003, 8.621932376 ], [ 77.014484931499993, 8.622142441199999 ], [ 77.014540466699998, 8.6223440042 ], [ 77.014540701100003, 8.622344850699999 ], [ 77.014228227900006, 8.6228955417 ], [ 77.014216797800003, 8.6229123462 ], [ 77.014174137500007, 8.6229750652 ], [ 77.014101469799996, 8.623081900800001 ], [ 77.014085568499993, 8.623105278700001 ], [ 77.014093116300003, 8.623164583 ], [ 77.014159116100004, 8.6236831505 ], [ 77.014171634299998, 8.6237518124 ], [ 77.014192073100006, 8.6238639193 ], [ 77.014222968400006, 8.624073338300001 ], [ 77.014191598500005, 8.624187082100001 ], [ 77.014179457899999, 8.6242080247 ], [ 77.014167792, 8.6242245132 ], [ 77.014159511700001, 8.624238977099999 ], [ 77.014155738699998, 8.6242367969 ], [ 77.014303371300002, 8.624256820499999 ], [ 77.0143779271, 8.6242780559 ], [ 77.014458530599995, 8.6242895631 ], [ 77.014466279499999, 8.6242097044 ], [ 77.014478533599998, 8.6241303151 ], [ 77.014739712799994, 8.624176197400001 ], [ 77.015201546300005, 8.624247716 ], [ 77.015268265299994, 8.624531230900001 ], [ 77.015437402200007, 8.624628125199999 ], [ 77.015580743399994, 8.624755114499999 ], [ 77.015715761500005, 8.6247960201 ], [ 77.015909026399996, 8.624931223500001 ], [ 77.015987066, 8.625084424500001 ], [ 77.016240090699995, 8.625062596499999 ], [ 77.016448551400003, 8.6251995339 ], [ 77.016621613500007, 8.625310991 ], [ 77.016656402799995, 8.6253274916 ], [ 77.016844426600002, 8.625203151699999 ], [ 77.016844427099997, 8.625203151499999 ], [ 77.017120089200006, 8.6250252691 ], [ 77.017136582600003, 8.625014626 ], [ 77.017145318700003, 8.625008988699999 ], [ 77.017162373299996, 8.625007914499999 ], [ 77.017269193600001, 8.6250011868 ], [ 77.017269270300005, 8.6250011819 ], [ 77.017511387, 8.624886156700001 ], [ 77.017543028299997, 8.624812782899999 ], [ 77.017624476600005, 8.6246239111 ], [ 77.017682972100005, 8.6244882649 ], [ 77.017717400600006, 8.624408428100001 ], [ 77.017717400600006, 8.624408428100001 ], [ 77.0177676749, 8.624282344599999 ], [ 77.017880363, 8.6241770498 ], [ 77.017880363100005, 8.6241770497 ], [ 77.01788037, 8.6241770433 ], [ 77.018144563800007, 8.623930182700001 ], [ 77.0181566272, 8.6239210725 ], [ 77.018157473100004, 8.6239204337 ], [ 77.018157473200006, 8.6239204337 ], [ 77.018364032299999, 8.6237587196 ], [ 77.018376615, 8.6237488677 ], [ 77.018525609899996, 8.623508939100001 ], [ 77.018525609899996, 8.623508939100001 ], [ 77.018536503799993, 8.6234913964 ] ] ] ] } },
{ "type": "Feature", "properties": { "gml_parent": null, "gml_pare_1": "featureMembers", "gml_id": "Thiruvanathapuram_Editor.fid-f0aec0d_192a2341ec3_-5b60", "geom": null, "District": "Thiruvanathapuram", "LSGD": "Nedumangad", "Ward_Name": "KORALIYODU", "Ward_No": 18, "Lsgd_Type": "Municipality", "Created_Da": "2024/10/19 09:58:49.172", "Surveyor": "m j Bisiri", "Mob_No": null, "Remarks": null, "_distLsgd": "Thiruvanathapuram_Nedumangad", "OBJECTID": 439, "_result": "Thiruvanathapuram_Nedumangad", "_ulid": "01JBBD70X170A88TT77VY8PM1H", "_distLsgd2": "Thiruvanathapuram_Nedumangad" }, "geometry": { "type": "MultiPolygon", "coordinates": [ [ [ [ 77.022952900500002, 8.623668393399999 ], [ 77.022950116, 8.6236626749 ], [ 77.022872177500005, 8.623503493599999 ], [ 77.022850323200004, 8.623457163599999 ], [ 77.022847231900002, 8.623450610200001 ], [ 77.022787803400007, 8.6233332025 ], [ 77.022784072799993, 8.6233263128 ], [ 77.022741003500002, 8.6233441089 ], [ 77.02248236, 8.6234103715 ], [ 77.022482345900002, 8.623410375100001 ], [ 77.022403148500004, 8.623430664900001 ], [ 77.022393989400001, 8.6234316895 ], [ 77.022145760499996, 8.623459736799999 ], [ 77.021966011800004, 8.623469164 ], [ 77.021965716799997, 8.623470873900001 ], [ 77.0218516276, 8.6235497401 ], [ 77.021955842799997, 8.623476975100001 ], [ 77.021964924900004, 8.6234706337 ], [ 77.021952508699997, 8.6235440559 ], [ 77.021941006500001, 8.623620535300001 ], [ 77.021845635099993, 8.6242182467 ], [ 77.021846459700001, 8.6242169856 ], [ 77.021779455, 8.6243436094 ], [ 77.021779446500005, 8.6243436244 ], [ 77.021779390099994, 8.624343723899999 ], [ 77.021782543300006, 8.624347050100001 ], [ 77.021859669899996, 8.624433038199999 ], [ 77.021866509299997, 8.6244405983 ], [ 77.021866990299998, 8.6244453058 ], [ 77.021890935299993, 8.6246796634 ], [ 77.021977612900002, 8.6249804793 ], [ 77.022034879499998, 8.6252025198 ], [ 77.022034933, 8.6252026239 ], [ 77.02138395, 8.625186386399999 ], [ 77.021163405300001, 8.6252728731 ], [ 77.021150314600007, 8.625277559 ], [ 77.020880225499994, 8.6251441429 ], [ 77.020880189600007, 8.6251441252 ], [ 77.020880154799997, 8.625144108 ], [ 77.020568409700005, 8.6252145239 ], [ 77.020557943100002, 8.625216888100001 ], [ 77.020496329799997, 8.6252136365 ], [ 77.020371620199995, 8.625207054900001 ], [ 77.020285235299994, 8.6252024959 ], [ 77.020259027500003, 8.625201112799999 ], [ 77.0202579531, 8.625196950099999 ], [ 77.020001519700003, 8.6241894797 ], [ 77.020000652199997, 8.624186114800001 ], [ 77.020000317899999, 8.6241848013 ], [ 77.020290177700005, 8.6241891375 ], [ 77.020421632600005, 8.624120551800001 ], [ 77.020497135599996, 8.6239511692 ], [ 77.020544573600006, 8.6238447473 ], [ 77.020544796199999, 8.623844247899999 ], [ 77.020805581800005, 8.6237446608 ], [ 77.020876201600004, 8.623716826500001 ], [ 77.020876338199997, 8.623716783900001 ], [ 77.020878082, 8.62371624 ], [ 77.0209042778, 8.623247942700001 ], [ 77.020518553499997, 8.6232052936 ], [ 77.020341924299998, 8.6231857638 ], [ 77.020137415799994, 8.6231631515 ], [ 77.019943807900006, 8.623203927900001 ], [ 77.019834922599998, 8.6232131794 ], [ 77.019750674500003, 8.6232204739 ], [ 77.019627848599995, 8.6232313328 ], [ 77.019459352400006, 8.623245921900001 ], [ 77.019441498899994, 8.6232485715 ], [ 77.019424419200007, 8.6232490321 ], [ 77.019100365200003, 8.6232577711 ], [ 77.019012652599997, 8.623260136500001 ], [ 77.018997888399994, 8.623267307300001 ], [ 77.018966747799993, 8.6232824319 ], [ 77.018536503799993, 8.6234913964 ], [ 77.018525609899996, 8.623508939100001 ], [ 77.018376615, 8.6237488677 ], [ 77.018364032299999, 8.6237587196 ], [ 77.018157473100004, 8.6239204337 ], [ 77.0181566272, 8.6239210725 ], [ 77.018144563800007, 8.623930182700001 ], [ 77.01788037, 8.6241770433 ], [ 77.017880363, 8.6241770498 ], [ 77.0177676749, 8.624282344599999 ], [ 77.017717400600006, 8.624408428100001 ], [ 77.017703507799993, 8.62444327 ], [ 77.017682972100005, 8.6244882649 ], [ 77.017624476600005, 8.6246239111 ], [ 77.017543028299997, 8.624812782899999 ], [ 77.017545270200003, 8.6248119 ], [ 77.017511387, 8.624886156700001 ], [ 77.017510777499993, 8.624887492299999 ], [ 77.017506828799995, 8.6248856794 ], [ 77.017267433699999, 8.624998059199999 ], [ 77.017269193600001, 8.6250011868 ], [ 77.017162373299996, 8.625007914499999 ], [ 77.017145318700003, 8.625008988699999 ], [ 77.017136582600003, 8.625014626 ], [ 77.017120089200006, 8.6250252691 ], [ 77.016844426600002, 8.625203151699999 ], [ 77.016656375, 8.625327481599999 ], [ 77.016656402799995, 8.6253274916 ], [ 77.017208113699994, 8.625599323699999 ], [ 77.017146746899996, 8.625692944100001 ], [ 77.017201114499997, 8.6257237611 ], [ 77.017373767, 8.6257705446 ], [ 77.017283318500006, 8.626014434 ], [ 77.017216522400005, 8.6262741864 ], [ 77.017200939899993, 8.626462070100001 ], [ 77.017699459400006, 8.626586420700001 ], [ 77.017891390599999, 8.6267559308 ], [ 77.018367702600003, 8.6267916519 ], [ 77.018568496100002, 8.626949591200001 ], [ 77.019040350200001, 8.6272637572 ], [ 77.019352750400003, 8.627295073 ], [ 77.019443436, 8.6271159033 ], [ 77.019736642799998, 8.6271178386 ], [ 77.020194758499997, 8.6271981918 ], [ 77.020472366, 8.6271846463 ], [ 77.0207897385, 8.6270680071 ], [ 77.020995862800007, 8.6269462373 ], [ 77.021051565500002, 8.626910072699999 ], [ 77.021551033500003, 8.626539431299999 ], [ 77.022078692299999, 8.626182414600001 ], [ 77.022202537200002, 8.6261379711 ], [ 77.0224556079, 8.6261947089 ], [ 77.022575655500006, 8.626278834300001 ], [ 77.022693440599994, 8.6262514776 ], [ 77.02271794, 8.626308678 ], [ 77.023296482899994, 8.6269741911 ], [ 77.023640468400004, 8.627267015899999 ], [ 77.023819713699993, 8.627461155 ], [ 77.023835127699996, 8.6279326931 ], [ 77.023658230400002, 8.628899050199999 ], [ 77.0234259498, 8.62970225 ], [ 77.023455190500002, 8.630532129900001 ], [ 77.022906709599994, 8.6314856267 ], [ 77.022101067799994, 8.6323980127 ], [ 77.021382041300001, 8.634184618600001 ], [ 77.021021911299997, 8.6350867972 ], [ 77.021072975, 8.6351708499 ], [ 77.021080477799998, 8.635577835599999 ], [ 77.0218188156, 8.636372679500001 ], [ 77.022071759300005, 8.6368166052 ], [ 77.022161903899999, 8.637196768600001 ], [ 77.022271374499994, 8.637106403400001 ], [ 77.022590933199993, 8.637055483599999 ], [ 77.0228962459, 8.6369475214 ], [ 77.024198863199999, 8.6371978714 ], [ 77.025384545400001, 8.6370689969 ], [ 77.025820485300002, 8.636842039599999 ], [ 77.025969569799997, 8.636764423800001 ], [ 77.026124652600004, 8.6364431892 ], [ 77.026162909099995, 8.636363945799999 ], [ 77.026162910400004, 8.6363639328 ], [ 77.026236780199994, 8.6356374842 ], [ 77.026764879699996, 8.634865191899999 ], [ 77.026764880100004, 8.634865191199999 ], [ 77.026764880599998, 8.634865190499999 ], [ 77.026764880599998, 8.634865190499999 ], [ 77.026764880599998, 8.634865190499999 ], [ 77.026780049899997, 8.634843007 ], [ 77.026790209599994, 8.634828149400001 ], [ 77.026873664299998, 8.634830232300001 ], [ 77.027036109899996, 8.634832920299999 ], [ 77.027123704399997, 8.6348343698 ], [ 77.027269775600004, 8.6348342391 ], [ 77.027458601099994, 8.6347948067 ], [ 77.027477440300004, 8.6347908725 ], [ 77.027723329500006, 8.6347395236 ], [ 77.027725109900004, 8.634739159 ], [ 77.027857939800001, 8.6347114129 ], [ 77.027858226099994, 8.6347113531 ], [ 77.027858226099994, 8.6347113531 ], [ 77.0278518824, 8.6346529755 ], [ 77.027851365199993, 8.6346482158 ], [ 77.027850836499994, 8.634643350499999 ], [ 77.027830909499997, 8.6344599718 ], [ 77.027830909399995, 8.6344599716 ], [ 77.027610383400003, 8.634116219499999 ], [ 77.027548581800005, 8.6340341148 ], [ 77.0275486118, 8.634033475400001 ], [ 77.027559382099994, 8.6338045382 ], [ 77.027559550199996, 8.633800964700001 ], [ 77.027687852599996, 8.633296360299999 ], [ 77.027653316, 8.6331673669 ], [ 77.027647298199994, 8.633144890500001 ], [ 77.027633360300001, 8.633032354299999 ], [ 77.027614392700002, 8.6328792072 ], [ 77.027623991400006, 8.632827803 ], [ 77.0276312883, 8.632788726399999 ], [ 77.027632594599993, 8.6327672005 ], [ 77.0276396199, 8.6326514386 ], [ 77.027639263899999, 8.632648398 ], [ 77.027606308800003, 8.6323669787 ], [ 77.027606305299997, 8.6323669486 ], [ 77.027606305299997, 8.6323669486 ], [ 77.027341276300007, 8.632217709600001 ], [ 77.027341258099995, 8.632217753500001 ], [ 77.027276978399996, 8.632198882100001 ], [ 77.027208459500002, 8.6321787818 ], [ 77.027208385, 8.632178637199999 ], [ 77.027183162300005, 8.632129707700001 ], [ 77.027182402299999, 8.632129322799999 ], [ 77.027129902900001, 8.6320315395 ], [ 77.027129114399997, 8.6320301688 ], [ 77.027127793099993, 8.6320276755 ], [ 77.027126768499997, 8.632025777200001 ], [ 77.027120864500006, 8.632014845700001 ], [ 77.027120780199994, 8.6320147109 ], [ 77.027105728500004, 8.6319168571 ], [ 77.027105690499994, 8.631916610599999 ], [ 77.027090984300003, 8.631819037 ], [ 77.027090998700004, 8.631819004500001 ], [ 77.027175463500001, 8.6316470694 ], [ 77.027264123199998, 8.631588255300001 ], [ 77.027264563399996, 8.6315884027 ], [ 77.027285530900002, 8.6315743194 ], [ 77.027285519200007, 8.631574241099999 ], [ 77.027302246299996, 8.631563463499999 ], [ 77.027480708400006, 8.631553538 ], [ 77.0274806746, 8.631553757 ], [ 77.027488810099996, 8.631552904099999 ], [ 77.027698576399999, 8.6315407763 ], [ 77.027759638199996, 8.6315371703 ], [ 77.027787387100005, 8.6315123316 ], [ 77.027814276699999, 8.6314891533 ], [ 77.0278153358, 8.631488213700001 ], [ 77.027836745900004, 8.631480165599999 ], [ 77.027948997300001, 8.6313887788 ], [ 77.027949013599994, 8.6313886772 ], [ 77.027960849500005, 8.631315087200001 ], [ 77.028009391200001, 8.6310470303 ], [ 77.027985931399996, 8.630863231499999 ], [ 77.027970288099993, 8.630740519 ], [ 77.027807759300003, 8.6305248232 ], [ 77.027801168899998, 8.630519127 ], [ 77.027787483200001, 8.6305070273 ], [ 77.027787483200001, 8.6305070272 ], [ 77.027568603199995, 8.630352139199999 ], [ 77.027552173399997, 8.630341320399999 ], [ 77.027227570899996, 8.6302621897 ], [ 77.027120052100003, 8.630235979 ], [ 77.026405075699998, 8.6296339384 ], [ 77.026350820299996, 8.629454283799999 ], [ 77.026240176300007, 8.629087910399999 ], [ 77.026216362, 8.628921286 ], [ 77.026142008899996, 8.628605295 ], [ 77.026141939499993, 8.6286050001 ], [ 77.026141939499993, 8.628605 ], [ 77.026141939400006, 8.6286049999 ], [ 77.026067729499999, 8.6284869414 ], [ 77.025986365799994, 8.6283870156 ], [ 77.025981416600004, 8.628380937399999 ], [ 77.025975051499998, 8.628373120099999 ], [ 77.025823430800003, 8.628186909 ], [ 77.025803784800004, 8.628162939299999 ], [ 77.025800482099996, 8.6281590586 ], [ 77.025762918699996, 8.628113456099999 ], [ 77.025725906399998, 8.628067511499999 ], [ 77.025573339199994, 8.627883283699999 ], [ 77.025527922500004, 8.627737250099999 ], [ 77.025524855399993, 8.6277157897 ], [ 77.025422513600006, 8.627340375599999 ], [ 77.025422003, 8.627338888200001 ], [ 77.025331884300002, 8.627076390899999 ], [ 77.025231063800007, 8.6267827212 ], [ 77.0252310626, 8.626782717299999 ], [ 77.025231062399996, 8.626782716799999 ], [ 77.025231062100005, 8.626782716199999 ], [ 77.025168738800005, 8.6266011806 ], [ 77.025167601500002, 8.626599159 ], [ 77.025012884, 8.626324134600001 ], [ 77.024989055500001, 8.626283216499999 ], [ 77.024987439900002, 8.626280442200001 ], [ 77.024911465, 8.626053737099999 ], [ 77.024787442800005, 8.6256835963 ], [ 77.024787442499999, 8.6256835951 ], [ 77.024787441399994, 8.6256835917 ], [ 77.024787440899999, 8.6256835907 ], [ 77.0247271243, 8.625503588699999 ], [ 77.024711516599993, 8.6254570109 ], [ 77.024708989399997, 8.625449140400001 ], [ 77.024695079500006, 8.625406399199999 ], [ 77.024597741099996, 8.6251903842 ], [ 77.024553675, 8.6250925907 ], [ 77.024525164, 8.625029444200001 ], [ 77.024525163600003, 8.625029443500001 ], [ 77.024524931900004, 8.6250290664 ], [ 77.024505022300005, 8.6249967622 ], [ 77.024505148200006, 8.6249968176 ], [ 77.0244801252, 8.6249552134 ], [ 77.024460511800001, 8.6249235699 ], [ 77.0244432378, 8.624895825899999 ], [ 77.024410373600006, 8.6248660781 ], [ 77.024410245699997, 8.624865961699999 ], [ 77.024410246100004, 8.624865960899999 ], [ 77.024410237, 8.624865953900001 ], [ 77.024409993500001, 8.6248657324 ], [ 77.024409993399999, 8.6248657326 ], [ 77.024409403099995, 8.624865160300001 ], [ 77.024408757700002, 8.624864585299999 ], [ 77.024408733200005, 8.624864560700001 ], [ 77.024408734299996, 8.6248645576 ], [ 77.024408496, 8.624864247 ], [ 77.024408484399999, 8.624864234 ], [ 77.024408173300003, 8.6248639682 ], [ 77.0244081596, 8.6248639545 ], [ 77.024407704599994, 8.6248636084 ], [ 77.0244074907, 8.624863448599999 ], [ 77.024406544, 8.624862717399999 ], [ 77.024393902, 8.6248511587 ], [ 77.024393743800005, 8.6248510091 ], [ 77.024392202599998, 8.624849599399999 ], [ 77.024392155, 8.624849555799999 ], [ 77.024390991399997, 8.624848419599999 ], [ 77.024390485500007, 8.624847984800001 ], [ 77.024390005100003, 8.6248475663 ], [ 77.024389453300003, 8.624847018800001 ], [ 77.024388872299994, 8.624846490199999 ], [ 77.024387237400006, 8.624845002700001 ], [ 77.024306891400002, 8.624765034599999 ], [ 77.024081656500002, 8.624540334800001 ], [ 77.023972438900003, 8.6244317816 ], [ 77.023971929599995, 8.6244312848 ], [ 77.023969769800004, 8.624429173699999 ], [ 77.023857182200004, 8.6243191276 ], [ 77.023801669099996, 8.624264867600001 ], [ 77.023801629399998, 8.624264829399999 ], [ 77.023801629399998, 8.624264829299999 ], [ 77.023642274799997, 8.624194402800001 ], [ 77.023387983099994, 8.624082018899999 ], [ 77.023370049600004, 8.6240729649 ], [ 77.023361081700003, 8.6240684373 ], [ 77.023391492499997, 8.6240837906 ], [ 77.023383097099995, 8.6240795521 ], [ 77.023374498199999, 8.624075210799999 ], [ 77.023156452699993, 8.623961450199999 ], [ 77.023149703399994, 8.623957921400001 ], [ 77.023119434099996, 8.623924068299999 ], [ 77.023082171699997, 8.623882394200001 ], [ 77.023027126200006, 8.6238208316 ], [ 77.022986684, 8.6237377751 ], [ 77.022969239899993, 8.623701949899999 ], [ 77.022953993200005, 8.6236706377 ], [ 77.022952900500002, 8.623668393399999 ] ] ] ] } },
{ "type": "Feature", "properties": { "gml_parent": null, "gml_pare_1": "featureMembers", "gml_id": "Thiruvanathapuram_Editor.fid-f0aec0d_192a2341ec3_-424e", "geom": null, "District": "Thiruvanathapuram", "LSGD": "Nedumangad", "Ward_Name": "PERAYATHUKONAM", "Ward_No": 37, "Lsgd_Type": "Municipality", "Created_Da": "2024/10/19 14:03:41.915", "Surveyor": "Jeevan", "Mob_No": null, "Remarks": null, "_distLsgd": "Thiruvanathapuram_Nedumangad", "OBJECTID": 439, "_result": "Thiruvanathapuram_Nedumangad", "_ulid": "01JBBD70X170A88TT77VY8PM1H", "_distLsgd2": "Thiruvanathapuram_Nedumangad" }, "geometry": { "type": "MultiPolygon", "coordinates": [ [ [ [ 76.974843039099994, 8.6041368578 ], [ 76.974843039099994, 8.6041368578 ], [ 76.974843039099994, 8.6041368578 ], [ 76.974810004800005, 8.604158245200001 ], [ 76.974899204799996, 8.604261576900001 ], [ 76.974928048400002, 8.6042949901 ], [ 76.974929499400005, 8.604293333899999 ], [ 76.974947064700004, 8.6043170191 ], [ 76.974984961399997, 8.604360919599999 ], [ 76.975025876299995, 8.604408316500001 ], [ 76.975028618300001, 8.6044101569 ], [ 76.975160015100002, 8.6044983505 ], [ 76.975180127900003, 8.6045118501 ], [ 76.975185204100001, 8.6045141751 ], [ 76.975231581700001, 8.604535416399999 ], [ 76.975274589099996, 8.6045551141 ], [ 76.9753277035, 8.6046853009 ], [ 76.975381308300001, 8.604773664 ], [ 76.975386411, 8.604782075299999 ], [ 76.975395988900004, 8.6048227674 ], [ 76.975409354500002, 8.6048795512 ], [ 76.975412626500002, 8.604893452100001 ], [ 76.975454368100003, 8.6049957633 ], [ 76.975492368499999, 8.6051318416 ], [ 76.975495076300007, 8.6051415384 ], [ 76.975514397400005, 8.605210726499999 ], [ 76.975519183800003, 8.6052278666 ], [ 76.975518529699997, 8.6052334536 ], [ 76.975509934399994, 8.605306864599999 ], [ 76.975493977, 8.6054431541 ], [ 76.975482031300004, 8.6055451805 ], [ 76.975481543599997, 8.6055493461 ], [ 76.975463220799995, 8.6057058383 ], [ 76.975459986900006, 8.6057334584 ], [ 76.975458203499997, 8.60574869 ], [ 76.975452626700005, 8.6057963208 ], [ 76.975455552, 8.6058293184 ], [ 76.975463724099995, 8.6058457658 ], [ 76.975488827500001, 8.6058962892 ], [ 76.975493385899995, 8.605905463499999 ], [ 76.975599748299999, 8.606119529500001 ], [ 76.975659267400005, 8.606239318 ], [ 76.976059942500001, 8.606643096499999 ], [ 76.976539412400001, 8.6065901456 ], [ 76.976539412600005, 8.6065901456 ], [ 76.976694566500001, 8.6065684406 ], [ 76.977113624899999, 8.6066060302 ], [ 76.977114113400006, 8.606589228800001 ], [ 76.977133178800003, 8.606590370299999 ], [ 76.97713118, 8.606605351600001 ], [ 76.977142014799995, 8.606594936800001 ], [ 76.977136197099995, 8.6066280622 ], [ 76.977128733200004, 8.6066705606 ], [ 76.977107828699999, 8.6067895879 ], [ 76.977160805500006, 8.6071669 ], [ 76.977165109, 8.6071975501 ], [ 76.977216053099994, 8.607347061500001 ], [ 76.977225072799996, 8.6073735323 ], [ 76.977212645, 8.6074650978 ], [ 76.977212643900003, 8.607465106099999 ], [ 76.977178082, 8.6077197525 ], [ 76.977177992400001, 8.6077197794 ], [ 76.976743315099995, 8.607850038300001 ], [ 76.976714654199995, 8.607858627100001 ], [ 76.976542838499995, 8.607932099499999 ], [ 76.976456864599996, 8.6079382084 ], [ 76.976316394199998, 8.6079481894 ], [ 76.976150017600006, 8.607960011099999 ], [ 76.975924699199993, 8.6079886819 ], [ 76.9757877686, 8.608006105699999 ], [ 76.975768667500006, 8.6080133892 ], [ 76.975768667, 8.6080133894 ], [ 76.975079862800001, 8.6082760394 ], [ 76.975027878399999, 8.6082958617 ], [ 76.975019797900003, 8.6082959915 ], [ 76.975003898899999, 8.608296247 ], [ 76.974965474499996, 8.6083130948 ], [ 76.974955793399999, 8.608317339599999 ], [ 76.9746952948, 8.6083337969 ], [ 76.974694600700005, 8.6083338407 ], [ 76.974618755799995, 8.608338632300001 ], [ 76.974600677799998, 8.608469107399999 ], [ 76.9745801806, 8.608617043300001 ], [ 76.974563778800004, 8.6087354205 ], [ 76.974548702199996, 8.608844234 ], [ 76.974549368699996, 8.608846352300001 ], [ 76.974571190500001, 8.6089156972 ], [ 76.974643258, 8.609144711700001 ], [ 76.974662210600002, 8.6092240328 ], [ 76.974672132099997, 8.6092452844 ], [ 76.974718381100004, 8.6093569667 ], [ 76.974793840499999, 8.6094965605 ], [ 76.974788574, 8.609504451199999 ], [ 76.974782947400001, 8.609512881300001 ], [ 76.9747883032, 8.6095258144 ], [ 76.974713153300002, 8.6096395392 ], [ 76.974528446799994, 8.609919056300001 ], [ 76.974487318499996, 8.6100062992 ], [ 76.974498925700004, 8.610144291699999 ], [ 76.974502021700005, 8.6101685847 ], [ 76.9745303009, 8.6103904818 ], [ 76.974541302299997, 8.610476806 ], [ 76.974544149, 8.6105033939 ], [ 76.974568798700005, 8.610733617199999 ], [ 76.974574953, 8.6107910974 ], [ 76.974583777500001, 8.610873516 ], [ 76.974584012600005, 8.6108757122 ], [ 76.974579061599997, 8.610951865100001 ], [ 76.9746222088, 8.611262463899999 ], [ 76.974402729600001, 8.6114490365 ], [ 76.974193669900004, 8.6116429295 ], [ 76.974155355799994, 8.611678463900001 ], [ 76.974134467599995, 8.611691495600001 ], [ 76.973229499499993, 8.612256087 ], [ 76.973125056399994, 8.6123109174 ], [ 76.9730994345, 8.612326069 ], [ 76.972873946799993, 8.6124594117 ], [ 76.972467509500007, 8.612672656699999 ], [ 76.972424796200002, 8.612695067 ], [ 76.9724254992, 8.6126957293 ], [ 76.972388402799993, 8.6127161032 ], [ 76.972369849299994, 8.612730639500001 ], [ 76.972369849200007, 8.612730639500001 ], [ 76.972194562300004, 8.6128679731 ], [ 76.972183556199994, 8.612876463299999 ], [ 76.972116198, 8.6129342505 ], [ 76.972124856899995, 8.6129584874 ], [ 76.972131082800004, 8.6129759145 ], [ 76.972169634799997, 8.6130619272 ], [ 76.972268939499997, 8.6132008444 ], [ 76.972394001799998, 8.613492240599999 ], [ 76.972418256, 8.6135209758 ], [ 76.972598119400004, 8.6136624386 ], [ 76.972823644900004, 8.6137597291 ], [ 76.972845185799997, 8.6137656189 ], [ 76.972961733, 8.613819299399999 ], [ 76.973011418400006, 8.613821038499999 ], [ 76.973233190900004, 8.6138028025 ], [ 76.9732331915, 8.6138028024 ], [ 76.973498033300004, 8.6137669887 ], [ 76.973657137, 8.613743643799999 ], [ 76.973678277399998, 8.6137310897 ], [ 76.973698065500002, 8.6137165747 ], [ 76.973704207300003, 8.613715691199999 ], [ 76.973804824300004, 8.613655940199999 ], [ 76.973861882199998, 8.6136176085 ], [ 76.973931119200003, 8.6135809403 ], [ 76.973959682900002, 8.6135639778 ], [ 76.974083003499999, 8.613638787499999 ], [ 76.974083003700002, 8.613638787599999 ], [ 76.974145237299993, 8.613667637100001 ], [ 76.974148412, 8.613668695499999 ], [ 76.974178943400005, 8.6136788743 ], [ 76.974181395900004, 8.613651043200001 ], [ 76.974182663099995, 8.613649522699999 ], [ 76.974261415, 8.6135550263 ], [ 76.974261418699996, 8.6135550219 ], [ 76.974319140199995, 8.6134857603 ], [ 76.974319140299997, 8.6134857603 ], [ 76.974342358499996, 8.6134579001 ], [ 76.974367826, 8.613427341 ], [ 76.974405881099997, 8.6133816778 ], [ 76.974459020699996, 8.613315331700001 ], [ 76.974474356499996, 8.613299512399999 ], [ 76.974603541799993, 8.613144499300001 ], [ 76.974987760100007, 8.612963343400001 ], [ 76.975059669499998, 8.612925323300001 ], [ 76.975062858399994, 8.6129213387 ], [ 76.975077527300002, 8.6129030094 ], [ 76.975199877099996, 8.612750129 ], [ 76.975349620399996, 8.6126209892 ], [ 76.975556984099995, 8.612436328 ], [ 76.975625631, 8.6122832377 ], [ 76.975622987799994, 8.6122821507 ], [ 76.975656245500005, 8.6122149639 ], [ 76.975713866299998, 8.612086463 ], [ 76.975868444, 8.6118311391 ], [ 76.975886268699995, 8.611801697200001 ], [ 76.975905563799998, 8.6117698264 ], [ 76.976055904500001, 8.611603863399999 ], [ 76.976107511799995, 8.6115637494 ], [ 76.976107825400007, 8.6115633866 ], [ 76.976107919100002, 8.611563432800001 ], [ 76.976315967100007, 8.6114017185 ], [ 76.976372773700007, 8.611354655 ], [ 76.976428385399998, 8.6113143365 ], [ 76.976832946599998, 8.610999873100001 ], [ 76.9769015806, 8.6109434262 ], [ 76.976907324300001, 8.6109373877 ], [ 76.976973031100002, 8.6108846629 ], [ 76.977000103799995, 8.6108594966 ], [ 76.977003729100005, 8.6108594158 ], [ 76.977012246, 8.6108524113 ], [ 76.977013469699997, 8.6108514048 ], [ 76.977014585399999, 8.6108504872 ], [ 76.977047744800004, 8.610851154200001 ], [ 76.977219413900002, 8.6108546072 ], [ 76.977315718900002, 8.6108524602 ], [ 76.977611267, 8.6108458708 ], [ 76.977719049300006, 8.610843467700001 ], [ 76.977727127600005, 8.6108465315 ], [ 76.977895320599998, 8.6109103206 ], [ 76.977970410500006, 8.6109387993 ], [ 76.977996578800003, 8.610936737 ], [ 76.978043698099995, 8.610933023699999 ], [ 76.978075602700002, 8.6109268311 ], [ 76.978203107200002, 8.6109175681 ], [ 76.978262893, 8.610909614400001 ], [ 76.978342944600001, 8.6108989647 ], [ 76.978353100199996, 8.610897613600001 ], [ 76.978392967299996, 8.610799242900001 ], [ 76.978409953799996, 8.610753218699999 ], [ 76.9785584591, 8.610728689 ], [ 76.978586715800006, 8.610727236400001 ], [ 76.97866328, 8.6107159821 ], [ 76.978670401100004, 8.610714935400001 ], [ 76.978686518399996, 8.6107125663 ], [ 76.978695480400006, 8.6107102044 ], [ 76.978780884100004, 8.6106127314 ], [ 76.978793167299997, 8.6105954748 ], [ 76.978812409900002, 8.6105767504 ], [ 76.978940712899998, 8.6104303153 ], [ 76.979149259500005, 8.610094420199999 ], [ 76.979150901099999, 8.610091776200001 ], [ 76.979154925200007, 8.610085294899999 ], [ 76.979160519600001, 8.6100762842 ], [ 76.979199776800002, 8.6100130546 ], [ 76.979204320299999, 8.6100057366 ], [ 76.979209611200005, 8.609991041 ], [ 76.979209611200005, 8.609991040900001 ], [ 76.979247169, 8.609886723200001 ], [ 76.979245213, 8.6098858319 ], [ 76.979256340600003, 8.6098612488 ], [ 76.979270967299996, 8.609820622899999 ], [ 76.979293592499999, 8.609757780700001 ], [ 76.979293592700003, 8.60975778 ], [ 76.979390096, 8.609489739500001 ], [ 76.979395429199997, 8.609474926200001 ], [ 76.979417066899998, 8.6094148268 ], [ 76.979739545800001, 8.609154183199999 ], [ 76.979784719899996, 8.609137885499999 ], [ 76.979786517500003, 8.609136385499999 ], [ 76.979787634499999, 8.609136833899999 ], [ 76.979843735399996, 8.609116594 ], [ 76.979843737699994, 8.6091165932 ], [ 76.979991401099994, 8.609063319700001 ], [ 76.979993158799999, 8.6090626856 ], [ 76.980138577399998, 8.6090102219 ], [ 76.980171143099994, 8.6089984729 ], [ 76.980288208800005, 8.608956238199999 ], [ 76.980344292200002, 8.6089088179 ], [ 76.980420218, 8.608836226899999 ], [ 76.980421918, 8.6088346016 ], [ 76.980535405500007, 8.6087260987 ], [ 76.980542805499994, 8.6087233669 ], [ 76.980550893499995, 8.608720381099999 ], [ 76.980581619899993, 8.608709038 ], [ 76.980613154899999, 8.6086973964 ], [ 76.980640880799996, 8.608687161100001 ], [ 76.980654130600001, 8.608682269699999 ], [ 76.9806912082, 8.6086655799 ], [ 76.980828630299996, 8.6086178507 ], [ 76.980879191499994, 8.608599185399999 ], [ 76.980989004500003, 8.608518371400001 ], [ 76.981015878799994, 8.608495619799999 ], [ 76.981016840400002, 8.608494805699999 ], [ 76.981030760300001, 8.6084830212 ], [ 76.981043072, 8.608472598200001 ], [ 76.981056840799994, 8.608460941600001 ], [ 76.981065946100003, 8.608453233100001 ], [ 76.981078274300003, 8.6084427962 ], [ 76.981080677899996, 8.608441746900001 ], [ 76.981087791199997, 8.608438641499999 ], [ 76.981089032200003, 8.608438099700001 ], [ 76.981090789099994, 8.608437332699999 ], [ 76.981103214800001, 8.6084319082 ], [ 76.981310450400002, 8.6083414371 ], [ 76.981367912099998, 8.608316351499999 ], [ 76.981367912400003, 8.608316351299999 ], [ 76.981494874299997, 8.6082609245 ], [ 76.981495093199996, 8.608260829 ], [ 76.981508373899999, 8.608255031100001 ], [ 76.981511490499997, 8.6082536705 ], [ 76.981514648100003, 8.608231206199999 ], [ 76.981509045799996, 8.608197711900001 ], [ 76.981508019, 8.608191573299999 ], [ 76.981507428699999, 8.6081880442 ], [ 76.981507173799997, 8.6081865199 ], [ 76.981506985899998, 8.6081853965 ], [ 76.981506521900002, 8.608182622799999 ], [ 76.981486262700002, 8.6080615008 ], [ 76.981505522399999, 8.6079702574 ], [ 76.981505820199999, 8.6079382462 ], [ 76.981483837499994, 8.6076818664 ], [ 76.981577212, 8.6076049169 ], [ 76.981586667, 8.6075941698 ], [ 76.981588496300006, 8.607595617599999 ], [ 76.981660920400003, 8.607535933299999 ], [ 76.9816652863, 8.6075323353 ], [ 76.981676590299998, 8.6075230198 ], [ 76.981688242800004, 8.607513417 ], [ 76.981689321100006, 8.607512528399999 ], [ 76.981707015300003, 8.607497946700001 ], [ 76.981708526199995, 8.607496701500001 ], [ 76.981709780399996, 8.607495668 ], [ 76.981714102400005, 8.6074921062 ], [ 76.981714286, 8.6074919549 ], [ 76.981715909800002, 8.6074914125 ], [ 76.981720697200004, 8.607489813100001 ], [ 76.981903577500006, 8.607426221200001 ], [ 76.981921398799997, 8.607422762100001 ], [ 76.9819558433, 8.607411254800001 ], [ 76.981960007, 8.607409863699999 ], [ 76.981997715199995, 8.607380942700001 ], [ 76.982075842499995, 8.607334057899999 ], [ 76.982105882, 8.6073143833 ], [ 76.982107017299995, 8.607314326 ], [ 76.9821088801, 8.6073142318 ], [ 76.982249698299995, 8.6073047789 ], [ 76.982268199200007, 8.6073061787 ], [ 76.982347206, 8.6073021852 ], [ 76.982506835, 8.6072941163 ], [ 76.982553129799996, 8.6072917762 ], [ 76.982575432600001, 8.607290648899999 ], [ 76.982624083, 8.607284436 ], [ 76.982789536799999, 8.6072633066 ], [ 76.982816404900007, 8.607255633599999 ], [ 76.982926128100004, 8.607245863099999 ], [ 76.982975215400003, 8.6072102805 ], [ 76.982999850900001, 8.607192422600001 ], [ 76.983014953400001, 8.607184056 ], [ 76.983113313800004, 8.607129565899999 ], [ 76.983127614400004, 8.607120522400001 ], [ 76.983139080599997, 8.6071076118 ], [ 76.983221963800005, 8.6070142887 ], [ 76.983244420099993, 8.606989003800001 ], [ 76.983299017500002, 8.6069275292 ], [ 76.983498173399994, 8.606910724900001 ], [ 76.983512650600005, 8.606909503400001 ], [ 76.983549250600007, 8.6069041215 ], [ 76.983588497699998, 8.606899047600001 ], [ 76.983605768399997, 8.6068975145 ], [ 76.983731541500006, 8.6069021067 ], [ 76.983744961499994, 8.606898727900001 ], [ 76.983911233499995, 8.606901107200001 ], [ 76.984018169400002, 8.606802434800001 ], [ 76.984162258599994, 8.606669480200001 ], [ 76.984254744099999, 8.606616107700001 ], [ 76.984281898099994, 8.606600437399999 ], [ 76.984285184100003, 8.606598541 ], [ 76.984285184399994, 8.6065985409 ], [ 76.984339970500002, 8.606566924299999 ], [ 76.984349722399998, 8.606561296600001 ], [ 76.984424676, 8.6064958024 ], [ 76.984561795700003, 8.6063676533 ], [ 76.984567136899997, 8.6063626615 ], [ 76.984568345, 8.606361532499999 ], [ 76.984574540300002, 8.6063557425 ], [ 76.984574540300002, 8.6063557424 ], [ 76.984578620199997, 8.606350259 ], [ 76.9845796635, 8.6063509544 ], [ 76.984581763400001, 8.606348991899999 ], [ 76.984618036599997, 8.6063070516 ], [ 76.984623703, 8.6063004999 ], [ 76.984627862500005, 8.6062956906 ], [ 76.984635394, 8.6062844901 ], [ 76.984677150600007, 8.606222392399999 ], [ 76.984690325499997, 8.6062027997 ], [ 76.984693238, 8.606201079 ], [ 76.984722674799997, 8.606180799200001 ], [ 76.984758145, 8.6061563628 ], [ 76.984760665, 8.6061546267 ], [ 76.984769124400003, 8.6061509073 ], [ 76.9847736201, 8.6061489306 ], [ 76.984797509399996, 8.606138427 ], [ 76.984837643700004, 8.6061344466 ], [ 76.984839220599994, 8.6061303199 ], [ 76.9848420597, 8.606134019200001 ], [ 76.984881582200003, 8.606131361699999 ], [ 76.984894733600001, 8.606155017600001 ], [ 76.984923573200007, 8.606240230299999 ], [ 76.984955137599997, 8.6062813584 ], [ 76.985036487, 8.606312989299999 ], [ 76.985069397900006, 8.606285268900001 ], [ 76.985070309799994, 8.606284500699999 ], [ 76.985326020399995, 8.606069118800001 ], [ 76.9853294495, 8.6060662305 ], [ 76.985329988700002, 8.6060675838 ], [ 76.9854209911, 8.6060323823 ], [ 76.985420997600002, 8.6060323798 ], [ 76.985420999300004, 8.6060323791 ], [ 76.985695815300005, 8.605926074799999 ], [ 76.985695816299994, 8.605926074399999 ], [ 76.985701372, 8.6059217244 ], [ 76.985753077, 8.6059039249 ], [ 76.985755930799996, 8.605901257799999 ], [ 76.985804055800003, 8.605856281099999 ], [ 76.985816345700002, 8.605839743800001 ], [ 76.985863750099995, 8.6057759561 ], [ 76.985886203899994, 8.6057457422 ], [ 76.985912237700006, 8.605719891 ], [ 76.985929539300002, 8.605702710799999 ], [ 76.985934462700001, 8.6056330536 ], [ 76.985931351900007, 8.605615053499999 ], [ 76.985928944899996, 8.6056011261 ], [ 76.985930547400002, 8.6055977969 ], [ 76.985938057400006, 8.6055821954 ], [ 76.985938794800006, 8.6055717623 ], [ 76.985941297699995, 8.6055708105 ], [ 76.985944039499998, 8.6055697679 ], [ 76.985946071499995, 8.605565546499999 ], [ 76.985964398, 8.605527474300001 ], [ 76.986006126500001, 8.605509339099999 ], [ 76.986090493399999, 8.6054726731 ], [ 76.986121827900007, 8.605459055100001 ], [ 76.986139022100005, 8.605451582400001 ], [ 76.986371284, 8.605354140499999 ], [ 76.986371375800005, 8.605354114500001 ], [ 76.986384133200005, 8.605348749799999 ], [ 76.986384152, 8.6053487419 ], [ 76.986580925799998, 8.605296253100001 ], [ 76.986580933499994, 8.605296251 ], [ 76.986634473300001, 8.605279599599999 ], [ 76.986712983700002, 8.605261026899999 ], [ 76.986726161199996, 8.605257909600001 ], [ 76.986730223, 8.6052554533 ], [ 76.986747639499995, 8.6052403429 ], [ 76.986914182099994, 8.6050958525 ], [ 76.986965952199995, 8.6050509373 ], [ 76.986971052100003, 8.6050491649 ], [ 76.987206880599999, 8.604967203599999 ], [ 76.987400395199998, 8.6048501791 ], [ 76.98742005, 8.6048447464 ], [ 76.987980681699995, 8.6046897833 ], [ 76.987982806600002, 8.604689195900001 ], [ 76.988034765699993, 8.604727199599999 ], [ 76.988111279799995, 8.6047801336 ], [ 76.988116265800002, 8.60478681 ], [ 76.988284655499996, 8.6050122926 ], [ 76.9883842757, 8.6050147381 ], [ 76.988747231700003, 8.604726064299999 ], [ 76.988921521799995, 8.604549691300001 ], [ 76.988958670100004, 8.604505766400001 ], [ 76.988976681099999, 8.604484469799999 ], [ 76.989004383899996, 8.604460958 ], [ 76.989034284900001, 8.604435580500001 ], [ 76.989047921199997, 8.604421781299999 ], [ 76.989158077599996, 8.604310308200001 ], [ 76.989164396, 8.604303914200001 ], [ 76.989230551600002, 8.6042607978 ], [ 76.989280125799993, 8.604226931199999 ], [ 76.989377881600007, 8.604196227199999 ], [ 76.989377881899998, 8.604196227099999 ], [ 76.989449641700006, 8.6041721225 ], [ 76.9894700384, 8.604167281800001 ], [ 76.989690656899995, 8.604114923199999 ], [ 76.989692543499999, 8.6041131031 ], [ 76.989716684800001, 8.6040898127 ], [ 76.989721524100005, 8.604085144100001 ], [ 76.989721765300004, 8.6040854551 ], [ 76.989918631699993, 8.6039165974 ], [ 76.989928493600004, 8.603907469399999 ], [ 76.98993048, 8.603906434800001 ], [ 76.990307411700002, 8.6037101074 ], [ 76.990428515900007, 8.603447197099999 ], [ 76.9904434587, 8.6030908143 ], [ 76.990446457900006, 8.6030192824 ], [ 76.990407302, 8.6030525148 ], [ 76.990407302, 8.6030525148 ], [ 76.990367276900002, 8.6030864849 ], [ 76.990324797300005, 8.6031197568 ], [ 76.990192165400003, 8.6032292917 ], [ 76.989918056400001, 8.603298306399999 ], [ 76.989917791400003, 8.603298373099999 ], [ 76.989917799300002, 8.6032982958 ], [ 76.989709793700001, 8.6032897036 ], [ 76.989709724400001, 8.603290313600001 ], [ 76.989658032199998, 8.603287565400001 ], [ 76.9896046665, 8.6032847283 ], [ 76.989277768500003, 8.6033423109 ], [ 76.989246008199999, 8.603329026400001 ], [ 76.989233001599999, 8.6033235861 ], [ 76.989233464799995, 8.603321874 ], [ 76.989108293300006, 8.6032504992 ], [ 76.989072523900006, 8.603099140799999 ], [ 76.988972040199997, 8.603018222499999 ], [ 76.988724898100003, 8.6028496981 ], [ 76.988693401700004, 8.602845888599999 ], [ 76.988693401700004, 8.602845888599999 ], [ 76.988462034600005, 8.6028179045 ], [ 76.988451764100006, 8.602813895500001 ], [ 76.988195369300001, 8.602713814299999 ], [ 76.987867012, 8.602582957899999 ], [ 76.987863061400006, 8.6025813835 ], [ 76.987859577199998, 8.602578279099999 ], [ 76.987860451800003, 8.602576511500001 ], [ 76.987758259800003, 8.6024760932 ], [ 76.987689358200001, 8.6024114894 ], [ 76.987688204700007, 8.602407253899999 ], [ 76.987685244, 8.6023963829 ], [ 76.987672216, 8.6023485464 ], [ 76.987667452, 8.602331054 ], [ 76.987643687, 8.6022437934 ], [ 76.987630853100001, 8.602188760700001 ], [ 76.987595588399998, 8.6020375431 ], [ 76.987572689700002, 8.6019393517 ], [ 76.987571926, 8.6019392593 ], [ 76.987501300299996, 8.601930717 ], [ 76.987309826200004, 8.601907558 ], [ 76.987184829499995, 8.601796184299999 ], [ 76.986985232500004, 8.6017475457 ], [ 76.986937835199996, 8.6017453077 ], [ 76.986902232600002, 8.601743626499999 ], [ 76.986794342, 8.601738532 ], [ 76.986755546799998, 8.6017367001 ], [ 76.986755284899999, 8.6017328802 ], [ 76.986744058200003, 8.6015691558 ], [ 76.986724692899998, 8.601286739500001 ], [ 76.986724692899998, 8.601286739100001 ], [ 76.986722009499999, 8.601247605 ], [ 76.986716641399994, 8.6011693192 ], [ 76.986598845200007, 8.6011456412 ], [ 76.986579636900004, 8.6011277953 ], [ 76.9865698678, 8.6011187191 ], [ 76.986496684599999, 8.6011020341 ], [ 76.986496684599999, 8.601102034 ], [ 76.986491749799995, 8.601100909 ], [ 76.986451837900006, 8.6010517044 ], [ 76.986343897599994, 8.600918632599999 ], [ 76.986311451, 8.600878631500001 ], [ 76.986181958700001, 8.600758323599999 ], [ 76.986181281399993, 8.6007593389 ], [ 76.986171787499998, 8.600752098399999 ], [ 76.986165993499995, 8.6007749704 ], [ 76.986163017799996, 8.6007867175 ], [ 76.986126452099995, 8.600931062900001 ], [ 76.986025290300006, 8.600999803900001 ], [ 76.985994097200006, 8.6010494543 ], [ 76.985983487300004, 8.601066342199999 ], [ 76.985972066900004, 8.6010763805 ], [ 76.985694532799997, 8.6013203261 ], [ 76.985690111699995, 8.6013242122 ], [ 76.985579175200002, 8.6013636481 ], [ 76.985290884199998, 8.6014661303 ], [ 76.985218592799995, 8.6014992962 ], [ 76.984921576800005, 8.6016355617 ], [ 76.984765233900006, 8.6017173341 ], [ 76.984749286400003, 8.601734817200001 ], [ 76.9844488512, 8.602064180799999 ], [ 76.984174222799993, 8.6021411966 ], [ 76.984147502100001, 8.6021383841 ], [ 76.983809968, 8.6021028563 ], [ 76.983735968600001, 8.6020698828 ], [ 76.983734227499994, 8.6020696682 ], [ 76.983710589699996, 8.602058574100001 ], [ 76.9832859224, 8.601869345400001 ], [ 76.983140292499996, 8.601719625199999 ], [ 76.983086582699997, 8.6014987777 ], [ 76.983091832400007, 8.601428905800001 ], [ 76.983107117900005, 8.6012254569 ], [ 76.983174796900002, 8.6009311408 ], [ 76.983142415200007, 8.6008355571 ], [ 76.9831222137, 8.6007876433 ], [ 76.983122213599998, 8.6007876431 ], [ 76.983069366300001, 8.6006622999 ], [ 76.983064452299999, 8.6006593657 ], [ 76.982937195399998, 8.6005833785 ], [ 76.982937175499998, 8.6005833669 ], [ 76.982063251499994, 8.6000615325 ], [ 76.981969974, 8.599996722 ], [ 76.981565722699997, 8.599769030799999 ], [ 76.981360718800005, 8.5997930443 ], [ 76.981076105900001, 8.5999848453 ], [ 76.980900945299993, 8.6000927233 ], [ 76.980868394400005, 8.6001058641 ], [ 76.980853724400006, 8.6001161281 ], [ 76.980845904800006, 8.600114943199999 ], [ 76.980769079599995, 8.600145957400001 ], [ 76.980617991499997, 8.6000950304 ], [ 76.980482881100002, 8.6001160455 ], [ 76.979841565, 8.6002157951 ], [ 76.979817089199997, 8.600219602099999 ], [ 76.979816432899995, 8.600219898200001 ], [ 76.979717561900003, 8.6002645188 ], [ 76.979635133599999, 8.600301718800001 ], [ 76.979583342500007, 8.600342616200001 ], [ 76.979224428500004, 8.600626037 ], [ 76.9784302682, 8.6013287244 ], [ 76.978291429, 8.601236823700001 ], [ 76.978289289200006, 8.601235407400001 ], [ 76.978273515799998, 8.6012423746 ], [ 76.978216373, 8.6012600819 ], [ 76.977979150799996, 8.601106146399999 ], [ 76.977974471300001, 8.6011031099 ], [ 76.9779666015, 8.6011105563 ], [ 76.977939093800003, 8.601136584 ], [ 76.977857534099996, 8.6012433005 ], [ 76.977850707200005, 8.6012522332 ], [ 76.977810601, 8.601304710100001 ], [ 76.977712895799996, 8.6013279965 ], [ 76.977678966599996, 8.601336083 ], [ 76.977669599500004, 8.601341033100001 ], [ 76.977566197499996, 8.601395677099999 ], [ 76.977425439100003, 8.601470062500001 ], [ 76.9774030775, 8.6014818796 ], [ 76.977396086799999, 8.6014862857 ], [ 76.977297522900002, 8.6015722904 ], [ 76.977297515399997, 8.601572296900001 ], [ 76.977297511, 8.601572300799999 ], [ 76.976815653399996, 8.6019927585 ], [ 76.976773933800004, 8.6020345239 ], [ 76.976773933600001, 8.6020345241 ], [ 76.976773931, 8.602034526700001 ], [ 76.976713482799994, 8.6020950412 ], [ 76.976515047600003, 8.602303943200001 ], [ 76.976446576, 8.6023760263 ], [ 76.976446096499998, 8.602376531199999 ], [ 76.976429380300004, 8.602382389400001 ], [ 76.976423292199996, 8.6023890752 ], [ 76.9761631816, 8.6025234584 ], [ 76.976071603600005, 8.602606683799999 ], [ 76.9759651679, 8.6027034116 ], [ 76.975917473199999, 8.6027467561 ], [ 76.9758401566, 8.602850483099999 ], [ 76.975837687799995, 8.6028537952 ], [ 76.975817047500001, 8.602924697 ], [ 76.975798123199993, 8.602989704 ], [ 76.975764970100002, 8.6031035885 ], [ 76.975738899899994, 8.6031931424 ], [ 76.975658189399994, 8.6033723669 ], [ 76.975654483100001, 8.6033833597 ], [ 76.975598794800007, 8.603548529199999 ], [ 76.975597087599994, 8.603553592900001 ], [ 76.975572035300004, 8.603563679 ], [ 76.975564641199995, 8.6035800983 ], [ 76.975347769199999, 8.6036699916 ], [ 76.975340422499997, 8.6036730369 ], [ 76.97521674, 8.6037243031 ], [ 76.975073857799998, 8.6038283262 ], [ 76.975001715199994, 8.603880848399999 ], [ 76.974999747, 8.603882281300001 ], [ 76.974900616499994, 8.604043321800001 ], [ 76.974884581300003, 8.6040775597 ], [ 76.974843039099994, 8.6041368578 ] ] ] ] } },
{ "type": "Feature", "properties": { "gml_parent": null, "gml_pare_1": "featureMembers", "gml_id": "Thiruvanathapuram_Editor.fid--715e5034_19246a0be1c_-46b4", "geom": null, "District": "Thiruvanathapuram", "LSGD": "Nedumangad", "Ward_Name": "IRINCHAYAM", "Ward_No": 2, "Lsgd_Type": "Municipality", "Created_Da": "2024/10/15 17:36:37.989", "Surveyor": "Jeevan P", "Mob_No": null, "Remarks": null, "_distLsgd": "Thiruvanathapuram_Nedumangad", "OBJECTID": 439, "_result": "Thiruvanathapuram_Nedumangad", "_ulid": "01JBBD70X170A88TT77VY8PM1H", "_distLsgd2": "Thiruvanathapuram_Nedumangad" }, "geometry": { "type": "MultiPolygon", "coordinates": [ [ [ [ 76.968453259900002, 8.6241322909 ], [ 76.968520591100003, 8.624310362299999 ], [ 76.968641915600003, 8.6243689177 ], [ 76.968641929300006, 8.624368904300001 ], [ 76.968967046499998, 8.624184335100001 ], [ 76.969099272899996, 8.624108804700001 ], [ 76.969104990100007, 8.624105569699999 ], [ 76.96910996, 8.6241027 ], [ 76.969369085699995, 8.6240094232 ], [ 76.971034930900004, 8.623863221300001 ], [ 76.971883309899994, 8.623349641 ], [ 76.972238613100004, 8.6230446222 ], [ 76.972241816199997, 8.6229960995 ], [ 76.972137635099998, 8.6225294893 ], [ 76.972100862100007, 8.6222990277 ], [ 76.972099406400005, 8.622289904500001 ], [ 76.972098065200001, 8.6222814988 ], [ 76.972068122699994, 8.6221835806 ], [ 76.972068122699994, 8.6221835806 ], [ 76.972066555599994, 8.6221784558 ], [ 76.972064579100007, 8.6220778966 ], [ 76.972064438800004, 8.622070756299999 ], [ 76.972064313399997, 8.6220699702 ], [ 76.972052573900001, 8.6219963967 ], [ 76.972014225400002, 8.6217081485 ], [ 76.972008693399999, 8.6216665669 ], [ 76.971973603199999, 8.621394865599999 ], [ 76.972005683800006, 8.620861767199999 ], [ 76.972009800699993, 8.620861382199999 ], [ 76.972009878500003, 8.6208592489 ], [ 76.972013918200005, 8.620860997199999 ], [ 76.972013918800002, 8.620860997199999 ], [ 76.972294852199994, 8.6208347287 ], [ 76.972397541299998, 8.6208261427 ], [ 76.972397541399999, 8.6208261427 ], [ 76.972425467099995, 8.6208089605 ], [ 76.97265949, 8.620659912100001 ], [ 76.972671484499998, 8.6206575907 ], [ 76.972671484599999, 8.6206575907 ], [ 76.973349313100002, 8.620520193899999 ], [ 76.973360763200006, 8.620519937399999 ], [ 76.973960762900006, 8.6200307911 ], [ 76.974097630100005, 8.6198062914 ], [ 76.974083524, 8.619059650500001 ], [ 76.974083811100002, 8.619059422099999 ], [ 76.974080410100001, 8.6190374264 ], [ 76.974069160599996, 8.618964671300001 ], [ 76.9740758322, 8.6189601139 ], [ 76.974427430800006, 8.6187199359 ], [ 76.974884125900005, 8.6184007392 ], [ 76.975083444, 8.617965590600001 ], [ 76.975351968799998, 8.6175865417 ], [ 76.975433476399999, 8.617474487 ], [ 76.975516044599999, 8.6173134816 ], [ 76.975517087900002, 8.617310739600001 ], [ 76.975585419400005, 8.6171782026 ], [ 76.975989912399996, 8.6163894515 ], [ 76.976003702499995, 8.616362561200001 ], [ 76.976030602400002, 8.6163581036 ], [ 76.976063302399993, 8.616355537 ], [ 76.976079956700005, 8.616354229800001 ], [ 76.976081152700004, 8.6163541359 ], [ 76.976199658200002, 8.6165386429 ], [ 76.976228032199998, 8.6165828197 ], [ 76.976234054, 8.616592926499999 ], [ 76.976260631800002, 8.616637534 ], [ 76.976386061300005, 8.6166947427 ], [ 76.976603259599997, 8.6166475509 ], [ 76.976645877300001, 8.616627810900001 ], [ 76.976694277700005, 8.6165942678 ], [ 76.976754408399998, 8.616528454299999 ], [ 76.976758321, 8.6165244303 ], [ 76.976760167400002, 8.616522531499999 ], [ 76.976789908800001, 8.6164945904 ], [ 76.976822445799996, 8.616464022800001 ], [ 76.977030793200001, 8.6162277684 ], [ 76.977157582299995, 8.616089828 ], [ 76.977223004600006, 8.6160201909 ], [ 76.977342774299998, 8.6159290754 ], [ 76.977374357, 8.615900545200001 ], [ 76.977480652099999, 8.6158483641 ], [ 76.977480652099999, 8.6158483641 ], [ 76.9775662638, 8.615838462799999 ], [ 76.977580169899994, 8.6158468271 ], [ 76.977592292, 8.6158541184 ], [ 76.977614099600004, 8.6158329304 ], [ 76.977642390300005, 8.6158794552 ], [ 76.977654508499995, 8.6158743848 ], [ 76.977656141200001, 8.6158737016 ], [ 76.977656161499993, 8.615873179799999 ], [ 76.97765658, 8.6158624275 ], [ 76.97765658, 8.6158624274 ], [ 76.977658988499996, 8.615800542 ], [ 76.977658988499996, 8.615800541800001 ], [ 76.977658988499996, 8.615800541800001 ], [ 76.977661619, 8.6157329565 ], [ 76.977662896400005, 8.615700133900001 ], [ 76.977663673600006, 8.615680165500001 ], [ 76.977665339599994, 8.615637359 ], [ 76.977666329100003, 8.6156119336 ], [ 76.977667679, 8.6155772517 ], [ 76.977669154599994, 8.615539336 ], [ 76.977670293599999, 8.615510070699999 ], [ 76.977670293599999, 8.615510070399999 ], [ 76.9776714005, 8.6154816307 ], [ 76.977670875800001, 8.6154789908 ], [ 76.977654662399999, 8.615397423399999 ], [ 76.977654662299997, 8.615397422799999 ], [ 76.977687099299999, 8.615361653900001 ], [ 76.977792759400003, 8.615433036300001 ], [ 76.9779240835, 8.6155217567 ], [ 76.977963173099994, 8.615542960399999 ], [ 76.977983275900002, 8.615553865 ], [ 76.977988010299995, 8.6155564331 ], [ 76.978004836099998, 8.6155630282 ], [ 76.978016035300001, 8.615567418 ], [ 76.978071591100004, 8.6155891941 ], [ 76.978072119100005, 8.615588219599999 ], [ 76.978145124700006, 8.615453477499999 ], [ 76.978144768700005, 8.6154502856 ], [ 76.978142718499996, 8.615431901099999 ], [ 76.978135761100006, 8.6152920231 ], [ 76.978135761100006, 8.6152920225 ], [ 76.978136001699994, 8.6152787538 ], [ 76.978136746299995, 8.6152376859 ], [ 76.978137175100002, 8.615214031900001 ], [ 76.978138171400005, 8.6151590815 ], [ 76.978139996199999, 8.6149921374 ], [ 76.978139996199999, 8.6149921362 ], [ 76.978176428699996, 8.614876519799999 ], [ 76.978177381099997, 8.614870324 ], [ 76.978178313399994, 8.614870539 ], [ 76.978189835699993, 8.6148339736 ], [ 76.978189836, 8.6148339728 ], [ 76.978204145399999, 8.614788562599999 ], [ 76.978212040100004, 8.614763509099999 ], [ 76.978220622799995, 8.6147362723 ], [ 76.978230108199995, 8.614706171 ], [ 76.978233208199995, 8.6146963333 ], [ 76.978234147899997, 8.6146933512 ], [ 76.978234147899997, 8.6146933512 ], [ 76.978242814300003, 8.6146879191 ], [ 76.978242814300003, 8.6146879191 ], [ 76.978264482100002, 8.6146743377 ], [ 76.978317726200004, 8.614640964299999 ], [ 76.978370261, 8.6146080355 ], [ 76.978403776500002, 8.614587028 ], [ 76.978433569499998, 8.614568353699999 ], [ 76.978456397100004, 8.6145540453 ], [ 76.978468771699994, 8.6145462889 ], [ 76.978579632899994, 8.614476801 ], [ 76.978579632899994, 8.614476801 ], [ 76.978658408599998, 8.6141614842 ], [ 76.978723565, 8.613900681500001 ], [ 76.978723565, 8.613900681500001 ], [ 76.978741912399997, 8.613878937300001 ], [ 76.978745806600003, 8.613874322099999 ], [ 76.9787481611, 8.613871531699999 ], [ 76.978748455900003, 8.6138702767 ], [ 76.978757187599996, 8.613860834 ], [ 76.9787835968, 8.613829535300001 ], [ 76.978783597299994, 8.613829534800001 ], [ 76.9788070484, 8.6138017419 ], [ 76.978827447800001, 8.6137775658 ], [ 76.978865732800003, 8.613732192700001 ], [ 76.978923763300003, 8.6136634184 ], [ 76.978923766, 8.613663415 ], [ 76.978966337, 8.6136129624 ], [ 76.979134860200006, 8.6134132387 ], [ 76.979134871200003, 8.6134132254 ], [ 76.979134896900007, 8.6134131951 ], [ 76.979272412499995, 8.613250219399999 ], [ 76.979305216100002, 8.613212126700001 ], [ 76.979321892599998, 8.613192761200001 ], [ 76.979335483, 8.6131624773 ], [ 76.979340741900003, 8.6131507585 ], [ 76.979348287, 8.6131339454 ], [ 76.979350310599997, 8.613129436199999 ], [ 76.979360222, 8.613104025 ], [ 76.979376806700003, 8.613069077600001 ], [ 76.979388150299997, 8.613037204299999 ], [ 76.979397315499995, 8.613020796600001 ], [ 76.979406209100006, 8.613004875 ], [ 76.979471217500006, 8.612860013700001 ], [ 76.979471217699995, 8.612860013400001 ], [ 76.979471218100002, 8.612860012500001 ], [ 76.979527359, 8.6127349109 ], [ 76.979527359200006, 8.6127349104 ], [ 76.979527359299993, 8.6127349103 ], [ 76.979554199700004, 8.612675100700001 ], [ 76.979561218699999, 8.612649617500001 ], [ 76.979569380599997, 8.6126199849 ], [ 76.979580820099997, 8.612578452399999 ], [ 76.979619329399995, 8.612438640700001 ], [ 76.979622124499997, 8.612426940200001 ], [ 76.979627183199995, 8.6124101268 ], [ 76.979644513899999, 8.612347206100001 ], [ 76.979704503099995, 8.6121294091 ], [ 76.979743024200005, 8.611989554100001 ], [ 76.979760134100005, 8.611947453799999 ], [ 76.979784217, 8.611888195700001 ], [ 76.979799630900004, 8.6118502684 ], [ 76.979842551100006, 8.611744659399999 ], [ 76.979844361900007, 8.6117402038 ], [ 76.979848974700005, 8.611728853500001 ], [ 76.979887443300001, 8.611634198 ], [ 76.980090678699995, 8.6112311271 ], [ 76.980306315799993, 8.6109789259 ], [ 76.980326385300003, 8.610953371700001 ], [ 76.9803503113, 8.6109274703 ], [ 76.980415170499995, 8.610851613099999 ], [ 76.980483513699994, 8.610771681099999 ], [ 76.980536085500006, 8.610710195 ], [ 76.980589564499994, 8.6106476477 ], [ 76.9806614333, 8.6105635924 ], [ 76.980761340300006, 8.610446744400001 ], [ 76.980844547900006, 8.610349427499999 ], [ 76.980844585699998, 8.610349383399999 ], [ 76.980942051400007, 8.6102353905 ], [ 76.981009669700001, 8.6101533 ], [ 76.981066557399998, 8.610081066099999 ], [ 76.981069221300004, 8.6100776835 ], [ 76.981105264600004, 8.6100595575 ], [ 76.981105264700005, 8.6100595575 ], [ 76.981171076600006, 8.6100264609 ], [ 76.981238297100006, 8.609992656 ], [ 76.981249705500005, 8.609976810599999 ], [ 76.981312122600002, 8.6098825073 ], [ 76.981314855799994, 8.609882192300001 ], [ 76.981314855799994, 8.609882192300001 ], [ 76.981395731899994, 8.6098728715 ], [ 76.981421966100001, 8.609874706099999 ], [ 76.981421966100001, 8.609874706099999 ], [ 76.981508486300001, 8.609880756700001 ], [ 76.981573102799999, 8.6098792465 ], [ 76.981656803500002, 8.6098724811 ], [ 76.981681686499996, 8.609869657799999 ], [ 76.981752935299994, 8.6098581881 ], [ 76.981760934600004, 8.609856900400001 ], [ 76.981852525299999, 8.609842156 ], [ 76.982061827600006, 8.6098039989 ], [ 76.982202424099995, 8.609774503300001 ], [ 76.982448445599999, 8.6096893452 ], [ 76.982564826399994, 8.6096778667 ], [ 76.982583163599998, 8.609670042699999 ], [ 76.982589530200002, 8.6096707144 ], [ 76.982612631799995, 8.609673151599999 ], [ 76.982642572399996, 8.6096701986 ], [ 76.982652168300007, 8.6096692522 ], [ 76.982703205899995, 8.609759393499999 ], [ 76.982703205899995, 8.609759393599999 ], [ 76.982784625099995, 8.6098762753 ], [ 76.982797349400002, 8.609894541599999 ], [ 76.982797349500004, 8.609894541699999 ], [ 76.9828143979, 8.609922497399999 ], [ 76.982854889699993, 8.609988895 ], [ 76.982867391599996, 8.610009395300001 ], [ 76.982900348200005, 8.610058609199999 ], [ 76.982910482400001, 8.610073742499999 ], [ 76.982920302699995, 8.610088407 ], [ 76.982920302699995, 8.610088407099999 ], [ 76.983046021700005, 8.610089431800001 ], [ 76.983047864599996, 8.6100894468 ], [ 76.983101082100006, 8.6100862469 ], [ 76.983172729, 8.6100933367 ], [ 76.983172729200007, 8.6100933367 ], [ 76.983172729499998, 8.6100933368 ], [ 76.983322951800005, 8.610108202 ], [ 76.983464938300003, 8.6101337128 ], [ 76.983464938699996, 8.6101337128 ], [ 76.983464938899999, 8.6101337129 ], [ 76.983544179099994, 8.61014795 ], [ 76.983565467099993, 8.6101517748 ], [ 76.983574849799993, 8.610153460599999 ], [ 76.983643119299998, 8.6101657266 ], [ 76.983822897799996, 8.6101221853 ], [ 76.983964263499999, 8.6100387966 ], [ 76.984015233600005, 8.610008730400001 ], [ 76.984044926799996, 8.609947977599999 ], [ 76.984056080800002, 8.609925156199999 ], [ 76.984077971700003, 8.609880367200001 ], [ 76.984116033299998, 8.609844128400001 ], [ 76.984183005600002, 8.609780363500001 ], [ 76.984246856400006, 8.609719570599999 ], [ 76.984319366099996, 8.6096505334 ], [ 76.984346688900004, 8.6096116154 ], [ 76.984353333, 8.6095936678 ], [ 76.984359719599993, 8.609576415699999 ], [ 76.984359719599993, 8.609576415699999 ], [ 76.984363685299996, 8.609572358799999 ], [ 76.984368363800002, 8.6095675727 ], [ 76.984401174799999, 8.609534007200001 ], [ 76.9844102956, 8.6095210157 ], [ 76.984486704700004, 8.6094121803 ], [ 76.984675923799998, 8.609349744699999 ], [ 76.984846173799994, 8.609384547399999 ], [ 76.984877566600005, 8.609390964699999 ], [ 76.984984071200003, 8.609412736499999 ], [ 76.984981985600001, 8.609409531900001 ], [ 76.984935485, 8.6093593744 ], [ 76.984781893, 8.6092961665 ], [ 76.984744297099994, 8.6092821406 ], [ 76.9846113, 8.609232523199999 ], [ 76.9846023944, 8.6092246518 ], [ 76.9844923892, 8.6091274203 ], [ 76.9844815692, 8.609104114599999 ], [ 76.984473570099993, 8.609097197400001 ], [ 76.984459117699998, 8.6090557551 ], [ 76.984450944399995, 8.6090381504 ], [ 76.9844218084, 8.608975393 ], [ 76.984405299499997, 8.608918406200001 ], [ 76.984376251300006, 8.6088181355 ], [ 76.984366488700005, 8.6087901412 ], [ 76.984368022400005, 8.6087897303 ], [ 76.984356864099993, 8.6087512135 ], [ 76.984321258500003, 8.608495983699999 ], [ 76.984309094899999, 8.6082229536 ], [ 76.984300428500006, 8.608065353 ], [ 76.984299824700003, 8.6080148685 ], [ 76.984297518800005, 8.6079631101 ], [ 76.984295797399994, 8.6079563933 ], [ 76.984297201700002, 8.607955990200001 ], [ 76.984297163700006, 8.607955137399999 ], [ 76.984271367, 8.607827562600001 ], [ 76.984260717699996, 8.6076987634 ], [ 76.984262855400004, 8.6076919375 ], [ 76.984262628099998, 8.607684092 ], [ 76.984262363, 8.607674942 ], [ 76.984279075700002, 8.607632284799999 ], [ 76.984291347699994, 8.607600961799999 ], [ 76.984287330699999, 8.607606283 ], [ 76.984382270400005, 8.607307238100001 ], [ 76.984383268399995, 8.607307459899999 ], [ 76.984383767, 8.607305867699999 ], [ 76.984416709200005, 8.607248159599999 ], [ 76.984416709200005, 8.607248159599999 ], [ 76.984416709200005, 8.607248159499999 ], [ 76.984439708099998, 8.6072078701 ], [ 76.984442877500001, 8.607205496200001 ], [ 76.984496993299999, 8.607164964 ], [ 76.984515190899998, 8.607151334099999 ], [ 76.984522342899993, 8.6071446921 ], [ 76.984563923300001, 8.607114833900001 ], [ 76.984619000799995, 8.607046175800001 ], [ 76.984625677899999, 8.607037717500001 ], [ 76.984636718100006, 8.6070237323 ], [ 76.984662689399997, 8.606990833099999 ], [ 76.984697470100002, 8.6069136398 ], [ 76.984707901799993, 8.606890487299999 ], [ 76.984713179, 8.6068787751 ], [ 76.984731642900002, 8.606837795600001 ], [ 76.984735489, 8.6068292594 ], [ 76.984737417700003, 8.606824979 ], [ 76.984738753900004, 8.606823933199999 ], [ 76.984740779700005, 8.6068223477 ], [ 76.984742424399997, 8.606818198699999 ], [ 76.984743525, 8.6068154219 ], [ 76.984744716199998, 8.6068146278 ], [ 76.984746725899996, 8.6068132881 ], [ 76.984780844799999, 8.606790543700001 ], [ 76.9847847, 8.606787973699999 ], [ 76.984849127199993, 8.6067375502 ], [ 76.9848545113, 8.6067358695 ], [ 76.985011121699998, 8.606686983299999 ], [ 76.985015562900003, 8.606685597 ], [ 76.985019390800005, 8.606684060899999 ], [ 76.985019390800005, 8.606684060899999 ], [ 76.985022949300003, 8.606681440399999 ], [ 76.985047461799994, 8.606663388799999 ], [ 76.985050036199993, 8.606661493 ], [ 76.985054345, 8.60665832 ], [ 76.985054089200005, 8.606658277799999 ], [ 76.985057036100002, 8.606656338200001 ], [ 76.9850875785, 8.606633846199999 ], [ 76.985135570099999, 8.6065143843 ], [ 76.985135401, 8.6065139453 ], [ 76.985132407099996, 8.6065061737 ], [ 76.985132134899999, 8.6065054673 ], [ 76.985137114799997, 8.606505002 ], [ 76.985139426, 8.6065047861 ], [ 76.985139586299994, 8.606504386899999 ], [ 76.985141170199995, 8.6065004443 ], [ 76.985153922400002, 8.6065034317 ], [ 76.985153922400002, 8.6065034317 ], [ 76.985163468, 8.6065044005 ], [ 76.985085556200005, 8.6063204897 ], [ 76.985069397900006, 8.606285268900001 ], [ 76.985036487, 8.606312989299999 ], [ 76.984955137599997, 8.6062813584 ], [ 76.984923573200007, 8.606240230299999 ], [ 76.984894733600001, 8.606155017600001 ], [ 76.984881582200003, 8.606131361699999 ], [ 76.9848420597, 8.606134019200001 ], [ 76.984841729199999, 8.606134041400001 ], [ 76.984837643700004, 8.6061344466 ], [ 76.984797509399996, 8.606138427 ], [ 76.984797509399996, 8.606138427 ], [ 76.984794593, 8.6061409056 ], [ 76.9847736201, 8.6061489306 ], [ 76.9847736201, 8.6061489306 ], [ 76.984758145, 8.6061563628 ], [ 76.984722674799997, 8.606180799200001 ], [ 76.984704127200004, 8.606194646 ], [ 76.984693238, 8.606201079 ], [ 76.984690325499997, 8.6062027997 ], [ 76.984677150600007, 8.606222392399999 ], [ 76.984635394, 8.6062844901 ], [ 76.984627862500005, 8.6062956906 ], [ 76.984624473799997, 8.606300730099999 ], [ 76.984623703, 8.6063004999 ], [ 76.984618036599997, 8.6063070516 ], [ 76.9845877578, 8.606343389599999 ], [ 76.984581763400001, 8.606348991899999 ], [ 76.9845796635, 8.6063509544 ], [ 76.984574540300002, 8.6063557425 ], [ 76.984568345, 8.606361532499999 ], [ 76.984567136899997, 8.6063626615 ], [ 76.984561795700003, 8.6063676533 ], [ 76.984424676, 8.6064958024 ], [ 76.984362466299999, 8.6065539422 ], [ 76.984349722399998, 8.606561296600001 ], [ 76.984339970500002, 8.606566924299999 ], [ 76.984285184100003, 8.606598541 ], [ 76.984281898099994, 8.606600437399999 ], [ 76.984254744099999, 8.606616107700001 ], [ 76.984162258599994, 8.606669480200001 ], [ 76.984018169400002, 8.606802434800001 ], [ 76.983911233499995, 8.606901107200001 ], [ 76.983910663200007, 8.6069016335 ], [ 76.983821495599997, 8.6069053911 ], [ 76.983731541500006, 8.6069021067 ], [ 76.983605768399997, 8.6068975145 ], [ 76.983588497699998, 8.606899047600001 ], [ 76.983549250600007, 8.6069041215 ], [ 76.983512650600005, 8.606909503400001 ], [ 76.983498173399994, 8.606910724900001 ], [ 76.983299017500002, 8.6069275292 ], [ 76.983244420099993, 8.606989003800001 ], [ 76.983221963800005, 8.6070142887 ], [ 76.983139080599997, 8.6071076118 ], [ 76.983127614400004, 8.607120522400001 ], [ 76.983113313800004, 8.607129565899999 ], [ 76.983002743300005, 8.607199489499999 ], [ 76.9829669728, 8.6072221103 ], [ 76.982935152600007, 8.607242233099999 ], [ 76.982930243499993, 8.6072453375 ], [ 76.982926128100004, 8.607245863099999 ], [ 76.982916491799998, 8.6072470937 ], [ 76.982800687500003, 8.6072618826 ], [ 76.982789536799999, 8.6072633066 ], [ 76.982624083, 8.607284436 ], [ 76.982575432600001, 8.607290648899999 ], [ 76.982553129799996, 8.6072917762 ], [ 76.982506835, 8.6072941163 ], [ 76.982347206, 8.6073021852 ], [ 76.982268199200007, 8.6073061787 ], [ 76.9821088801, 8.6073142318 ], [ 76.982107017299995, 8.607314326 ], [ 76.982105882, 8.6073143833 ], [ 76.982075842499995, 8.607334057899999 ], [ 76.982057231200002, 8.607346247500001 ], [ 76.981960198099998, 8.607409799899999 ], [ 76.981960007, 8.607409863699999 ], [ 76.9819558433, 8.607411254800001 ], [ 76.981921398799997, 8.607422762100001 ], [ 76.981749751099997, 8.607480106600001 ], [ 76.981736740599999, 8.6074844532 ], [ 76.981720697200004, 8.607489813100001 ], [ 76.981715909800002, 8.6074914125 ], [ 76.981714286, 8.6074919549 ], [ 76.981714102400005, 8.6074921062 ], [ 76.981709780399996, 8.607495668 ], [ 76.981708526199995, 8.607496701500001 ], [ 76.981707015300003, 8.607497946700001 ], [ 76.981689321100006, 8.607512528399999 ], [ 76.981688242800004, 8.607513417 ], [ 76.981676590299998, 8.6075230198 ], [ 76.9816652863, 8.6075323353 ], [ 76.981660920400003, 8.607535933299999 ], [ 76.981588496300006, 8.607595617599999 ], [ 76.981577212, 8.6076049169 ], [ 76.981483837499994, 8.6076818664 ], [ 76.981505820199999, 8.6079382462 ], [ 76.981507686100002, 8.607960006900001 ], [ 76.981505522399999, 8.6079702574 ], [ 76.981486262700002, 8.6080615008 ], [ 76.981506521900002, 8.608182622799999 ], [ 76.981506985899998, 8.6081853965 ], [ 76.981507173799997, 8.6081865199 ], [ 76.981507428699999, 8.6081880442 ], [ 76.981508019, 8.608191573299999 ], [ 76.981509045799996, 8.608197711900001 ], [ 76.981514648100003, 8.608231206199999 ], [ 76.981517935, 8.6082508571 ], [ 76.981511490499997, 8.6082536705 ], [ 76.981508373899999, 8.608255031100001 ], [ 76.981495093199996, 8.608260829 ], [ 76.981494874299997, 8.6082609245 ], [ 76.981367912099998, 8.608316351499999 ], [ 76.981310450400002, 8.6083414371 ], [ 76.981103214800001, 8.6084319082 ], [ 76.981090789099994, 8.608437332699999 ], [ 76.981089032200003, 8.608438099700001 ], [ 76.981087791199997, 8.608438641499999 ], [ 76.981080677899996, 8.608441746900001 ], [ 76.981078274300003, 8.6084427962 ], [ 76.981065946100003, 8.608453233100001 ], [ 76.981056840799994, 8.608460941600001 ], [ 76.981043072, 8.608472598200001 ], [ 76.981030760300001, 8.6084830212 ], [ 76.981016840400002, 8.608494805699999 ], [ 76.981015878799994, 8.608495619799999 ], [ 76.980989004500003, 8.608518371400001 ], [ 76.980904646200003, 8.6085897884 ], [ 76.980879191499994, 8.608599185399999 ], [ 76.980828630299996, 8.6086178507 ], [ 76.980695835099993, 8.608666873900001 ], [ 76.980666623199994, 8.6086776579 ], [ 76.980654130600001, 8.608682269699999 ], [ 76.980640880799996, 8.608687161100001 ], [ 76.980613154899999, 8.6086973964 ], [ 76.980581619899993, 8.608709038 ], [ 76.980550893499995, 8.608720381099999 ], [ 76.980542805499994, 8.6087233669 ], [ 76.980535405500007, 8.6087260987 ], [ 76.980421918, 8.6088346016 ], [ 76.980420218, 8.608836226899999 ], [ 76.980344292200002, 8.6089088179 ], [ 76.980298623199999, 8.608952480899999 ], [ 76.980288208800005, 8.608956238199999 ], [ 76.980171143099994, 8.6089984729 ], [ 76.980138577399998, 8.6090102219 ], [ 76.979993158799999, 8.6090626856 ], [ 76.979991401099994, 8.609063319700001 ], [ 76.979843735399996, 8.609116594 ], [ 76.979787634499999, 8.609136833899999 ], [ 76.979784719899996, 8.609137885499999 ], [ 76.979739545800001, 8.609154183199999 ], [ 76.979417066899998, 8.6094148268 ], [ 76.979395429199997, 8.609474926200001 ], [ 76.979390096, 8.609489739500001 ], [ 76.979293592700003, 8.60975778 ], [ 76.979293592499999, 8.609757780700001 ], [ 76.979270967299996, 8.609820622899999 ], [ 76.979256340600003, 8.6098612488 ], [ 76.979248972899995, 8.609881713 ], [ 76.979247169, 8.609886723200001 ], [ 76.979209611200005, 8.609991040900001 ], [ 76.979209611200005, 8.609991041 ], [ 76.979204320299999, 8.6100057366 ], [ 76.979199776800002, 8.6100130546 ], [ 76.979160519600001, 8.6100762842 ], [ 76.979154925200007, 8.610085294899999 ], [ 76.979150901099999, 8.610091776200001 ], [ 76.979149259500005, 8.610094420199999 ], [ 76.978940712899998, 8.6104303153 ], [ 76.978812409900002, 8.6105767504 ], [ 76.978780884100004, 8.6106127314 ], [ 76.978695480400006, 8.6107102044 ], [ 76.978694429900003, 8.6107114033 ], [ 76.978686518399996, 8.6107125663 ], [ 76.978670401100004, 8.610714935400001 ], [ 76.97866328, 8.6107159821 ], [ 76.978586715800006, 8.610727236400001 ], [ 76.978409953799996, 8.610753218699999 ], [ 76.978392967299996, 8.610799242900001 ], [ 76.978370932199994, 8.6108589456 ], [ 76.978356844499999, 8.6108971155 ], [ 76.978353100199996, 8.610897613600001 ], [ 76.978342944600001, 8.6108989647 ], [ 76.978262893, 8.610909614400001 ], [ 76.978203107200002, 8.6109175681 ], [ 76.978185026099993, 8.6109199735 ], [ 76.978158080399993, 8.6109240096 ], [ 76.978149755800004, 8.610924665700001 ], [ 76.978043698099995, 8.610933023699999 ], [ 76.977996578800003, 8.610936737 ], [ 76.977970410500006, 8.6109387993 ], [ 76.977959860400006, 8.610939630700001 ], [ 76.977957231, 8.6109388895 ], [ 76.977955208699996, 8.610938319400001 ], [ 76.977955208699996, 8.610938319400001 ], [ 76.977895320599998, 8.6109103206 ], [ 76.977727127600005, 8.6108465315 ], [ 76.977611267, 8.6108458708 ], [ 76.977315718900002, 8.6108524602 ], [ 76.977298555900006, 8.610856199100001 ], [ 76.977219413900002, 8.6108546072 ], [ 76.977047744800004, 8.610851154200001 ], [ 76.977014585399999, 8.6108504872 ], [ 76.977013469699997, 8.6108514048 ], [ 76.977012246, 8.6108524113 ], [ 76.977003729100005, 8.6108594158 ], [ 76.976973031100002, 8.6108846629 ], [ 76.976952144400002, 8.6109018408 ], [ 76.9769036478, 8.610941726 ], [ 76.9769015806, 8.6109434262 ], [ 76.976832946599998, 8.610999873100001 ], [ 76.976428385399998, 8.6113143365 ], [ 76.976315967100007, 8.6114017185 ], [ 76.976107919100002, 8.611563432800001 ], [ 76.976107511799995, 8.6115637494 ], [ 76.976055904500001, 8.611603863399999 ], [ 76.975905563799998, 8.6117698264 ], [ 76.975886268699995, 8.611801697200001 ], [ 76.975868444, 8.6118311391 ], [ 76.975713866299998, 8.612086463 ], [ 76.975656245500005, 8.6122149639 ], [ 76.975625631, 8.6122832377 ], [ 76.975556984099995, 8.612436328 ], [ 76.975552722100005, 8.612445832800001 ], [ 76.9754023542, 8.612575511199999 ], [ 76.975349620399996, 8.6126209892 ], [ 76.975199877099996, 8.612750129 ], [ 76.975077527300002, 8.6129030094 ], [ 76.975062858399994, 8.6129213387 ], [ 76.975059669499998, 8.612925323300001 ], [ 76.975054380200007, 8.6129319325 ], [ 76.975031198500005, 8.612942862500001 ], [ 76.974987760100007, 8.612963343400001 ], [ 76.974603541799993, 8.613144499300001 ], [ 76.974474356499996, 8.613299512399999 ], [ 76.974405881099997, 8.6133816778 ], [ 76.974367826, 8.613427341 ], [ 76.974342358499996, 8.6134579001 ], [ 76.974319140199995, 8.6134857603 ], [ 76.974261418699996, 8.6135550219 ], [ 76.974261415, 8.6135550263 ], [ 76.974182663099995, 8.613649522699999 ], [ 76.974181395900004, 8.613651043200001 ], [ 76.974178943400005, 8.6136788743 ], [ 76.974157784300004, 8.6139189851 ], [ 76.974152565, 8.613978213 ], [ 76.974150403799996, 8.6140027388 ], [ 76.974150101099994, 8.6140061738 ], [ 76.974144488700006, 8.614015699099999 ], [ 76.973983180900007, 8.614289468899999 ], [ 76.973777248600001, 8.614596693399999 ], [ 76.97377304, 8.6146029722 ], [ 76.973772750799995, 8.6146032553 ], [ 76.973755443499996, 8.614620200399999 ], [ 76.973712243400001, 8.614662496499999 ], [ 76.973658654199994, 8.614714964199999 ], [ 76.973660705300006, 8.614921816100001 ], [ 76.973606152200006, 8.614995221299999 ], [ 76.973566854400005, 8.615048099299999 ], [ 76.973490310299994, 8.6151510949 ], [ 76.973487264300005, 8.6151551935 ], [ 76.973473881399997, 8.615154329899999 ], [ 76.973451711400003, 8.6151528993 ], [ 76.973401853699997, 8.615149682 ], [ 76.973373497300003, 8.6151478522 ], [ 76.973363573499995, 8.6151472119 ], [ 76.973348293100003, 8.6151462258 ], [ 76.973339129400003, 8.615145634499999 ], [ 76.973201856200006, 8.6151367764 ], [ 76.973162136, 8.6151690828 ], [ 76.973153839800005, 8.6151758305 ], [ 76.973146652500006, 8.615181676300001 ], [ 76.973139985499998, 8.6151870988 ], [ 76.973130745800006, 8.615194614 ], [ 76.973122172700002, 8.6152015869 ], [ 76.973113783599999, 8.615208410199999 ], [ 76.973104430899994, 8.6152160172 ], [ 76.973093111599994, 8.6152252237 ], [ 76.973078651099996, 8.615236985099999 ], [ 76.973066286900007, 8.6152470416 ], [ 76.973056386699994, 8.6152550939 ], [ 76.973045782200003, 8.615263719 ], [ 76.973035378399999, 8.615272181 ], [ 76.973024314, 8.6152811801 ], [ 76.973011684300005, 8.615291452499999 ], [ 76.97300057, 8.615300492299999 ], [ 76.972989635299996, 8.615309386 ], [ 76.972977742099999, 8.615319059400001 ], [ 76.972950452399999, 8.615341255300001 ], [ 76.972949797300004, 8.6153417882 ], [ 76.972937958499998, 8.6153519812 ], [ 76.972920594399994, 8.615366931400001 ], [ 76.972903652699998, 8.6153815179 ], [ 76.972887178400001, 8.615395702 ], [ 76.9728751273, 8.615406077899999 ], [ 76.972863942399997, 8.6154157079 ], [ 76.972842507300001, 8.6154341631 ], [ 76.972832538500001, 8.615442746099999 ], [ 76.972813654800007, 8.6154590046 ], [ 76.972811379199996, 8.6154609639 ], [ 76.972810753499999, 8.615461466099999 ], [ 76.972800803200002, 8.615469453 ], [ 76.972800113399998, 8.615470006700001 ], [ 76.972798412, 8.6154713724 ], [ 76.972502499900003, 8.615708893600001 ], [ 76.972260128800002, 8.615945586600001 ], [ 76.9715277974, 8.616467049300001 ], [ 76.971513498600004, 8.6165010479 ], [ 76.971505984399997, 8.6165189145 ], [ 76.971499882, 8.6165334243 ], [ 76.971491534799995, 8.616553271600001 ], [ 76.971481218299999, 8.6165778013 ], [ 76.971411363900003, 8.616743895200001 ], [ 76.971318775599997, 8.6169271698 ], [ 76.971254143500005, 8.616937068 ], [ 76.971245436499999, 8.616938401400001 ], [ 76.971223846200004, 8.616941707900001 ], [ 76.971056295099999, 8.616967367599999 ], [ 76.970996892100004, 8.616976465 ], [ 76.970953253199994, 8.616983148099999 ], [ 76.970899878200001, 8.616991322200001 ], [ 76.970852065299994, 8.616998644600001 ], [ 76.970804816, 8.617005880600001 ], [ 76.970765014199998, 8.617011976100001 ], [ 76.970725791, 8.6170179829 ], [ 76.970721707899997, 8.6170196338 ], [ 76.970694532899998, 8.6170306213 ], [ 76.970643069, 8.6170514294 ], [ 76.970508681400005, 8.6171057654 ], [ 76.970508672400001, 8.617105769 ], [ 76.970468185800001, 8.617122138699999 ], [ 76.970435769299996, 8.6171352454 ], [ 76.970198024300004, 8.617231371 ], [ 76.970090216299994, 8.617063825600001 ], [ 76.970031437700001, 8.616972477099999 ], [ 76.969991693500006, 8.61691071 ], [ 76.969991675599999, 8.6169107022 ], [ 76.9699771943, 8.616904329500001 ], [ 76.969836490099993, 8.616842411 ], [ 76.969781079599997, 8.616818026900001 ], [ 76.969712987, 8.616788062 ], [ 76.969636217800002, 8.6167542787 ], [ 76.969628809200003, 8.6167510185 ], [ 76.969628809200003, 8.6167510185 ], [ 76.969598927500002, 8.6167378687 ], [ 76.9695984823, 8.616737672699999 ], [ 76.969591447, 8.616729389 ], [ 76.969571134, 8.6167054716 ], [ 76.969453457900002, 8.6165669144 ], [ 76.969265177500006, 8.616674661799999 ], [ 76.969265081700001, 8.6166747167 ], [ 76.96911168, 8.616549218799999 ], [ 76.969049076299996, 8.6165276533 ], [ 76.968918198799997, 8.616490243099999 ], [ 76.968915452399997, 8.616488437699999 ], [ 76.968911356500001, 8.616487345199999 ], [ 76.968904299599998, 8.6164811063 ], [ 76.968861829700003, 8.6164531883 ], [ 76.967949171399994, 8.616098967499999 ], [ 76.967936743300001, 8.6161118533 ], [ 76.967910090399997, 8.616106970900001 ], [ 76.967908288, 8.616108494800001 ], [ 76.967908081399997, 8.6161066028 ], [ 76.967907862499999, 8.616106562700001 ], [ 76.967888288099999, 8.616124446900001 ], [ 76.967882901899998, 8.616129368 ], [ 76.967882924899996, 8.6161293796 ], [ 76.967883338099995, 8.6161295889 ], [ 76.967875403400001, 8.616136297400001 ], [ 76.967874578299998, 8.616136995 ], [ 76.967874253700003, 8.616137269399999 ], [ 76.9678264187, 8.616180973900001 ], [ 76.967806041, 8.616201979 ], [ 76.967741511400007, 8.616291609699999 ], [ 76.967677150399993, 8.616381006199999 ], [ 76.967673070299995, 8.616386673399999 ], [ 76.967668708800005, 8.6163927315 ], [ 76.9674616601, 8.616791861799999 ], [ 76.967447938099994, 8.6168183139 ], [ 76.967447591, 8.6168191392 ], [ 76.967390841099999, 8.616954074200001 ], [ 76.967303293399993, 8.617083837299999 ], [ 76.967272592, 8.6171293428 ], [ 76.9670525123, 8.6174925529 ], [ 76.966804053100006, 8.617920786899999 ], [ 76.966444240800001, 8.6186105543 ], [ 76.966412129899993, 8.6186721114 ], [ 76.96639875, 8.6187123651 ], [ 76.966366078799993, 8.618810656400001 ], [ 76.966242986500006, 8.619180979199999 ], [ 76.966073652600002, 8.619530513200001 ], [ 76.966056992600002, 8.6195649022 ], [ 76.966035676, 8.6196089033 ], [ 76.966029465600002, 8.6196217226 ], [ 76.966003157299994, 8.619676027200001 ], [ 76.965974094800004, 8.6197377062 ], [ 76.965886474800001, 8.620268407199999 ], [ 76.9658729728, 8.6203501868 ], [ 76.965892717599999, 8.6203899247 ], [ 76.965892237700004, 8.6203929587 ], [ 76.966064655599993, 8.62074085 ], [ 76.966166519300003, 8.6209463826 ], [ 76.96617501, 8.6209635144 ], [ 76.966182774499998, 8.620979181 ], [ 76.966413813599999, 8.6211235684 ], [ 76.966413813900004, 8.6211235685 ], [ 76.966453814299996, 8.621148566600001 ], [ 76.966461041, 8.621153083 ], [ 76.966465080899994, 8.621156103400001 ], [ 76.966480763099995, 8.621167828400001 ], [ 76.966527041700004, 8.6212024291 ], [ 76.966549292899998, 8.621216728 ], [ 76.966640668599993, 8.6212873837 ], [ 76.966640668599993, 8.6212873837 ], [ 76.966640668599993, 8.6212873837 ], [ 76.966676841199998, 8.6216865706 ], [ 76.966676923700007, 8.621688370099999 ], [ 76.966683114899993, 8.6217568446 ], [ 76.966695081300003, 8.6218891941 ], [ 76.966724233400001, 8.6222116189 ], [ 76.966821685400006, 8.622442918899999 ], [ 76.966936417, 8.622715231600001 ], [ 76.966937495, 8.6227169146 ], [ 76.966937183699997, 8.6227170514 ], [ 76.967070069599998, 8.6230324523 ], [ 76.967083319699995, 8.6230639009 ], [ 76.967105307500006, 8.623114558899999 ], [ 76.967308216800006, 8.6234840052 ], [ 76.967321604700004, 8.623508381 ], [ 76.9673415826, 8.623519501800001 ], [ 76.967343840599995, 8.6235208002 ], [ 76.967310045700003, 8.6235845879 ], [ 76.967811749299997, 8.623821104799999 ], [ 76.967978983799995, 8.623881734399999 ], [ 76.967978999, 8.623881743 ], [ 76.9680677355, 8.623932140200001 ], [ 76.968185551600001, 8.6239990528 ], [ 76.968252909599997, 8.6240066053 ], [ 76.968250158, 8.624024071899999 ], [ 76.968367958300007, 8.6240742528 ], [ 76.968453259900002, 8.6241322909 ] ] ] ] } },
{ "type": "Feature", "properties": { "gml_parent": null, "gml_pare_1": "featureMembers", "gml_id": "Thiruvanathapuram_Editor.fid-f0aec0d_192a2341ec3_-4207", "geom": null, "District": "Thiruvanathapuram", "LSGD": "Nedumangad", "Ward_Name": "MANAKODE", "Ward_No": 6, "Lsgd_Type": "Municipality", "Created_Da": "2024/10/19 14:12:44.190", "Surveyor": "Jeevan", "Mob_No": null, "Remarks": null, "_distLsgd": "Thiruvanathapuram_Nedumangad", "OBJECTID": 439, "_result": "Thiruvanathapuram_Nedumangad", "_ulid": "01JBBD70X170A88TT77VY8PM1H", "_distLsgd2": "Thiruvanathapuram_Nedumangad" }, "geometry": { "type": "MultiPolygon", "coordinates": [ [ [ [ 76.992194814100003, 8.6020155775 ], [ 76.992213098, 8.6019461102 ], [ 76.992216759399994, 8.6019321991 ], [ 76.992221815899995, 8.6019129875 ], [ 76.992224488, 8.601904964699999 ], [ 76.992225676900006, 8.601901395200001 ], [ 76.992227444600005, 8.6018945461 ], [ 76.992261427599999, 8.60177773 ], [ 76.992274330699999, 8.601730127 ], [ 76.992301685599998, 8.601632932499999 ], [ 76.992333721700007, 8.601532605399999 ], [ 76.992333721700007, 8.601532605399999 ], [ 76.992339740199995, 8.601513757299999 ], [ 76.992340412499999, 8.6015140683 ], [ 76.992339777699996, 8.601514160600001 ], [ 76.992520417400002, 8.601596407600001 ], [ 76.992545739899995, 8.6016090254 ], [ 76.992634310400007, 8.6016531588 ], [ 76.992634310499994, 8.6016531588 ], [ 76.992634846399994, 8.601653242899999 ], [ 76.992771108900001, 8.6016746302 ], [ 76.992784834600002, 8.6016767846 ], [ 76.992815996199994, 8.6016816756 ], [ 76.992819770699995, 8.6016392491 ], [ 76.992822179, 8.6016121777 ], [ 76.992825152500004, 8.6015787542 ], [ 76.992827936500007, 8.601547461499999 ], [ 76.992835192100003, 8.601543682899999 ], [ 76.992830978499995, 8.6015132678 ], [ 76.992830044399994, 8.6015065257 ], [ 76.992805110299997, 8.6015146824 ], [ 76.992652748899999, 8.601537859 ], [ 76.9925470684, 8.6015414164 ], [ 76.992297860600004, 8.601418214 ], [ 76.992297860500003, 8.601418214 ], [ 76.992253388, 8.6013962278 ], [ 76.992205727599995, 8.601394941100001 ], [ 76.992205727400005, 8.601394941100001 ], [ 76.992205726899996, 8.601394941100001 ], [ 76.992022495900002, 8.6013899943 ], [ 76.992001210300003, 8.6013911366 ], [ 76.992000820300007, 8.601389409099999 ], [ 76.99168906, 8.601380992099999 ], [ 76.991672186700001, 8.6013972086 ], [ 76.991669987, 8.6014089117 ], [ 76.991668877799995, 8.6014148129 ], [ 76.991160141899996, 8.601495519 ], [ 76.990721889100001, 8.6018196554 ], [ 76.990231648, 8.601963166 ], [ 76.989579599, 8.602234152899999 ], [ 76.989371346799999, 8.602270763 ], [ 76.9887220703, 8.602384903 ], [ 76.9884479169, 8.6023980592 ], [ 76.988383971700003, 8.6024011278 ], [ 76.988250218299996, 8.6022235715 ], [ 76.988185267399999, 8.6021373496 ], [ 76.988162827699995, 8.601930142200001 ], [ 76.988159904599996, 8.6019031502 ], [ 76.988145272899999, 8.601768041 ], [ 76.988133425800001, 8.601692033599999 ], [ 76.988108789, 8.601655115 ], [ 76.988106566900001, 8.6016517851 ], [ 76.987898449, 8.601339917500001 ], [ 76.987857036099996, 8.6013330131 ], [ 76.987539478100004, 8.6012800693 ], [ 76.987161947, 8.601258829100001 ], [ 76.987059494, 8.6012382353 ], [ 76.986716641399994, 8.6011693192 ], [ 76.986722009499999, 8.601247605 ], [ 76.986726171699999, 8.601287172099999 ], [ 76.986724692899998, 8.601286739100001 ], [ 76.986724692899998, 8.601286739500001 ], [ 76.986744058200003, 8.6015691558 ], [ 76.986744058300005, 8.6015691568 ], [ 76.986744058400006, 8.6015691587 ], [ 76.986755284899999, 8.6017328802 ], [ 76.986755284899999, 8.6017328802 ], [ 76.986794342, 8.601738532 ], [ 76.986902232600002, 8.601743626499999 ], [ 76.986933442600005, 8.601744434900001 ], [ 76.986937835199996, 8.6017453077 ], [ 76.986985232500004, 8.6017475457 ], [ 76.987184829499995, 8.601796184299999 ], [ 76.987309826200004, 8.601907558 ], [ 76.987501300299996, 8.601930717 ], [ 76.987571926, 8.6019392593 ], [ 76.987572689700002, 8.6019393517 ], [ 76.987595588399998, 8.6020375431 ], [ 76.987595588800005, 8.6020375448 ], [ 76.987630853100001, 8.602188760700001 ], [ 76.987667452, 8.602331054 ], [ 76.987672216, 8.6023485464 ], [ 76.987685244, 8.6023963829 ], [ 76.987688204700007, 8.602407253899999 ], [ 76.987758259800003, 8.6024760932 ], [ 76.987860451800003, 8.602576511500001 ], [ 76.987867012, 8.602582957899999 ], [ 76.988195369300001, 8.602713814299999 ], [ 76.988451764100006, 8.602813895500001 ], [ 76.988693401700004, 8.602845888599999 ], [ 76.988693401700004, 8.602845888599999 ], [ 76.988724898100003, 8.6028496981 ], [ 76.988972040199997, 8.603018222499999 ], [ 76.989072523900006, 8.603099140799999 ], [ 76.989108293300006, 8.6032504992 ], [ 76.989233464799995, 8.603321874 ], [ 76.989246008199999, 8.603329026400001 ], [ 76.989277768500003, 8.6033423109 ], [ 76.9896046665, 8.6032847283 ], [ 76.989658032199998, 8.603287565400001 ], [ 76.989658032299999, 8.603287565400001 ], [ 76.989709793700001, 8.6032897036 ], [ 76.989917799300002, 8.6032982958 ], [ 76.989918056400001, 8.603298306399999 ], [ 76.990192165400003, 8.6032292917 ], [ 76.990324797300005, 8.6031197568 ], [ 76.990446457900006, 8.6030192824 ], [ 76.9904434587, 8.6030908143 ], [ 76.990428515900007, 8.603447197099999 ], [ 76.990307411700002, 8.6037101074 ], [ 76.98993048, 8.603906434800001 ], [ 76.989918631699993, 8.6039165974 ], [ 76.989721765300004, 8.6040854551 ], [ 76.989716684800001, 8.6040898127 ], [ 76.989692543499999, 8.6041131031 ], [ 76.989690656899995, 8.604114923199999 ], [ 76.9894700384, 8.604167281800001 ], [ 76.989377881600007, 8.604196227199999 ], [ 76.989280125799993, 8.604226931199999 ], [ 76.989230551600002, 8.6042607978 ], [ 76.989158077599996, 8.604310308200001 ], [ 76.989047921199997, 8.604421781299999 ], [ 76.989034284900001, 8.604435580500001 ], [ 76.989004383899996, 8.604460958 ], [ 76.988958670100004, 8.604505766400001 ], [ 76.988921521799995, 8.604549691300001 ], [ 76.988747231700003, 8.604726064299999 ], [ 76.9883842757, 8.6050147381 ], [ 76.988284655499996, 8.6050122926 ], [ 76.988116265800002, 8.60478681 ], [ 76.988111279799995, 8.6047801336 ], [ 76.988034765699993, 8.604727199599999 ], [ 76.987980681699995, 8.6046897833 ], [ 76.98742005, 8.6048447464 ], [ 76.987206880599999, 8.604967203599999 ], [ 76.986971052100003, 8.6050491649 ], [ 76.986914182099994, 8.6050958525 ], [ 76.986747639499995, 8.6052403429 ], [ 76.986730223, 8.6052554533 ], [ 76.986726161199996, 8.605257909600001 ], [ 76.986712983700002, 8.605261026899999 ], [ 76.986580925799998, 8.605296253100001 ], [ 76.986384152, 8.6053487419 ], [ 76.986384133200005, 8.605348749799999 ], [ 76.986371375800005, 8.605354114500001 ], [ 76.986121827900007, 8.605459055100001 ], [ 76.986090493399999, 8.6054726731 ], [ 76.986006126500001, 8.605509339099999 ], [ 76.985964398, 8.605527474300001 ], [ 76.985946071499995, 8.605565546499999 ], [ 76.985944039499998, 8.6055697679 ], [ 76.985941297699995, 8.6055708105 ], [ 76.985931351900007, 8.605615053499999 ], [ 76.985934462700001, 8.6056330536 ], [ 76.985929539300002, 8.605702710799999 ], [ 76.985912237700006, 8.605719891 ], [ 76.985863750099995, 8.6057759561 ], [ 76.985816345700002, 8.605839743800001 ], [ 76.985804055800003, 8.605856281099999 ], [ 76.985755930799996, 8.605901257799999 ], [ 76.985753077, 8.6059039249 ], [ 76.985695815300005, 8.605926074799999 ], [ 76.9854209911, 8.6060323823 ], [ 76.985329988700002, 8.6060675838 ], [ 76.985326020399995, 8.606069118800001 ], [ 76.985070309799994, 8.606284500699999 ], [ 76.985085556200005, 8.6063204897 ], [ 76.985163468, 8.6065044005 ], [ 76.985164064100005, 8.6065058076 ], [ 76.985193410500003, 8.6065126826 ], [ 76.985204327899993, 8.6065152402 ], [ 76.985235286299996, 8.606551297099999 ], [ 76.985235286299996, 8.606551297099999 ], [ 76.985589597, 8.606957383399999 ], [ 76.985609637, 8.606978658599999 ], [ 76.985670540699999, 8.6070433162 ], [ 76.985669715, 8.6071043109 ], [ 76.985539808400006, 8.607197576900001 ], [ 76.985485840400003, 8.6072371792 ], [ 76.985447423300002, 8.6072653701 ], [ 76.985446940900005, 8.607266019900001 ], [ 76.985370897300001, 8.6073684424 ], [ 76.985412845699997, 8.607525369799999 ], [ 76.985430203199996, 8.607594798299999 ], [ 76.985453879700003, 8.6076895025 ], [ 76.985455047399995, 8.6076941729 ], [ 76.985468693499996, 8.607748756099999 ], [ 76.985473576900006, 8.6077744378 ], [ 76.985507375699996, 8.6078798083 ], [ 76.9855313212, 8.6079544601 ], [ 76.985582783599995, 8.607942702600001 ], [ 76.985746451300002, 8.6079053099 ], [ 76.985747404199998, 8.607905092099999 ], [ 76.985754905099995, 8.6079033784 ], [ 76.985754905099995, 8.6079033784 ], [ 76.985849562799999, 8.607881752200001 ], [ 76.985855236800006, 8.6078804559 ], [ 76.986071087400006, 8.6078311409 ], [ 76.986071088900005, 8.6078311405 ], [ 76.986071089899994, 8.6078311403 ], [ 76.986138542800006, 8.6078157294 ], [ 76.986177341499996, 8.607808755 ], [ 76.986317517299995, 8.607783557099999 ], [ 76.986332429900003, 8.6077808764 ], [ 76.9863532607, 8.607777131800001 ], [ 76.986523568699994, 8.607746517300001 ], [ 76.986525526, 8.6077461654 ], [ 76.986574515300006, 8.6077250774 ], [ 76.986579097200007, 8.607723105 ], [ 76.986579036400002, 8.6077229601 ], [ 76.98658828, 8.607718631499999 ], [ 76.9866074631, 8.6077108945 ], [ 76.986610435700001, 8.607709614899999 ], [ 76.986668074799994, 8.6076848034 ], [ 76.986668076599997, 8.6076848026 ], [ 76.986703798199997, 8.607669425799999 ], [ 76.986745386400003, 8.6076513175 ], [ 76.986776572699995, 8.607630455700001 ], [ 76.986779886199997, 8.6076282392 ], [ 76.986779847199998, 8.607628162399999 ], [ 76.986791644, 8.6076199006 ], [ 76.986792055099997, 8.6076200989 ], [ 76.986792119, 8.6076200562 ], [ 76.986796018600003, 8.6076168368 ], [ 76.986800057799996, 8.6076135021 ], [ 76.986807260199996, 8.607608963700001 ], [ 76.986832094, 8.607593315300001 ], [ 76.986908160599995, 8.607542431200001 ], [ 76.986916048500007, 8.6075369883 ], [ 76.986917729, 8.6075360306 ], [ 76.987052509600005, 8.607445870299999 ], [ 76.987052514699997, 8.607445866799999 ], [ 76.987052524600003, 8.6074458603 ], [ 76.987321094899997, 8.6072662024 ], [ 76.9873570333, 8.607235894 ], [ 76.987373488900005, 8.6072220163 ], [ 76.987435973100006, 8.607169320500001 ], [ 76.987435685600005, 8.6071688449 ], [ 76.987440707399998, 8.607165327900001 ], [ 76.9875434442, 8.607078685399999 ], [ 76.987702241700006, 8.6070018813 ], [ 76.9877022573, 8.6070018738 ], [ 76.987881917099998, 8.606914979500001 ], [ 76.987948234499996, 8.606882904400001 ], [ 76.988059365799998, 8.6068291545 ], [ 76.988066147699996, 8.606826826700001 ], [ 76.988066147799998, 8.606826826700001 ], [ 76.988066148, 8.606826826600001 ], [ 76.988379895899996, 8.606719139100001 ], [ 76.988379874499998, 8.606718841299999 ], [ 76.988385943300003, 8.6067167916 ], [ 76.988387569599993, 8.6067165053 ], [ 76.9883983796, 8.6067146019 ], [ 76.988413170200005, 8.6067119975 ], [ 76.988413170200005, 8.6067119975 ], [ 76.988413170300007, 8.6067119975 ], [ 76.988530817400004, 8.6066912822 ], [ 76.988530817400004, 8.6066912822 ], [ 76.988660185, 8.606709053399999 ], [ 76.988710635900006, 8.6067940757 ], [ 76.988711253399998, 8.6068083996 ], [ 76.9887130802, 8.6068507799 ], [ 76.988714035699999, 8.606852806099999 ], [ 76.988713805800003, 8.6068676125 ], [ 76.988731513, 8.6072783922 ], [ 76.988776079600001, 8.607593366 ], [ 76.988822365399997, 8.6078285018 ], [ 76.988903157799996, 8.6082704431 ], [ 76.9889031063, 8.6082802924 ], [ 76.988903038399997, 8.6082932794 ], [ 76.988924422899998, 8.608621316100001 ], [ 76.988924422899998, 8.608621316100001 ], [ 76.988925124399998, 8.608632076899999 ], [ 76.988925535600004, 8.6086417717 ], [ 76.988881205200002, 8.6086599563 ], [ 76.988682013399995, 8.608779413500001 ], [ 76.988672876099997, 8.608784893199999 ], [ 76.988659494700002, 8.608792918200001 ], [ 76.988600292599997, 8.608835103600001 ], [ 76.988529125200003, 8.608887705200001 ], [ 76.9884680097, 8.608934424499999 ], [ 76.988387669299996, 8.609003784900001 ], [ 76.988375719399997, 8.6090187169 ], [ 76.988342741799997, 8.6090633546 ], [ 76.988334293299999, 8.6090704808 ], [ 76.988334293299999, 8.6090704808 ], [ 76.988329463699998, 8.6090794832 ], [ 76.988276063300006, 8.6091437967 ], [ 76.9881795533, 8.609350081500001 ], [ 76.988155400899998, 8.6094006307 ], [ 76.988156425200003, 8.6094020266 ], [ 76.988140963399999, 8.609430847400001 ], [ 76.988140960300001, 8.609430871400001 ], [ 76.988140941099999, 8.609430893900001 ], [ 76.988130044200005, 8.6094537004 ], [ 76.988119729700003, 8.6094761671 ], [ 76.988119729700003, 8.6094761671 ], [ 76.988109950799995, 8.609508292699999 ], [ 76.988122523399994, 8.609558761400001 ], [ 76.988124481599996, 8.609560163099999 ], [ 76.988123937, 8.609564435699999 ], [ 76.988123977100003, 8.6095645969 ], [ 76.988123977200004, 8.609564597 ], [ 76.988241003599995, 8.6100343616 ], [ 76.988244650699997, 8.6100490015 ], [ 76.988244650699997, 8.6100490015 ], [ 76.9882575747, 8.610100880599999 ], [ 76.988257682699995, 8.610101564500001 ], [ 76.988297259500001, 8.610330768900001 ], [ 76.988301018399994, 8.6103758413 ], [ 76.988331040600002, 8.610565855700001 ], [ 76.988345386600002, 8.6106566533 ], [ 76.988370556899994, 8.610793833600001 ], [ 76.988377419900004, 8.6107950066 ], [ 76.988527455600007, 8.610820649700001 ], [ 76.988535150700002, 8.6108219649 ], [ 76.988637949500003, 8.6108395345 ], [ 76.988641449100001, 8.6108401326 ], [ 76.988868718700004, 8.610729041600001 ], [ 76.988956456300002, 8.6106817548 ], [ 76.989021043700006, 8.6106301852 ], [ 76.989024924, 8.610627087 ], [ 76.989061699199993, 8.6105977239 ], [ 76.989198567800003, 8.610488441399999 ], [ 76.989217166, 8.6104804408 ], [ 76.989220660300006, 8.6104789376 ], [ 76.989270012099993, 8.6104577073 ], [ 76.9901251358, 8.610089845799999 ], [ 76.990159710499995, 8.6100749723 ], [ 76.990286541100005, 8.6100999658 ], [ 76.990291422, 8.6101009276 ], [ 76.990418633100006, 8.610109405299999 ], [ 76.990611042500007, 8.61011183 ], [ 76.990775308899998, 8.6101139001 ], [ 76.9907998252, 8.610114209 ], [ 76.990686961700007, 8.6097835356 ], [ 76.990681059699995, 8.609766243499999 ], [ 76.9905918077, 8.6095824569 ], [ 76.990565190500007, 8.609529953399999 ], [ 76.990548071500001, 8.609496185499999 ], [ 76.990513996700003, 8.60940962 ], [ 76.990446478, 8.6090167299 ], [ 76.990495773199996, 8.608435890499999 ], [ 76.990509021400001, 8.608435374900001 ], [ 76.990509601200003, 8.608435352300001 ], [ 76.990571858600006, 8.608432929399999 ], [ 76.990696569899995, 8.608428075899999 ], [ 76.990696583100004, 8.608428075400001 ], [ 76.990717104799998, 8.608427276700001 ], [ 76.990717106, 8.608427276700001 ], [ 76.990761731199996, 8.6084225278 ], [ 76.990999156900003, 8.6084092562 ], [ 76.991033452099998, 8.6084064841 ], [ 76.991042240699997, 8.608405773699999 ], [ 76.991229925699997, 8.6083906031 ], [ 76.991274724899995, 8.608367936100001 ], [ 76.991283229299995, 8.6083670311 ], [ 76.991317267, 8.608347089900001 ], [ 76.991318274400001, 8.6083490163 ], [ 76.991548685400005, 8.6082305742 ], [ 76.991548685799998, 8.608230574 ], [ 76.991596835899998, 8.608183302600001 ], [ 76.991598109700007, 8.6081820521 ], [ 76.991749847099996, 8.608023423300001 ], [ 76.9917527713, 8.6080181737 ], [ 76.991754170299998, 8.6080189038 ], [ 76.991774283599995, 8.607993801099999 ], [ 76.991820142400002, 8.607903867199999 ], [ 76.991846619100002, 8.6078519436 ], [ 76.991849869700005, 8.6078455689 ], [ 76.991850575499996, 8.607842593199999 ], [ 76.991860168800002, 8.607825371200001 ], [ 76.991863259900001, 8.6078232014 ], [ 76.991896223200001, 8.607800062300001 ], [ 76.991912659899995, 8.6077913614 ], [ 76.992029553199998, 8.6077294831 ], [ 76.9920295533, 8.6077294831 ], [ 76.992031543, 8.6077284298 ], [ 76.992033141700006, 8.607727583499999 ], [ 76.992136505600001, 8.6077403036 ], [ 76.9922359073, 8.607752536 ], [ 76.992348417299993, 8.607779058 ], [ 76.992348832399998, 8.607779155899999 ], [ 76.992451443299998, 8.607803344400001 ], [ 76.992451443299998, 8.607803344400001 ], [ 76.992451709099996, 8.607803242699999 ], [ 76.992451782900005, 8.6078034244 ], [ 76.992474383800001, 8.6078087521 ], [ 76.992476079, 8.6078080659 ], [ 76.992503395, 8.6077970077 ], [ 76.992515815900006, 8.6077919794 ], [ 76.992665276799997, 8.6077310778 ], [ 76.992682784400003, 8.607719594200001 ], [ 76.992692102500001, 8.607713482199999 ], [ 76.992696014700002, 8.6077109161 ], [ 76.992697625199995, 8.6077098597 ], [ 76.992700172, 8.6077081893 ], [ 76.992725904500006, 8.6076913107 ], [ 76.992741349100001, 8.6076811802 ], [ 76.992749742, 8.607675675099999 ], [ 76.992786028400005, 8.6076518739 ], [ 76.992786028400005, 8.6076518739 ], [ 76.992786166800002, 8.607651779199999 ], [ 76.992797674299993, 8.607648204 ], [ 76.992805601399994, 8.6076461171 ], [ 76.992817627400001, 8.6076418442 ], [ 76.992827748799996, 8.607638296899999 ], [ 76.992828027300007, 8.607638201 ], [ 76.992829973100001, 8.6076375311 ], [ 76.992823705700005, 8.607639667400001 ], [ 76.992822982700005, 8.6076399148 ], [ 76.9928213954, 8.607640480100001 ], [ 76.992813053800006, 8.6076435382 ], [ 76.992823524599999, 8.607639731 ], [ 76.992807539599994, 8.6076454379 ], [ 76.992805671799999, 8.6076460981 ], [ 76.992797652099995, 8.607648210900001 ], [ 76.992795834500001, 8.607640459100001 ], [ 76.992794781699999, 8.6076366029 ], [ 76.992793288200005, 8.6076307938 ], [ 76.992790373899993, 8.60761927 ], [ 76.992787402499999, 8.607608171200001 ], [ 76.992783698300002, 8.607594062900001 ], [ 76.992755541299999, 8.607481505200001 ], [ 76.992740885100005, 8.60742406 ], [ 76.992733205799993, 8.6073937529 ], [ 76.9927302217, 8.607381976199999 ], [ 76.992726086700003, 8.607365657100001 ], [ 76.992724966799997, 8.607361237199999 ], [ 76.992724570099995, 8.607359671699999 ], [ 76.992740062500005, 8.607257473 ], [ 76.992748462400002, 8.607202061500001 ], [ 76.992751457, 8.6071771914 ], [ 76.992753356099996, 8.607161419400001 ], [ 76.992752193100003, 8.607151911300001 ], [ 76.992750944400001, 8.6071417026 ], [ 76.992750733799994, 8.6071399807 ], [ 76.992750547499995, 8.6071384576 ], [ 76.9927493693, 8.6071288248 ], [ 76.9927450964, 8.6070938911 ], [ 76.992738071600002, 8.6070364588 ], [ 76.992738030500007, 8.607017469900001 ], [ 76.992737969900006, 8.606989499599999 ], [ 76.992737939700007, 8.606975519700001 ], [ 76.992737915800006, 8.6069644769 ], [ 76.992737867900004, 8.6069423913 ], [ 76.992715715100005, 8.6069165824 ], [ 76.9927000088, 8.606898284 ], [ 76.992653181099996, 8.606843728099999 ], [ 76.992653065499994, 8.6068439475 ], [ 76.992653038900002, 8.606843998 ], [ 76.992651904699997, 8.606842241 ], [ 76.992651904699997, 8.606842241 ], [ 76.992650884599996, 8.606842152700001 ], [ 76.992650884599996, 8.606842152700001 ], [ 76.992647142699994, 8.6068366931 ], [ 76.992642246299994, 8.606830988700001 ], [ 76.992639429899995, 8.606827707400001 ], [ 76.992615657800002, 8.6068266248 ], [ 76.992591597800001, 8.6068259549 ], [ 76.992583116700004, 8.6068257188 ], [ 76.9924369748, 8.606821649800001 ], [ 76.992418394400005, 8.6068207799 ], [ 76.992403047899998, 8.606820218499999 ], [ 76.992324697800001, 8.606818523599999 ], [ 76.992323606900001, 8.6068184932 ], [ 76.992323550600005, 8.6068184691 ], [ 76.992322212199994, 8.606817896100001 ], [ 76.9922835518, 8.606801343200001 ], [ 76.992283135600005, 8.606800596099999 ], [ 76.992274405100005, 8.606784924899999 ], [ 76.992148507500005, 8.606558938299999 ], [ 76.991981796900006, 8.6062596916 ], [ 76.9919397468, 8.6061842113 ], [ 76.991868680099998, 8.606048427899999 ], [ 76.9917932261, 8.605904261699999 ], [ 76.991792119099998, 8.6059021465 ], [ 76.991795949299998, 8.605899037 ], [ 76.991805624, 8.605891182700001 ], [ 76.991826439500002, 8.605875710599999 ], [ 76.991834460600003, 8.6058697485 ], [ 76.991844684699998, 8.6058621489 ], [ 76.992059298, 8.605702627 ], [ 76.992094786, 8.605675125599999 ], [ 76.992152305700003, 8.605630550900001 ], [ 76.992152002699996, 8.6056295122 ], [ 76.992151709599995, 8.6056285072 ], [ 76.992148882099997, 8.6056188133 ], [ 76.992147395900005, 8.605613718200001 ], [ 76.992150605899994, 8.6056111122 ], [ 76.9921142715, 8.605492286300001 ], [ 76.992064492, 8.605329489800001 ], [ 76.992064492, 8.605329489800001 ], [ 76.992035102, 8.6052287289 ], [ 76.992029260099997, 8.6052087004 ], [ 76.991989820800001, 8.6051204414 ], [ 76.991920181500006, 8.604977762700001 ], [ 76.991800815, 8.6047332009 ], [ 76.991800776800005, 8.604733122700001 ], [ 76.991801187700005, 8.6047328612 ], [ 76.991806492500004, 8.6047294853 ], [ 76.991813208600007, 8.6047252111 ], [ 76.991931508799993, 8.6046499244 ], [ 76.991964348300002, 8.6046290252 ], [ 76.991997322700001, 8.6046080402 ], [ 76.992003943699999, 8.6046038265 ], [ 76.992040295699994, 8.604585330900001 ], [ 76.992039741300005, 8.604580688 ], [ 76.992022697400003, 8.6044379562 ], [ 76.992017910900003, 8.604397872 ], [ 76.992007334299998, 8.604316906699999 ], [ 76.991968265699995, 8.6040178289 ], [ 76.991964911, 8.6039921481 ], [ 76.991961617300007, 8.603966934 ], [ 76.991957541600001, 8.603936969399999 ], [ 76.991953899199999, 8.603910190400001 ], [ 76.991952749800006, 8.6039017406 ], [ 76.991949080599994, 8.6038650572 ], [ 76.991938589699998, 8.603760173 ], [ 76.991921689899996, 8.6035912149 ], [ 76.991921601499996, 8.603590330799999 ], [ 76.991925055300001, 8.603589729899999 ], [ 76.991930734799993, 8.603588741899999 ], [ 76.991935476199998, 8.603587917 ], [ 76.991946079900003, 8.603586072300001 ], [ 76.991968179699995, 8.6035842654 ], [ 76.991984827, 8.6035798215 ], [ 76.992069823700007, 8.6035759548 ], [ 76.992097552100006, 8.6035578105 ], [ 76.992108681700003, 8.603546759 ], [ 76.992108718699996, 8.603546722200001 ], [ 76.992166685200004, 8.603489162 ], [ 76.992169959500004, 8.6034859107 ], [ 76.992170874199999, 8.603485002399999 ], [ 76.992184202499999, 8.6034717675 ], [ 76.992184238899995, 8.6034717395 ], [ 76.992195176600006, 8.6034608797 ], [ 76.992195175199996, 8.603460871699999 ], [ 76.992195517, 8.6034605323 ], [ 76.992196032500004, 8.6034600204 ], [ 76.992174210200005, 8.603339562 ], [ 76.992162477899996, 8.6032716756 ], [ 76.992160225600003, 8.603262367799999 ], [ 76.992147535699999, 8.6031923196 ], [ 76.992146041799998, 8.6031840735 ], [ 76.992131232600002, 8.6031023274 ], [ 76.992119996900001, 8.603040306400001 ], [ 76.9920792068, 8.6025030543 ], [ 76.992086552800004, 8.6024725676 ], [ 76.992119548399998, 8.602335633299999 ], [ 76.992164558900001, 8.6021305281 ], [ 76.992194814100003, 8.6020155775 ] ] ] ] } },
{ "type": "Feature", "properties": { "gml_parent": null, "gml_pare_1": "featureMembers", "gml_id": "Thiruvanathapuram_Editor.fid--715e5034_19246a0be1c_-1e05", "geom": null, "District": "Thiruvanathapuram", "LSGD": "Nedumangad", "Ward_Name": "POOVATHOOR", "Ward_No": 42, "Lsgd_Type": "Municipality", "Created_Da": "2024/10/17 09:51:54.130", "Surveyor": "Jeevan P", "Mob_No": null, "Remarks": null, "_distLsgd": "Thiruvanathapuram_Nedumangad", "OBJECTID": 439, "_result": "Thiruvanathapuram_Nedumangad", "_ulid": "01JBBD70X170A88TT77VY8PM1H", "_distLsgd2": "Thiruvanathapuram_Nedumangad" }, "geometry": { "type": "MultiPolygon", "coordinates": [ [ [ [ 76.957295154600004, 8.6157236094 ], [ 76.956727152400006, 8.6160819083 ], [ 76.956653180900005, 8.616387660399999 ], [ 76.9566562941, 8.6164762078 ], [ 76.956569212800005, 8.6166334655 ], [ 76.956466667800001, 8.617280189700001 ], [ 76.957056014200006, 8.617501347799999 ], [ 76.957396087, 8.617632481299999 ], [ 76.957525591600003, 8.6176821027 ], [ 76.957796869899994, 8.6180197271 ], [ 76.958166750299995, 8.6184720834 ], [ 76.958176317600007, 8.618714485 ], [ 76.958211469, 8.619693489099999 ], [ 76.958771497699999, 8.6194876973 ], [ 76.95899201, 8.6193652113 ], [ 76.959026478, 8.6193416133 ], [ 76.959037984099993, 8.6193395171 ], [ 76.959074748, 8.6193189703 ], [ 76.959136524, 8.6193189734 ], [ 76.959150747, 8.6193189741 ], [ 76.959352828700005, 8.619282159100001 ], [ 76.9593808284, 8.619305023400001 ], [ 76.959563636400006, 8.619454302099999 ], [ 76.960019436500005, 8.6197852315 ], [ 76.9600211841, 8.619785313 ], [ 76.960031158800007, 8.619785778100001 ], [ 76.960042879599996, 8.6197863247 ], [ 76.960093792699993, 8.6198016128 ], [ 76.960660213, 8.6199716966 ], [ 76.960934479, 8.6201283036 ], [ 76.960950781299999, 8.6201367929 ], [ 76.960957644600001, 8.620140366899999 ], [ 76.961460079700004, 8.6197859233 ], [ 76.961490602400005, 8.619808449700001 ], [ 76.961491168600006, 8.6198088675 ], [ 76.961568941799996, 8.619866265800001 ], [ 76.961610553, 8.6198940997 ], [ 76.961632131399995, 8.619912901099999 ], [ 76.961924512899998, 8.620128684399999 ], [ 76.962136559, 8.6199675932 ], [ 76.962304424300001, 8.619454645499999 ], [ 76.962407910600007, 8.619140713 ], [ 76.962425415699997, 8.619080715100001 ], [ 76.962461161099995, 8.618979174 ], [ 76.9624583911, 8.618903036900001 ], [ 76.962452126100004, 8.618795718699999 ], [ 76.962442945700005, 8.618689331800001 ], [ 76.962444433399995, 8.6186639467 ], [ 76.962443411500004, 8.618646440599999 ], [ 76.962442361699999, 8.61864685 ], [ 76.962442031099997, 8.6186227957 ], [ 76.962436121899998, 8.618521572 ], [ 76.962440461300005, 8.61850859 ], [ 76.962440282, 8.6184955471 ], [ 76.962460455, 8.618448776499999 ], [ 76.962501660499996, 8.6183255054 ], [ 76.962501660499996, 8.6183255054 ], [ 76.962518085799999, 8.6182763672 ], [ 76.962571814499995, 8.6182382207 ], [ 76.962581414499994, 8.618234558799999 ], [ 76.962695004, 8.618159569299999 ], [ 76.962996588699994, 8.618049451599999 ], [ 76.962997491899998, 8.618048545600001 ], [ 76.963004654100004, 8.618046506700001 ], [ 76.963012642500004, 8.618043589899999 ], [ 76.963157215400003, 8.617894247500001 ], [ 76.963157217700001, 8.6178942451 ], [ 76.963211996400005, 8.617837659199999 ], [ 76.963294343499996, 8.617752595400001 ], [ 76.963301370400004, 8.6177437212 ], [ 76.963355441199994, 8.617689482 ], [ 76.963493968799995, 8.617546384 ], [ 76.963608229100004, 8.6174389296 ], [ 76.963633287299999, 8.617397887199999 ], [ 76.9636410305, 8.6173833157 ], [ 76.963682028500003, 8.6173180547 ], [ 76.963918532899996, 8.6171974407 ], [ 76.963918537200001, 8.6171974385 ], [ 76.963988294200007, 8.6171618634 ], [ 76.964066858600006, 8.617121796599999 ], [ 76.964067147799994, 8.6171200043 ], [ 76.964067950499995, 8.617110611399999 ], [ 76.964073307700005, 8.617047923399999 ], [ 76.964061016299993, 8.6169126102 ], [ 76.964060346899998, 8.616905241 ], [ 76.9640593166, 8.616893897900001 ], [ 76.964055354400003, 8.6168572794 ], [ 76.964055854199998, 8.6168557812 ], [ 76.964053031899994, 8.6168247109 ], [ 76.964107521100004, 8.6167009076 ], [ 76.964123761600007, 8.616664008200001 ], [ 76.964132729400006, 8.616643632700001 ], [ 76.964133000900006, 8.616642772700001 ], [ 76.964133236199999, 8.6166424812 ], [ 76.964137658, 8.6166324345 ], [ 76.964226949899995, 8.616507693799999 ], [ 76.964322019899996, 8.6164192905 ], [ 76.964326230500006, 8.6164145724 ], [ 76.964343388700001, 8.6163994201 ], [ 76.9643807084, 8.6163647173 ], [ 76.964382266900003, 8.6163631511 ], [ 76.964403715, 8.616257752799999 ], [ 76.964417130800001, 8.616191826 ], [ 76.964512876399994, 8.6158673869 ], [ 76.964457333499993, 8.6156077213 ], [ 76.964419948499994, 8.615499739300001 ], [ 76.964419948400007, 8.615499739 ], [ 76.964358880199995, 8.615323350900001 ], [ 76.964374261, 8.6152193526 ], [ 76.964370064799994, 8.615199735 ], [ 76.964370025199997, 8.61519955 ], [ 76.964370234800001, 8.615198625 ], [ 76.964372211500006, 8.615185718199999 ], [ 76.964375179300006, 8.615176801300001 ], [ 76.964375179399994, 8.615176801200001 ], [ 76.964392582399995, 8.6151245143 ], [ 76.964392582499997, 8.6151245142 ], [ 76.964399890400003, 8.6151025579 ], [ 76.9644038096, 8.6150898921 ], [ 76.9644041536, 8.615087594 ], [ 76.964404263099993, 8.6150868627 ], [ 76.964431075199997, 8.614907731100001 ], [ 76.964743501699999, 8.614717214900001 ], [ 76.96476232, 8.6147057396 ], [ 76.964972929300004, 8.6145356046 ], [ 76.965347660800006, 8.6147099728 ], [ 76.965261385600002, 8.6148663541 ], [ 76.965223593499999, 8.614945410800001 ], [ 76.965165413600005, 8.615067116200001 ], [ 76.965172920699999, 8.6151025132 ], [ 76.965298867300007, 8.615696374700001 ], [ 76.965299188, 8.6156978865 ], [ 76.966640748700001, 8.6157063955 ], [ 76.966739224600005, 8.615758118600001 ], [ 76.966746556700002, 8.615758376400001 ], [ 76.966762217, 8.615770195 ], [ 76.966978884100001, 8.615883996199999 ], [ 76.967870717500006, 8.6160280012 ], [ 76.967883973499994, 8.6160301416 ], [ 76.967887466199997, 8.6160307056 ], [ 76.967886430199997, 8.616030950900001 ], [ 76.9678816869, 8.616032074 ], [ 76.96784923, 8.6160397592 ], [ 76.967882956300002, 8.6160323546 ], [ 76.967886764900001, 8.6160315184 ], [ 76.967886541699997, 8.6160323582 ], [ 76.967885592599998, 8.616035929 ], [ 76.967884811600001, 8.6160388675 ], [ 76.967880296600001, 8.616055853900001 ], [ 76.967868724100001, 8.616099393100001 ], [ 76.967904842099998, 8.616106009399999 ], [ 76.967907752900004, 8.616106542600001 ], [ 76.967907862499999, 8.616106562700001 ], [ 76.967908081399997, 8.6161066028 ], [ 76.967910090399997, 8.616106970900001 ], [ 76.967936743300001, 8.6161118533 ], [ 76.967949171399994, 8.616098967499999 ], [ 76.968861829700003, 8.6164531883 ], [ 76.968904299599998, 8.6164811063 ], [ 76.968915452399997, 8.616488437699999 ], [ 76.968918198799997, 8.616490243099999 ], [ 76.969049076299996, 8.6165276533 ], [ 76.969104783500001, 8.6165435767 ], [ 76.96911168, 8.616549218799999 ], [ 76.969265081700001, 8.6166747167 ], [ 76.969265177500006, 8.616674661799999 ], [ 76.969453457900002, 8.6165669144 ], [ 76.969571134, 8.6167054716 ], [ 76.969574725599998, 8.616708165 ], [ 76.969591447, 8.616729389 ], [ 76.969598927500002, 8.6167378687 ], [ 76.969628809200003, 8.6167510185 ], [ 76.969628809200003, 8.6167510185 ], [ 76.969636217800002, 8.6167542787 ], [ 76.969712987, 8.616788062 ], [ 76.969781079599997, 8.616818026900001 ], [ 76.9697920805, 8.6168198046 ], [ 76.969836490099993, 8.616842411 ], [ 76.9699771943, 8.616904329500001 ], [ 76.969977194400002, 8.616904329500001 ], [ 76.969991675599999, 8.6169107022 ], [ 76.969991693500006, 8.61691071 ], [ 76.970031437700001, 8.616972477099999 ], [ 76.9700858434, 8.617051524500001 ], [ 76.970090216299994, 8.617063825600001 ], [ 76.970198024300004, 8.617231371 ], [ 76.970435769299996, 8.6171352454 ], [ 76.970440520400004, 8.617132717500001 ], [ 76.970468185800001, 8.617122138699999 ], [ 76.970508672400001, 8.617105769 ], [ 76.970508676, 8.6171057675 ], [ 76.970508681400005, 8.6171057654 ], [ 76.970643069, 8.6170514294 ], [ 76.970643069700003, 8.6170514291 ], [ 76.970694532899998, 8.6170306213 ], [ 76.970721707899997, 8.6170196338 ], [ 76.970725791, 8.6170179829 ], [ 76.970765014199998, 8.617011976100001 ], [ 76.970765015300003, 8.617011975900001 ], [ 76.970804816, 8.617005880600001 ], [ 76.970852065299994, 8.616998644600001 ], [ 76.970899878200001, 8.616991322200001 ], [ 76.970953253199994, 8.616983148099999 ], [ 76.970996892100004, 8.616976465 ], [ 76.971056295099999, 8.616967367599999 ], [ 76.971223846200004, 8.616941707900001 ], [ 76.971234597700004, 8.616939091100001 ], [ 76.971240465400001, 8.616937663 ], [ 76.971254143500005, 8.616937068 ], [ 76.971318775599997, 8.6169271698 ], [ 76.971411363900003, 8.616743895200001 ], [ 76.971481218299999, 8.6165778013 ], [ 76.971491534799995, 8.616553271600001 ], [ 76.971499882, 8.6165334243 ], [ 76.971505984399997, 8.6165189145 ], [ 76.971512816599997, 8.616501549 ], [ 76.971513498600004, 8.6165010479 ], [ 76.9715277974, 8.616467049300001 ], [ 76.972260128800002, 8.615945586600001 ], [ 76.972502499900003, 8.615708893600001 ], [ 76.972798412, 8.6154713724 ], [ 76.972800113399998, 8.615470006700001 ], [ 76.972800803200002, 8.615469453 ], [ 76.972810753499999, 8.615461466099999 ], [ 76.972813654800007, 8.6154590046 ], [ 76.972832538500001, 8.615442746099999 ], [ 76.972832538700004, 8.615442745899999 ], [ 76.972842507300001, 8.6154341631 ], [ 76.972863942399997, 8.6154157079 ], [ 76.972863942700002, 8.6154157076 ], [ 76.9728751273, 8.615406077899999 ], [ 76.972887178400001, 8.615395702 ], [ 76.972903652699998, 8.6153815179 ], [ 76.972920594399994, 8.615366931400001 ], [ 76.972937958499998, 8.6153519812 ], [ 76.972949797300004, 8.6153417882 ], [ 76.972950452399999, 8.615341255300001 ], [ 76.972950452500001, 8.615341255300001 ], [ 76.972977742099999, 8.615319059400001 ], [ 76.972977743200005, 8.615319058400001 ], [ 76.972989635299996, 8.615309386 ], [ 76.97300057, 8.615300492299999 ], [ 76.973011684300005, 8.615291452499999 ], [ 76.973024314, 8.6152811801 ], [ 76.973035378399999, 8.615272181 ], [ 76.973045782200003, 8.615263719 ], [ 76.973056386699994, 8.6152550939 ], [ 76.973066286900007, 8.6152470416 ], [ 76.973078651099996, 8.615236985099999 ], [ 76.973093111599994, 8.6152252237 ], [ 76.973104430899994, 8.6152160172 ], [ 76.973113783599999, 8.615208410199999 ], [ 76.973122172700002, 8.6152015869 ], [ 76.973130745800006, 8.615194614 ], [ 76.973139985499998, 8.6151870988 ], [ 76.973146652500006, 8.615181676300001 ], [ 76.973153839800005, 8.6151758305 ], [ 76.973162136, 8.6151690828 ], [ 76.973201856200006, 8.6151367764 ], [ 76.973339129400003, 8.615145634499999 ], [ 76.973348293100003, 8.6151462258 ], [ 76.973363573499995, 8.6151472119 ], [ 76.973373480099994, 8.6151475154 ], [ 76.973373497300003, 8.6151478522 ], [ 76.973401853699997, 8.615149682 ], [ 76.973401856400002, 8.6151496822 ], [ 76.973401856899997, 8.6151496822 ], [ 76.973451711400003, 8.6151528993 ], [ 76.973451711799996, 8.6151528993 ], [ 76.973473881399997, 8.615154329899999 ], [ 76.973487264300005, 8.6151551935 ], [ 76.973490310299994, 8.6151510949 ], [ 76.973566854400005, 8.615048099299999 ], [ 76.973605118500004, 8.614996203 ], [ 76.973606152200006, 8.614995221299999 ], [ 76.973660705300006, 8.614921816100001 ], [ 76.973658654199994, 8.614714964199999 ], [ 76.973712243400001, 8.614662496499999 ], [ 76.973716125899998, 8.614656398799999 ], [ 76.973755443499996, 8.614620200399999 ], [ 76.973772750799995, 8.6146032553 ], [ 76.973777248600001, 8.614596693399999 ], [ 76.973983180900007, 8.614289468899999 ], [ 76.974144488700006, 8.614015699099999 ], [ 76.974144488899995, 8.614015698699999 ], [ 76.974142066900001, 8.6140142838 ], [ 76.974150403799996, 8.6140027388 ], [ 76.974152565, 8.613978213 ], [ 76.974152332700001, 8.6139764017 ], [ 76.974157784300004, 8.6139189851 ], [ 76.974178943400005, 8.6136788743 ], [ 76.974148412, 8.613668695499999 ], [ 76.974145237299993, 8.613667637100001 ], [ 76.974131760899994, 8.6136631442 ], [ 76.974111423799997, 8.613657445199999 ], [ 76.974111278899997, 8.6136563158 ], [ 76.974111226700003, 8.6136559084 ], [ 76.974083003499999, 8.613638787499999 ], [ 76.973959682900002, 8.6135639778 ], [ 76.973931119200003, 8.6135809403 ], [ 76.973804824300004, 8.613655940199999 ], [ 76.973704207300003, 8.613715691199999 ], [ 76.973678277399998, 8.6137310897 ], [ 76.973657137, 8.613743643799999 ], [ 76.973498033300004, 8.6137669887 ], [ 76.973280414300007, 8.613798919300001 ], [ 76.973233190900004, 8.6138028025 ], [ 76.973011418400006, 8.613821038499999 ], [ 76.972973073299997, 8.613824191599999 ], [ 76.972961733, 8.613819299399999 ], [ 76.972823644900004, 8.6137597291 ], [ 76.972598119400004, 8.6136624386 ], [ 76.972418256, 8.6135209758 ], [ 76.972400259799997, 8.6135068217 ], [ 76.972394001799998, 8.613492240599999 ], [ 76.972268939499997, 8.6132008444 ], [ 76.972169634799997, 8.6130619272 ], [ 76.972157137400004, 8.6130444445 ], [ 76.972153995499994, 8.6130400493 ], [ 76.972131082800004, 8.6129759145 ], [ 76.972124856899995, 8.6129584874 ], [ 76.972116198, 8.6129342505 ], [ 76.972114797399996, 8.612930330099999 ], [ 76.972114797399996, 8.612930330099999 ], [ 76.972099874500003, 8.6129409384 ], [ 76.972090137, 8.6129507177 ], [ 76.972071748600001, 8.612969185 ], [ 76.972065208900005, 8.6129762398 ], [ 76.9716966652, 8.613373809200001 ], [ 76.971271665900005, 8.6136077356 ], [ 76.971196616200004, 8.6136232249 ], [ 76.971195956700001, 8.6136236644 ], [ 76.9711897384, 8.6136246444 ], [ 76.970705464900007, 8.6137245917 ], [ 76.9701342778, 8.613879173500001 ], [ 76.970125411599994, 8.613882956899999 ], [ 76.969930828, 8.6139547535 ], [ 76.96906795, 8.614302603800001 ], [ 76.969067831199993, 8.614305033200001 ], [ 76.9690188079, 8.6143224142 ], [ 76.969005224, 8.6143278903 ], [ 76.969004870099994, 8.6143273558 ], [ 76.969003730799997, 8.6143277598 ], [ 76.9689809451, 8.6142956186 ], [ 76.968803363399999, 8.614022994500001 ], [ 76.968803354599999, 8.6140229811 ], [ 76.968694877499999, 8.613861973200001 ], [ 76.968583317699995, 8.6137194926 ], [ 76.968540840100005, 8.6136687928 ], [ 76.968540839900001, 8.6136687926 ], [ 76.968523693500003, 8.613643792 ], [ 76.9685234767, 8.6136430655 ], [ 76.9685207287, 8.613639555800001 ], [ 76.968368179500004, 8.6131972875 ], [ 76.968386003099994, 8.613147097300001 ], [ 76.968412591299995, 8.613063583900001 ], [ 76.968433806199997, 8.613012486700001 ], [ 76.968480269200001, 8.61288165 ], [ 76.9685108937, 8.6127682921 ], [ 76.968510107100002, 8.612757286700001 ], [ 76.968509144, 8.6127438121 ], [ 76.968507704100006, 8.612723667499999 ], [ 76.968505309400001, 8.6127148266 ], [ 76.968498099800001, 8.6125893003 ], [ 76.968491547300005, 8.612497628 ], [ 76.968359411700007, 8.612185666 ], [ 76.968348132299994, 8.6121701878 ], [ 76.968296368500006, 8.612005695300001 ], [ 76.968246061499997, 8.6118591814 ], [ 76.968245124800006, 8.611842855100001 ], [ 76.968242924899997, 8.6118358644 ], [ 76.968233633, 8.611722432200001 ], [ 76.968230766700003, 8.6115925997 ], [ 76.968229165400004, 8.6115646895 ], [ 76.9682833257, 8.6113204585 ], [ 76.968287356600001, 8.6113022813 ], [ 76.968287529899996, 8.6113014438 ], [ 76.968287710300004, 8.6113006862 ], [ 76.968297343299994, 8.611257247499999 ], [ 76.968305913699993, 8.6109020343 ], [ 76.968310940699993, 8.610857345099999 ], [ 76.968317835400001, 8.6107960525 ], [ 76.968338619500003, 8.610611286699999 ], [ 76.968167086099996, 8.6107068342 ], [ 76.968167085800005, 8.6107068344 ], [ 76.968076858, 8.610752718600001 ], [ 76.968043394899993, 8.61077097 ], [ 76.968039998699993, 8.610771463 ], [ 76.968037186900006, 8.6107728929 ], [ 76.967940136699994, 8.6107862279 ], [ 76.967905519599995, 8.610790984399999 ], [ 76.967694727899996, 8.6108215836 ], [ 76.967563919, 8.610824275100001 ], [ 76.967469670599996, 8.610826214299999 ], [ 76.967468628099994, 8.610826235699999 ], [ 76.967429385700001, 8.6108270432 ], [ 76.967328530499998, 8.610896457 ], [ 76.967321895300003, 8.6109011952 ], [ 76.967294128199995, 8.6109226978 ], [ 76.967228513199998, 8.6109678781 ], [ 76.967228512600002, 8.6109678785 ], [ 76.9671759135, 8.611006933900001 ], [ 76.9671759135, 8.611006933900001 ], [ 76.967156468200002, 8.611013054300001 ], [ 76.967038031300007, 8.6110539662 ], [ 76.967008321099996, 8.6110642291 ], [ 76.966994790300006, 8.6110455965 ], [ 76.966906111100002, 8.6109234804 ], [ 76.966899312300001, 8.6109151837 ], [ 76.966899790100001, 8.6109147761 ], [ 76.966860380699998, 8.6108605072 ], [ 76.966833256100003, 8.610698081900001 ], [ 76.966830324499995, 8.6106957914 ], [ 76.966826813899999, 8.6106936989 ], [ 76.966810800700003, 8.610684154199999 ], [ 76.966790425599996, 8.6106720096 ], [ 76.966738319, 8.610640951500001 ], [ 76.9665647466, 8.610594362400001 ], [ 76.966382781199997, 8.6104598919 ], [ 76.966299733400007, 8.610359419 ], [ 76.966203935699994, 8.610243520899999 ], [ 76.966085974400002, 8.610049907500001 ], [ 76.9660744591, 8.6100310071 ], [ 76.965932753299995, 8.6100003097 ], [ 76.9659237077, 8.609999240200001 ], [ 76.965923770200007, 8.609998363700001 ], [ 76.965872806899995, 8.6099873236 ], [ 76.965791089899994, 8.6099963338 ], [ 76.965749935199995, 8.610001050899999 ], [ 76.965750018799994, 8.610001473900001 ], [ 76.965739330700004, 8.6100022663 ], [ 76.965496547100003, 8.610030093900001 ], [ 76.965489675200004, 8.6100320434 ], [ 76.9653992665, 8.610064297599999 ], [ 76.965221255800003, 8.610127804399999 ], [ 76.965152763899994, 8.6101522395 ], [ 76.965146948, 8.610154314300001 ], [ 76.965146016199995, 8.6101542415 ], [ 76.965072482400004, 8.610148496 ], [ 76.965015356400002, 8.610145832200001 ], [ 76.965013603399996, 8.6101438955 ], [ 76.965010917300006, 8.610143685600001 ], [ 76.964851792600001, 8.6099181191 ], [ 76.964826855599995, 8.609920357 ], [ 76.964784161799997, 8.609925691500001 ], [ 76.964772292500001, 8.609927174599999 ], [ 76.964659724100002, 8.609941239699999 ], [ 76.964365611700003, 8.6099896621 ], [ 76.964247169499998, 8.6100131018 ], [ 76.9639879092, 8.6100691977 ], [ 76.963743795799999, 8.610122282200001 ], [ 76.963478935599994, 8.610037782299999 ], [ 76.963475032399998, 8.610022112799999 ], [ 76.963467190299994, 8.610019794399999 ], [ 76.963442161200007, 8.6098901473 ], [ 76.963410866700002, 8.6097645117 ], [ 76.963405397499997, 8.6097533894 ], [ 76.963396125399996, 8.609705330900001 ], [ 76.963376119499998, 8.609625014600001 ], [ 76.963377406600003, 8.6096193177 ], [ 76.963135515199994, 8.609721522799999 ], [ 76.963016508699994, 8.609726504599999 ], [ 76.962988526, 8.60973151 ], [ 76.962801374500003, 8.6097355104 ], [ 76.962785824500003, 8.609736161300001 ], [ 76.962602767099995, 8.6096840048 ], [ 76.962597659899998, 8.6096826945 ], [ 76.962349803500004, 8.6096191044 ], [ 76.962349803, 8.6096191043 ], [ 76.962346304099995, 8.6096182066 ], [ 76.962311316899999, 8.6096061199 ], [ 76.962226163799997, 8.609576703 ], [ 76.962136784099997, 8.6095512369 ], [ 76.962136957300004, 8.609551991 ], [ 76.961849973400007, 8.609469549 ], [ 76.9618478724, 8.609468919699999 ], [ 76.961838625799999, 8.6094662852 ], [ 76.961832700399995, 8.609464596900001 ], [ 76.961832562, 8.6094643341 ], [ 76.961684197500006, 8.609182601700001 ], [ 76.961684197500006, 8.609182601700001 ], [ 76.961684197500006, 8.609182601700001 ], [ 76.961681085099997, 8.6091773386 ], [ 76.961681235200004, 8.609176976700001 ], [ 76.961635064600003, 8.609089302299999 ], [ 76.9616324526, 8.609095100699999 ], [ 76.961616778899995, 8.609129894100001 ], [ 76.961565935600007, 8.609242759500001 ], [ 76.961483935800004, 8.6094247878 ], [ 76.961172232699994, 8.6095619569 ], [ 76.961143072699997, 8.609605734100001 ], [ 76.961143072599995, 8.609605734200001 ], [ 76.961145541099995, 8.609607497500001 ], [ 76.961083342400002, 8.6096980926 ], [ 76.960543801399993, 8.610532359900001 ], [ 76.960423658500005, 8.6105693198 ], [ 76.960419512300007, 8.6105705953 ], [ 76.960320367600005, 8.6106010954 ], [ 76.960201547699995, 8.610637648200001 ], [ 76.960203440599997, 8.610647869599999 ], [ 76.9602025473, 8.610648189 ], [ 76.960244052899995, 8.6107956937 ], [ 76.960198929200004, 8.6110030188 ], [ 76.959227125699996, 8.6126216321 ], [ 76.958879809500004, 8.613042070600001 ], [ 76.958653497200004, 8.6136012022 ], [ 76.958711664600003, 8.6143022763 ], [ 76.958644899800007, 8.6144834355 ], [ 76.9580449284, 8.615035136099999 ], [ 76.957996379400001, 8.6152478414 ], [ 76.957762535399993, 8.615488047 ], [ 76.957295154600004, 8.6157236094 ] ] ] ] } },
{ "type": "Feature", "properties": { "gml_parent": null, "gml_pare_1": "featureMembers", "gml_id": "Thiruvanathapuram_Editor.fid--715e5034_19246a0be1c_-24b3", "geom": null, "District": "Thiruvanathapuram", "LSGD": "Nedumangad", "Ward_Name": "CHIRAKKANI", "Ward_No": 39, "Lsgd_Type": "Municipality", "Created_Da": "2024/10/17 07:50:38.961", "Surveyor": "Jeevan P", "Mob_No": null, "Remarks": null, "_distLsgd": "Thiruvanathapuram_Nedumangad", "OBJECTID": 439, "_result": "Thiruvanathapuram_Nedumangad", "_ulid": "01JBBD70X170A88TT77VY8PM1H", "_distLsgd2": "Thiruvanathapuram_Nedumangad" }, "geometry": { "type": "MultiPolygon", "coordinates": [ [ [ [ 76.974122738, 8.604729009 ], [ 76.974152454399999, 8.604695276 ], [ 76.974152455899997, 8.604695274199999 ], [ 76.974152456300004, 8.604695273800001 ], [ 76.974216429600006, 8.6046226534 ], [ 76.974216226300001, 8.6046224403 ], [ 76.974233037199994, 8.604603801 ], [ 76.974233043699996, 8.604603793700001 ], [ 76.974378857700003, 8.604438270399999 ], [ 76.974378914499994, 8.604438205899999 ], [ 76.974506141899994, 8.604350721699999 ], [ 76.974506263400002, 8.6043506381 ], [ 76.974595243699994, 8.6042894533 ], [ 76.974595305600005, 8.6042871548 ], [ 76.974623179600002, 8.604270244 ], [ 76.974764662499993, 8.604184408 ], [ 76.974809242299997, 8.6041573619 ], [ 76.974811116699996, 8.604156224800001 ], [ 76.974843039099994, 8.6041368578 ], [ 76.974843039099994, 8.6041368578 ], [ 76.974843039099994, 8.6041368578 ], [ 76.974900616499994, 8.604043321800001 ], [ 76.974999747, 8.603882281300001 ], [ 76.975001057900002, 8.6038801518 ], [ 76.975001715199994, 8.603880848399999 ], [ 76.975073857799998, 8.6038283262 ], [ 76.9751896219, 8.603735543599999 ], [ 76.97521674, 8.6037243031 ], [ 76.975340422499997, 8.6036730369 ], [ 76.975347769199999, 8.6036699916 ], [ 76.975564641199995, 8.6035800983 ], [ 76.975572035300004, 8.603563679 ], [ 76.9755740457, 8.603559214700001 ], [ 76.975598794800007, 8.603548529199999 ], [ 76.975654483100001, 8.6033833597 ], [ 76.975653432399994, 8.6033829301 ], [ 76.975658189399994, 8.6033723669 ], [ 76.975738899899994, 8.6031931424 ], [ 76.975764970100002, 8.6031035885 ], [ 76.975798123199993, 8.602989704 ], [ 76.975817047500001, 8.602924697 ], [ 76.975837687799995, 8.6028537952 ], [ 76.9758401566, 8.602850483099999 ], [ 76.975917473199999, 8.6027467561 ], [ 76.975923676299999, 8.602738434200001 ], [ 76.9759651679, 8.6027034116 ], [ 76.976071603600005, 8.602606683799999 ], [ 76.976146574400005, 8.6025320383 ], [ 76.9761631816, 8.6025234584 ], [ 76.976423292199996, 8.6023890752 ], [ 76.976429380300004, 8.602382389400001 ], [ 76.976437225300003, 8.602373774 ], [ 76.976446576, 8.6023760263 ], [ 76.976515047600003, 8.602303943200001 ], [ 76.976561186, 8.602247504799999 ], [ 76.976713482799994, 8.6020950412 ], [ 76.976773931, 8.602034526700001 ], [ 76.976773933600001, 8.6020345241 ], [ 76.976773933800004, 8.6020345239 ], [ 76.976815653399996, 8.6019927585 ], [ 76.977297511, 8.601572300799999 ], [ 76.977297515399997, 8.601572296900001 ], [ 76.977297522900002, 8.6015722904 ], [ 76.977396086799999, 8.6014862857 ], [ 76.977398155100005, 8.6014844809 ], [ 76.977399411600004, 8.601483817 ], [ 76.9774030775, 8.6014818796 ], [ 76.977425439100003, 8.601470062500001 ], [ 76.977566197499996, 8.601395677099999 ], [ 76.977669599500004, 8.601341033100001 ], [ 76.977678966599996, 8.601336083 ], [ 76.977712895799996, 8.6013279965 ], [ 76.977810601, 8.601304710100001 ], [ 76.977850707200005, 8.6012522332 ], [ 76.977857534099996, 8.6012433005 ], [ 76.977939093800003, 8.601136584 ], [ 76.977957350599993, 8.601112695799999 ], [ 76.977958790599999, 8.6011108118 ], [ 76.977869141599996, 8.601046263400001 ], [ 76.977738128200002, 8.600951931899999 ], [ 76.977707366299995, 8.6009297829 ], [ 76.977419999, 8.600722874300001 ], [ 76.977401047399994, 8.600702739200001 ], [ 76.977205595699999, 8.6004950805 ], [ 76.977205593500003, 8.6004950784 ], [ 76.977018051100004, 8.6002958227 ], [ 76.976971036199998, 8.6002416602 ], [ 76.976898365099999, 8.6001816923 ], [ 76.976893219499999, 8.6001774462 ], [ 76.976761980199996, 8.6000132334 ], [ 76.976636875899999, 8.5998566967 ], [ 76.976623724700005, 8.5998415461 ], [ 76.976623724700005, 8.5998415461 ], [ 76.976599141500003, 8.599809481599999 ], [ 76.976545241599993, 8.599742039300001 ], [ 76.976522718300004, 8.599714691300001 ], [ 76.976522114199994, 8.599713101100001 ], [ 76.976499502799996, 8.599684808599999 ], [ 76.976478597500005, 8.5995985363 ], [ 76.976453256400006, 8.599531821899999 ], [ 76.976449394599996, 8.599521655 ], [ 76.976438817100004, 8.5994847272 ], [ 76.976438817, 8.5994847272 ], [ 76.976433851300001, 8.599472004 ], [ 76.976433658399998, 8.599467901800001 ], [ 76.976430459699998, 8.599399881 ], [ 76.976428453599993, 8.599391602200001 ], [ 76.976413220799998, 8.599328739300001 ], [ 76.976417063200003, 8.5992188967 ], [ 76.976416611299996, 8.5992174608 ], [ 76.976415930399995, 8.5990601533 ], [ 76.976415930399995, 8.5990601528 ], [ 76.976415930399995, 8.5990601524 ], [ 76.976415552099994, 8.598972741 ], [ 76.9764155485, 8.598971906699999 ], [ 76.976392543100005, 8.598860328500001 ], [ 76.976386773200005, 8.5988323434 ], [ 76.9763691526, 8.5988008043 ], [ 76.976348670099995, 8.5987641425 ], [ 76.976335984, 8.5987523102 ], [ 76.976227883600004, 8.5986514854 ], [ 76.976226394600005, 8.5986500967 ], [ 76.976171683, 8.5986088046 ], [ 76.976170100700003, 8.5986076104 ], [ 76.976159132600003, 8.598604337399999 ], [ 76.976137129400001, 8.5985977713 ], [ 76.976098811599996, 8.5985919999 ], [ 76.976060696399998, 8.598586258899999 ], [ 76.975930672800004, 8.598566674800001 ], [ 76.975820247100003, 8.5985792507 ], [ 76.975814079900005, 8.5985806455 ], [ 76.975770450100001, 8.5985905133 ], [ 76.975766393399994, 8.598591430800001 ], [ 76.975757910200002, 8.598590210599999 ], [ 76.975742930500004, 8.598588055900001 ], [ 76.975694670500005, 8.598593552 ], [ 76.975687668, 8.5985893532 ], [ 76.975667381299999, 8.598577189 ], [ 76.975640615399996, 8.598573339 ], [ 76.975634848, 8.5985725094 ], [ 76.975631720500004, 8.598570002900001 ], [ 76.975523747699995, 8.5984834678 ], [ 76.975519878, 8.5984803665 ], [ 76.975514909699996, 8.5984709399 ], [ 76.975513416, 8.598468822499999 ], [ 76.975510214400003, 8.5984646224 ], [ 76.9754954247, 8.598451730900001 ], [ 76.975495235300002, 8.598451938 ], [ 76.975494037700003, 8.598450522 ], [ 76.975465301699998, 8.598425474200001 ], [ 76.975382817699995, 8.598353576899999 ], [ 76.975380236199996, 8.598352374299999 ], [ 76.975362076400003, 8.598335497600001 ], [ 76.975322037, 8.5983005972 ], [ 76.975301237799997, 8.598303098200001 ], [ 76.975281817099997, 8.5983065253 ], [ 76.975279954200005, 8.598305657399999 ], [ 76.975134443300007, 8.598323154099999 ], [ 76.975117090500007, 8.598325240599999 ], [ 76.975023764, 8.5983257357 ], [ 76.975021753099995, 8.5983265409 ], [ 76.975016315199994, 8.5983260006 ], [ 76.975013039499999, 8.5983274534 ], [ 76.974992737299999, 8.598337885399999 ], [ 76.974990676600001, 8.5983373719 ], [ 76.974947445599994, 8.5983265981 ], [ 76.974945647799998, 8.59832615 ], [ 76.974917623899998, 8.5983262987 ], [ 76.9748898024, 8.5983264462 ], [ 76.974883744300001, 8.5983181584 ], [ 76.974867011800001, 8.598295267299999 ], [ 76.974788279400002, 8.598187556799999 ], [ 76.974738489700002, 8.5979834398 ], [ 76.974726705699993, 8.5979351303 ], [ 76.974644619499998, 8.597491974 ], [ 76.974649719200002, 8.597420940399999 ], [ 76.974648427800005, 8.597409299200001 ], [ 76.974655474, 8.597340782 ], [ 76.974659299600006, 8.5972874942 ], [ 76.974669960200004, 8.597139003500001 ], [ 76.974617566899994, 8.5970136658 ], [ 76.974570218699995, 8.5969084395 ], [ 76.974447040699999, 8.596908942600001 ], [ 76.974414353300006, 8.596910597 ], [ 76.974398148800006, 8.596912448099999 ], [ 76.974374483600002, 8.596912614900001 ], [ 76.974352531500003, 8.596913726 ], [ 76.974290716, 8.5969184616 ], [ 76.974037021699999, 8.5969444178 ], [ 76.974034853299997, 8.5969446397 ], [ 76.973957555300004, 8.596952548200001 ], [ 76.973742567299993, 8.596959530099999 ], [ 76.973588508, 8.5969645332 ], [ 76.973456146100006, 8.5969472109 ], [ 76.973446974500007, 8.5969460106 ], [ 76.973409220400001, 8.5969518269 ], [ 76.973373759400005, 8.59695729 ], [ 76.973239994699995, 8.596829109 ], [ 76.973239478500005, 8.5968286144 ], [ 76.973239553, 8.5968167409 ], [ 76.973236820899999, 8.5967402493 ], [ 76.973236820899999, 8.5967402493 ], [ 76.9732391963, 8.596623445800001 ], [ 76.973232027799995, 8.5965695119 ], [ 76.973231236800004, 8.5965635605 ], [ 76.973227746500001, 8.5965373009 ], [ 76.973225725500001, 8.5965256913 ], [ 76.973225725500001, 8.5965256912 ], [ 76.973189827699997, 8.596419690699999 ], [ 76.973183798700006, 8.5963987438 ], [ 76.973168079299995, 8.5963511479 ], [ 76.973160889900001, 8.5963293797 ], [ 76.973153881200005, 8.596308158199999 ], [ 76.973118562, 8.596201217500001 ], [ 76.973048013799996, 8.5960399909 ], [ 76.972983243100003, 8.595895607499999 ], [ 76.972923784700001, 8.5958154291 ], [ 76.972886003400006, 8.5957644819 ], [ 76.972883190399997, 8.5957606885 ], [ 76.972812582900005, 8.595733040700001 ], [ 76.972810958500006, 8.5957324047 ], [ 76.972801631500005, 8.5957291231 ], [ 76.972801686599993, 8.595728774 ], [ 76.972794270400001, 8.595725870100001 ], [ 76.972760558700003, 8.5957146725 ], [ 76.972720506399995, 8.5956969862 ], [ 76.972720506100003, 8.5956969861 ], [ 76.972696288, 8.595688105700001 ], [ 76.972694110700004, 8.595686650399999 ], [ 76.972638151, 8.5956647382 ], [ 76.972604135699996, 8.5956134953 ], [ 76.972598346500007, 8.5956073553 ], [ 76.972545741800005, 8.5955267782 ], [ 76.972545749899993, 8.5955255387 ], [ 76.972526334099996, 8.5954962894 ], [ 76.9725262539, 8.5954961686 ], [ 76.972524865599993, 8.5954940771 ], [ 76.972525124599997, 8.5954934338 ], [ 76.972541367900007, 8.595453103300001 ], [ 76.972561709900006, 8.595402596 ], [ 76.972565209400003, 8.5953939071 ], [ 76.972565977399995, 8.5953927678 ], [ 76.972569949100006, 8.595386875799999 ], [ 76.9725723289, 8.5953833454 ], [ 76.972583811800007, 8.595366310799999 ], [ 76.972592412200001, 8.595353552400001 ], [ 76.972598423700006, 8.5953446345 ], [ 76.972620921699999, 8.5953101987 ], [ 76.972626598299996, 8.5953028381 ], [ 76.972638419600003, 8.595285199899999 ], [ 76.972638572700006, 8.5952850744 ], [ 76.972642900300002, 8.5952786546 ], [ 76.972729847899998, 8.5951496697 ], [ 76.972788875399999, 8.5949031272 ], [ 76.972820794900002, 8.5948046414 ], [ 76.972840347499996, 8.5947443133 ], [ 76.972848110499996, 8.5947183593 ], [ 76.972838589399998, 8.5946830076 ], [ 76.972820347, 8.594615273800001 ], [ 76.972789452300006, 8.5945005619 ], [ 76.972777969099994, 8.594464069300001 ], [ 76.972779239199994, 8.5944626406 ], [ 76.972775463299996, 8.5944486207 ], [ 76.972766134599993, 8.594442991899999 ], [ 76.9727278748, 8.594419906600001 ], [ 76.972727366599997, 8.5944201951 ], [ 76.972724361900006, 8.594417786899999 ], [ 76.972570193899998, 8.5943247643 ], [ 76.972554118199994, 8.5942813431 ], [ 76.972544567599996, 8.5942736887 ], [ 76.972538093, 8.5942684995 ], [ 76.972538321900004, 8.594261908 ], [ 76.9725399366, 8.5942536587 ], [ 76.9725411525, 8.5942463223 ], [ 76.972539059400006, 8.594240669 ], [ 76.9725298444, 8.594215778800001 ], [ 76.972515792500005, 8.594177824300001 ], [ 76.9725185864, 8.5941291639 ], [ 76.972527411499996, 8.5939754625 ], [ 76.972473870900004, 8.593782512200001 ], [ 76.972468376099997, 8.5937697681 ], [ 76.972458183, 8.593746127199999 ], [ 76.972444951699998, 8.5937154399 ], [ 76.972433990799999, 8.593704365200001 ], [ 76.972419494600004, 8.5936897185 ], [ 76.972379980400007, 8.593649794 ], [ 76.9723747635, 8.5936445229 ], [ 76.972374755100006, 8.593644514499999 ], [ 76.972299503399995, 8.5935777499 ], [ 76.972206729899995, 8.5934954397 ], [ 76.972206729800007, 8.5934954397 ], [ 76.972205252, 8.5934941285 ], [ 76.972156316799996, 8.593428443100001 ], [ 76.972152942199997, 8.593423913500001 ], [ 76.972153191, 8.5934236236 ], [ 76.9721484592, 8.5934163276 ], [ 76.972127138399998, 8.593385828400001 ], [ 76.972124495800003, 8.593382048100001 ], [ 76.972123779200004, 8.593381283 ], [ 76.972118665799997, 8.593375823 ], [ 76.972070719399994, 8.5931725035 ], [ 76.972027097700007, 8.593089153399999 ], [ 76.972024481600002, 8.5930867107 ], [ 76.971985097699999, 8.593008901899999 ], [ 76.971976673200004, 8.5929928049 ], [ 76.971953942499994, 8.5930208479 ], [ 76.971953942499994, 8.5930208479 ], [ 76.971951609200005, 8.593018669299999 ], [ 76.971453483800005, 8.5930886472 ], [ 76.971054924599997, 8.59319167 ], [ 76.9707424801, 8.5932535054 ], [ 76.969725566600005, 8.5938945312 ], [ 76.969506968800005, 8.5940499486 ], [ 76.969376093500003, 8.594232258 ], [ 76.969024607899996, 8.594374678 ], [ 76.968605877499996, 8.594586766899999 ], [ 76.96834884, 8.594793194899999 ], [ 76.968137667600004, 8.594877753600001 ], [ 76.967942953700003, 8.5948886751 ], [ 76.967592063799998, 8.594781106799999 ], [ 76.967397951300001, 8.5947624544 ], [ 76.967187177900001, 8.5947538258 ], [ 76.966849241899993, 8.594892077200001 ], [ 76.966395981100007, 8.594962946800001 ], [ 76.965218172799993, 8.5954232563 ], [ 76.965020353300005, 8.5956604469 ], [ 76.964824737200004, 8.595715729 ], [ 76.9646021203, 8.595700947799999 ], [ 76.964138439, 8.5956273797 ], [ 76.963885310799995, 8.5956415776 ], [ 76.963572768, 8.5957818128 ], [ 76.963343032099999, 8.5960435165 ], [ 76.963204332399997, 8.596389869899999 ], [ 76.963117425299998, 8.596837843899999 ], [ 76.963015864, 8.5972707333 ], [ 76.963032640400002, 8.5978435479 ], [ 76.963048908, 8.5981471232 ], [ 76.963024194499994, 8.5983247739 ], [ 76.962988104499999, 8.5990354197 ], [ 76.962990351900004, 8.599050292799999 ], [ 76.963011882100005, 8.5992262649 ], [ 76.963042262, 8.599435940499999 ], [ 76.963052812499996, 8.599508757500001 ], [ 76.963052202699998, 8.599518720900001 ], [ 76.963052202699998, 8.599518720900001 ], [ 76.963052202699998, 8.599518720900001 ], [ 76.9630509813, 8.5995386775 ], [ 76.963010844099998, 8.599732829100001 ], [ 76.963010844, 8.599732829200001 ], [ 76.963010844, 8.599732829300001 ], [ 76.962985890599995, 8.599853533899999 ], [ 76.962986174299999, 8.599853553199999 ], [ 76.962983840500002, 8.599863450799999 ], [ 76.962966188300001, 8.599948837499999 ], [ 76.962976334399997, 8.600051269 ], [ 76.962977663, 8.6000540048 ], [ 76.962976739300004, 8.6000553573 ], [ 76.962978081800003, 8.600068910799999 ], [ 76.962992922300003, 8.6000854266 ], [ 76.962993516599994, 8.6000866505 ], [ 76.963078134699998, 8.6001771722 ], [ 76.963162391300003, 8.600267307199999 ], [ 76.963170467500007, 8.600273963099999 ], [ 76.9632064181, 8.600307367799999 ], [ 76.963281828099994, 8.6003708193 ], [ 76.963281828500001, 8.6003708196 ], [ 76.963281828899994, 8.6003708199 ], [ 76.963307873900007, 8.6003927347 ], [ 76.963312378300003, 8.600396524800001 ], [ 76.963359622799999, 8.6004362772 ], [ 76.963405046099993, 8.600485069299999 ], [ 76.963416701499995, 8.600496144499999 ], [ 76.963416152799994, 8.600496999800001 ], [ 76.963461689400006, 8.6005459136 ], [ 76.963461689599995, 8.6005459139 ], [ 76.963461689599995, 8.6005459139 ], [ 76.963472589199995, 8.6005576219 ], [ 76.963478298200002, 8.6005637542 ], [ 76.963528352500006, 8.6006950801 ], [ 76.963531893600006, 8.6008450307 ], [ 76.963439845300002, 8.601093435199999 ], [ 76.963394045300006, 8.6013362425 ], [ 76.963443304799995, 8.601506651399999 ], [ 76.963537131300001, 8.601624510800001 ], [ 76.963630631499996, 8.6016885689 ], [ 76.963631032099997, 8.601688709799999 ], [ 76.963630965, 8.6016887974 ], [ 76.963669021399994, 8.6017148703 ], [ 76.963680267699999, 8.601721385199999 ], [ 76.963680341499995, 8.6017214367 ], [ 76.963680389199993, 8.6017214556 ], [ 76.963685700200003, 8.6017235571 ], [ 76.963835761, 8.601782934699999 ], [ 76.964187356799997, 8.601903053299999 ], [ 76.964233780699999, 8.6019175787 ], [ 76.964247419, 8.601923572800001 ], [ 76.964292825200005, 8.6019390852 ], [ 76.964586557900006, 8.6020864924 ], [ 76.964670785099997, 8.6023323188 ], [ 76.964692369299996, 8.6025974165 ], [ 76.964632934500003, 8.602867058299999 ], [ 76.96451907, 8.603160238 ], [ 76.964393892199993, 8.603668701 ], [ 76.964394025199994, 8.603679079200001 ], [ 76.964522294299996, 8.6040220113 ], [ 76.964665964299996, 8.604303896899999 ], [ 76.964953849799997, 8.6044327217 ], [ 76.964934784099995, 8.6046559761 ], [ 76.964825796300005, 8.6051174892 ], [ 76.96480083, 8.6051172819 ], [ 76.9648008578, 8.605117415400001 ], [ 76.964801205599997, 8.6051190888 ], [ 76.9648122599, 8.6051341547 ], [ 76.964825095500004, 8.6051516484 ], [ 76.965035914500007, 8.6054389743 ], [ 76.965150812900006, 8.6055091598 ], [ 76.965174202200004, 8.6055234471 ], [ 76.965298754800003, 8.605531988499999 ], [ 76.965585211700002, 8.605551632699999 ], [ 76.965875479499999, 8.605710843600001 ], [ 76.966061267900002, 8.605813147599999 ], [ 76.966145717200007, 8.605859649299999 ], [ 76.966206471500001, 8.605853039299999 ], [ 76.966340131, 8.605838497300001 ], [ 76.966608784200005, 8.6059822679 ], [ 76.966764500500005, 8.606122125300001 ], [ 76.9671110054, 8.6060873189 ], [ 76.967397419700006, 8.6060212971 ], [ 76.967626600700001, 8.606014806399999 ], [ 76.967674216800006, 8.6060134578 ], [ 76.967789919200001, 8.6060165369 ], [ 76.967826963600004, 8.6060175227 ], [ 76.967852105600002, 8.6060181917 ], [ 76.9679181379, 8.606019949 ], [ 76.967922044399998, 8.6060200529 ], [ 76.967939462399997, 8.6060323291 ], [ 76.9680479158, 8.6061087669 ], [ 76.96806691, 8.606122154 ], [ 76.968123351399996, 8.606161933699999 ], [ 76.968194772800004, 8.6062122713 ], [ 76.968454375899995, 8.6064692737 ], [ 76.968615423900005, 8.6065983434 ], [ 76.968712911200001, 8.606691295299999 ], [ 76.968712914700006, 8.606691298599999 ], [ 76.968712914899996, 8.6066912988 ], [ 76.96875825, 8.6067345247 ], [ 76.968919325200005, 8.606736806400001 ], [ 76.968919327, 8.606736806400001 ], [ 76.969040985199996, 8.606738529699999 ], [ 76.969040997199997, 8.606738529899999 ], [ 76.969040997199997, 8.606738529899999 ], [ 76.969227831400005, 8.6067411764 ], [ 76.969284071900006, 8.606799065700001 ], [ 76.969317368099993, 8.6068333381 ], [ 76.969817783099998, 8.607110138199999 ], [ 76.969827743500005, 8.6071110039 ], [ 76.969848426599995, 8.6071128014 ], [ 76.969873492600001, 8.6071149798 ], [ 76.9700384848, 8.6071293188 ], [ 76.970041733599999, 8.6071296012 ], [ 76.970178384, 8.607153728 ], [ 76.970178386200004, 8.6071537284 ], [ 76.970201407600001, 8.607157793 ], [ 76.970277385100005, 8.6071890237 ], [ 76.970900650700003, 8.6074452173 ], [ 76.970983481700003, 8.6071063441 ], [ 76.971026613, 8.606929888 ], [ 76.971082761600002, 8.6068518068 ], [ 76.971219245399993, 8.606662009900001 ], [ 76.971398216899999, 8.606573806 ], [ 76.971403566199996, 8.6065711697 ], [ 76.971421491699999, 8.606565896599999 ], [ 76.971493611499994, 8.6065413884 ], [ 76.971674076599996, 8.606480061599999 ], [ 76.971676678600005, 8.606480723 ], [ 76.971695197399995, 8.6064848366 ], [ 76.971694931100004, 8.606485362900001 ], [ 76.971750484599994, 8.6064994849 ], [ 76.971750484899999, 8.606499485 ], [ 76.971769273099994, 8.606504062400001 ], [ 76.971770697300002, 8.606504623 ], [ 76.971927516400001, 8.6065663513 ], [ 76.971957738699999, 8.6065782476 ], [ 76.972300075700005, 8.606452424800001 ], [ 76.972489487399997, 8.606166718 ], [ 76.9724904272, 8.606165300400001 ], [ 76.9725590834, 8.6061226546 ], [ 76.972663006100007, 8.606056857800001 ], [ 76.972793533599997, 8.6059742168 ], [ 76.9728191353, 8.605956218699999 ], [ 76.972880657199994, 8.6059023812 ], [ 76.972886200600001, 8.6058975302 ], [ 76.972923643399994, 8.6058647642 ], [ 76.972967371799996, 8.605826497700001 ], [ 76.973001884599995, 8.605794573300001 ], [ 76.973007602899997, 8.605791291799999 ], [ 76.973172920300001, 8.605696422599999 ], [ 76.973184705400001, 8.605689659499999 ], [ 76.973248579900002, 8.6056596535 ], [ 76.973284413599998, 8.6056417247 ], [ 76.973285914900003, 8.6056421148 ], [ 76.973295970199999, 8.6056447272 ], [ 76.973298060800005, 8.6056452703 ], [ 76.973685175699998, 8.605745844599999 ], [ 76.973811451200007, 8.605729590899999 ], [ 76.973878262300005, 8.6057209912 ], [ 76.973894188100004, 8.605718941299999 ], [ 76.973929834200007, 8.6056741668 ], [ 76.9739466093, 8.605658936 ], [ 76.9739466093, 8.605658936 ], [ 76.9739932584, 8.6056165812 ], [ 76.974042311299996, 8.605572043900001 ], [ 76.974042311800005, 8.6055720435 ], [ 76.974072478899998, 8.605544653400001 ], [ 76.974076501200003, 8.6055283734 ], [ 76.974088587099999, 8.6054751249 ], [ 76.974088390800006, 8.605475006500001 ], [ 76.974088703, 8.6054746144 ], [ 76.974104055699996, 8.6054553301 ], [ 76.974111048699996, 8.6054465462 ], [ 76.974111643699999, 8.605373541100001 ], [ 76.974116123900004, 8.605353802 ], [ 76.974133437, 8.6052711716 ], [ 76.974055257, 8.604925808300001 ], [ 76.974049646400005, 8.6048913777 ], [ 76.974039619199999, 8.6048372862 ], [ 76.974040618700002, 8.604835977700001 ], [ 76.974119637100003, 8.6047325291 ], [ 76.974122454099998, 8.6047288411 ], [ 76.974122738, 8.604729009 ] ] ] ] } },
{ "type": "Feature", "properties": { "gml_parent": null, "gml_pare_1": "featureMembers", "gml_id": "Thiruvanathapuram_Editor.fid--715e5034_19246a0be1c_-5ce3", "geom": null, "District": "Thiruvanathapuram", "LSGD": "Nedumangad", "Ward_Name": "PANAGOTTELA", "Ward_No": 16, "Lsgd_Type": "Municipality", "Created_Da": "2024/10/12 09:09:09.352", "Surveyor": "Mjbisiri", "Mob_No": null, "Remarks": "Panagottela", "_distLsgd": "Thiruvanathapuram_Nedumangad", "OBJECTID": 439, "_result": "Thiruvanathapuram_Nedumangad", "_ulid": "01JBBD70X170A88TT77VY8PM1H", "_distLsgd2": "Thiruvanathapuram_Nedumangad" }, "geometry": { "type": "MultiPolygon", "coordinates": [ [ [ [ 77.013722805399993, 8.613007039299999 ], [ 77.01371766, 8.6130062792 ], [ 77.013598439199995, 8.6129886668 ], [ 77.013595646300004, 8.612988254199999 ], [ 77.013583133699996, 8.612977313 ], [ 77.012846624299996, 8.612333296299999 ], [ 77.012556932400003, 8.611723492599999 ], [ 77.012547857399994, 8.611717434199999 ], [ 77.012547551300003, 8.611717070799999 ], [ 77.012532195600002, 8.6117067926 ], [ 77.0125230079, 8.611687874099999 ], [ 77.012523124799998, 8.611687761100001 ], [ 77.012500085599996, 8.611643945100001 ], [ 77.012495364100005, 8.6116884841 ], [ 77.012495974399997, 8.6116901808 ], [ 77.012495691400005, 8.6116910626 ], [ 77.012493918499999, 8.611696588199999 ], [ 77.012493709099999, 8.611696526499999 ], [ 77.012486451100003, 8.6117134518 ], [ 77.012486347099994, 8.611713934100001 ], [ 77.012486817199999, 8.611714711099999 ], [ 77.012487430899995, 8.6117157255 ], [ 77.012487169899998, 8.611716554299999 ], [ 77.012483946700002, 8.611726790200001 ], [ 77.0124842086, 8.6117268502 ], [ 77.012424043400003, 8.611914362 ], [ 77.012398435700007, 8.611994171199999 ], [ 77.0122948697, 8.6123169459 ], [ 77.012293924800005, 8.612319891 ], [ 77.012290902299995, 8.6123208138 ], [ 77.012288319899994, 8.6123216024 ], [ 77.012285775199999, 8.6123223794 ], [ 77.012245694399994, 8.6123346176 ], [ 77.012140881899995, 8.612362703400001 ], [ 77.012093820600001, 8.6123851281 ], [ 77.012081178100004, 8.612391152200001 ], [ 77.012056957400006, 8.6124026934 ], [ 77.012028852200004, 8.6124292734 ], [ 77.012011608199998, 8.612445581599999 ], [ 77.0119957828, 8.6124605482 ], [ 77.01193026, 8.6125732023 ], [ 77.011795473099994, 8.6126043122 ], [ 77.011778704500003, 8.612608182500001 ], [ 77.011746188100005, 8.6126381922 ], [ 77.011744020899997, 8.612640536500001 ], [ 77.011702543200002, 8.612685405600001 ], [ 77.011689204099994, 8.6127170212 ], [ 77.011684308, 8.612728625700001 ], [ 77.011671885799998, 8.6127786222 ], [ 77.0116674362, 8.612796530800001 ], [ 77.011660380699993, 8.612871479300001 ], [ 77.011659561399995, 8.612877640700001 ], [ 77.011657325599998, 8.612894455699999 ], [ 77.011654780100002, 8.612913599800001 ], [ 77.011643158699997, 8.613001001500001 ], [ 77.011643044699994, 8.613001858700001 ], [ 77.011638353199999, 8.613026767599999 ], [ 77.011637043500002, 8.613033721 ], [ 77.0116286449, 8.613078312100001 ], [ 77.011603209800001, 8.613142161200001 ], [ 77.011600544100006, 8.6131488529 ], [ 77.0115987394, 8.6131533832 ], [ 77.011595635199996, 8.6131611756 ], [ 77.0115713908, 8.613190374 ], [ 77.011565679399993, 8.613197252499999 ], [ 77.011540541499997, 8.613232521700001 ], [ 77.011536504399999, 8.6132381859 ], [ 77.011511394099998, 8.6132629179 ], [ 77.0114966151, 8.6132774742 ], [ 77.011496426199997, 8.6132776603 ], [ 77.011492593699998, 8.613281435099999 ], [ 77.011354463, 8.613380809200001 ], [ 77.011341466, 8.6133901596 ], [ 77.011302078400007, 8.6134150495 ], [ 77.011270149400005, 8.6134352262 ], [ 77.011240422399993, 8.6134488592 ], [ 77.011227901300003, 8.613454601500001 ], [ 77.011207143, 8.6134641214 ], [ 77.011194168, 8.6134700718 ], [ 77.011191360799998, 8.613470792599999 ], [ 77.0111826304, 8.6134730346 ], [ 77.011134197299995, 8.613485471800001 ], [ 77.011061721700003, 8.613528669400001 ], [ 77.011061586, 8.6135287503 ], [ 77.011061179799995, 8.6135293037 ], [ 77.011057567, 8.613534225900001 ], [ 77.011055195300003, 8.6135374572 ], [ 77.011036658600005, 8.6135627124 ], [ 77.011034733499997, 8.613565335200001 ], [ 77.011029378, 8.6135808313 ], [ 77.011012697300004, 8.613629097 ], [ 77.011009986100007, 8.613636941699999 ], [ 77.011009511599994, 8.6136778458 ], [ 77.011010426799999, 8.613681961599999 ], [ 77.011018604, 8.613718740099999 ], [ 77.011018692899995, 8.6137188331 ], [ 77.011052512899994, 8.6137542405 ], [ 77.011053295699995, 8.613754649200001 ], [ 77.011109686699996, 8.6137840929 ], [ 77.011147299300006, 8.6137989552 ], [ 77.011170991499995, 8.6138083169 ], [ 77.011201361399998, 8.613822828 ], [ 77.011285218699996, 8.613862896 ], [ 77.011296457499995, 8.613868266 ], [ 77.011406416900002, 8.6139351335 ], [ 77.011441475300003, 8.6139614077 ], [ 77.011461932, 8.6139767387 ], [ 77.0114655637, 8.6139794605 ], [ 77.011480227600003, 8.613990450199999 ], [ 77.011487151899999, 8.613995639500001 ], [ 77.011489877200006, 8.6139983121 ], [ 77.011526548199996, 8.6140342742 ], [ 77.011529599799999, 8.6140372667 ], [ 77.011535925399997, 8.614047666199999 ], [ 77.011537303200001, 8.6140499313 ], [ 77.011537349799994, 8.614050008 ], [ 77.011587099500005, 8.614131797500001 ], [ 77.011667854300001, 8.6142112214 ], [ 77.011698016599993, 8.614237109099999 ], [ 77.011844870399997, 8.614363150799999 ], [ 77.011871296500004, 8.614385432700001 ], [ 77.011974783699998, 8.6144726908 ], [ 77.012016515599996, 8.6145275875 ], [ 77.0120165429, 8.614527623400001 ], [ 77.012016545099996, 8.6145276322 ], [ 77.012032263699993, 8.614548303599999 ], [ 77.012032982, 8.6145525444 ], [ 77.012054136200007, 8.614677439 ], [ 77.012054554399995, 8.614679907899999 ], [ 77.012080926799996, 8.6148356113 ], [ 77.012083934900005, 8.614853370900001 ], [ 77.012085963700002, 8.6148653489 ], [ 77.012086363400002, 8.6148677088 ], [ 77.012086340400003, 8.614868506700001 ], [ 77.0120779935, 8.615157315199999 ], [ 77.012069403599995, 8.615402079600001 ], [ 77.012067187, 8.615465238800001 ], [ 77.012064695800007, 8.615468591400001 ], [ 77.012016682099997, 8.6155332082 ], [ 77.012013144099996, 8.615536065500001 ], [ 77.01199403, 8.615551502300001 ], [ 77.011949112799996, 8.6155877779 ], [ 77.011937354, 8.615594594099999 ], [ 77.011846810500003, 8.6156470788 ], [ 77.011728559, 8.6157156248 ], [ 77.011657865199993, 8.615766107600001 ], [ 77.011545787599999, 8.615846142700001 ], [ 77.011507811900003, 8.615873261300001 ], [ 77.011503859399994, 8.6158775282 ], [ 77.011453000800003, 8.615932433599999 ], [ 77.011379816, 8.6160114415 ], [ 77.01135376, 8.6160395708 ], [ 77.011300987, 8.6161074191 ], [ 77.0112154137, 8.6162174376 ], [ 77.011203707299998, 8.6162324881 ], [ 77.011154001700007, 8.616292813599999 ], [ 77.011073349100002, 8.616390698 ], [ 77.011063664900007, 8.6164025715 ], [ 77.011057870399995, 8.616409676 ], [ 77.011009020499998, 8.6164695693 ], [ 77.011008210699998, 8.6164705621 ], [ 77.010911205900001, 8.6165894966 ], [ 77.010905801700005, 8.6165931682 ], [ 77.010745450200005, 8.6167021081 ], [ 77.010743992299993, 8.6167032639 ], [ 77.010734963600001, 8.616710422400001 ], [ 77.010603113599998, 8.616814959299999 ], [ 77.010551614799994, 8.616855790100001 ], [ 77.010506182399993, 8.6168955812 ], [ 77.010410821500002, 8.6169791012 ], [ 77.010396263100006, 8.616995944499999 ], [ 77.010394439199999, 8.6169980546 ], [ 77.010327037300002, 8.6170760354 ], [ 77.010299547900004, 8.617107839299999 ], [ 77.010295115600002, 8.617112967300001 ], [ 77.0102949905, 8.617113112 ], [ 77.010294134899993, 8.617115624 ], [ 77.010288475799996, 8.6171322387 ], [ 77.010403555, 8.6173037382 ], [ 77.010464945, 8.617395225899999 ], [ 77.010591395299997, 8.6175836709 ], [ 77.010591458500002, 8.6175836904 ], [ 77.010884742800002, 8.6176743324 ], [ 77.010888383299999, 8.617675457500001 ], [ 77.011075144599999, 8.6177779012 ], [ 77.011074625099994, 8.617778858399999 ], [ 77.011015184200005, 8.6178883794 ], [ 77.0110139027, 8.6178907406 ], [ 77.011012411500005, 8.6178934882 ], [ 77.011009432099996, 8.617898977799999 ], [ 77.011014648200003, 8.617902595 ], [ 77.011056274500007, 8.6179314618 ], [ 77.011058445499998, 8.6179329673 ], [ 77.011084044900002, 8.6179507199 ], [ 77.011151138900004, 8.6179524381 ], [ 77.011262043800002, 8.6179178141 ], [ 77.011273392199996, 8.617912093099999 ], [ 77.011279761200001, 8.6179088824 ], [ 77.011352770499997, 8.617872077399999 ], [ 77.011383579500006, 8.617856546100001 ], [ 77.011384076300004, 8.6178564155 ], [ 77.011445998, 8.6178401399 ], [ 77.011453220899995, 8.6178383184 ], [ 77.0115009923, 8.6178262716 ], [ 77.011523832, 8.617823938100001 ], [ 77.011532865800007, 8.617823015100001 ], [ 77.011545332099999, 8.6178217414 ], [ 77.011547874399994, 8.6178214817 ], [ 77.011576426800005, 8.6178185646 ], [ 77.011665611599994, 8.617840672 ], [ 77.011709143399997, 8.617858866100001 ], [ 77.011742657799999, 8.6178728735 ], [ 77.011750095300002, 8.617875982099999 ], [ 77.011756407899995, 8.617878620400001 ], [ 77.011762955099996, 8.6178813568 ], [ 77.011763051299994, 8.617881459 ], [ 77.011793501100001, 8.6179138031 ], [ 77.0118343611, 8.6179572049 ], [ 77.011835698, 8.617960435500001 ], [ 77.011877262900001, 8.618060876 ], [ 77.011891556799995, 8.6180825482 ], [ 77.011912645899997, 8.618114523199999 ], [ 77.011912543799994, 8.618115171299999 ], [ 77.011907414099994, 8.6181477201 ], [ 77.011903665, 8.6181715081 ], [ 77.011901388300004, 8.618185954099999 ], [ 77.011889922500004, 8.618258706400001 ], [ 77.011895703299999, 8.618375066600001 ], [ 77.011870783800006, 8.618589029800001 ], [ 77.011889667899993, 8.6186335249 ], [ 77.011893963, 8.618633187 ], [ 77.011895766199999, 8.618633045099999 ], [ 77.011919401300005, 8.6186311856 ], [ 77.012158225899995, 8.6186123954 ], [ 77.012314612899999, 8.618582502100001 ], [ 77.0123218345, 8.6185811217 ], [ 77.012325724700005, 8.6185830538 ], [ 77.012367249799993, 8.618603677599999 ], [ 77.012398279699994, 8.618619088799999 ], [ 77.012509279, 8.6186370263 ], [ 77.012529085500006, 8.6186533655 ], [ 77.012605066299997, 8.618716044799999 ], [ 77.012670779199993, 8.618713810599999 ], [ 77.0126763504, 8.6187136212 ], [ 77.012709303199998, 8.618712500799999 ], [ 77.012797273700002, 8.6187095097 ], [ 77.012881965099993, 8.6186759079 ], [ 77.012916977, 8.6186620167 ], [ 77.012952580199993, 8.618639331700001 ], [ 77.013032821899998, 8.6185882047 ], [ 77.013076353200006, 8.6185604681 ], [ 77.013095063199998, 8.6185485468 ], [ 77.013098759900004, 8.6185469797 ], [ 77.013215224600003, 8.6184976101 ], [ 77.013227053400001, 8.6184735544 ], [ 77.013227749500004, 8.6184721386 ], [ 77.013239511400002, 8.618448219 ], [ 77.013246391600006, 8.618386343699999 ], [ 77.013257559300001, 8.618285911399999 ], [ 77.013256265, 8.618082552400001 ], [ 77.013296611900003, 8.6180173413 ], [ 77.013305748899995, 8.6180025737 ], [ 77.013326414299996, 8.617969173100001 ], [ 77.013328485499997, 8.617965825400001 ], [ 77.013377333799994, 8.6179450828 ], [ 77.013439451400004, 8.617918705499999 ], [ 77.013467436499994, 8.6179068221 ], [ 77.0134686727, 8.6179072534 ], [ 77.013589929099993, 8.6179495594 ], [ 77.013643515599995, 8.617968255499999 ], [ 77.013797093299999, 8.6180256347 ], [ 77.013974317600002, 8.618091848500001 ], [ 77.014090598899998, 8.6181335823 ], [ 77.014515220500002, 8.6182859806 ], [ 77.014528177700001, 8.618290631 ], [ 77.014553880099996, 8.6182998557 ], [ 77.014555993299993, 8.618300614100001 ], [ 77.014557802300004, 8.618461401599999 ], [ 77.014558480100007, 8.618521644499999 ], [ 77.014571909400004, 8.618710526499999 ], [ 77.014572055900004, 8.618712587299999 ], [ 77.014573901700004, 8.618716192300001 ], [ 77.014595921400002, 8.618759198499999 ], [ 77.014648618199999, 8.618780621499999 ], [ 77.014683976100002, 8.6187949958 ], [ 77.014693363399999, 8.618798812 ], [ 77.014714955800002, 8.618807590099999 ], [ 77.014729152300006, 8.6188130242 ], [ 77.014805109099996, 8.6188420991 ], [ 77.014806190900003, 8.618846421100001 ], [ 77.014868646099998, 8.619095939 ], [ 77.014913228799998, 8.6191650297 ], [ 77.015003713200002, 8.61919705 ], [ 77.015009667300006, 8.6192082068 ], [ 77.015014475300006, 8.619217215800001 ], [ 77.015032385699996, 8.619250776199999 ], [ 77.015038558499995, 8.619262342700001 ], [ 77.0150123337, 8.6193728607 ], [ 77.014933659799993, 8.619704412300001 ], [ 77.014945057600002, 8.6197919731 ], [ 77.015318414600003, 8.6201156191 ], [ 77.015375453, 8.620165063 ], [ 77.015431739899995, 8.620213855399999 ], [ 77.015445705700003, 8.620225961699999 ], [ 77.015445833300006, 8.620226072299999 ], [ 77.015450154600003, 8.6202298182 ], [ 77.015477974099994, 8.620213182100001 ], [ 77.015719445599998, 8.619561041600001 ], [ 77.015726337100006, 8.619542429799999 ], [ 77.015726936799993, 8.61954081 ], [ 77.015727001800002, 8.6195406345 ], [ 77.015727137599995, 8.6195402678 ], [ 77.015729673400003, 8.6195334195 ], [ 77.0157474775, 8.619497212 ], [ 77.015763949199993, 8.6194637143 ], [ 77.015815195800002, 8.6193594964 ], [ 77.015820391800005, 8.619348929599999 ], [ 77.015820912199999, 8.6193478713 ], [ 77.015821435500001, 8.619346807099999 ], [ 77.015926822300003, 8.6192548632 ], [ 77.015959984899993, 8.619225930600001 ], [ 77.016026676400003, 8.6191677461 ], [ 77.0160554988, 8.6191426002 ], [ 77.016345112400003, 8.618851167800001 ], [ 77.0164208363, 8.6187749683 ], [ 77.016588469300004, 8.6185595895 ], [ 77.016796018299999, 8.6182929256 ], [ 77.016893552799999, 8.6181676107 ], [ 77.016945329099997, 8.618101087 ], [ 77.016956635499994, 8.6180865603 ], [ 77.0169571287, 8.6180853786 ], [ 77.016960330200007, 8.6180777081 ], [ 77.016989182900005, 8.6180085796 ], [ 77.017028092100006, 8.617915356299999 ], [ 77.017028827900006, 8.6179098251 ], [ 77.017029798400003, 8.6179025295 ], [ 77.017030184099994, 8.6178996303 ], [ 77.017030283699995, 8.6178988811 ], [ 77.0170306264, 8.6178963052 ], [ 77.017033053099993, 8.617878063299999 ], [ 77.017044071399994, 8.617795235199999 ], [ 77.017050562899996, 8.617746436099999 ], [ 77.017054864900004, 8.6177140967 ], [ 77.017056159500001, 8.6177043646 ], [ 77.0170579885, 8.617690615500001 ], [ 77.017059584500004, 8.6176238856 ], [ 77.017059979300001, 8.617607379100001 ], [ 77.017065053799996, 8.617395206099999 ], [ 77.017066684499994, 8.6173270263 ], [ 77.017066789799998, 8.6173226254 ], [ 77.017066829800001, 8.6173209538 ], [ 77.017069682499994, 8.617306961900001 ], [ 77.017073616600001, 8.617287666 ], [ 77.017076713799995, 8.617287534400001 ], [ 77.017191897700002, 8.6169059337 ], [ 77.017282650499993, 8.616608143800001 ], [ 77.017359652600007, 8.6163764621 ], [ 77.017359475299997, 8.6163764422 ], [ 77.017373163399995, 8.616341890799999 ], [ 77.017419827599994, 8.6161950557 ], [ 77.017422739799997, 8.616185891800001 ], [ 77.017426956400001, 8.616172624 ], [ 77.017468337, 8.616042414200001 ], [ 77.017477825699999, 8.616012556799999 ], [ 77.017483632700007, 8.6156944336 ], [ 77.017476052299997, 8.615675272500001 ], [ 77.017470979199999, 8.6156624492 ], [ 77.017459107099995, 8.615632439700001 ], [ 77.017459023200004, 8.615632227700001 ], [ 77.017424170499993, 8.6155441296 ], [ 77.017406457299998, 8.615499355600001 ], [ 77.017362239899995, 8.615387586 ], [ 77.017360675600003, 8.615383632 ], [ 77.017359499, 8.615376939900001 ], [ 77.017358206899999, 8.6153695907 ], [ 77.017357934800003, 8.6153680429 ], [ 77.0173577825, 8.6153671767 ], [ 77.017355732400006, 8.615355516 ], [ 77.017326824099996, 8.6151910914 ], [ 77.017326267, 8.615187922400001 ], [ 77.017326033900005, 8.615186596599999 ], [ 77.017434308700004, 8.6150443706 ], [ 77.017445150100002, 8.615030129599999 ], [ 77.017486246900006, 8.6149761463 ], [ 77.0175177502, 8.614934764599999 ], [ 77.017518910199996, 8.614935603599999 ], [ 77.017534753800007, 8.614947064600001 ], [ 77.017539933699993, 8.6149508117 ], [ 77.017542379299996, 8.614952580700001 ], [ 77.017774400500002, 8.6151204205 ], [ 77.018071151800001, 8.6153350842 ], [ 77.018090700299993, 8.615349225099999 ], [ 77.018159045700003, 8.615399094300001 ], [ 77.018274118199997, 8.615483058700001 ], [ 77.018342484599998, 8.6155329431 ], [ 77.018348610100006, 8.6155374127 ], [ 77.018350652699993, 8.615538903099999 ], [ 77.0183823351, 8.615592994 ], [ 77.018396432, 8.6156170614 ], [ 77.018397611599994, 8.6156190752 ], [ 77.018415276300004, 8.615649233899999 ], [ 77.018418756499997, 8.615653717100001 ], [ 77.018423663, 8.6156600375 ], [ 77.018424937099994, 8.6156616788 ], [ 77.018425566100007, 8.6156624891 ], [ 77.018437098299998, 8.6156773447 ], [ 77.0184854452, 8.6157396244 ], [ 77.018510055299998, 8.615771326599999 ], [ 77.018511941599996, 8.6157786388 ], [ 77.018514740699999, 8.615789489200001 ], [ 77.018519939399994, 8.6158096417 ], [ 77.0185209184, 8.6158134368 ], [ 77.018521163599999, 8.6158143873 ], [ 77.018521959200001, 8.6158174715 ], [ 77.018522263, 8.6158186491 ], [ 77.018522871399995, 8.615821007399999 ], [ 77.018524743900002, 8.615828266 ], [ 77.018525751499993, 8.615832171799999 ], [ 77.018525761399999, 8.615832171 ], [ 77.018525921, 8.6158321579 ], [ 77.018526493099998, 8.615832111 ], [ 77.018533956799999, 8.6158314985 ], [ 77.018555069200005, 8.615829766 ], [ 77.018568306899994, 8.6158286797 ], [ 77.018608633100001, 8.6158393756 ], [ 77.018612718, 8.615840459 ], [ 77.018685052799995, 8.6158596445 ], [ 77.018713003, 8.615867057899999 ], [ 77.0187683953, 8.6158817497 ], [ 77.018770155200002, 8.615882216499999 ], [ 77.0187723, 8.6158827853 ], [ 77.018820417800001, 8.6158814254 ], [ 77.018826983099999, 8.6158812398 ], [ 77.018832361700007, 8.6158810878 ], [ 77.018881260399993, 8.615879705799999 ], [ 77.018969013700001, 8.6158772256 ], [ 77.018996286900006, 8.6158764548 ], [ 77.019136852499997, 8.615877937 ], [ 77.019227077300002, 8.615878888399999 ], [ 77.019250977400006, 8.6158828911 ], [ 77.019259992800002, 8.615884401 ], [ 77.019529292800001, 8.615929502 ], [ 77.019529632599998, 8.6159295589 ], [ 77.019531311799994, 8.6159298401 ], [ 77.019542806299995, 8.615931765099999 ], [ 77.019574107099999, 8.6159381905 ], [ 77.019723856699997, 8.615968930799999 ], [ 77.019731093100006, 8.6159704163 ], [ 77.019751556499997, 8.615974617 ], [ 77.019752261899995, 8.6159747618 ], [ 77.019790509900005, 8.615977553600001 ], [ 77.019798196400004, 8.615978114700001 ], [ 77.019816861899997, 8.6159794772 ], [ 77.019920704900002, 8.6159870571 ], [ 77.019989428800002, 8.615992073499999 ], [ 77.020133017700005, 8.6160025545 ], [ 77.020166634700004, 8.6160050083 ], [ 77.0201666265, 8.61600495 ], [ 77.020153485799995, 8.6159118783 ], [ 77.020135244900004, 8.615782683100001 ], [ 77.020112844699995, 8.615624028899999 ], [ 77.020107136099995, 8.6155835963 ], [ 77.020094354899996, 8.615530572100001 ], [ 77.020058985, 8.6153838368 ], [ 77.020055538600005, 8.6153695393 ], [ 77.020053214499995, 8.615359897299999 ], [ 77.020029101099993, 8.615290939699999 ], [ 77.019989709, 8.615178289299999 ], [ 77.019989037200006, 8.615156149 ], [ 77.0199859019, 8.6150528107 ], [ 77.019985268699998, 8.6150319405 ], [ 77.020036923, 8.6148845137 ], [ 77.020061266699997, 8.614815034199999 ], [ 77.020097289500001, 8.6146615566 ], [ 77.020110697800007, 8.614490294399999 ], [ 77.020112279, 8.614470098 ], [ 77.020114031899993, 8.6144477075 ], [ 77.020099383499996, 8.6143473977 ], [ 77.020077280500004, 8.614196041 ], [ 77.020071766200005, 8.6141775991 ], [ 77.020058465399998, 8.6141331165 ], [ 77.020023274400003, 8.6140154253 ], [ 77.020019329799993, 8.6140069301 ], [ 77.019956553300005, 8.6138717322 ], [ 77.019947619199996, 8.613861440599999 ], [ 77.019822171499996, 8.613716931500001 ], [ 77.019431115200007, 8.6132664547 ], [ 77.019420344099998, 8.6132581277 ], [ 77.018857120600003, 8.612822699900001 ], [ 77.018743467500002, 8.612734834499999 ], [ 77.018708825700003, 8.6127323059 ], [ 77.018489315300002, 8.612716282899999 ], [ 77.018369419400003, 8.6127075313 ], [ 77.018146274599999, 8.6126912431 ], [ 77.018071133500001, 8.6126857582 ], [ 77.018072289200006, 8.6126833394 ], [ 77.018007728, 8.6127002955 ], [ 77.017989589199999, 8.6127050594 ], [ 77.017914678599993, 8.6127063752 ], [ 77.017907664700004, 8.6127064984 ], [ 77.017778025799998, 8.612714257 ], [ 77.017658965, 8.612723082900001 ], [ 77.017618306700001, 8.612725922799999 ], [ 77.017449107800005, 8.612774828 ], [ 77.017220329799997, 8.612840954 ], [ 77.016974548799993, 8.612911994599999 ], [ 77.016751475899994, 8.6129764715 ], [ 77.016695611900005, 8.6129953417 ], [ 77.016665484200004, 8.613001326499999 ], [ 77.016477972600001, 8.613038575599999 ], [ 77.016467529699995, 8.61304065 ], [ 77.016332650600006, 8.613040060499999 ], [ 77.016252121600004, 8.613039708500001 ], [ 77.016026258400004, 8.6130418266 ], [ 77.0159889185, 8.613043572600001 ], [ 77.015978983, 8.6130440371 ], [ 77.015978866799998, 8.6130426464 ], [ 77.015830323800003, 8.6130451929 ], [ 77.015736111099997, 8.6130458185 ], [ 77.015692486500001, 8.613046601100001 ], [ 77.015681213299999, 8.6130470064 ], [ 77.015674708700004, 8.6130467827 ], [ 77.015657791799995, 8.613046201 ], [ 77.015561485899994, 8.6130518779 ], [ 77.015561408500005, 8.6130537847 ], [ 77.015546805599996, 8.613055364299999 ], [ 77.015546790200005, 8.613055303599999 ], [ 77.015365047900005, 8.613068804199999 ], [ 77.015151797, 8.613083534199999 ], [ 77.014900846, 8.6131026878 ], [ 77.014791773300004, 8.6131103317 ], [ 77.014596325499994, 8.6130913981 ], [ 77.014418615099999, 8.6130733497 ], [ 77.014258549900006, 8.6130586768 ], [ 77.014078119100006, 8.613041197899999 ], [ 77.013926229099994, 8.613026483900001 ], [ 77.013796382799995, 8.613013905300001 ], [ 77.013722805399993, 8.613007039299999 ] ] ] ] } },
{ "type": "Feature", "properties": { "gml_parent": null, "gml_pare_1": "featureMembers", "gml_id": "Thiruvanathapuram_Editor.fid--715e5034_19246a0be1c_-2ed3", "geom": null, "District": "Thiruvanathapuram", "LSGD": "Nedumangad", "Ward_Name": "PARIYARAM", "Ward_No": 38, "Lsgd_Type": "Municipality", "Created_Da": "2024/10/17 04:00:14.597", "Surveyor": "MJBISIRI", "Mob_No": null, "Remarks": null, "_distLsgd": "Thiruvanathapuram_Nedumangad", "OBJECTID": 439, "_result": "Thiruvanathapuram_Nedumangad", "_ulid": "01JBBD70X170A88TT77VY8PM1H", "_distLsgd2": "Thiruvanathapuram_Nedumangad" }, "geometry": { "type": "MultiPolygon", "coordinates": [ [ [ [ 76.972156316799996, 8.593428443100001 ], [ 76.972206729800007, 8.5934954397 ], [ 76.972206729899995, 8.5934954397 ], [ 76.972299503399995, 8.5935777499 ], [ 76.972351511499994, 8.5936210295 ], [ 76.972360358499998, 8.593628391699999 ], [ 76.972374755100006, 8.593644514499999 ], [ 76.9723747635, 8.5936445229 ], [ 76.972379980400007, 8.593649794 ], [ 76.972419494600004, 8.5936897185 ], [ 76.972433990799999, 8.593704365200001 ], [ 76.972444951699998, 8.5937154399 ], [ 76.972458183, 8.593746127199999 ], [ 76.972468376099997, 8.5937697681 ], [ 76.972473044, 8.593779532099999 ], [ 76.972473320700004, 8.5937805292 ], [ 76.972473870900004, 8.593782512200001 ], [ 76.972527411499996, 8.5939754625 ], [ 76.9725185864, 8.5941291639 ], [ 76.972515792500005, 8.594177824300001 ], [ 76.9725298444, 8.594215778800001 ], [ 76.972539059400006, 8.594240669 ], [ 76.9725411525, 8.5942463223 ], [ 76.972541296399996, 8.5942467112 ], [ 76.9725399366, 8.5942536587 ], [ 76.972538321900004, 8.594261908 ], [ 76.972538093, 8.5942684995 ], [ 76.972544567599996, 8.5942736887 ], [ 76.972553143799999, 8.594278711399999 ], [ 76.972554118199994, 8.5942813431 ], [ 76.972570193899998, 8.5943247643 ], [ 76.972724361900006, 8.594417786899999 ], [ 76.9727278748, 8.594419906600001 ], [ 76.972766134599993, 8.594442991899999 ], [ 76.972775463299996, 8.5944486207 ], [ 76.972779239199994, 8.5944626406 ], [ 76.972789452300006, 8.5945005619 ], [ 76.972820347, 8.594615273800001 ], [ 76.972838589399998, 8.5946830076 ], [ 76.972848110499996, 8.5947183593 ], [ 76.972848349499998, 8.5947192468 ], [ 76.972848404900006, 8.5947194525 ], [ 76.972840347499996, 8.5947443133 ], [ 76.972820794900002, 8.5948046414 ], [ 76.972788875399999, 8.5949031272 ], [ 76.972729847899998, 8.5951496697 ], [ 76.972642900300002, 8.5952786546 ], [ 76.972638572700006, 8.5952850744 ], [ 76.972626598299996, 8.5953028381 ], [ 76.972598423700006, 8.5953446345 ], [ 76.972592412200001, 8.595353552400001 ], [ 76.972583811800007, 8.595366310799999 ], [ 76.9725723289, 8.5953833454 ], [ 76.972569949100006, 8.595386875799999 ], [ 76.972565977399995, 8.5953927678 ], [ 76.972565209400003, 8.5953939071 ], [ 76.972561709900006, 8.595402596 ], [ 76.972541367900007, 8.595453103300001 ], [ 76.972525124599997, 8.5954934338 ], [ 76.972524865599993, 8.5954940771 ], [ 76.9725262539, 8.5954961686 ], [ 76.972526334099996, 8.5954962894 ], [ 76.972545749899993, 8.5955255387 ], [ 76.972604135699996, 8.5956134953 ], [ 76.972638151, 8.5956647382 ], [ 76.972694110700004, 8.595686650399999 ], [ 76.972720506399995, 8.5956969862 ], [ 76.972794270400001, 8.595725870100001 ], [ 76.972801686599993, 8.595728774 ], [ 76.972810958500006, 8.5957324047 ], [ 76.972812582900005, 8.595733040700001 ], [ 76.972883190399997, 8.5957606885 ], [ 76.972886003400006, 8.5957644819 ], [ 76.972923784700001, 8.5958154291 ], [ 76.972983243100003, 8.595895607499999 ], [ 76.973048013799996, 8.5960399909 ], [ 76.973113598400005, 8.596186188500001 ], [ 76.973118562, 8.596201217500001 ], [ 76.973153881200005, 8.596308158199999 ], [ 76.973160889900001, 8.5963293797 ], [ 76.973168079299995, 8.5963511479 ], [ 76.973183798700006, 8.5963987438 ], [ 76.973225725500001, 8.5965256913 ], [ 76.973226525300007, 8.5965281129 ], [ 76.973227746500001, 8.5965373009 ], [ 76.973231236800004, 8.5965635605 ], [ 76.973232027799995, 8.5965695119 ], [ 76.9732391963, 8.596623445800001 ], [ 76.973236820899999, 8.5967402493 ], [ 76.973236820899999, 8.5967402493 ], [ 76.973239553, 8.5968167409 ], [ 76.973239994699995, 8.596829109 ], [ 76.973373759400005, 8.59695729 ], [ 76.973409220400001, 8.5969518269 ], [ 76.9734402972, 8.5969451367 ], [ 76.973446974500007, 8.5969460106 ], [ 76.973456146100006, 8.5969472109 ], [ 76.973588508, 8.5969645332 ], [ 76.973742567299993, 8.596959530099999 ], [ 76.973957555300004, 8.596952548200001 ], [ 76.974034853299997, 8.5969446397 ], [ 76.974037021699999, 8.5969444178 ], [ 76.974290716, 8.5969184616 ], [ 76.974321797200005, 8.596915281599999 ], [ 76.974352531500003, 8.596913726 ], [ 76.974374483600002, 8.596912614900001 ], [ 76.974414353300006, 8.596910597 ], [ 76.974447040699999, 8.596908942600001 ], [ 76.974567697200001, 8.5969028357 ], [ 76.974570218699995, 8.5969084395 ], [ 76.974617566899994, 8.5970136658 ], [ 76.974638406599993, 8.597059979699999 ], [ 76.974670511200003, 8.5971313286 ], [ 76.974669960200004, 8.597139003500001 ], [ 76.974659299600006, 8.5972874942 ], [ 76.974655474, 8.597340782 ], [ 76.974649719200002, 8.597420940399999 ], [ 76.974644619499998, 8.597491974 ], [ 76.974726705699993, 8.5979351303 ], [ 76.974738489700002, 8.5979834398 ], [ 76.974788279400002, 8.598187556799999 ], [ 76.974867011800001, 8.598295267299999 ], [ 76.974883744300001, 8.5983181584 ], [ 76.9748898024, 8.5983264462 ], [ 76.974917623899998, 8.5983262987 ], [ 76.974945647799998, 8.59832615 ], [ 76.974946746800001, 8.5983261442 ], [ 76.974947445599994, 8.5983265981 ], [ 76.974990676600001, 8.5983373719 ], [ 76.974990676600001, 8.5983373719 ], [ 76.975013039499999, 8.5983274534 ], [ 76.975016315199994, 8.5983260006 ], [ 76.975016829500007, 8.598325772500001 ], [ 76.975023764, 8.5983257357 ], [ 76.975117090500007, 8.598325240599999 ], [ 76.975134443300007, 8.598323154099999 ], [ 76.975279954200005, 8.598305657399999 ], [ 76.975301237799997, 8.598303098200001 ], [ 76.975322037, 8.5983005972 ], [ 76.975362076400003, 8.598335497600001 ], [ 76.975382817699995, 8.598353576899999 ], [ 76.975465301699998, 8.598425474200001 ], [ 76.975494037700003, 8.598450522 ], [ 76.9754954247, 8.598451730900001 ], [ 76.975510214400003, 8.5984646224 ], [ 76.975510833900003, 8.5984651624 ], [ 76.975513416, 8.598468822499999 ], [ 76.975514909699996, 8.5984709399 ], [ 76.975523747699995, 8.5984834678 ], [ 76.975631720500004, 8.598570002900001 ], [ 76.975640615399996, 8.598573339 ], [ 76.975667381299999, 8.598577189 ], [ 76.975687668, 8.5985893532 ], [ 76.975694670500005, 8.598593552 ], [ 76.975742930500004, 8.598588055900001 ], [ 76.975757910200002, 8.598590210599999 ], [ 76.975770450100001, 8.5985905133 ], [ 76.975814079900005, 8.5985806455 ], [ 76.975816787900001, 8.598579644599999 ], [ 76.975820247100003, 8.5985792507 ], [ 76.975930672800004, 8.598566674800001 ], [ 76.976060696399998, 8.598586258899999 ], [ 76.976098811599996, 8.5985919999 ], [ 76.976137129400001, 8.5985977713 ], [ 76.976143294300002, 8.5985986998 ], [ 76.976159132600003, 8.598604337399999 ], [ 76.976170100700003, 8.5986076104 ], [ 76.976171683, 8.5986088046 ], [ 76.976171683, 8.5986088046 ], [ 76.976218938100004, 8.598643142 ], [ 76.976226394600005, 8.5986500967 ], [ 76.976227883600004, 8.5986514854 ], [ 76.976335984, 8.5987523102 ], [ 76.976348670099995, 8.5987641425 ], [ 76.9763691526, 8.5988008043 ], [ 76.976385303, 8.5988252128 ], [ 76.976385679100005, 8.5988270372 ], [ 76.976386773200005, 8.5988323434 ], [ 76.976392543100005, 8.598860328500001 ], [ 76.9764155485, 8.598971906699999 ], [ 76.976415707499996, 8.598972678200001 ], [ 76.976415552099994, 8.598972741 ], [ 76.976415930399995, 8.5990601524 ], [ 76.976415930399995, 8.5990601528 ], [ 76.976415930399995, 8.5990601533 ], [ 76.976416611299996, 8.5992174608 ], [ 76.976417063200003, 8.5992188967 ], [ 76.976413220799998, 8.599328739300001 ], [ 76.976428453599993, 8.599391602200001 ], [ 76.976430459699998, 8.599399881 ], [ 76.976433658399998, 8.599467901800001 ], [ 76.976438817100004, 8.5994847272 ], [ 76.976453256400006, 8.599531821899999 ], [ 76.976478597500005, 8.5995985363 ], [ 76.976499502799996, 8.599684808599999 ], [ 76.976522114199994, 8.599713101100001 ], [ 76.976545241599993, 8.599742039300001 ], [ 76.976599141500003, 8.599809481599999 ], [ 76.976636875899999, 8.5998566967 ], [ 76.976761980199996, 8.6000132334 ], [ 76.976893219499999, 8.6001774462 ], [ 76.976898365099999, 8.6001816923 ], [ 76.976971036199998, 8.6002416602 ], [ 76.977018051100004, 8.6002958227 ], [ 76.977205593500003, 8.6004950784 ], [ 76.977205595699999, 8.6004950805 ], [ 76.977401047399994, 8.600702739200001 ], [ 76.977707366299995, 8.6009297829 ], [ 76.977723785699993, 8.6009404376 ], [ 76.977738128200002, 8.600951931899999 ], [ 76.977869141599996, 8.601046263400001 ], [ 76.9779666015, 8.6011105563 ], [ 76.977974471300001, 8.6011031099 ], [ 76.977979150799996, 8.601106146399999 ], [ 76.978216373, 8.6012600819 ], [ 76.978273515799998, 8.6012423746 ], [ 76.978289289200006, 8.601235407400001 ], [ 76.978291429, 8.601236823700001 ], [ 76.9784302682, 8.6013287244 ], [ 76.979224428500004, 8.600626037 ], [ 76.979583342500007, 8.600342616200001 ], [ 76.979635133599999, 8.600301718800001 ], [ 76.979717561900003, 8.6002645188 ], [ 76.979816432899995, 8.600219898200001 ], [ 76.979816353499999, 8.6002197165 ], [ 76.979817089199997, 8.600219602099999 ], [ 76.979841565, 8.6002157951 ], [ 76.980482881100002, 8.6001160455 ], [ 76.980617991499997, 8.6000950304 ], [ 76.980769079599995, 8.600145957400001 ], [ 76.980845904800006, 8.600114943199999 ], [ 76.980868394400005, 8.6001058641 ], [ 76.980900945299993, 8.6000927233 ], [ 76.981076105900001, 8.5999848453 ], [ 76.981360718800005, 8.5997930443 ], [ 76.981565722699997, 8.599769030799999 ], [ 76.981969974, 8.599996722 ], [ 76.982063251499994, 8.6000615325 ], [ 76.982937175499998, 8.6005833669 ], [ 76.982937195399998, 8.6005833785 ], [ 76.983064452299999, 8.6006593657 ], [ 76.983069366300001, 8.6006622999 ], [ 76.983122213599998, 8.6007876431 ], [ 76.9831222137, 8.6007876433 ], [ 76.983127542899993, 8.6007916575 ], [ 76.983142415200007, 8.6008355571 ], [ 76.983174796900002, 8.6009311408 ], [ 76.983107117900005, 8.6012254569 ], [ 76.983091832400007, 8.601428905800001 ], [ 76.983086582699997, 8.6014987777 ], [ 76.983140292499996, 8.601719625199999 ], [ 76.9832859224, 8.601869345400001 ], [ 76.983710589699996, 8.602058574100001 ], [ 76.983735968600001, 8.6020698828 ], [ 76.983809968, 8.6021028563 ], [ 76.984147502100001, 8.6021383841 ], [ 76.984174222799993, 8.6021411966 ], [ 76.9844488512, 8.602064180799999 ], [ 76.984749286400003, 8.601734817200001 ], [ 76.984765233900006, 8.6017173341 ], [ 76.984921576800005, 8.6016355617 ], [ 76.984954651199999, 8.601618262700001 ], [ 76.985218592799995, 8.6014992962 ], [ 76.985290884199998, 8.6014661303 ], [ 76.985579175200002, 8.6013636481 ], [ 76.985579177299996, 8.601363647299999 ], [ 76.985694532799997, 8.6013203261 ], [ 76.985972066900004, 8.6010763805 ], [ 76.985994097200006, 8.6010494543 ], [ 76.986025290300006, 8.600999803900001 ], [ 76.986126452099995, 8.600931062900001 ], [ 76.986163017799996, 8.6007867175 ], [ 76.986165993499995, 8.6007749704 ], [ 76.986171787499998, 8.600752098399999 ], [ 76.986172448700003, 8.6007494882 ], [ 76.986172404, 8.6007494492 ], [ 76.985921719399997, 8.600531093700001 ], [ 76.985915202, 8.6005254168 ], [ 76.985773520600006, 8.600488369500001 ], [ 76.985773520600006, 8.600488369500001 ], [ 76.985773515299996, 8.600488368100001 ], [ 76.9854211265, 8.600396224100001 ], [ 76.985255763500007, 8.6004078952 ], [ 76.985255762899996, 8.6004078952 ], [ 76.985088679499995, 8.600419687600001 ], [ 76.984960459299998, 8.6004570777 ], [ 76.984953788, 8.600459023100001 ], [ 76.984862157199998, 8.6002860403 ], [ 76.984831500699997, 8.600228166100001 ], [ 76.984808828, 8.600177212 ], [ 76.984787750500004, 8.6001298432 ], [ 76.984785195, 8.6001240999 ], [ 76.984782356799997, 8.6001231926 ], [ 76.984761474500004, 8.6001165173 ], [ 76.984705913100001, 8.6000987562 ], [ 76.984705913, 8.6000987562 ], [ 76.9846589685, 8.6000837497 ], [ 76.984643542800001, 8.6000788186 ], [ 76.9846213788, 8.600056332699999 ], [ 76.984617353700003, 8.600052249299999 ], [ 76.984561527500006, 8.599995612400001 ], [ 76.984549167500006, 8.599983072900001 ], [ 76.984534675, 8.599968369899999 ], [ 76.984535569599998, 8.599943076900001 ], [ 76.984539289099999, 8.5998379096 ], [ 76.984539392900004, 8.5998349761 ], [ 76.984540878399997, 8.5997929746 ], [ 76.984540892200002, 8.5997925859 ], [ 76.984201446699998, 8.599617507 ], [ 76.983274849799997, 8.5991068014 ], [ 76.983242360099993, 8.599088894199999 ], [ 76.983149482900004, 8.599096080500001 ], [ 76.983149482900004, 8.599096080500001 ], [ 76.983072098, 8.599102068100001 ], [ 76.983052769899999, 8.5991035636 ], [ 76.983050823, 8.5991037142 ], [ 76.983023815699994, 8.5990804457 ], [ 76.982985447800004, 8.599047389100001 ], [ 76.982981208200002, 8.599043736400001 ], [ 76.982974632299999, 8.599038070800001 ], [ 76.982974576900006, 8.5990366215 ], [ 76.982973341700003, 8.5990042962 ], [ 76.982970689, 8.598934871200001 ], [ 76.982970609899994, 8.5989328007 ], [ 76.982973756600003, 8.598927292400001 ], [ 76.983010392699995, 8.598863160700001 ], [ 76.983019605699994, 8.598814017500001 ], [ 76.983021185699997, 8.5988055896 ], [ 76.98302905, 8.5987636399 ], [ 76.983029219900004, 8.598762734 ], [ 76.983032957600003, 8.5987427966 ], [ 76.983018808899999, 8.5987195892 ], [ 76.983018808899999, 8.5987195892 ], [ 76.983018808799997, 8.5987195891 ], [ 76.982947103300006, 8.598601974 ], [ 76.982863327600001, 8.5985248618 ], [ 76.982863327600001, 8.5985248618 ], [ 76.982859473199994, 8.598521314 ], [ 76.982696740500003, 8.5985166181 ], [ 76.982680427600002, 8.5985161474 ], [ 76.982676933400001, 8.5985160466 ], [ 76.982825828399996, 8.5983401043 ], [ 76.982829482599996, 8.5983357863 ], [ 76.982829770199999, 8.5983354464 ], [ 76.982832882099999, 8.5983317693 ], [ 76.982863601800005, 8.5983302463 ], [ 76.982916428300001, 8.5983276274 ], [ 76.982919167399999, 8.598327491599999 ], [ 76.982903954799994, 8.5982625767 ], [ 76.982880531199996, 8.5981626235 ], [ 76.982884126499997, 8.598159169 ], [ 76.983152726399993, 8.597901091700001 ], [ 76.9834119426, 8.5973836127 ], [ 76.983693710500006, 8.596766885099999 ], [ 76.983698829399998, 8.596755681099999 ], [ 76.983707228699998, 8.596737296900001 ], [ 76.983707812, 8.5967360202 ], [ 76.983733774900003, 8.5967229706 ], [ 76.983894279899999, 8.596642296800001 ], [ 76.983973656700002, 8.5966024 ], [ 76.983982249899995, 8.5965980808 ], [ 76.984008636300004, 8.5965848184 ], [ 76.984302495500003, 8.596437117 ], [ 76.984308209899993, 8.5964116267 ], [ 76.984468275899999, 8.5956976121 ], [ 76.984507304299996, 8.5955590675 ], [ 76.984662537700004, 8.595008012199999 ], [ 76.984792672400005, 8.5948280429 ], [ 76.984805497400004, 8.594810306599999 ], [ 76.984850213399994, 8.5947484668 ], [ 76.984894753399999, 8.5946868702 ], [ 76.984897584500004, 8.594686443700001 ], [ 76.984911258699995, 8.594684383700001 ], [ 76.984914454600002, 8.5946839022 ], [ 76.985446856099998, 8.5946036942 ], [ 76.986160054300001, 8.5943909528 ], [ 76.986163101800003, 8.594390043800001 ], [ 76.986165703, 8.594396874399999 ], [ 76.986168606700005, 8.5944044995 ], [ 76.986398003299996, 8.5942322585 ], [ 76.986480141399994, 8.594170585600001 ], [ 76.986526457099998, 8.594137101 ], [ 76.986617621400001, 8.594071192299999 ], [ 76.986658418399998, 8.5940416974 ], [ 76.986666986700001, 8.594039109300001 ], [ 76.986702528799995, 8.594028373800001 ], [ 76.9867025291, 8.594028373700001 ], [ 76.986702529400006, 8.5940283736 ], [ 76.986715494400002, 8.5940244576 ], [ 76.986857880299993, 8.593981449799999 ], [ 76.987106436, 8.593904572 ], [ 76.987106409700004, 8.593904458200001 ], [ 76.987106095, 8.5939030961 ], [ 76.987081291500004, 8.5937957564 ], [ 76.987052228, 8.5936699814 ], [ 76.986974167200003, 8.5934522934 ], [ 76.986520192399993, 8.593201928399999 ], [ 76.986369515700005, 8.593049345200001 ], [ 76.986270982600004, 8.5930153924 ], [ 76.986270982600004, 8.5930153924 ], [ 76.986270982500002, 8.5930153923 ], [ 76.986221226400005, 8.592998247200001 ], [ 76.986181309399996, 8.593005445399999 ], [ 76.986181309299994, 8.593005445399999 ], [ 76.985994931899995, 8.5930390545 ], [ 76.985965214399997, 8.593044413399999 ], [ 76.985766595900003, 8.593041745700001 ], [ 76.985741085599997, 8.5930390256 ], [ 76.9856810072, 8.593032619500001 ], [ 76.985642862899994, 8.592897281699999 ], [ 76.985642862899994, 8.592897281699999 ], [ 76.985636295899994, 8.5928739814 ], [ 76.985570717800002, 8.5927788236 ], [ 76.985570717800002, 8.5927788236 ], [ 76.985570717499996, 8.5927788232 ], [ 76.985496890299999, 8.5926716954 ], [ 76.985435931500007, 8.5926124469 ], [ 76.985278960299993, 8.5924598793 ], [ 76.985260504, 8.592444777 ], [ 76.985260504, 8.592444777 ], [ 76.985260503899994, 8.592444776900001 ], [ 76.985066807699994, 8.5922862793 ], [ 76.984945720599995, 8.592213231900001 ], [ 76.984875786200007, 8.5921710431 ], [ 76.984859741700006, 8.592149988299999 ], [ 76.9847529587, 8.592009859799999 ], [ 76.984654364099995, 8.591908421 ], [ 76.984654364, 8.591908420899999 ], [ 76.9846270468, 8.591880315599999 ], [ 76.984637765299993, 8.591818272399999 ], [ 76.984678420199998, 8.591582946100001 ], [ 76.984690439, 8.5915354718 ], [ 76.984745287899997, 8.5913188188 ], [ 76.984745929599995, 8.591316284 ], [ 76.984742719400003, 8.5910848764 ], [ 76.984754010800003, 8.5909525813 ], [ 76.984760424699999, 8.590877434399999 ], [ 76.984756732799994, 8.5908300767 ], [ 76.984743004099997, 8.5906539704 ], [ 76.984721498699997, 8.590454897600001 ], [ 76.984698523700004, 8.590229005699999 ], [ 76.984698523700004, 8.590229005099999 ], [ 76.984695281399993, 8.5901971272 ], [ 76.984695215900004, 8.5901897069 ], [ 76.984693596699998, 8.5900062294 ], [ 76.984676803200003, 8.589865853899999 ], [ 76.984657986800002, 8.5897473966 ], [ 76.984657986800002, 8.5897473966 ], [ 76.984655162300001, 8.589729614499999 ], [ 76.984757760199997, 8.5895709915 ], [ 76.9848489038, 8.589413779399999 ], [ 76.984893368100003, 8.5893433279 ], [ 76.9849003689, 8.589332235500001 ], [ 76.984863068099997, 8.589249756399999 ], [ 76.9848457919, 8.5892115553 ], [ 76.984795161199997, 8.589040048 ], [ 76.984789591099997, 8.5890211799 ], [ 76.984786568700002, 8.5889173159 ], [ 76.984784486, 8.5888457436 ], [ 76.984776165900001, 8.5887687252 ], [ 76.984762980599996, 8.588646669899999 ], [ 76.984752166899995, 8.5884259296 ], [ 76.984349565, 8.5885896614 ], [ 76.983859511, 8.588769475299999 ], [ 76.983257533499994, 8.5890197017 ], [ 76.982761635399996, 8.5892170457 ], [ 76.982494099600004, 8.5892738932 ], [ 76.982161491799999, 8.589290096 ], [ 76.9817701849, 8.589302028600001 ], [ 76.981307321100005, 8.5895129977 ], [ 76.980939573900002, 8.5898184185 ], [ 76.980768914, 8.589976579 ], [ 76.980552829800004, 8.590257122 ], [ 76.980292256799999, 8.5905254507 ], [ 76.979821648500007, 8.5910540024 ], [ 76.979565824700003, 8.591289009900001 ], [ 76.979384239300003, 8.591502485 ], [ 76.979195246900005, 8.5917849978 ], [ 76.978941575799993, 8.5921436036 ], [ 76.978763139500003, 8.5924672831 ], [ 76.978544729800007, 8.592779076699999 ], [ 76.978305072400005, 8.5930713691 ], [ 76.978144636400003, 8.593275159799999 ], [ 76.978016607599997, 8.593409487400001 ], [ 76.977929118299997, 8.593517586899999 ], [ 76.977803316600003, 8.5935914777 ], [ 76.977710020399996, 8.5936250898 ], [ 76.977627514299996, 8.593666219899999 ], [ 76.977477610600005, 8.5936979583 ], [ 76.977260467799994, 8.593709771 ], [ 76.976990338, 8.593740739899999 ], [ 76.976698223699998, 8.593800488399999 ], [ 76.976452614199999, 8.593810679400001 ], [ 76.976245228899998, 8.593857357699999 ], [ 76.976005418900002, 8.593843783500001 ], [ 76.975838981799996, 8.593851413199999 ], [ 76.975657518299997, 8.5937274949 ], [ 76.975489946799996, 8.593577304 ], [ 76.975320864799997, 8.593436368500001 ], [ 76.975038377900006, 8.593189971099999 ], [ 76.974939702200004, 8.593159031900001 ], [ 76.974829670299997, 8.5931623669 ], [ 76.974685514900003, 8.5931982425 ], [ 76.974536773400004, 8.593191602299999 ], [ 76.9743493223, 8.593174987 ], [ 76.974172444900006, 8.5930935842 ], [ 76.973960419, 8.593027465 ], [ 76.973755163099995, 8.5928845558 ], [ 76.973414141700005, 8.592832040699999 ], [ 76.9730626801, 8.592690492899999 ], [ 76.972846850500005, 8.5926123711 ], [ 76.9726095762, 8.5926067985 ], [ 76.972419644, 8.5926524634 ], [ 76.972233327200001, 8.592793668900001 ], [ 76.971976227900001, 8.592991954 ], [ 76.971976673200004, 8.5929928049 ], [ 76.971985097699999, 8.593008901899999 ], [ 76.972027097700007, 8.593089153399999 ], [ 76.972070719399994, 8.5931725035 ], [ 76.972118665799997, 8.593375823 ], [ 76.972123779200004, 8.593381283 ], [ 76.972124495800003, 8.593382048100001 ], [ 76.972126898300004, 8.5933846135 ], [ 76.972130126, 8.593388059900001 ], [ 76.9721484592, 8.5934163276 ], [ 76.972153191, 8.5934236236 ], [ 76.972156316799996, 8.593428443100001 ] ] ] ] } },
{ "type": "Feature", "properties": { "gml_parent": null, "gml_pare_1": "featureMembers", "gml_id": "Thiruvanathapuram_Editor.fid-f0aec0d_192a2341ec3_-44b7", "geom": null, "District": "Thiruvanathapuram", "LSGD": "Nedumangad", "Ward_Name": "PERUMALA", "Ward_No": 29, "Lsgd_Type": "Municipality", "Created_Da": "2024/10/19 13:21:49.440", "Surveyor": "Jeevan", "Mob_No": null, "Remarks": null, "_distLsgd": "Thiruvanathapuram_Nedumangad", "OBJECTID": 439, "_result": "Thiruvanathapuram_Nedumangad", "_ulid": "01JBBD70X170A88TT77VY8PM1H", "_distLsgd2": "Thiruvanathapuram_Nedumangad" }, "geometry": { "type": "MultiPolygon", "coordinates": [ [ [ [ 77.004600031400003, 8.5926738693 ], [ 77.004600884599995, 8.5926725931 ], [ 77.004586483099999, 8.5926710511 ], [ 77.004695800199997, 8.5925300625 ], [ 77.004698497800007, 8.5925265834 ], [ 77.004782478, 8.5924182723 ], [ 77.004823809300007, 8.5923649665 ], [ 77.005093066399994, 8.592156172299999 ], [ 77.005093067499999, 8.592156171399999 ], [ 77.005093067800004, 8.592156171199999 ], [ 77.005146306399993, 8.592114887499999 ], [ 77.005140560200005, 8.592075108 ], [ 77.005138664699999, 8.592061986499999 ], [ 77.005131651100001, 8.5920134326 ], [ 77.005108141199997, 8.5918506805 ], [ 77.005107525699998, 8.591849636199999 ], [ 77.005107140600003, 8.591843753 ], [ 77.005104459500004, 8.5918251925 ], [ 77.005105706, 8.591821836599999 ], [ 77.005105706, 8.591821836599999 ], [ 77.005137020399999, 8.5917375298 ], [ 77.005156194500003, 8.591685907900001 ], [ 77.005395898299994, 8.591444152799999 ], [ 77.005395493099996, 8.591444016400001 ], [ 77.005403131199998, 8.591436858 ], [ 77.005663828, 8.5911739297 ], [ 77.005743883899996, 8.5909925373 ], [ 77.005760269700005, 8.5909761814 ], [ 77.005761036199999, 8.590974097 ], [ 77.006029194500002, 8.5907039262 ], [ 77.005900250699995, 8.5905672319 ], [ 77.005760798599994, 8.5904422683 ], [ 77.005613095300006, 8.5903099107 ], [ 77.005608074899996, 8.5902997143 ], [ 77.005564587400002, 8.5902113918 ], [ 77.005464368700004, 8.590105148799999 ], [ 77.005232974099997, 8.5899008995 ], [ 77.005214018900006, 8.589887021599999 ], [ 77.005212124899998, 8.5898824961 ], [ 77.005194591399999, 8.5898670195 ], [ 77.005055029800005, 8.589507150799999 ], [ 77.005036807799996, 8.5894636134 ], [ 77.005037521800006, 8.5894620055 ], [ 77.005028037900004, 8.5894375506 ], [ 77.005190252399998, 8.5890983654 ], [ 77.005305183499999, 8.588858436800001 ], [ 77.005292225299996, 8.5888202102 ], [ 77.005282075799997, 8.5887932684 ], [ 77.005274297200003, 8.588767322600001 ], [ 77.005253871799994, 8.5887070682 ], [ 77.005243723600003, 8.588680719399999 ], [ 77.005214343, 8.5886094361 ], [ 77.005212821, 8.5886094319 ], [ 77.005196664500005, 8.588566544500001 ], [ 77.005155283799994, 8.5884566996 ], [ 77.005155283799994, 8.5884566996 ], [ 77.005155283799994, 8.5884566996 ], [ 77.005153478300002, 8.5884519069 ], [ 77.005153356799994, 8.5884515844 ], [ 77.005151883699995, 8.588447674099999 ], [ 77.005146769700005, 8.588450202500001 ], [ 77.005146058600005, 8.588448444599999 ], [ 77.005144250399994, 8.588443974900001 ], [ 77.005101184899999, 8.5883959165 ], [ 77.005098080300002, 8.5883931276 ], [ 77.005086768400005, 8.588379828600001 ], [ 77.005068366200007, 8.5883592929 ], [ 77.005068277800007, 8.5883595073 ], [ 77.005066686600003, 8.588357418699999 ], [ 77.005060123099994, 8.588350094100001 ], [ 77.005059333199995, 8.588349212700001 ], [ 77.005015218300002, 8.5883482187 ], [ 77.005015218300002, 8.5883482187 ], [ 77.004963331100001, 8.588345327300001 ], [ 77.004914114499996, 8.5883435375 ], [ 77.004909377299995, 8.5883458338 ], [ 77.004909377299995, 8.5883458338 ], [ 77.004909022099994, 8.588345825799999 ], [ 77.004846281100001, 8.588382412 ], [ 77.004846543900001, 8.588382872 ], [ 77.004841367099999, 8.5883852775 ], [ 77.004736943200001, 8.588446170299999 ], [ 77.004736423200001, 8.5884454323 ], [ 77.0047303777, 8.588436851399999 ], [ 77.004729781400002, 8.588437128400001 ], [ 77.004725014499996, 8.5884292388 ], [ 77.004670783700007, 8.588352264399999 ], [ 77.0046334516, 8.588299275600001 ], [ 77.004613638400002, 8.588271153 ], [ 77.004610529, 8.5882667396 ], [ 77.004499826699998, 8.5881741188 ], [ 77.004479384800007, 8.5881570157 ], [ 77.004473608300003, 8.5881521828 ], [ 77.004436829499994, 8.588121411099999 ], [ 77.004371973299996, 8.5880671481 ], [ 77.004369092299996, 8.588066896400001 ], [ 77.004347063599994, 8.5880666881 ], [ 77.004347063599994, 8.5880666881 ], [ 77.004237273200005, 8.5880553801 ], [ 77.004237273, 8.5880553801 ], [ 77.004118097399996, 8.588055887499999 ], [ 77.004067506200002, 8.588057061 ], [ 77.003917969499994, 8.5880626298 ], [ 77.0038519127, 8.588062005 ], [ 77.003542546099993, 8.5880689014 ], [ 77.003542533300006, 8.588069111899999 ], [ 77.003525547699994, 8.5880693754 ], [ 77.003520494399993, 8.588069453799999 ], [ 77.003520189400007, 8.5880697004 ], [ 77.003518896299994, 8.5880707459 ], [ 77.003521044799996, 8.5880704912 ], [ 77.003336714900001, 8.5882109253 ], [ 77.003336714900001, 8.5882109253 ], [ 77.003332548700001, 8.588326271 ], [ 77.003321341, 8.5883775255 ], [ 77.003311716300004, 8.588421540700001 ], [ 77.0033030795, 8.5884318785 ], [ 77.003303108599994, 8.5884360191 ], [ 77.003289623100002, 8.5884479852 ], [ 77.003214316599994, 8.588538123399999 ], [ 77.003212762100006, 8.588539984100001 ], [ 77.003090371400006, 8.588653277700001 ], [ 77.003038278800005, 8.5886821727 ], [ 77.003006097599993, 8.588700023099999 ], [ 77.003005737099997, 8.5887002231 ], [ 77.003003108499996, 8.5887016811 ], [ 77.002983605099999, 8.5887124994 ], [ 77.002816945399999, 8.5888129187 ], [ 77.002815216499997, 8.5888154483 ], [ 77.002814476500006, 8.588816530900001 ], [ 77.002784229400007, 8.5888607847 ], [ 77.002633173800007, 8.5890817902 ], [ 77.002631028500005, 8.589084929 ], [ 77.002471957400004, 8.589354764599999 ], [ 77.002343700099999, 8.589431707799999 ], [ 77.002236089600004, 8.589496264799999 ], [ 77.002167290200006, 8.589543832 ], [ 77.002125246299997, 8.5895729008 ], [ 77.002102219600005, 8.5895888212 ], [ 77.002096306, 8.5895929098 ], [ 77.002076127799995, 8.5896068608 ], [ 77.001948062899999, 8.5900894589 ], [ 77.001948062899999, 8.590089459 ], [ 77.001948062300002, 8.5900894613 ], [ 77.001900094500002, 8.590270222099999 ], [ 77.001892071699999, 8.5903004554 ], [ 77.001882804499999, 8.590340380600001 ], [ 77.001875830200007, 8.5903704279 ], [ 77.001870791100004, 8.5903806485 ], [ 77.001869071599998, 8.5903871284 ], [ 77.001867885099998, 8.590386542799999 ], [ 77.001740505900003, 8.590644901899999 ], [ 77.001737116499996, 8.5906517767 ], [ 77.001673261700006, 8.5907845926 ], [ 77.001668753499999, 8.590815238899999 ], [ 77.001667914799995, 8.5908209405 ], [ 77.001666890899997, 8.590827900800001 ], [ 77.001666785699996, 8.5908286157 ], [ 77.001666583499997, 8.5908299901 ], [ 77.001662875899996, 8.5908551942 ], [ 77.001655535, 8.5909050963 ], [ 77.0016420229, 8.590996950099999 ], [ 77.001633877800003, 8.591052319399999 ], [ 77.001632543400007, 8.5910613902 ], [ 77.001636960400006, 8.591084974299999 ], [ 77.001662766600006, 8.591222764199999 ], [ 77.001678961500005, 8.591309235600001 ], [ 77.001684306599998, 8.591337774799999 ], [ 77.001702914399999, 8.5913593152 ], [ 77.0017352821, 8.5913967838 ], [ 77.001756498, 8.5914213433 ], [ 77.001757074599993, 8.5914200273 ], [ 77.001770687499999, 8.591437769 ], [ 77.001873407800005, 8.5915566774 ], [ 77.001876397199993, 8.5915562552 ], [ 77.001879916600004, 8.5915642119 ], [ 77.001899591500006, 8.5915826944 ], [ 77.001991831200002, 8.591559893199999 ], [ 77.002010869599999, 8.591555187 ], [ 77.002062177499994, 8.591542504 ], [ 77.002065061899998, 8.591542112100001 ], [ 77.002065061899998, 8.591542112100001 ], [ 77.002141013499994, 8.5915317925 ], [ 77.002143074700001, 8.5915315125 ], [ 77.002153241900004, 8.591530131 ], [ 77.002196296, 8.5915242812 ], [ 77.002294095400003, 8.5915109932 ], [ 77.002297786300005, 8.591510491699999 ], [ 77.0023145368, 8.591508215799999 ], [ 77.002317344299996, 8.591509285100001 ], [ 77.002317344299996, 8.591509285100001 ], [ 77.002317344299996, 8.591509285100001 ], [ 77.002330029199996, 8.591514116300001 ], [ 77.002333393599997, 8.5915153977 ], [ 77.002333405800002, 8.591515402300001 ], [ 77.002373845, 8.5915308041 ], [ 77.002529838499996, 8.5915902162 ], [ 77.002673243199993, 8.5916448337 ], [ 77.002674174600003, 8.591645546400001 ], [ 77.002677761200005, 8.5916482904 ], [ 77.002834811599996, 8.5917684478 ], [ 77.002846518200002, 8.5917774045 ], [ 77.002849187300001, 8.5917783436 ], [ 77.002848733, 8.591779099 ], [ 77.002849107900005, 8.591779385800001 ], [ 77.002867703899994, 8.591791219399999 ], [ 77.002867963100002, 8.5917913843 ], [ 77.002868475699998, 8.591794203899999 ], [ 77.002869912500003, 8.5917953032 ], [ 77.002873018599999, 8.591812285 ], [ 77.002884621899994, 8.591875723399999 ], [ 77.002885771799995, 8.591882010300001 ], [ 77.002885771799995, 8.591882010400001 ], [ 77.00290702, 8.59199818 ], [ 77.002905795499998, 8.5919994827 ], [ 77.002811180099997, 8.592104560399999 ], [ 77.0027962403, 8.5921160329 ], [ 77.002664089500001, 8.592256621300001 ], [ 77.002563137699994, 8.592494121 ], [ 77.002559433900004, 8.592502834599999 ], [ 77.002558366200006, 8.592505346599999 ], [ 77.002544139600005, 8.5925540627 ], [ 77.002525813199995, 8.5926168175 ], [ 77.002478077399999, 8.5928083942 ], [ 77.002408578, 8.5929458327 ], [ 77.002397797100002, 8.5929711046 ], [ 77.002391408, 8.592979787100001 ], [ 77.002390186100001, 8.5929822035 ], [ 77.002352721400001, 8.5930562919 ], [ 77.002187689500005, 8.593142499800001 ], [ 77.002146121799996, 8.5931697352 ], [ 77.001915164, 8.5931959236 ], [ 77.001907599099994, 8.5931967814 ], [ 77.001722696200005, 8.5932615413 ], [ 77.001716996599995, 8.5932635375 ], [ 77.001596579500003, 8.5932588793 ], [ 77.001338258199993, 8.5932488864 ], [ 77.001338190499993, 8.593248883899999 ], [ 77.001118944500007, 8.593240402399999 ], [ 77.001096795, 8.5932399344 ], [ 77.000380209900001, 8.593224789800001 ], [ 77.000380185200001, 8.593224789100001 ], [ 77.000230846, 8.593221633 ], [ 77.000134339499994, 8.593219593200001 ], [ 77.000129451899994, 8.593220884600001 ], [ 76.999886559299995, 8.5932850608 ], [ 76.999884976199994, 8.593287047800001 ], [ 76.999883473500006, 8.5932889339 ], [ 76.999779291500005, 8.5934196996 ], [ 76.999779277499997, 8.5934197172 ], [ 76.999704076, 8.593514107500001 ], [ 76.999686821699996, 8.593552495799999 ], [ 76.999683274, 8.593560389 ], [ 76.999634385299998, 8.5937118537 ], [ 76.999631053800002, 8.593722175 ], [ 76.999493968899998, 8.593983918699999 ], [ 76.999489488500004, 8.593991532900001 ], [ 76.999464403100006, 8.594047344 ], [ 76.999460670399998, 8.5940556488 ], [ 76.999399944499999, 8.5941575708 ], [ 76.9993009449, 8.594323730699999 ], [ 76.999244340499999, 8.5944187351 ], [ 76.999205617800001, 8.5944887094 ], [ 76.999182117700002, 8.594527815099999 ], [ 76.999118957299999, 8.5946329176 ], [ 76.999098755600002, 8.594665733399999 ], [ 76.999066065099996, 8.5947220803 ], [ 76.999040055699993, 8.594779579 ], [ 76.998993286200005, 8.594882971700001 ], [ 76.998920456299999, 8.595019672499999 ], [ 76.998780968399998, 8.5951173159 ], [ 76.998744727499997, 8.5951338066 ], [ 76.998736015899993, 8.595137770599999 ], [ 76.998730534900005, 8.595142233800001 ], [ 76.998703572599993, 8.5951641896 ], [ 76.998697587500004, 8.5951690633 ], [ 76.998685903400002, 8.5951727969 ], [ 76.998600753199995, 8.595200006300001 ], [ 76.998595682200005, 8.5952016268 ], [ 76.998496909500005, 8.595246571300001 ], [ 76.998482935599995, 8.595275406700001 ], [ 76.998429509100006, 8.595385653199999 ], [ 76.998429085300003, 8.595386849400001 ], [ 76.998417397200001, 8.5954198386 ], [ 76.998392465199998, 8.595490207699999 ], [ 76.998390846500001, 8.595494776400001 ], [ 76.998316674600005, 8.5959494763 ], [ 76.998312106599997, 8.5959774801 ], [ 76.998309688299997, 8.5959832585 ], [ 76.9983086509, 8.5959897341 ], [ 76.998308144500001, 8.5959928948 ], [ 76.998297280200006, 8.596020122900001 ], [ 76.998225216700007, 8.5962007297 ], [ 76.998215139500005, 8.5962157225 ], [ 76.998035088400002, 8.596483601 ], [ 76.998018848200005, 8.596507763 ], [ 76.997732039300004, 8.5968770947 ], [ 76.9977245627, 8.596886722500001 ], [ 76.997654073600003, 8.5970309234 ], [ 76.997655534399996, 8.597041859100001 ], [ 76.997695838200002, 8.597343587699999 ], [ 76.997690623799997, 8.5974547241 ], [ 76.997668989600001, 8.597915821799999 ], [ 76.997679964900001, 8.598153015 ], [ 76.997689871800006, 8.598367119200001 ], [ 76.9977197037, 8.5984615081 ], [ 76.997730984200004, 8.5984757038 ], [ 76.997731589200001, 8.598476465099999 ], [ 76.997744168699995, 8.5984922954 ], [ 76.997744168699995, 8.5984922954 ], [ 76.997751137500003, 8.5984899832 ], [ 76.997818509599995, 8.5984676296 ], [ 76.997954472200007, 8.5984225181 ], [ 76.997954472700002, 8.5984225179 ], [ 76.998041887499994, 8.5983877667 ], [ 76.998066842900002, 8.598382388899999 ], [ 76.998070373800005, 8.598381628 ], [ 76.998070373800005, 8.598381628 ], [ 76.998070376100003, 8.5983816275 ], [ 76.998301500799997, 8.5983318204 ], [ 76.998469064399998, 8.5982910088 ], [ 76.998474439500001, 8.5982896996 ], [ 76.998477945600001, 8.5982902352 ], [ 76.998484953100004, 8.5982913056 ], [ 76.998487616800006, 8.5982917124 ], [ 76.998507264099999, 8.5982874785 ], [ 76.998506590900007, 8.5982946107 ], [ 76.998510992600004, 8.598295283 ], [ 76.998496887800002, 8.598425256400001 ], [ 76.998487819700003, 8.598508817200001 ], [ 76.99848885, 8.598508899300001 ], [ 76.998856296599996, 8.5985381991 ], [ 76.998885915299994, 8.598559268 ], [ 76.998887081700005, 8.5985715424 ], [ 76.998920534199996, 8.5989235709 ], [ 76.998920534299998, 8.5989235712 ], [ 76.998925208299994, 8.598920078600001 ], [ 76.998926791299994, 8.598981567 ], [ 76.998926126399994, 8.5989824184 ], [ 76.998927679900007, 8.598998766 ], [ 76.998868016200007, 8.599119701599999 ], [ 76.998751672, 8.599276033 ], [ 76.998694191499993, 8.5993674622 ], [ 76.998683058799998, 8.5993851699 ], [ 76.998697957499999, 8.5994219978 ], [ 76.998698391900007, 8.5994230718 ], [ 76.998731396400004, 8.5994112347 ], [ 76.998865232900002, 8.5993632341 ], [ 76.999216941599997, 8.599237093199999 ], [ 76.999221538200004, 8.5992354446 ], [ 76.999223115099994, 8.599234879 ], [ 76.999229311099995, 8.5992326568 ], [ 76.999229985900001, 8.5992383729 ], [ 76.999230749, 8.599244837500001 ], [ 76.999242171500001, 8.5992512442 ], [ 76.999254428499995, 8.599258119 ], [ 76.999497508100006, 8.599181810699999 ], [ 76.999497508600001, 8.599181810499999 ], [ 76.999497509099996, 8.599181810399999 ], [ 76.999570235199997, 8.59915898 ], [ 76.9996169323, 8.598970034500001 ], [ 76.999634824799998, 8.598883113399999 ], [ 76.999657366700006, 8.5987974827 ], [ 76.999655608699996, 8.5987969873 ], [ 76.999661827699995, 8.5987805366 ], [ 76.999703712699997, 8.598621426499999 ], [ 76.999734862, 8.598583426799999 ], [ 76.999849037299995, 8.5984441421 ], [ 76.999884902800005, 8.5984054804 ], [ 76.999932137, 8.598354563699999 ], [ 76.999932799500002, 8.5983537197 ], [ 76.999983428099995, 8.5982992737 ], [ 77.0000107937, 8.5982697745 ], [ 77.000180715499994, 8.5980410415 ], [ 77.000179300100001, 8.5980397067 ], [ 77.000224161399998, 8.5979825586 ], [ 77.000227138599996, 8.597978766 ], [ 77.0002536609, 8.597972298 ], [ 77.000495388399997, 8.597913348300001 ], [ 77.000539562599997, 8.597902575599999 ], [ 77.000598726700005, 8.5978900096 ], [ 77.000635087700005, 8.597881797499999 ], [ 77.0006429739, 8.5978800164 ], [ 77.000643531, 8.597879813600001 ], [ 77.000643668400002, 8.597879859600001 ], [ 77.000644485899997, 8.597879675 ], [ 77.000646368399998, 8.5978792498 ], [ 77.000679182599995, 8.597893408599999 ], [ 77.000741491400007, 8.597928617399999 ], [ 77.000741491499994, 8.597928617399999 ], [ 77.000758819300003, 8.5979277707 ], [ 77.000759212299997, 8.5979279402 ], [ 77.000766028100003, 8.597927412300001 ], [ 77.001006558699999, 8.5979032081 ], [ 77.001088939200002, 8.5978949182 ], [ 77.001089943500006, 8.5978941327 ], [ 77.001090397599995, 8.5978947715 ], [ 77.001104214199998, 8.5978933811 ], [ 77.001127954599994, 8.5978746809 ], [ 77.001284260199995, 8.5977499425 ], [ 77.001284263800002, 8.5977499396 ], [ 77.001284265400002, 8.5977499383 ], [ 77.001330944499998, 8.5977126864 ], [ 77.001330944499998, 8.5977126864 ], [ 77.001359448200006, 8.5977065478 ], [ 77.001359448200006, 8.5977065478 ], [ 77.001388482300001, 8.597699516400001 ], [ 77.001399892500004, 8.5976904973 ], [ 77.001432401800002, 8.5976648006 ], [ 77.001437828899995, 8.597660510800001 ], [ 77.001465768100005, 8.5976384265 ], [ 77.001634264700002, 8.5976127935 ], [ 77.001647683100003, 8.5976107521 ], [ 77.0016495773, 8.597610142500001 ], [ 77.001649772600004, 8.5976104343 ], [ 77.001678621600007, 8.597605998500001 ], [ 77.001677071, 8.5976012944 ], [ 77.001764065100005, 8.5975732975 ], [ 77.001777666600006, 8.597568920200001 ], [ 77.001823318199996, 8.597558236599999 ], [ 77.001929848700001, 8.597531158800001 ], [ 77.001929848700001, 8.597531158700001 ], [ 77.001933253199994, 8.597529120600001 ], [ 77.0019475812, 8.5975142373 ], [ 77.001948185700002, 8.5975136094 ], [ 77.0020998711, 8.5973560455 ], [ 77.002153477799993, 8.5973270245 ], [ 77.00215665, 8.5973239929 ], [ 77.002206195100001, 8.597298485 ], [ 77.002341902300003, 8.5972250172 ], [ 77.002341905799994, 8.597225015299999 ], [ 77.002341911399995, 8.597225012299999 ], [ 77.002570995, 8.5971009933 ], [ 77.002615277399997, 8.5970714284 ], [ 77.002650450700003, 8.5970479451 ], [ 77.002665945, 8.5970376004 ], [ 77.002972463199995, 8.5968329549 ], [ 77.002972463299997, 8.5968329549 ], [ 77.002972463399999, 8.5968329549 ], [ 77.002995020900002, 8.596817894400001 ], [ 77.003063714700005, 8.5967980293 ], [ 77.003063714700005, 8.5967980293 ], [ 77.003068508599995, 8.596796643 ], [ 77.003308459600007, 8.596727253099999 ], [ 77.003516466500002, 8.5966671008 ], [ 77.003519531400002, 8.596665143199999 ], [ 77.003519750699994, 8.596666151100001 ], [ 77.003530280500001, 8.596663106 ], [ 77.0035387832, 8.5966606472 ], [ 77.003638501, 8.5965891557 ], [ 77.003661198299994, 8.5965728831 ], [ 77.003672941399998, 8.5965647903 ], [ 77.003683941199995, 8.5965564376 ], [ 77.003686084600005, 8.596555732500001 ], [ 77.003688658900003, 8.596553958399999 ], [ 77.003712055199998, 8.596513698 ], [ 77.003720702500004, 8.5965018205 ], [ 77.003723934600004, 8.596493256 ], [ 77.003752467400005, 8.596417648899999 ], [ 77.003770292, 8.596409629 ], [ 77.0037703677, 8.596409594900001 ], [ 77.003773325599994, 8.596408264 ], [ 77.0038676458, 8.5963658258 ], [ 77.003890921099995, 8.5963553534 ], [ 77.003952582500006, 8.596327609599999 ], [ 77.003952126800002, 8.5963266892 ], [ 77.003958959800002, 8.5963247403 ], [ 77.003986070899998, 8.5963125419 ], [ 77.004040858699994, 8.596297932800001 ], [ 77.004226491, 8.596248434 ], [ 77.004252670400007, 8.596240967 ], [ 77.004252757900005, 8.596241429899999 ], [ 77.004340735900001, 8.5962179706 ], [ 77.004340740299995, 8.5962179694 ], [ 77.004394571, 8.5962036154 ], [ 77.00439456, 8.596202531299999 ], [ 77.004395368, 8.596204123 ], [ 77.004397938, 8.596206587 ], [ 77.004398620499998, 8.5962066336 ], [ 77.0044006663, 8.5961987549 ], [ 77.004402442900002, 8.5961982482 ], [ 77.004402779100005, 8.5961986116 ], [ 77.004410750299996, 8.596207225400001 ], [ 77.004506318899999, 8.596310498099999 ], [ 77.004537493800001, 8.5963441861 ], [ 77.004537494, 8.5963441863 ], [ 77.004575345600003, 8.596384198899999 ], [ 77.004585363299995, 8.596386282499999 ], [ 77.004696026399998, 8.596409299 ], [ 77.004696038099993, 8.5964093014 ], [ 77.004696049200007, 8.5964093037 ], [ 77.0049191202, 8.5964556995 ], [ 77.004919132300003, 8.5964557019 ], [ 77.005037084700007, 8.5964802344 ], [ 77.005036868, 8.596479917 ], [ 77.005057330599996, 8.5964844453 ], [ 77.005057900400004, 8.5964845714 ], [ 77.005140437799994, 8.596578624799999 ], [ 77.005146279, 8.5965860163 ], [ 77.005261010799998, 8.5967311956 ], [ 77.005262217899997, 8.596732723100001 ], [ 77.005395868600004, 8.5967856637 ], [ 77.005424034200004, 8.5967968204 ], [ 77.005485842, 8.596820123100001 ], [ 77.005485326599995, 8.596821099 ], [ 77.005760334900003, 8.5969300329 ], [ 77.005808176299993, 8.5969482901 ], [ 77.005809551499993, 8.5969495281 ], [ 77.005816295900004, 8.5969521997 ], [ 77.005823543299996, 8.5969550705 ], [ 77.005865168, 8.596995123 ], [ 77.005937447400001, 8.5970646726 ], [ 77.005952727099995, 8.5970784289 ], [ 77.005952170900002, 8.59707884 ], [ 77.006062925099997, 8.5971854111 ], [ 77.0060629253, 8.5971854112 ], [ 77.0060733965, 8.5971927795 ], [ 77.006075854700001, 8.597192983 ], [ 77.006077014900001, 8.5971929057 ], [ 77.006076965299997, 8.5971873845 ], [ 77.0066873026, 8.5971773888 ], [ 77.0069126044, 8.597114962899999 ], [ 77.006915717599995, 8.597114100300001 ], [ 77.007027124499999, 8.5973721308 ], [ 77.007086342500003, 8.597478966600001 ], [ 77.007093305400005, 8.5974859818 ], [ 77.0070914155, 8.597488118899999 ], [ 77.007162680899995, 8.597580427800001 ], [ 77.007270869899997, 8.5977126293 ], [ 77.007307496300001, 8.5977573849 ], [ 77.0073314662, 8.597773913299999 ], [ 77.007334825900003, 8.597776010800001 ], [ 77.0073348337, 8.597776015699999 ], [ 77.007605632799994, 8.597945081100001 ], [ 77.007605632899995, 8.597945081200001 ], [ 77.007606471599999, 8.597942977300001 ], [ 77.007616334199994, 8.5979505074 ], [ 77.0076107955, 8.597944029600001 ], [ 77.007632667300001, 8.5979629779 ], [ 77.007654143899998, 8.5979793754 ], [ 77.007660807899995, 8.597973547700001 ], [ 77.007660565600005, 8.597972903 ], [ 77.007692756599994, 8.597943788 ], [ 77.0076995087, 8.5979397033 ], [ 77.0077307002, 8.597912426100001 ], [ 77.007736207700006, 8.5979089028 ], [ 77.007766099199998, 8.597889780699999 ], [ 77.007818110200006, 8.597877113899999 ], [ 77.007843870399995, 8.597870840300001 ], [ 77.007917435300001, 8.5978529243 ], [ 77.007969509399999, 8.597839086900001 ], [ 77.008039233, 8.5978301434 ], [ 77.008039233, 8.5978301434 ], [ 77.008043123899995, 8.5978263708 ], [ 77.008048711499995, 8.597820953199999 ], [ 77.008049294499997, 8.5978208112 ], [ 77.00826788, 8.59762387 ], [ 77.008275020100001, 8.5976169661 ], [ 77.008275361, 8.5976170462 ], [ 77.008315988299998, 8.597579988 ], [ 77.008315988500001, 8.5975799878 ], [ 77.008362348600002, 8.5975377005 ], [ 77.008366961600004, 8.59753244 ], [ 77.008370481, 8.5975246625 ], [ 77.008378700799994, 8.5975064976 ], [ 77.008383131, 8.597496707099999 ], [ 77.008396057, 8.5974841743 ], [ 77.008400346, 8.597477384699999 ], [ 77.008463179200007, 8.5973236284 ], [ 77.008580342, 8.5971034677 ], [ 77.008661208500001, 8.5969515112 ], [ 77.008823611099999, 8.596714759599999 ], [ 77.008915960699994, 8.596567198500001 ], [ 77.009281453200003, 8.5959851437 ], [ 77.009381002799998, 8.5958218741 ], [ 77.009398647799998, 8.5957929349 ], [ 77.009369051500002, 8.595405401900001 ], [ 77.009363041399993, 8.595337946500001 ], [ 77.008870112599993, 8.594929476 ], [ 77.008882643600003, 8.594822793400001 ], [ 77.008950711099999, 8.594181907 ], [ 77.008958412699997, 8.594073444599999 ], [ 77.008985981899997, 8.593590800199999 ], [ 77.009000492699997, 8.5933367645 ], [ 77.009000136799997, 8.5932803009 ], [ 77.009013148899996, 8.5931151985 ], [ 77.009015723900006, 8.5930701177 ], [ 77.009000497, 8.592835425800001 ], [ 77.008997324299997, 8.5928341522 ], [ 77.008997036699995, 8.592788542099999 ], [ 77.008997458500005, 8.5927885943 ], [ 77.008996991700002, 8.5927813995 ], [ 77.008996839900007, 8.59277906 ], [ 77.008996799299993, 8.5927784341 ], [ 77.008987924500005, 8.592641647200001 ], [ 77.008970831400006, 8.5925418107 ], [ 77.008958227500003, 8.592478100199999 ], [ 77.0089540277, 8.592456871 ], [ 77.008952271799998, 8.5924334088 ], [ 77.008949870600006, 8.592419384399999 ], [ 77.008901389399995, 8.5921362177 ], [ 77.008455080900006, 8.591846351299999 ], [ 77.008425934300007, 8.5918280209 ], [ 77.008419230300007, 8.5918257907 ], [ 77.008415928700003, 8.591824692399999 ], [ 77.0083596363, 8.5918103407 ], [ 77.007690745199994, 8.5916398057 ], [ 77.007648279, 8.591654722199999 ], [ 77.007638157499997, 8.5916524917 ], [ 77.007591048400002, 8.591657125499999 ], [ 77.007308637400001, 8.5917611025 ], [ 77.0068838838, 8.5919232181 ], [ 77.006670189199994, 8.5919982786 ], [ 77.006667223799994, 8.592002728300001 ], [ 77.006649781799993, 8.592003676499999 ], [ 77.006649781799993, 8.592003676499999 ], [ 77.006515864099995, 8.592201297400001 ], [ 77.006515859399997, 8.5922013043 ], [ 77.006397881300003, 8.5923866692 ], [ 77.006207445499996, 8.5924024319 ], [ 77.006071091899997, 8.5924148807 ], [ 77.006019397200006, 8.5924632309 ], [ 77.005969883099993, 8.592493646599999 ], [ 77.005876112600006, 8.5925666427 ], [ 77.005525540899995, 8.592771598300001 ], [ 77.00551861, 8.5927708562 ], [ 77.0055182479, 8.5927710786 ], [ 77.005518161099999, 8.592770808199999 ], [ 77.005243271799998, 8.592741375299999 ], [ 77.005107288700003, 8.592731085900001 ], [ 77.004893467900004, 8.5927069678 ], [ 77.004893468, 8.592706968 ], [ 77.004600031400003, 8.5926738693 ] ] ] ] } },
{ "type": "Feature", "properties": { "gml_parent": null, "gml_pare_1": "featureMembers", "gml_id": "Thiruvanathapuram_Editor.fid--715e5034_19246a0be1c_-1516", "geom": null, "District": "Thiruvanathapuram", "LSGD": "Nedumangad", "Ward_Name": "MARKET", "Ward_No": 30, "Lsgd_Type": "Municipality", "Created_Da": "2024/10/17 11:31:47.566", "Surveyor": "MJBISIRI", "Mob_No": null, "Remarks": null, "_distLsgd": "Thiruvanathapuram_Nedumangad", "OBJECTID": 439, "_result": "Thiruvanathapuram_Nedumangad", "_ulid": "01JBBD70X170A88TT77VY8PM1H", "_distLsgd2": "Thiruvanathapuram_Nedumangad" }, "geometry": { "type": "MultiPolygon", "coordinates": [ [ [ [ 76.998525155500005, 8.6022901338 ], [ 76.998573040099998, 8.602323734100001 ], [ 76.998597862799997, 8.6023313312 ], [ 76.998721590900004, 8.6023264378 ], [ 76.998799889599994, 8.6023233411 ], [ 76.998800340700001, 8.6023233232 ], [ 76.998805967300001, 8.6023231007 ], [ 76.998806173899993, 8.602323092500001 ], [ 76.998808318599998, 8.602323007700001 ], [ 76.998808332799996, 8.602323007100001 ], [ 76.998808352500006, 8.602323006400001 ], [ 76.998820881599997, 8.602338491599999 ], [ 76.998836701499997, 8.602358043900001 ], [ 76.998856083500002, 8.6023819988 ], [ 76.998855921599997, 8.602385760400001 ], [ 76.998844875399996, 8.602642424600001 ], [ 76.998844345400002, 8.6026547404 ], [ 76.998902571100004, 8.6028149027 ], [ 76.998950049200005, 8.6029413904 ], [ 76.998951545300002, 8.602945376399999 ], [ 76.998931197399997, 8.6030488457 ], [ 76.998967091300003, 8.6031611925 ], [ 76.999004461599995, 8.603273657100001 ], [ 76.999061756800003, 8.6034460852 ], [ 76.999061993599994, 8.6034467979 ], [ 76.999080601900005, 8.603502799 ], [ 76.999080680299997, 8.603503034799999 ], [ 76.999080700099995, 8.603503094500001 ], [ 76.999112551899998, 8.6035989511 ], [ 76.999115911600001, 8.603609062 ], [ 76.999117199099999, 8.603612974100001 ], [ 76.999119391899995, 8.6036455304 ], [ 76.999120440699997, 8.6036611011 ], [ 76.999120440699997, 8.6036611011 ], [ 76.999233907399997, 8.6036507345 ], [ 76.999244663, 8.603649751800001 ], [ 76.999245664699998, 8.60365203 ], [ 76.999387493900002, 8.6036669369 ], [ 76.999667127400002, 8.6035710592 ], [ 76.999666666400003, 8.6035705603 ], [ 76.999675024400005, 8.6035683515 ], [ 76.9996838717, 8.6035660135 ], [ 76.999738077399996, 8.6035516886 ], [ 76.999825773599994, 8.603530683500001 ], [ 77.000071514699997, 8.6034718232 ], [ 77.000195089, 8.603453973800001 ], [ 77.000292413300002, 8.603439916 ], [ 77.000309944199998, 8.603437383799999 ], [ 77.000311463599999, 8.603439829899999 ], [ 77.000598538899993, 8.603438533 ], [ 77.000714623, 8.603437253599999 ], [ 77.000998207899997, 8.603370998100001 ], [ 77.001156308700004, 8.6033330292 ], [ 77.001432139800002, 8.6032530984 ], [ 77.001475341499997, 8.6032405793 ], [ 77.001670235099994, 8.6032098408 ], [ 77.0016911325, 8.603208455400001 ], [ 77.0017184875, 8.6032066419 ], [ 77.001754784100001, 8.6032042357 ], [ 77.002066944500001, 8.603243868 ], [ 77.002161338099995, 8.603263069600001 ], [ 77.002396882799999, 8.6033109841 ], [ 77.002752460899998, 8.6033379494 ], [ 77.00275248, 8.603337942 ], [ 77.0027537231, 8.603337461 ], [ 77.002755503800003, 8.6033367721 ], [ 77.002913261100005, 8.6033501873 ], [ 77.0029980937, 8.603324627599999 ], [ 77.003020338200002, 8.603311635500001 ], [ 77.003056503300002, 8.6032843143 ], [ 77.003104668600002, 8.603247165599999 ], [ 77.003137257899994, 8.6032186384 ], [ 77.003156038699998, 8.603196175200001 ], [ 77.003177818, 8.6031774905 ], [ 77.003200222800004, 8.6031669428 ], [ 77.003216005200002, 8.6031576484 ], [ 77.0032274868, 8.603148736 ], [ 77.003238602699994, 8.603139564699999 ], [ 77.003248621, 8.6031297206 ], [ 77.003265669, 8.603112379700001 ], [ 77.003289968399997, 8.6030868864 ], [ 77.003289679399998, 8.603086138 ], [ 77.003288574300001, 8.6030832757 ], [ 77.003212881, 8.6028872303 ], [ 77.003235952400004, 8.6028534072 ], [ 77.003435479199993, 8.602741265300001 ], [ 77.003590918699999, 8.602704210200001 ], [ 77.003601012499999, 8.6027018039 ], [ 77.003675161199993, 8.602713187299999 ], [ 77.003692053099996, 8.6027080827 ], [ 77.003889018799995, 8.602585598599999 ], [ 77.003895584, 8.602582509599999 ], [ 77.003929843799995, 8.60256639 ], [ 77.003981741100006, 8.6025293529 ], [ 77.004007752500002, 8.6025107896 ], [ 77.004075354899996, 8.602471595700001 ], [ 77.004076843299998, 8.6024705073 ], [ 77.004099492600005, 8.602445318299999 ], [ 77.004147353899995, 8.602411161499999 ], [ 77.004192056199997, 8.602379259199999 ], [ 77.004235104200006, 8.602294499499999 ], [ 77.004238605500007, 8.602287605600001 ], [ 77.004240614, 8.602288372 ], [ 77.004348404200002, 8.602168494400001 ], [ 77.004348404300003, 8.602168494200001 ], [ 77.004474454100006, 8.602013081200001 ], [ 77.004478841099996, 8.602009322600001 ], [ 77.004551175900005, 8.6019473501 ], [ 77.0046591025, 8.6018260777 ], [ 77.004749499100001, 8.6017651076 ], [ 77.004763613600005, 8.6017555877 ], [ 77.004801124500005, 8.601730287600001 ], [ 77.004977226799994, 8.6017322761 ], [ 77.004979599699993, 8.6017323029 ], [ 77.005083767299993, 8.601793048599999 ], [ 77.005083767299993, 8.601793048599999 ], [ 77.005083767499997, 8.601793048699999 ], [ 77.005093139500005, 8.601798514 ], [ 77.005122017600002, 8.601824669899999 ], [ 77.005130962699994, 8.6018327718 ], [ 77.005133021899994, 8.6018346369 ], [ 77.005192161099998, 8.6018882013 ], [ 77.005384302, 8.601896979 ], [ 77.005419994700006, 8.601877631700001 ], [ 77.005424067, 8.601875424299999 ], [ 77.005425521700005, 8.6018780578 ], [ 77.005474453199994, 8.6018818301 ], [ 77.0055174612, 8.601826626 ], [ 77.005519701899999, 8.6018235849 ], [ 77.005519924400005, 8.601823464300001 ], [ 77.0055310491, 8.601817434100001 ], [ 77.005699749599998, 8.6016023687 ], [ 77.005766285500002, 8.601488917899999 ], [ 77.0057713506, 8.601480281500001 ], [ 77.005808564299997, 8.6014315365 ], [ 77.005800207700005, 8.6013996557 ], [ 77.005791750100002, 8.601371662 ], [ 77.005791393699994, 8.601371714200001 ], [ 77.005791413099999, 8.6013705464 ], [ 77.005793627100005, 8.6012370886 ], [ 77.005665578199995, 8.601065952300001 ], [ 77.005571165899994, 8.6010460632 ], [ 77.005565752099997, 8.6010449227 ], [ 77.005502124399996, 8.6009943241 ], [ 77.0054921312, 8.600986835200001 ], [ 77.005412224699995, 8.601017472400001 ], [ 77.005361472700002, 8.601039120299999 ], [ 77.005213312199999, 8.601076713599999 ], [ 77.005116089599994, 8.601008500600001 ], [ 77.005106242699995, 8.600974646899999 ], [ 77.005102228599995, 8.600911845300001 ], [ 77.005100892300007, 8.600896796400001 ], [ 77.005101242500004, 8.6008964174 ], [ 77.005206806399997, 8.6007821914 ], [ 77.005217769, 8.6007232322 ], [ 77.005218206600006, 8.600720878600001 ], [ 77.005231607900001, 8.600710086299999 ], [ 77.005246957599994, 8.600695505199999 ], [ 77.005237269600002, 8.6006183545 ], [ 77.005237476100007, 8.6006172437 ], [ 77.005245307, 8.600575127500001 ], [ 77.005192707500001, 8.600263484399999 ], [ 77.005191202099994, 8.6002545652 ], [ 77.005191279900004, 8.600252116 ], [ 77.005193905, 8.600169492699999 ], [ 77.005194297100005, 8.600157150899999 ], [ 77.0051952707, 8.6001575011 ], [ 77.005208964100007, 8.600037264599999 ], [ 77.005215388699995, 8.5999802703 ], [ 77.005215463100001, 8.599980199499999 ], [ 77.005284281599998, 8.5999148206 ], [ 77.005287535600004, 8.5999117293 ], [ 77.005346510600006, 8.5998842468 ], [ 77.005347985599997, 8.599883522100001 ], [ 77.005355362700001, 8.599880991299999 ], [ 77.005420283399999, 8.599857115500001 ], [ 77.005430727399997, 8.5998551362 ], [ 77.0056044496, 8.599822212399999 ], [ 77.005918197200003, 8.599696058 ], [ 77.006004259400001, 8.599624737399999 ], [ 77.006011052299996, 8.599619108100001 ], [ 77.006060972599997, 8.599600452100001 ], [ 77.006084172399994, 8.5995626105 ], [ 77.006088125199994, 8.599555237 ], [ 77.006108837300005, 8.5995380727 ], [ 77.006163408399999, 8.599414806 ], [ 77.006168457100003, 8.599403402 ], [ 77.006169044900005, 8.599404291900001 ], [ 77.006251603699994, 8.5992502892 ], [ 77.006315967700004, 8.599109220900001 ], [ 77.006315967700004, 8.599109220900001 ], [ 77.006315368299994, 8.599108920600001 ], [ 77.006322172300003, 8.599095622 ], [ 77.006340011600003, 8.5990607546 ], [ 77.006419913200006, 8.59893567 ], [ 77.006484856200004, 8.5988340029 ], [ 77.006596164399994, 8.5986326176 ], [ 77.006608575300007, 8.5986211076 ], [ 77.006621001100001, 8.5986095837 ], [ 77.006698589300001, 8.5985572787 ], [ 77.006765453599996, 8.5985098651 ], [ 77.006800881199993, 8.5984847434 ], [ 77.006806743300004, 8.598483333700001 ], [ 77.006869146599996, 8.598468326600001 ], [ 77.006896159099995, 8.5984618305 ], [ 77.006900067199993, 8.5984608906 ], [ 77.006900638299996, 8.5984628262 ], [ 77.007020144500004, 8.598489392899999 ], [ 77.007020145, 8.598489393 ], [ 77.007077088399996, 8.5985015133 ], [ 77.007088680799995, 8.598499175800001 ], [ 77.007090280100002, 8.598497761 ], [ 77.007091378799998, 8.5984967891 ], [ 77.007098148200001, 8.598497567600001 ], [ 77.007251334299994, 8.5984938021 ], [ 77.007452434699999, 8.598408474399999 ], [ 77.007499525100002, 8.598367209399999 ], [ 77.007560771300007, 8.5983390916 ], [ 77.007567946500004, 8.5983072522 ], [ 77.007606950500005, 8.5982730732 ], [ 77.007637682500004, 8.598121863499999 ], [ 77.007659635799996, 8.5979863417 ], [ 77.007652875299996, 8.597980484800001 ], [ 77.007651370100007, 8.597979180799999 ], [ 77.007650685399994, 8.5979785876 ], [ 77.007640742299998, 8.5979699736 ], [ 77.007632667300001, 8.5979629779 ], [ 77.0076107955, 8.597944029600001 ], [ 77.007616334199994, 8.5979505074 ], [ 77.007618635599997, 8.597953199 ], [ 77.007605632799994, 8.597945081100001 ], [ 77.0073348337, 8.597776015699999 ], [ 77.007334825900003, 8.597776010800001 ], [ 77.0073314662, 8.597773913299999 ], [ 77.007310112300004, 8.597760581599999 ], [ 77.007307496300001, 8.5977573849 ], [ 77.007270869899997, 8.5977126293 ], [ 77.007162680899995, 8.597580427800001 ], [ 77.007104392499997, 8.597509202199999 ], [ 77.007103451800006, 8.5975098337 ], [ 77.0070914155, 8.597488118899999 ], [ 77.007086380499999, 8.597479035199999 ], [ 77.007086342500003, 8.597478966600001 ], [ 77.007027124499999, 8.5973721308 ], [ 77.007018854500004, 8.5973572108 ], [ 77.0069126044, 8.597114962899999 ], [ 77.0066873026, 8.5971773888 ], [ 77.006076965299997, 8.5971873845 ], [ 77.006077014900001, 8.5971929057 ], [ 77.006077016500001, 8.5971930792 ], [ 77.006075854700001, 8.597192983 ], [ 77.0060733965, 8.5971927795 ], [ 77.006070317799995, 8.5971925246 ], [ 77.006062925099997, 8.5971854111 ], [ 77.005952170900002, 8.59707884 ], [ 77.005937447400001, 8.5970646726 ], [ 77.005865168, 8.596995123 ], [ 77.005823543299996, 8.5969550705 ], [ 77.005816295900004, 8.5969521997 ], [ 77.005809551499993, 8.5969495281 ], [ 77.005760334900003, 8.5969300329 ], [ 77.005485326599995, 8.596821099 ], [ 77.005424034200004, 8.5967968204 ], [ 77.005395868600004, 8.5967856637 ], [ 77.005262217899997, 8.596732723100001 ], [ 77.005260480700002, 8.596732035 ], [ 77.005261010799998, 8.5967311956 ], [ 77.005146279, 8.5965860163 ], [ 77.005057330599996, 8.5964844453 ], [ 77.00505733, 8.5964844452 ], [ 77.005037084700007, 8.5964802344 ], [ 77.004919132300003, 8.5964557019 ], [ 77.0049191202, 8.5964556995 ], [ 77.004696049200007, 8.5964093037 ], [ 77.004696038099993, 8.5964093014 ], [ 77.004696026399998, 8.596409299 ], [ 77.004585363299995, 8.596386282499999 ], [ 77.004575345600003, 8.596384198899999 ], [ 77.0045743254, 8.596383986699999 ], [ 77.004537493800001, 8.5963441861 ], [ 77.004506318899999, 8.596310498099999 ], [ 77.004410750299996, 8.596207225400001 ], [ 77.004402779100005, 8.5961986116 ], [ 77.004402442900002, 8.5961982482 ], [ 77.0044006663, 8.5961987549 ], [ 77.004398620499998, 8.5962066336 ], [ 77.004398494200004, 8.596207120300001 ], [ 77.004397938, 8.596206587 ], [ 77.004395368, 8.596204123 ], [ 77.004394780400006, 8.596203559599999 ], [ 77.004394571, 8.5962036154 ], [ 77.004340735900001, 8.5962179706 ], [ 77.004252757900005, 8.596241429899999 ], [ 77.004226491, 8.596248434 ], [ 77.004040858699994, 8.596297932800001 ], [ 77.003986070899998, 8.5963125419 ], [ 77.003958959800002, 8.5963247403 ], [ 77.003952582500006, 8.596327609599999 ], [ 77.003890921099995, 8.5963553534 ], [ 77.0038676458, 8.5963658258 ], [ 77.003773325599994, 8.596408264 ], [ 77.0037703677, 8.596409594900001 ], [ 77.003770292, 8.596409629 ], [ 77.003752467400005, 8.596417648899999 ], [ 77.003723934600004, 8.596493256 ], [ 77.003720702500004, 8.5965018205 ], [ 77.003712055199998, 8.596513698 ], [ 77.003688658900003, 8.596553958399999 ], [ 77.003686084600005, 8.596555732500001 ], [ 77.003672941399998, 8.5965647903 ], [ 77.003661198299994, 8.5965728831 ], [ 77.003638501, 8.5965891557 ], [ 77.0035387832, 8.5966606472 ], [ 77.003530280500001, 8.596663106 ], [ 77.003519750699994, 8.596666151100001 ], [ 77.003516466500002, 8.5966671008 ], [ 77.003308459600007, 8.596727253099999 ], [ 77.003068508599995, 8.596796643 ], [ 77.003063714700005, 8.5967980293 ], [ 77.002995020900002, 8.596817894400001 ], [ 77.002972463399999, 8.5968329549 ], [ 77.002972463199995, 8.5968329549 ], [ 77.002665945, 8.5970376004 ], [ 77.002650450700003, 8.5970479451 ], [ 77.002615277399997, 8.5970714284 ], [ 77.002570995, 8.5971009933 ], [ 77.002341911399995, 8.597225012299999 ], [ 77.002341902300003, 8.5972250172 ], [ 77.002206195100001, 8.597298485 ], [ 77.002195269, 8.5973044 ], [ 77.002153477799993, 8.5973270245 ], [ 77.0020998711, 8.5973560455 ], [ 77.001948185700002, 8.5975136094 ], [ 77.0019475812, 8.5975142373 ], [ 77.001933253199994, 8.597529120600001 ], [ 77.001931758300003, 8.5975306734 ], [ 77.001929848700001, 8.597531158800001 ], [ 77.001823318199996, 8.597558236599999 ], [ 77.001764065100005, 8.5975732975 ], [ 77.001677071, 8.5976012944 ], [ 77.001678621600007, 8.597605998500001 ], [ 77.001678636299999, 8.597606043300001 ], [ 77.001649772600004, 8.5976104343 ], [ 77.001647683100003, 8.5976107521 ], [ 77.001634264700002, 8.5976127935 ], [ 77.001465768100005, 8.5976384265 ], [ 77.001437828899995, 8.597660510800001 ], [ 77.001432401800002, 8.5976648006 ], [ 77.001399892500004, 8.5976904973 ], [ 77.001388482300001, 8.597699516400001 ], [ 77.001387128299996, 8.5977005866 ], [ 77.001359448200006, 8.5977065478 ], [ 77.001330944499998, 8.5977126864 ], [ 77.001330944499998, 8.5977126864 ], [ 77.001284260199995, 8.5977499425 ], [ 77.001127954599994, 8.5978746809 ], [ 77.001104566400002, 8.597893345699999 ], [ 77.001104214199998, 8.5978933811 ], [ 77.001090397599995, 8.5978947715 ], [ 77.001088939200002, 8.5978949182 ], [ 77.001006558699999, 8.5979032081 ], [ 77.000766028100003, 8.597927412300001 ], [ 77.000759212299997, 8.5979279402 ], [ 77.000742573599993, 8.5979292289 ], [ 77.000741491400007, 8.597928617399999 ], [ 77.000679182599995, 8.597893408599999 ], [ 77.000646368399998, 8.5978792498 ], [ 77.000644485899997, 8.597879675 ], [ 77.000643668400002, 8.597879859600001 ], [ 77.0006429739, 8.5978800164 ], [ 77.000635087700005, 8.597881797499999 ], [ 77.000598726700005, 8.5978900096 ], [ 77.000495388399997, 8.597913348300001 ], [ 77.0002536609, 8.597972298 ], [ 77.000224161399998, 8.5979825586 ], [ 77.000224161399998, 8.5979825586 ], [ 77.000180715499994, 8.5980410415 ], [ 77.0000107937, 8.5982697745 ], [ 76.999983428099995, 8.5982992737 ], [ 76.999932137, 8.598354563699999 ], [ 76.999884902800005, 8.5984054804 ], [ 76.999849037299995, 8.5984441421 ], [ 76.999734862, 8.598583426799999 ], [ 76.999703712699997, 8.598621426499999 ], [ 76.999661827699995, 8.5987805366 ], [ 76.999657366700006, 8.5987974827 ], [ 76.999634824799998, 8.598883113399999 ], [ 76.9996169323, 8.598970034500001 ], [ 76.999579483600002, 8.5991519597 ], [ 76.999578577500003, 8.5991563611 ], [ 76.999570235199997, 8.59915898 ], [ 76.999497509099996, 8.599181810399999 ], [ 76.999497509099996, 8.599181810399999 ], [ 76.999497508100006, 8.599181810699999 ], [ 76.999254428499995, 8.599258119 ], [ 76.999246494700003, 8.5992606096 ], [ 76.999234947800005, 8.5992642344 ], [ 76.999234734200002, 8.599264803500001 ], [ 76.999233458399999, 8.599268204099999 ], [ 76.999166334500003, 8.5994471125 ], [ 76.998993309900001, 8.5996594869 ], [ 76.9987874702, 8.5999131563 ], [ 76.9985816306, 8.600045890100001 ], [ 76.998348942299998, 8.6001638758 ], [ 76.998041929899998, 8.600311319299999 ], [ 76.998023192900007, 8.600338282899999 ], [ 76.997940253500005, 8.600497171 ], [ 76.997940246200002, 8.600497185 ], [ 76.997935990900004, 8.600500754900001 ], [ 76.997874361300006, 8.600552458699999 ], [ 76.997872507699995, 8.6005551261 ], [ 76.997801922099995, 8.6006567021 ], [ 76.997800060800003, 8.6006593805 ], [ 76.997807519099993, 8.600673924400001 ], [ 76.997830312600001, 8.600718372699999 ], [ 76.997875159299994, 8.6008058258 ], [ 76.997879994900003, 8.600815255400001 ], [ 76.998065313699996, 8.6010239264 ], [ 76.998086745799995, 8.6010480592 ], [ 76.9980877574, 8.6010490864 ], [ 76.998125038799998, 8.6010869448 ], [ 76.998125169, 8.601087077 ], [ 76.998125203499995, 8.6010871121 ], [ 76.998131196200006, 8.6010942611 ], [ 76.998150977700007, 8.6011178595 ], [ 76.998163870400006, 8.601133239899999 ], [ 76.998170268, 8.6011408719 ], [ 76.998170268099997, 8.601140872 ], [ 76.998250633300003, 8.601236743899999 ], [ 76.998250822700001, 8.6012369698 ], [ 76.998250959800004, 8.6012371333 ], [ 76.998275757100004, 8.6012667153 ], [ 76.998283395300007, 8.6012758273 ], [ 76.998304499300005, 8.6013010034 ], [ 76.998357285599994, 8.6013639749 ], [ 76.998399656399997, 8.601414521200001 ], [ 76.998399799, 8.6014151572 ], [ 76.998400211800003, 8.601416998 ], [ 76.998400211800003, 8.601416998 ], [ 76.998439466799994, 8.601592054599999 ], [ 76.998443785700005, 8.601611314499999 ], [ 76.998448093899995, 8.601630527099999 ], [ 76.998483845500004, 8.6017899603 ], [ 76.998487675500002, 8.60180704 ], [ 76.998488058800007, 8.6018087496 ], [ 76.998488669500006, 8.6018114728 ], [ 76.998539710700001, 8.6020390897 ], [ 76.998545716699994, 8.602065873300001 ], [ 76.998545805099994, 8.6020662673 ], [ 76.998545832399998, 8.602066389 ], [ 76.998545618, 8.6020666337 ], [ 76.998541336200006, 8.602071518600001 ], [ 76.998505150900002, 8.602112801200001 ], [ 76.998469041600003, 8.6021585033 ], [ 76.998472097100006, 8.602160748099999 ], [ 76.998470074500005, 8.6021633546 ], [ 76.998470074500005, 8.6021633546 ], [ 76.998497687300002, 8.602270859500001 ], [ 76.9985098067, 8.602279363499999 ], [ 76.998525155500005, 8.6022901338 ] ] ] ] } },
{ "type": "Feature", "properties": { "gml_parent": null, "gml_pare_1": "featureMembers", "gml_id": "Thiruvanathapuram_Editor.fid--715e5034_19246a0be1c_1848", "geom": null, "District": "Thiruvanathapuram", "LSGD": "Nedumangad", "Ward_Name": "PARANDODE", "Ward_No": 26, "Lsgd_Type": "Municipality", "Created_Da": "2024/10/18 10:23:10.927", "Surveyor": "Jeevan", "Mob_No": null, "Remarks": null, "_distLsgd": "Thiruvanathapuram_Nedumangad", "OBJECTID": 439, "_result": "Thiruvanathapuram_Nedumangad", "_ulid": "01JBBD70X170A88TT77VY8PM1H", "_distLsgd2": "Thiruvanathapuram_Nedumangad" }, "geometry": { "type": "MultiPolygon", "coordinates": [ [ [ [ 77.017979716799999, 8.598362460500001 ], [ 77.0179774896, 8.598362032800001 ], [ 77.017975041499994, 8.5983615486 ], [ 77.017971029400002, 8.5983607163 ], [ 77.017966127799994, 8.5983595806 ], [ 77.017961772800007, 8.598358667699999 ], [ 77.017956851500003, 8.5983575738 ], [ 77.017951527299999, 8.5983564151 ], [ 77.017942248300002, 8.5983543217 ], [ 77.017937590800003, 8.5983533061 ], [ 77.017929394500001, 8.5983514573 ], [ 77.0179286937, 8.5983513142 ], [ 77.017468515900006, 8.5982573797 ], [ 77.0174629614, 8.598257241600001 ], [ 77.016659289499998, 8.5982372694 ], [ 77.016103104099997, 8.5982638623 ], [ 77.015479756700003, 8.598671621599999 ], [ 77.015440427900003, 8.5986833705 ], [ 77.015380996600001, 8.5987011246 ], [ 77.015353941599997, 8.598718246100001 ], [ 77.014865860499995, 8.5989666187 ], [ 77.014828436900004, 8.598990195800001 ], [ 77.014680222500004, 8.5990835717 ], [ 77.0146774448, 8.5990859782 ], [ 77.014512488799994, 8.599228887 ], [ 77.014298621, 8.5995062008 ], [ 77.014262765799998, 8.599561576499999 ], [ 77.014209093100007, 8.600060641900001 ], [ 77.0139563579, 8.6003426251 ], [ 77.013840709, 8.6004208458 ], [ 77.013837529100002, 8.6004247894 ], [ 77.013827181500005, 8.600437622099999 ], [ 77.013723318499999, 8.600512223899999 ], [ 77.013564523, 8.600626282 ], [ 77.013558548199995, 8.6006305735 ], [ 77.013523352, 8.6006322896 ], [ 77.013351010899996, 8.600640692500001 ], [ 77.013199556100005, 8.600648077100001 ], [ 77.013093560100003, 8.600590135199999 ], [ 77.012966979699996, 8.600520941099999 ], [ 77.012966943600006, 8.600520921399999 ], [ 77.012859929100003, 8.6004624227 ], [ 77.012858995200006, 8.600462054699999 ], [ 77.012743605500006, 8.600416581899999 ], [ 77.012670433, 8.600387746099999 ], [ 77.012656773499998, 8.6003850699 ], [ 77.012456861399997, 8.600345902100001 ], [ 77.012148052599997, 8.600530297800001 ], [ 77.011747533800005, 8.6007910357 ], [ 77.011635026600004, 8.6007962459 ], [ 77.011608774099997, 8.600797461699999 ], [ 77.011433519899995, 8.600805577699999 ], [ 77.010598971099995, 8.6005929834 ], [ 77.010590535199995, 8.6005871781 ], [ 77.010590099799998, 8.6005883399 ], [ 77.010586053400004, 8.6005991366 ], [ 77.010576574699996, 8.600624428 ], [ 77.010574344099993, 8.6006379305 ], [ 77.010512763, 8.6010106981 ], [ 77.010512763, 8.6010106981 ], [ 77.010512552099996, 8.6010119748 ], [ 77.010068719499998, 8.6018963854 ], [ 77.010066072499995, 8.60190166 ], [ 77.009985888900005, 8.601998885900001 ], [ 77.009636075, 8.6024230491 ], [ 77.009608868800001, 8.6024384753 ], [ 77.009607529099995, 8.602439235 ], [ 77.009107598499995, 8.602722701 ], [ 77.008830337, 8.602927645299999 ], [ 77.008825020499998, 8.602931660599999 ], [ 77.008824399399998, 8.6029320343 ], [ 77.008203663200007, 8.6033908647 ], [ 77.007714840800006, 8.603890997700001 ], [ 77.007400168299995, 8.6043338274 ], [ 77.007325378600001, 8.6047455631 ], [ 77.007322711499995, 8.604769896100001 ], [ 77.007308689699997, 8.604837439700001 ], [ 77.007307287800003, 8.6048451574 ], [ 77.006897695199996, 8.6051043797 ], [ 77.006916783299999, 8.6051712358 ], [ 77.006919918600005, 8.605182216899999 ], [ 77.006925041100004, 8.6052069316 ], [ 77.006984197099996, 8.6054923427 ], [ 77.006984197199998, 8.6054923428 ], [ 77.006984197899996, 8.6054923467 ], [ 77.007025672799998, 8.605692450699999 ], [ 77.007037198600003, 8.605691755100001 ], [ 77.00703876, 8.605698504299999 ], [ 77.007177204900003, 8.605732788 ], [ 77.007176941099999, 8.605735319 ], [ 77.007362659400002, 8.6057823462 ], [ 77.007362659500004, 8.6057823462 ], [ 77.007497721700005, 8.6057170447 ], [ 77.007556411500005, 8.605686647300001 ], [ 77.007633327299999, 8.6056468101 ], [ 77.007729574400003, 8.6055969605 ], [ 77.007771247500003, 8.605593831 ], [ 77.007781561300007, 8.605589375099999 ], [ 77.007784667300001, 8.6055928232 ], [ 77.007797891500005, 8.6055918301 ], [ 77.007919287299998, 8.605740061200001 ], [ 77.007931712399994, 8.6057560654 ], [ 77.00796399, 8.6057918985 ], [ 77.008087550400006, 8.6059557934 ], [ 77.008087361299999, 8.6059565497 ], [ 77.008096691899993, 8.605968568 ], [ 77.0080664563, 8.606040157900001 ], [ 77.008049452899996, 8.6061081618 ], [ 77.008030484299994, 8.6061728688 ], [ 77.007963853700005, 8.6064222365 ], [ 77.007961225700001, 8.606436353399999 ], [ 77.008025712199995, 8.606596956500001 ], [ 77.008116791700004, 8.6068237893 ], [ 77.008124854499997, 8.606839902200001 ], [ 77.008129720699998, 8.606852545800001 ], [ 77.008226453399999, 8.607043991799999 ], [ 77.008309939699998, 8.607304067599999 ], [ 77.008432027, 8.6072031281 ], [ 77.008432759300007, 8.6072025226 ], [ 77.008449765500004, 8.607202280899999 ], [ 77.008790493600003, 8.607186008799999 ], [ 77.008790502599993, 8.607186008199999 ], [ 77.008790507, 8.607186008199999 ], [ 77.009174918100001, 8.607167649499999 ], [ 77.0092882995, 8.6071128282 ], [ 77.009304808400003, 8.6071048459 ], [ 77.009307833199998, 8.6071033833 ], [ 77.009309412500002, 8.6071032706 ], [ 77.009319664399996, 8.6070982902 ], [ 77.009329224799998, 8.607093040200001 ], [ 77.009463721, 8.6070280094 ], [ 77.009468187600007, 8.606975288299999 ], [ 77.009481151700001, 8.6066657572 ], [ 77.0095199318, 8.606604671 ], [ 77.009520374100006, 8.6066037299 ], [ 77.009520508199998, 8.606603763100001 ], [ 77.009529603199994, 8.6065894367 ], [ 77.009550236099997, 8.606554470600001 ], [ 77.009556585799999, 8.6065437101 ], [ 77.009546474199993, 8.606527014699999 ], [ 77.009508378199996, 8.6064641138 ], [ 77.009506623199997, 8.6064569269 ], [ 77.009485972199997, 8.6063723593 ], [ 77.009441762600005, 8.606354123599999 ], [ 77.009438206, 8.6063526565 ], [ 77.009433836, 8.6063410358 ], [ 77.009397126300001, 8.6062434166 ], [ 77.009389896299993, 8.606224190500001 ], [ 77.009377493399995, 8.606181602 ], [ 77.009376445499996, 8.6061783025 ], [ 77.009376531599997, 8.6061782994 ], [ 77.009352901599996, 8.606097159400001 ], [ 77.009349376100005, 8.606085885700001 ], [ 77.009347188899994, 8.606086187100001 ], [ 77.009309836499995, 8.6060913338 ], [ 77.009295096399995, 8.606093741800001 ], [ 77.009295069800004, 8.6060933685 ], [ 77.009117709500003, 8.6061178067 ], [ 77.009117642, 8.606118325600001 ], [ 77.009117342899998, 8.606117857199999 ], [ 77.009114096600001, 8.606118304500001 ], [ 77.009020232300003, 8.6059657754 ], [ 77.009018786799999, 8.605963426400001 ], [ 77.009008340600005, 8.605950846100001 ], [ 77.008931235700004, 8.605881055799999 ], [ 77.008930981800006, 8.605881155700001 ], [ 77.008923310699998, 8.605873882599999 ], [ 77.008917027, 8.605868195099999 ], [ 77.0088976702, 8.605828263799999 ], [ 77.008892580600005, 8.6058192085 ], [ 77.008862202700001, 8.605755097399999 ], [ 77.008830843, 8.605690405100001 ], [ 77.00880918, 8.605648176100001 ], [ 77.008799702700003, 8.6056261655 ], [ 77.008788924900003, 8.605603931699999 ], [ 77.008788831499999, 8.6056037278 ], [ 77.008754017100003, 8.6055276807 ], [ 77.008752294100006, 8.605523917099999 ], [ 77.0087525701, 8.605523809599999 ], [ 77.008750653700005, 8.605520334 ], [ 77.008751353400001, 8.605520092500001 ], [ 77.008753896499996, 8.605523293 ], [ 77.008845793199995, 8.6054874969 ], [ 77.009027256699994, 8.6054168121 ], [ 77.0090354644, 8.6054125257 ], [ 77.009055722300005, 8.605405724 ], [ 77.009407391899998, 8.605287649499999 ], [ 77.009527789100005, 8.6054228869 ], [ 77.009528143, 8.6054230473 ], [ 77.009528366799998, 8.6054231487 ], [ 77.009528296499994, 8.605423228799999 ], [ 77.009552174299998, 8.6054514625 ], [ 77.009797751299999, 8.6055464632 ], [ 77.009798384099994, 8.605545495399999 ], [ 77.009816685, 8.6055537877 ], [ 77.009885649699996, 8.605585036 ], [ 77.009898929599998, 8.6055910532 ], [ 77.009904965100006, 8.6055950483 ], [ 77.010099647100006, 8.6057239137 ], [ 77.010315763400001, 8.6058142974 ], [ 77.01033534, 8.605822484600001 ], [ 77.010369955200005, 8.6058369613 ], [ 77.010819521, 8.606047997299999 ], [ 77.010942328100001, 8.6058742333 ], [ 77.010959614599997, 8.605849774 ], [ 77.010961672600004, 8.605848805400001 ], [ 77.011040673, 8.6058116275 ], [ 77.011106051499993, 8.605780860099999 ], [ 77.011170044300002, 8.6057507447 ], [ 77.011178664300004, 8.605740018200001 ], [ 77.011182769399994, 8.60573491 ], [ 77.011332191099996, 8.6055489738 ], [ 77.011340814600004, 8.605538243 ], [ 77.011381623399998, 8.605487461599999 ], [ 77.011385563499999, 8.605476255599999 ], [ 77.011458932300002, 8.6052675859 ], [ 77.011485702300007, 8.605191448799999 ], [ 77.011487724199995, 8.6051906577 ], [ 77.011754371699993, 8.6050863201 ], [ 77.011800280900005, 8.605068356 ], [ 77.011801435199999, 8.605068467 ], [ 77.011813633900005, 8.6050696392 ], [ 77.011814358199999, 8.6050697088 ], [ 77.0124166465, 8.6051275866 ], [ 77.012635375100004, 8.6052917169 ], [ 77.012672197699999, 8.605319348 ], [ 77.012761115900005, 8.605385309800001 ], [ 77.012757624599999, 8.6054325563 ], [ 77.012756736300005, 8.6054445779 ], [ 77.012759248799995, 8.605446433099999 ], [ 77.012958505300006, 8.605593558900001 ], [ 77.012967915100006, 8.6056005068 ], [ 77.013047062699997, 8.605607162 ], [ 77.013085242599999, 8.605610372399999 ], [ 77.013099224300007, 8.605611548 ], [ 77.013444232799998, 8.605441534 ], [ 77.013480890899999, 8.6054234695 ], [ 77.013490707200006, 8.605418632199999 ], [ 77.013747349200003, 8.6052921633 ], [ 77.013842166299995, 8.605245438900001 ], [ 77.014143788, 8.6050961719 ], [ 77.014284330300001, 8.6050266201 ], [ 77.014444764, 8.6049472242 ], [ 77.014692829500007, 8.604906398900001 ], [ 77.014957821899998, 8.605007411200001 ], [ 77.015042457899995, 8.6050396734 ], [ 77.015041342299995, 8.6050420361 ], [ 77.014935552699995, 8.6052660775 ], [ 77.014923451800001, 8.605291704600001 ], [ 77.014850143900006, 8.605446956 ], [ 77.0148038711, 8.605544952600001 ], [ 77.014768819899999, 8.6056191838 ], [ 77.014740689600004, 8.6056787582 ], [ 77.014738196500005, 8.605693494100001 ], [ 77.014737322399995, 8.6056986607 ], [ 77.014725461200001, 8.605768769899999 ], [ 77.014730794599998, 8.6057793395 ], [ 77.014744531199995, 8.6058065627 ], [ 77.014803112300001, 8.605922657900001 ], [ 77.014806162100001, 8.605928702 ], [ 77.014810097600005, 8.6059365012 ], [ 77.0148101029, 8.6059365117 ], [ 77.014809910799997, 8.6059370329 ], [ 77.014786747299993, 8.605999884299999 ], [ 77.014780691200002, 8.6060163167 ], [ 77.014764856400006, 8.6060592823 ], [ 77.0148333896, 8.606195100400001 ], [ 77.0148491036, 8.6062262423 ], [ 77.014849498100006, 8.606227024 ], [ 77.014966362199999, 8.606178036599999 ], [ 77.015001704300005, 8.606163221799999 ], [ 77.015071098199996, 8.606134133 ], [ 77.015362515299998, 8.6060157773 ], [ 77.015467101599995, 8.6059056059 ], [ 77.015476394399997, 8.6058958168 ], [ 77.015518436, 8.6058824988 ], [ 77.015820486799996, 8.6057868142 ], [ 77.015824768599998, 8.6057854578 ], [ 77.015842683700001, 8.605782834 ], [ 77.016004446, 8.6057591431 ], [ 77.016060400100002, 8.605750948300001 ], [ 77.016101043700004, 8.6057449958 ], [ 77.016397757899995, 8.605854286 ], [ 77.016396713600002, 8.605836588700001 ], [ 77.016395817800003, 8.605821408900001 ], [ 77.016392891, 8.6057718115 ], [ 77.016382931899997, 8.6057325131 ], [ 77.016388908699994, 8.605578168099999 ], [ 77.016436027799998, 8.605477127 ], [ 77.016440429499994, 8.605460992399999 ], [ 77.016445538200003, 8.605456733 ], [ 77.016456909400006, 8.605432348800001 ], [ 77.016626700100005, 8.6053021082 ], [ 77.016767249200001, 8.6052386607 ], [ 77.016795332599997, 8.605223838 ], [ 77.016796086100001, 8.605225643 ], [ 77.016857322700005, 8.6051979991 ], [ 77.017064820200005, 8.6051043294 ], [ 77.017089330499999, 8.6050929181 ], [ 77.0171807527, 8.6050256024 ], [ 77.017219187600006, 8.6050017936 ], [ 77.017227584699995, 8.604995901100001 ], [ 77.01739114, 8.604881129400001 ], [ 77.017376130599999, 8.6048576984 ], [ 77.017349257399999, 8.6048058899 ], [ 77.017176567800007, 8.6045148387 ], [ 77.017094493399995, 8.6039724856 ], [ 77.017093217400003, 8.603972801799999 ], [ 77.017086690100001, 8.6039209204 ], [ 77.017034611400007, 8.603576779300001 ], [ 77.016962061599997, 8.6029141724 ], [ 77.0169630754, 8.6028770078 ], [ 77.016961648600002, 8.6028642333 ], [ 77.016963438199994, 8.602863707399999 ], [ 77.016966654200004, 8.6027458081 ], [ 77.016966752200005, 8.602742213799999 ], [ 77.0169692228, 8.6026516433 ], [ 77.017038773899998, 8.602460365400001 ], [ 77.016858048900005, 8.602203554 ], [ 77.017010587200005, 8.601415444900001 ], [ 77.017088343500006, 8.6013576483 ], [ 77.017089093699994, 8.6013547833 ], [ 77.017364810900006, 8.601149962899999 ], [ 77.0176776598, 8.600838629 ], [ 77.018200433, 8.600638267 ], [ 77.018336442399999, 8.6006016579 ], [ 77.018339953700007, 8.600600355599999 ], [ 77.018340091, 8.600600675800001 ], [ 77.018514104700003, 8.6005538371 ], [ 77.018517518799996, 8.6005527475 ], [ 77.018662317099995, 8.600318441200001 ], [ 77.018662317099995, 8.600318441200001 ], [ 77.018666799800002, 8.6002916141 ], [ 77.0186702779, 8.600265155200001 ], [ 77.0186750819, 8.6002286104 ], [ 77.018698525900007, 8.6000502669 ], [ 77.018774833899997, 8.5997588203 ], [ 77.018709172, 8.599558675100001 ], [ 77.018644264100004, 8.599347391 ], [ 77.018505817, 8.598928217399999 ], [ 77.018475497899999, 8.5988454236 ], [ 77.018220132099998, 8.5985920643 ], [ 77.018109169699997, 8.5984290765 ], [ 77.018091272099994, 8.598410358100001 ], [ 77.018085640500004, 8.5984044683 ], [ 77.018060711900006, 8.598378398199999 ], [ 77.018060704600003, 8.598378388900001 ], [ 77.018060692099994, 8.5983783839 ], [ 77.018060688700004, 8.598378372199999 ], [ 77.018060588699996, 8.598378352099999 ], [ 77.0180605149, 8.598378347200001 ], [ 77.018060309399999, 8.5983782996 ], [ 77.018060213699997, 8.5983782741 ], [ 77.018060086299997, 8.5983782493 ], [ 77.018029717199994, 8.5983724518 ], [ 77.018017901600004, 8.5983699019 ], [ 77.018008483399996, 8.5983687849 ], [ 77.017986712099997, 8.5983638298 ], [ 77.017979716799999, 8.598362460500001 ] ] ] ] } },
{ "type": "Feature", "properties": { "gml_parent": null, "gml_pare_1": "featureMembers", "gml_id": "Thiruvanathapuram_Editor.fid--715e5034_19246a0be1c_-1a65", "geom": null, "District": "Thiruvanathapuram", "LSGD": "Nedumangad", "Ward_Name": "VALIYAMALA", "Ward_No": 21, "Lsgd_Type": "Municipality", "Created_Da": "2024/10/17 10:32:40.270", "Surveyor": "satheesh", "Mob_No": null, "Remarks": null, "_distLsgd": "Thiruvanathapuram_Nedumangad", "OBJECTID": 439, "_result": "Thiruvanathapuram_Nedumangad", "_ulid": "01JBBD70X170A88TT77VY8PM1H", "_distLsgd2": "Thiruvanathapuram_Nedumangad" }, "geometry": { "type": "MultiPolygon", "coordinates": [ [ [ [ 77.031448906199998, 8.6315643777 ], [ 77.031591121, 8.6315211207 ], [ 77.031617482399994, 8.6314369805 ], [ 77.031619636800002, 8.6314379654 ], [ 77.031630151100003, 8.6313955048 ], [ 77.031631432899999, 8.631393081700001 ], [ 77.031630141299999, 8.6313932442 ], [ 77.031707083100002, 8.631182164 ], [ 77.031720118799996, 8.631137067299999 ], [ 77.032156235, 8.630694013399999 ], [ 77.032420018, 8.6306396161 ], [ 77.032765329900002, 8.6306598899 ], [ 77.032768481600002, 8.6306641396 ], [ 77.032980665799997, 8.630662814300001 ], [ 77.032980666399993, 8.630662814300001 ], [ 77.0330313929, 8.6306419346 ], [ 77.033029841300007, 8.630638640600001 ], [ 77.033212433200006, 8.630550039499999 ], [ 77.033489793900003, 8.630420876500001 ], [ 77.033489991600007, 8.630421270699999 ], [ 77.033786578, 8.6301209709 ], [ 77.034217822100004, 8.6297033802 ], [ 77.034409155099993, 8.6295103662 ], [ 77.03466624, 8.6291077981 ], [ 77.0348767224, 8.6286872481 ], [ 77.034979549300004, 8.628459796 ], [ 77.035036680499999, 8.628344224699999 ], [ 77.03544677, 8.6273835852 ], [ 77.035451911899997, 8.627368196 ], [ 77.035452743500002, 8.627368966100001 ], [ 77.035746472599996, 8.6266071987 ], [ 77.035755760200004, 8.6264588235 ], [ 77.035761700799995, 8.6264410443 ], [ 77.035744627400007, 8.6262479526 ], [ 77.035665023700005, 8.625952338199999 ], [ 77.035598237800002, 8.625704323 ], [ 77.035417658300005, 8.6252371456 ], [ 77.0351430204, 8.624580229499999 ], [ 77.034956714399996, 8.624239575300001 ], [ 77.033928252300001, 8.622535409199999 ], [ 77.033788011699997, 8.621967246900001 ], [ 77.033752982899998, 8.621844405 ], [ 77.0338373262, 8.6216747511 ], [ 77.033997317599997, 8.6213543679 ], [ 77.034035920400001, 8.6213375362 ], [ 77.034036126299995, 8.6213377289 ], [ 77.034275111100001, 8.621224462300001 ], [ 77.034373564800006, 8.621181120099999 ], [ 77.034631053799998, 8.6210600642 ], [ 77.03464963, 8.621059588 ], [ 77.034654084799996, 8.621057626900001 ], [ 77.035023690700001, 8.621050783099999 ], [ 77.034930205, 8.621408002 ], [ 77.034911574399999, 8.6214820809 ], [ 77.034910893399996, 8.621631497099999 ], [ 77.034907370599996, 8.621653115599999 ], [ 77.034908330199997, 8.621652747700001 ], [ 77.034909543599994, 8.621888722 ], [ 77.035019336100007, 8.622137456700001 ], [ 77.035033654800003, 8.6221640009 ], [ 77.035108439699997, 8.622334633099999 ], [ 77.0351154608, 8.622359405299999 ], [ 77.035117753500003, 8.622367494400001 ], [ 77.035120909300005, 8.6223786289 ], [ 77.035121681199996, 8.622377971500001 ], [ 77.035219164699996, 8.622727899 ], [ 77.035344476099993, 8.623008601800001 ], [ 77.035355112600001, 8.623027424 ], [ 77.0353552415, 8.62302755 ], [ 77.035369401300002, 8.623066749199999 ], [ 77.035450235300004, 8.623120437500001 ], [ 77.035452092200003, 8.6231222532 ], [ 77.035452195900007, 8.623122059 ], [ 77.035663507400002, 8.6232725559 ], [ 77.035868289500002, 8.623387961500001 ], [ 77.035933377600003, 8.623588979799999 ], [ 77.036025291300007, 8.6240368084 ], [ 77.036015347900005, 8.6244318915 ], [ 77.035972802200007, 8.6248228775 ], [ 77.035972129499996, 8.6248320636 ], [ 77.035980626899999, 8.625312213500001 ], [ 77.035985755, 8.6253563606 ], [ 77.036008954600007, 8.6255247081 ], [ 77.0360088228, 8.6255246562 ], [ 77.036012865399996, 8.6255500565 ], [ 77.036027300900003, 8.625662826 ], [ 77.036028093100001, 8.625672009900001 ], [ 77.036032656700002, 8.625704884699999 ], [ 77.036053944499997, 8.625864462199999 ], [ 77.036123151400005, 8.626387149299999 ], [ 77.036123093399993, 8.626387358700001 ], [ 77.036059259200002, 8.626628911199999 ], [ 77.036028961100001, 8.6266673541 ], [ 77.036028870400003, 8.6266680845 ], [ 77.035970254199995, 8.6267466324 ], [ 77.035813194300005, 8.6269556825 ], [ 77.035807536899995, 8.6269677408 ], [ 77.035714971700003, 8.6271673822 ], [ 77.035613026299998, 8.6273796973 ], [ 77.035474317699993, 8.627676344399999 ], [ 77.035474245499998, 8.627676285 ], [ 77.035473497, 8.6276790146 ], [ 77.0354732622, 8.62767887 ], [ 77.035352030400006, 8.628106711399999 ], [ 77.035255974, 8.628446877 ], [ 77.035162136699995, 8.628779183300001 ], [ 77.035175442400003, 8.6289141893 ], [ 77.035186421, 8.6290221375 ], [ 77.035207595100005, 8.629224773700001 ], [ 77.035209420100003, 8.6292520793 ], [ 77.035209633099996, 8.629251934499999 ], [ 77.035216114600004, 8.629310196200001 ], [ 77.035139019200003, 8.629352238899999 ], [ 77.035138988300005, 8.629352174499999 ], [ 77.035101585199996, 8.629372541 ], [ 77.034898870899994, 8.6294656481 ], [ 77.034897385600004, 8.6294660583 ], [ 77.034890105700001, 8.629469992300001 ], [ 77.034807556700002, 8.629495412500001 ], [ 77.034803869100003, 8.629518605199999 ], [ 77.034803487199994, 8.629518581299999 ], [ 77.034784737099997, 8.6300277662 ], [ 77.034780684500006, 8.6300555487 ], [ 77.034780684500006, 8.6300555487 ], [ 77.034726650799996, 8.6304259753 ], [ 77.034724428900006, 8.630556048500001 ], [ 77.035026186600007, 8.630804339499999 ], [ 77.035026217600006, 8.630804365 ], [ 77.035026217600006, 8.630804365 ], [ 77.035026242499995, 8.6308044139 ], [ 77.035026351799999, 8.6308046278 ], [ 77.0350496131, 8.6308501829 ], [ 77.035314140400004, 8.6313682325 ], [ 77.035468419599994, 8.6316517775 ], [ 77.035882751599999, 8.631564990099999 ], [ 77.036097507600005, 8.631515735200001 ], [ 77.036298629900003, 8.6313921891 ], [ 77.036475109799994, 8.631261758799999 ], [ 77.03647511, 8.631261758400001 ], [ 77.036609206600005, 8.6309630035 ], [ 77.036619037799994, 8.630946895299999 ], [ 77.036619037799994, 8.630946895299999 ], [ 77.036619037799994, 8.630946895299999 ], [ 77.036715711400007, 8.630788498099999 ], [ 77.036754710899999, 8.6307365293 ], [ 77.036805339500006, 8.630658027699999 ], [ 77.036940738, 8.630187169399999 ], [ 77.037278042400004, 8.6300899028 ], [ 77.037284568499999, 8.630096761500001 ], [ 77.037284568499999, 8.630096761500001 ], [ 77.037299589699998, 8.6301125484 ], [ 77.037646270500005, 8.6304769004 ], [ 77.037989616299996, 8.630809665099999 ], [ 77.037989616700003, 8.630809665199999 ], [ 77.038291952899996, 8.630885131 ], [ 77.038563807499997, 8.6305596428 ], [ 77.038563807499997, 8.6305596428 ], [ 77.038563814499994, 8.6305596458 ], [ 77.038563815299995, 8.6305596461 ], [ 77.038567937099998, 8.6305614047 ], [ 77.038764466499998, 8.630645254599999 ], [ 77.038764469100002, 8.630645255799999 ], [ 77.039008729900004, 8.6307494703 ], [ 77.03900873, 8.6307494703 ], [ 77.03900873, 8.6307494704 ], [ 77.039027279600006, 8.6307659363 ], [ 77.039029677, 8.6307680643 ], [ 77.0392443633, 8.631131338399999 ], [ 77.039244364, 8.6311313395 ], [ 77.039247176200007, 8.631136098200001 ], [ 77.039248392800005, 8.631138156800001 ], [ 77.039142089400002, 8.6314689407 ], [ 77.039142089099997, 8.6314689416 ], [ 77.039135472300003, 8.6314860082 ], [ 77.039039886, 8.6317346917 ], [ 77.0389358969, 8.632027176899999 ], [ 77.038831499099999, 8.632318806100001 ], [ 77.038830107099997, 8.632318498 ], [ 77.038808888199995, 8.632381968200001 ], [ 77.038801614799993, 8.6324037245 ], [ 77.038800835700002, 8.6324044625 ], [ 77.0387905571, 8.632414198399999 ], [ 77.038798236199995, 8.632408117400001 ], [ 77.038802391, 8.6324048273 ], [ 77.038878214099995, 8.632350347399999 ], [ 77.038950031100001, 8.632508318199999 ], [ 77.038950052600001, 8.6325089433 ], [ 77.038952547, 8.632510071600001 ], [ 77.038957079300005, 8.6325121218 ], [ 77.038958038600001, 8.6325140132 ], [ 77.039106086900006, 8.6325989871 ], [ 77.039240663699999, 8.632676228899999 ], [ 77.039810847400005, 8.632934000900001 ], [ 77.039812690399998, 8.6329348252 ], [ 77.039817350700005, 8.632985507300001 ], [ 77.039838321, 8.633151593899999 ], [ 77.040329436799993, 8.633400758300001 ], [ 77.040330225600002, 8.6334011585 ], [ 77.0404153896, 8.6337055702 ], [ 77.040663362800004, 8.633796219 ], [ 77.040663484600003, 8.633796263400001 ], [ 77.041034808199996, 8.6339320036 ], [ 77.041172352399997, 8.633982284 ], [ 77.041174583200004, 8.6339830994 ], [ 77.041183959400001, 8.633986527 ], [ 77.041184655199999, 8.633986781400001 ], [ 77.041241670900007, 8.633949120500001 ], [ 77.0414619246, 8.6336151162 ], [ 77.041880693400003, 8.6328442993 ], [ 77.041880694100001, 8.6328442981 ], [ 77.041990553800005, 8.632630879 ], [ 77.042282768899994, 8.6321252957 ], [ 77.042282770100002, 8.6321252935 ], [ 77.042441002700002, 8.631839983300001 ], [ 77.042678462699996, 8.6313948975 ], [ 77.042712311200006, 8.6313507845 ], [ 77.042712311200006, 8.6313507844 ], [ 77.042826167699999, 8.631202400699999 ], [ 77.043042127099994, 8.6309209508 ], [ 77.043104648099998, 8.63083947 ], [ 77.04310631, 8.6308373041 ], [ 77.043115020299993, 8.6308259523 ], [ 77.043551073399996, 8.6304302711 ], [ 77.0435510784, 8.630430266599999 ], [ 77.043551246899995, 8.6304300366 ], [ 77.043588838299996, 8.6303947391 ], [ 77.043598619299999, 8.6303867331 ], [ 77.043885125399996, 8.629975626 ], [ 77.043894643900003, 8.6299604488 ], [ 77.043902820499994, 8.6299474112 ], [ 77.044014935, 8.629575237699999 ], [ 77.044017958300003, 8.6295652015 ], [ 77.044023927599994, 8.629534297799999 ], [ 77.044023438899998, 8.629534188299999 ], [ 77.044023229700002, 8.629534141500001 ], [ 77.044023856600006, 8.629532172199999 ], [ 77.044077848, 8.6292715512 ], [ 77.044110190300003, 8.629115432100001 ], [ 77.044125407300001, 8.6290419786 ], [ 77.044127040199996, 8.6290340963 ], [ 77.044140408299995, 8.629027025 ], [ 77.044140580700002, 8.6290272328 ], [ 77.044497412499993, 8.6288462038 ], [ 77.044497881500007, 8.6288459658 ], [ 77.044502117700006, 8.628840931599999 ], [ 77.044510064799994, 8.628831487299999 ], [ 77.044510976799998, 8.6288310049 ], [ 77.044513495900006, 8.628828182299999 ], [ 77.044513496899995, 8.628828181099999 ], [ 77.044544053300001, 8.6287939425 ], [ 77.044618764800006, 8.628710228 ], [ 77.044712855900002, 8.6286047983 ], [ 77.044712995099999, 8.6286048645 ], [ 77.044760221499999, 8.628552106300001 ], [ 77.044760733800004, 8.6285511508 ], [ 77.044908390100005, 8.6282763871 ], [ 77.044977978399999, 8.6281467343 ], [ 77.0449792868, 8.6281444599 ], [ 77.044658080900007, 8.6281104742 ], [ 77.044604548600006, 8.627867012299999 ], [ 77.044379712899996, 8.6275388678 ], [ 77.043812270499998, 8.627835256399999 ], [ 77.043448250799997, 8.6274965266 ], [ 77.043351892700002, 8.626999016599999 ], [ 77.043223415100002, 8.6267132127 ], [ 77.043212708699997, 8.6265015059 ], [ 77.043480370200001, 8.626141604200001 ], [ 77.043416131399994, 8.6254853119 ], [ 77.043105644099995, 8.6252418484 ], [ 77.042987873, 8.6242679926 ], [ 77.042773743799998, 8.6240668699 ], [ 77.042195594899994, 8.6236328679 ], [ 77.041660271799998, 8.6232941343 ], [ 77.041371197399997, 8.623167109100001 ], [ 77.041039297099999, 8.6225743244 ], [ 77.040835874300001, 8.622277931699999 ], [ 77.040739516200006, 8.6218121712 ], [ 77.040204193099996, 8.6216533891 ], [ 77.039915118699994, 8.6212723118 ], [ 77.039753332199993, 8.6212727823 ], [ 77.039400019, 8.6212621968 ], [ 77.038639860200007, 8.6207011656 ], [ 77.038350785800006, 8.6203306728 ], [ 77.037365791400006, 8.6192615345 ], [ 77.037226607400001, 8.618827527 ], [ 77.036584219700003, 8.6181288797 ], [ 77.035588518799997, 8.6169432935 ], [ 77.035385096100001, 8.616519869 ], [ 77.035513573599999, 8.6150908076 ], [ 77.035352976699997, 8.6146779667 ], [ 77.035342270200005, 8.614095754299999 ], [ 77.035160260400005, 8.613598226700001 ], [ 77.034806947199996, 8.613301826900001 ], [ 77.033896898, 8.6125925837 ], [ 77.033747007599999, 8.612402040499999 ], [ 77.033033894799999, 8.611994194799999 ], [ 77.032056078699995, 8.613268741600001 ], [ 77.0320560734, 8.613268748499999 ], [ 77.032056073299998, 8.613268748499999 ], [ 77.030421152900004, 8.613718309 ], [ 77.027605873, 8.61387793 ], [ 77.027605871899993, 8.613877929299999 ], [ 77.027048556699995, 8.6135764005 ], [ 77.027015647100001, 8.613561092199999 ], [ 77.026814027100002, 8.613449510600001 ], [ 77.026813260699996, 8.613449096 ], [ 77.026783082400001, 8.6134529116 ], [ 77.026780313700002, 8.6134532617 ], [ 77.026778161899998, 8.6134537059 ], [ 77.0265856531, 8.613493452 ], [ 77.026331345800003, 8.6135521902 ], [ 77.0261816979, 8.6136289468 ], [ 77.025972261299998, 8.6137414011 ], [ 77.025972566099995, 8.6137417423 ], [ 77.0260046028, 8.613777608099999 ], [ 77.026015510400001, 8.613789819400001 ], [ 77.026015516200005, 8.6137898257 ], [ 77.026015516900003, 8.6137898266 ], [ 77.0265360259, 8.6143725449 ], [ 77.026536026100004, 8.6143725451 ], [ 77.026536026100004, 8.6143725452 ], [ 77.0265433597, 8.614380755199999 ], [ 77.026581202299994, 8.6144638265 ], [ 77.026613568200005, 8.6145738319 ], [ 77.026648365400007, 8.6146641596 ], [ 77.026822179700005, 8.6148693841 ], [ 77.026827548200004, 8.614874989600001 ], [ 77.026822973099996, 8.614876523 ], [ 77.026981315499995, 8.6150615088 ], [ 77.027013516799997, 8.6150662766 ], [ 77.027424064, 8.6151942223 ], [ 77.027424064399995, 8.6151942225 ], [ 77.027492708699995, 8.6152156152 ], [ 77.027584747700004, 8.615264869400001 ], [ 77.027584748699994, 8.615264869800001 ], [ 77.027584752, 8.615264871700001 ], [ 77.028095480600001, 8.6155381847 ], [ 77.028288250800003, 8.615660183899999 ], [ 77.028288256300002, 8.615660187 ], [ 77.028586646, 8.6158490294 ], [ 77.028857279799993, 8.616020305799999 ], [ 77.029122899200004, 8.616188408699999 ], [ 77.0292398056, 8.6162623954 ], [ 77.029489120199997, 8.6164782757 ], [ 77.029648625500002, 8.616611040800001 ], [ 77.029859176399995, 8.616706543599999 ], [ 77.029859176499997, 8.616706543699999 ], [ 77.029886487699997, 8.616718931599999 ], [ 77.030027194100001, 8.616820860800001 ], [ 77.030027195399995, 8.616820861700001 ], [ 77.030193754, 8.616941518400001 ], [ 77.030193754, 8.616941518400001 ], [ 77.030203540299993, 8.616948607699999 ], [ 77.030286135099999, 8.6170508028 ], [ 77.030286136399994, 8.6170508045 ], [ 77.0304153087, 8.617210630300001 ], [ 77.030415311499993, 8.617210633699999 ], [ 77.030498770400001, 8.617313897900001 ], [ 77.030501206, 8.617319288599999 ], [ 77.030501206, 8.617319288599999 ], [ 77.030669515499994, 8.617691801 ], [ 77.0308376837, 8.6180640003 ], [ 77.0309252168, 8.6182577333 ], [ 77.030981518100006, 8.6183823425 ], [ 77.0309814811, 8.618382458199999 ], [ 77.030688749, 8.6192976273 ], [ 77.029939958699998, 8.6198182059 ], [ 77.029546906099995, 8.6198008156 ], [ 77.029153079699995, 8.6199088711 ], [ 77.029153074299998, 8.6199088727 ], [ 77.029035166300005, 8.619943919500001 ], [ 77.0287756667, 8.620024236900001 ], [ 77.028775547500004, 8.6200239916 ], [ 77.0286751, 8.6200558098 ], [ 77.028672621599995, 8.6200635763 ], [ 77.028673093400002, 8.620063764 ], [ 77.028622089099997, 8.620221794500001 ], [ 77.028593962800002, 8.6203127733 ], [ 77.028804858, 8.620200538 ], [ 77.028804858499996, 8.620200537800001 ], [ 77.028813444700006, 8.620195968299999 ], [ 77.028953810900006, 8.6201743142 ], [ 77.028953814700003, 8.6201743135 ], [ 77.029414398399993, 8.6201032595 ], [ 77.029414546, 8.620103384 ], [ 77.029487724099994, 8.6201650811 ], [ 77.029487897099997, 8.620165227 ], [ 77.029504456599994, 8.6201791885 ], [ 77.029612504200003, 8.620174546599999 ], [ 77.0296123607, 8.6201736102 ], [ 77.029620469400001, 8.620174156399999 ], [ 77.029621880400001, 8.620174087200001 ], [ 77.029621946399999, 8.6201742558 ], [ 77.029640994800005, 8.620222907800001 ], [ 77.029640724800004, 8.6202593734 ], [ 77.029653886899993, 8.6203150289 ], [ 77.029649019499999, 8.620345567399999 ], [ 77.029649019499999, 8.620345567599999 ], [ 77.029601364499996, 8.620644563 ], [ 77.029481904400001, 8.620926020300001 ], [ 77.029504762599998, 8.6213283842 ], [ 77.029504762599998, 8.6213283842 ], [ 77.029508183199994, 8.6213875331 ], [ 77.029398883799999, 8.6217191674 ], [ 77.029119885200004, 8.6218651097 ], [ 77.028659019900005, 8.621833459599999 ], [ 77.02835949, 8.621835752499999 ], [ 77.028359489, 8.621835752499999 ], [ 77.028266424099996, 8.621884338099999 ], [ 77.028161391799998, 8.621950997800001 ], [ 77.027110790899997, 8.623219732200001 ], [ 77.026675536400006, 8.624049623099999 ], [ 77.026553372, 8.6242836685 ], [ 77.026517671199997, 8.624268470400001 ], [ 77.026155413699996, 8.6240414899 ], [ 77.026155413699996, 8.6240414899 ], [ 77.026152240599998, 8.6240395017 ], [ 77.026109394900004, 8.6240126558 ], [ 77.025438226, 8.6239343352 ], [ 77.025406292100001, 8.623955733400001 ], [ 77.025405192199997, 8.623955609899999 ], [ 77.025405192099996, 8.623955609899999 ], [ 77.025405192, 8.62395561 ], [ 77.025401495899999, 8.623958415500001 ], [ 77.025401567499998, 8.623957944300001 ], [ 77.025134709200003, 8.6241298322 ], [ 77.0251500392, 8.624149280299999 ], [ 77.0251500392, 8.624149280299999 ], [ 77.025134973600004, 8.6241607156 ], [ 77.025486719400007, 8.6246078716 ], [ 77.025486854799993, 8.6246080421 ], [ 77.025901358799999, 8.625134977 ], [ 77.026734102899994, 8.626121170799999 ], [ 77.026734114700005, 8.6261211827 ], [ 77.0270248028, 8.6264068178 ], [ 77.0271867628, 8.626419757 ], [ 77.027186762900001, 8.626419757 ], [ 77.027186762900001, 8.626419757 ], [ 77.027198869499998, 8.626420724200001 ], [ 77.027218849299999, 8.626424635699999 ], [ 77.0277336037, 8.6265395209 ], [ 77.027902376900002, 8.626577508700001 ], [ 77.027933459899998, 8.626583371 ], [ 77.028113038200004, 8.626903178 ], [ 77.028132140899999, 8.626934186 ], [ 77.028267426100001, 8.6271745607 ], [ 77.028717822100006, 8.6275859679 ], [ 77.0288174282, 8.627677260800001 ], [ 77.028818974100005, 8.6276781971 ], [ 77.028825986100003, 8.627685148799999 ], [ 77.028837232399994, 8.627688987 ], [ 77.0288370998, 8.6276887357 ], [ 77.028894385, 8.6277102349 ], [ 77.028894138599995, 8.6277104616 ], [ 77.028903837599998, 8.627713782500001 ], [ 77.028911395700007, 8.6277163704 ], [ 77.028993460799995, 8.6277444698 ], [ 77.029375522199999, 8.627798542400001 ], [ 77.02938685, 8.6278005712 ], [ 77.029386865600003, 8.6278005069 ], [ 77.029910758900002, 8.627874567 ], [ 77.029917526199995, 8.6278947844 ], [ 77.029914964699998, 8.627895152200001 ], [ 77.029918396400006, 8.6278957668 ], [ 77.030097520499993, 8.628391350599999 ], [ 77.0300988491, 8.628391009 ], [ 77.030103474699999, 8.628405041900001 ], [ 77.030199804199995, 8.6286663152 ], [ 77.030333579900002, 8.6295462669 ], [ 77.030064455300007, 8.6305236907 ], [ 77.030101656300005, 8.630660951299999 ], [ 77.030653918900001, 8.6310922113 ], [ 77.030729418899995, 8.6312264089 ], [ 77.030727895400005, 8.631227835400001 ], [ 77.030750336400004, 8.6312615145 ], [ 77.030779497799998, 8.631322516699999 ], [ 77.0311267923, 8.6315457163 ], [ 77.031130836700001, 8.631552380600001 ], [ 77.031168341400004, 8.6315558553 ], [ 77.031324057099994, 8.631595796499999 ], [ 77.031448906199998, 8.6315643777 ] ] ] ] } },
{ "type": "Feature", "properties": { "gml_parent": null, "gml_pare_1": "featureMembers", "gml_id": "Thiruvanathapuram_Editor.fid-f261c36_1929f979d78_-7e04", "geom": null, "District": "Thiruvanathapuram", "LSGD": "Nedumangad", "Ward_Name": "KOLLAMKAVU", "Ward_No": 13, "Lsgd_Type": "Municipality", "Created_Da": "2024/10/18 13:00:52.667", "Surveyor": "Jeevan", "Mob_No": null, "Remarks": null, "_distLsgd": "Thiruvanathapuram_Nedumangad", "OBJECTID": 439, "_result": "Thiruvanathapuram_Nedumangad", "_ulid": "01JBBD70X170A88TT77VY8PM1H", "_distLsgd2": "Thiruvanathapuram_Nedumangad" }, "geometry": { "type": "MultiPolygon", "coordinates": [ [ [ [ 77.008021429500005, 8.619599343399999 ], [ 77.007957499200003, 8.61941497 ], [ 77.007939321699993, 8.6193657525 ], [ 77.007732194200003, 8.619079255700001 ], [ 77.007444599500005, 8.618684546300001 ], [ 77.007392245299997, 8.6186184382 ], [ 77.007284704400007, 8.618482645 ], [ 77.006907650299993, 8.618006533399999 ], [ 77.006880293400002, 8.617956020299999 ], [ 77.006878950200004, 8.617954195299999 ], [ 77.0068791506, 8.617953910100001 ], [ 77.006797880099995, 8.617803848099999 ], [ 77.006769561300004, 8.6177533197 ], [ 77.006765206300003, 8.617743517299999 ], [ 77.006743334, 8.617703131200001 ], [ 77.006683609199996, 8.6175928521 ], [ 77.0065759294, 8.617317493 ], [ 77.006525696599994, 8.617204428799999 ], [ 77.006508636899994, 8.617145412199999 ], [ 77.006503516699993, 8.6171323188 ], [ 77.006495464500006, 8.617111727699999 ], [ 77.006407601, 8.6168368003 ], [ 77.006333705100005, 8.6166055773 ], [ 77.0063369481, 8.6164512577 ], [ 77.006345520400004, 8.6160433343 ], [ 77.006345826300006, 8.6160287761 ], [ 77.006105411500002, 8.615984065599999 ], [ 77.0060374806, 8.615973739299999 ], [ 77.005920785900003, 8.615952137300001 ], [ 77.005851143200005, 8.6159392453 ], [ 77.005794783499994, 8.6159403246 ], [ 77.005754236, 8.615941793899999 ], [ 77.0057539413, 8.615941106699999 ], [ 77.005753936399998, 8.615941106799999 ], [ 77.005531981499999, 8.6159457994 ], [ 77.005328367100006, 8.615952092600001 ], [ 77.005328345899997, 8.6159569371 ], [ 77.005328568699994, 8.6159572186 ], [ 77.005328344600002, 8.615957226700001 ], [ 77.005325959900006, 8.6165026629 ], [ 77.005325578799997, 8.6166317308 ], [ 77.005331789600007, 8.616699865099999 ], [ 77.005345379, 8.616848946399999 ], [ 77.005353480500006, 8.617139353100001 ], [ 77.005357044899995, 8.6171785512 ], [ 77.0053550242, 8.6171946889 ], [ 77.005355801500002, 8.6172225531 ], [ 77.005354315600002, 8.6172346918 ], [ 77.005343761099994, 8.6173209135 ], [ 77.005311679599998, 8.617582994 ], [ 77.005303733299996, 8.617604292599999 ], [ 77.005302081699995, 8.6176174821 ], [ 77.0052963463, 8.617663284500001 ], [ 77.005165276200003, 8.617975400100001 ], [ 77.005151261199998, 8.6180129645 ], [ 77.005036761200003, 8.6183198593 ], [ 77.005025744199997, 8.618349388 ], [ 77.0049574329, 8.618572824599999 ], [ 77.004954520499993, 8.618752392199999 ], [ 77.004970061, 8.6190169636 ], [ 77.004970673800003, 8.6190273971 ], [ 77.004926978599997, 8.619302897 ], [ 77.004914501299993, 8.6193815664 ], [ 77.0049126567, 8.6193940445 ], [ 77.004874792600006, 8.61963502 ], [ 77.004874792, 8.619635024200001 ], [ 77.004874791800006, 8.619635025199999 ], [ 77.004836762799997, 8.6198770505 ], [ 77.004825043400004, 8.619962459 ], [ 77.0048199318, 8.6200078084 ], [ 77.004820139399996, 8.620007874500001 ], [ 77.004819899699996, 8.620008093099999 ], [ 77.004818580600002, 8.620019796099999 ], [ 77.004682014899998, 8.6201364287 ], [ 77.004637155200001, 8.6201747407 ], [ 77.004633710099995, 8.6201778825 ], [ 77.004587390500006, 8.620217807 ], [ 77.004449003, 8.6203453555 ], [ 77.004431542099994, 8.620362242500001 ], [ 77.004412801499996, 8.6203787216 ], [ 77.004383658799995, 8.6204055817 ], [ 77.004380781400002, 8.620408531900001 ], [ 77.004350237300002, 8.6204363855 ], [ 77.004348704600005, 8.6204377831 ], [ 77.004247162599995, 8.620490365 ], [ 77.004244826299995, 8.6204915885 ], [ 77.004069095700004, 8.6205862684 ], [ 77.00403728, 8.6206039552 ], [ 77.004037488600005, 8.620604267 ], [ 77.0040251498, 8.6206106986 ], [ 77.003902172300002, 8.620679063800001 ], [ 77.003890820099997, 8.620680718099999 ], [ 77.003885872699996, 8.620683296899999 ], [ 77.003882052700007, 8.620685288100001 ], [ 77.003300765500001, 8.620791391399999 ], [ 77.0032964392, 8.620792181100001 ], [ 77.003222376599993, 8.620778058 ], [ 77.003160911099997, 8.620768002 ], [ 77.003050755100006, 8.6207453314 ], [ 77.003050753699995, 8.6207453311 ], [ 77.003050808, 8.620746027599999 ], [ 77.002989839899996, 8.6207338595 ], [ 77.002989115099993, 8.620733577099999 ], [ 77.002973623900004, 8.6207306231 ], [ 77.002973472299999, 8.6207274831 ], [ 77.002968025900003, 8.6207253613 ], [ 77.002875265100002, 8.6207099928 ], [ 77.002875161899993, 8.620710972 ], [ 77.002845775200001, 8.620705107 ], [ 77.002530452900004, 8.6206528647 ], [ 77.002500197800003, 8.620659700199999 ], [ 77.002394201399994, 8.6206836478 ], [ 77.002251111299998, 8.6207186018 ], [ 77.002192492600003, 8.6207757115 ], [ 77.001968356600003, 8.620994077800001 ], [ 77.001927591899999, 8.6210361296 ], [ 77.001902119299999, 8.62105861 ], [ 77.001871144500001, 8.6210887874 ], [ 77.001861358100001, 8.6210983218 ], [ 77.001598395100004, 8.6210315928 ], [ 77.001590581299993, 8.621029954300001 ], [ 77.001590523100006, 8.6210295953 ], [ 77.001372581300004, 8.6209742906 ], [ 77.001363813599994, 8.620974329399999 ], [ 77.001361838500003, 8.620980553600001 ], [ 77.001350365600004, 8.620974388900001 ], [ 77.000838177700004, 8.6206991762 ], [ 77.000830150300004, 8.620694862900001 ], [ 77.000526890499998, 8.6206640041 ], [ 77.000524348200003, 8.6206637454 ], [ 77.000228649700006, 8.6206787913 ], [ 77.000087051799994, 8.620685996100001 ], [ 77.000012748399996, 8.620690785100001 ], [ 77.000009164199994, 8.6206899592 ], [ 77.0000074326, 8.6206900473 ], [ 76.99999606, 8.620690626 ], [ 76.999952867, 8.6206779104 ], [ 76.99993842, 8.620673657299999 ], [ 76.999919386599998, 8.620669271400001 ], [ 76.999827963100003, 8.620643792 ], [ 76.999679873399998, 8.620612700800001 ], [ 76.999679545500001, 8.6206140036 ], [ 76.999612591800002, 8.620598575100001 ], [ 76.999607861499996, 8.620597485 ], [ 76.99943037, 8.620499156599999 ], [ 76.999427227799998, 8.620497415899999 ], [ 76.999380757099999, 8.6204873097 ], [ 76.999303781799995, 8.6204705696 ], [ 76.999303616, 8.6204688895 ], [ 76.998570696399995, 8.6202938775 ], [ 76.998375439300005, 8.6202517603 ], [ 76.998375429299998, 8.6202517577 ], [ 76.998233278800001, 8.620214900300001 ], [ 76.998228458400007, 8.6202136505 ], [ 76.998228458400007, 8.6202136505 ], [ 76.998236561900001, 8.620265165499999 ], [ 76.998279299900005, 8.620919492200001 ], [ 76.998329796, 8.6211252911 ], [ 76.998397419400007, 8.6213856432 ], [ 76.998464283800004, 8.6216821138 ], [ 76.998448564499995, 8.621850417699999 ], [ 76.998501101100004, 8.6222489741 ], [ 76.998474359499994, 8.622651923899999 ], [ 76.998413869399997, 8.622921688 ], [ 76.998305556199995, 8.6231483128 ], [ 76.998093357399995, 8.6233908706 ], [ 76.998048207099998, 8.6235103903 ], [ 76.998063816300004, 8.623637180399999 ], [ 76.998193390699996, 8.623827395499999 ], [ 76.998545659800001, 8.6241658613 ], [ 76.998912509700006, 8.624390201700001 ], [ 76.999729915399996, 8.6246237975 ], [ 77.000262042800003, 8.6248093765 ], [ 77.000368727799994, 8.6249500818 ], [ 77.0004065408, 8.625179707299999 ], [ 77.000274395600002, 8.6256708236 ], [ 77.000178275899998, 8.6261867685 ], [ 77.000416041799994, 8.626113797 ], [ 77.000676852500007, 8.6260175225 ], [ 77.000953002299994, 8.625922681400001 ], [ 77.001136065899999, 8.625827037700001 ], [ 77.001452276799995, 8.6255625289 ], [ 77.001849173799997, 8.6255164811 ], [ 77.001927439900001, 8.625560245200001 ], [ 77.002104515100001, 8.6255397934 ], [ 77.002342586300003, 8.625225500599999 ], [ 77.002614406, 8.6250443921 ], [ 77.002914265, 8.624978283900001 ], [ 77.00303882, 8.624848351200001 ], [ 77.003066210499995, 8.624704377700001 ], [ 77.003171867099994, 8.624604168399999 ], [ 77.003232247, 8.624629498099999 ], [ 77.003600598600002, 8.624492528699999 ], [ 77.003710319700005, 8.6244887603 ], [ 77.003858976, 8.6243713672 ], [ 77.004106441299996, 8.624189758 ], [ 77.004271971799994, 8.6241389573 ], [ 77.004460718199994, 8.624142834600001 ], [ 77.004610529399997, 8.624260336700001 ], [ 77.0046594911, 8.6242492978 ], [ 77.005089520400006, 8.624655606299999 ], [ 77.005306812100002, 8.6247504051 ], [ 77.005486054200006, 8.624916690299999 ], [ 77.005566470900007, 8.624858118800001 ], [ 77.005825529199996, 8.6248739308 ], [ 77.005900224499996, 8.624782945 ], [ 77.006327422, 8.624740320500001 ], [ 77.006748113399993, 8.6245125219 ], [ 77.006882144200006, 8.624566675400001 ], [ 77.007331855499999, 8.6244422731 ], [ 77.007487536300005, 8.624455751199999 ], [ 77.007816417100003, 8.624143826099999 ], [ 77.009705687799993, 8.623463903399999 ], [ 77.009709345600001, 8.6234667258 ], [ 77.009785237399996, 8.623431137600001 ], [ 77.009618925599995, 8.623289639599999 ], [ 77.009463435100002, 8.6231580625 ], [ 77.009352875900007, 8.623014383099999 ], [ 77.009300752900003, 8.622729210899999 ], [ 77.009204972800006, 8.622306416200001 ], [ 77.0090870099, 8.6217670829 ], [ 77.008894568800002, 8.6214904131 ], [ 77.008574318599997, 8.6211429384 ], [ 77.008553044199999, 8.621110939399999 ], [ 77.008535068100002, 8.6210839014 ], [ 77.008527537700004, 8.621075816199999 ], [ 77.008332686399996, 8.620782738200001 ], [ 77.008326461600006, 8.620770134100001 ], [ 77.008324202899999, 8.6207667367 ], [ 77.008298581, 8.6207281985 ], [ 77.008272378399994, 8.620660625099999 ], [ 77.008264097, 8.620643856799999 ], [ 77.0082654104, 8.620642655699999 ], [ 77.008219252100005, 8.6205236189 ], [ 77.008208637699994, 8.6204962457 ], [ 77.008118520500005, 8.6200191359 ], [ 77.008055386500004, 8.6196848828 ], [ 77.008021429500005, 8.619599343399999 ] ] ] ] } },
{ "type": "Feature", "properties": { "gml_parent": null, "gml_pare_1": "featureMembers", "gml_id": "Thiruvanathapuram_Editor.fid--715e5034_19246a0be1c_1bc3", "geom": null, "District": "Thiruvanathapuram", "LSGD": "Nedumangad", "Ward_Name": "KANNARAMKODU", "Ward_No": 25, "Lsgd_Type": "Municipality", "Created_Da": "2024/10/18 10:43:47.058", "Surveyor": "Jeevan", "Mob_No": null, "Remarks": null, "_distLsgd": "Thiruvanathapuram_Nedumangad", "OBJECTID": 439, "_result": "Thiruvanathapuram_Nedumangad", "_ulid": "01JBBD70X170A88TT77VY8PM1H", "_distLsgd2": "Thiruvanathapuram_Nedumangad" }, "geometry": { "type": "MultiPolygon", "coordinates": [ [ [ [ 77.009885649699996, 8.605585036 ], [ 77.009816685, 8.6055537877 ], [ 77.009797751299999, 8.6055464632 ], [ 77.009552174299998, 8.6054514625 ], [ 77.009528296499994, 8.605423228799999 ], [ 77.009528143, 8.6054230473 ], [ 77.009527789100005, 8.6054228869 ], [ 77.009407391899998, 8.605287649499999 ], [ 77.009055722300005, 8.605405724 ], [ 77.009027256699994, 8.6054168121 ], [ 77.008845793199995, 8.6054874969 ], [ 77.008753896499996, 8.605523293 ], [ 77.0087525701, 8.605523809599999 ], [ 77.008752294100006, 8.605523917099999 ], [ 77.008754017100003, 8.6055276807 ], [ 77.008788831499999, 8.6056037278 ], [ 77.008788924900003, 8.605603931699999 ], [ 77.008799702700003, 8.6056261655 ], [ 77.008830843, 8.605690405100001 ], [ 77.008862202700001, 8.605755097399999 ], [ 77.0088976702, 8.605828263799999 ], [ 77.008917027, 8.605868195099999 ], [ 77.008923310699998, 8.605873882599999 ], [ 77.008931235700004, 8.605881055799999 ], [ 77.009008340600005, 8.605950846100001 ], [ 77.0090144455, 8.6059563719 ], [ 77.009018786799999, 8.605963426400001 ], [ 77.009020232300003, 8.6059657754 ], [ 77.009114096600001, 8.606118304500001 ], [ 77.009117342899998, 8.606117857199999 ], [ 77.009117709500003, 8.6061178067 ], [ 77.009295069800004, 8.6060933685 ], [ 77.009309836499995, 8.6060913338 ], [ 77.009347188899994, 8.606086187100001 ], [ 77.009349376100005, 8.606085885700001 ], [ 77.009349609, 8.6060858536 ], [ 77.009352901599996, 8.606097159400001 ], [ 77.009376531599997, 8.6061782994 ], [ 77.009377493399995, 8.606181602 ], [ 77.009389896299993, 8.606224190500001 ], [ 77.009397126300001, 8.6062434166 ], [ 77.009433836, 8.6063410358 ], [ 77.009441762600005, 8.606354123599999 ], [ 77.009485972199997, 8.6063723593 ], [ 77.009506623199997, 8.6064569269 ], [ 77.009508378199996, 8.6064641138 ], [ 77.009546474199993, 8.606527014699999 ], [ 77.009556585799999, 8.6065437101 ], [ 77.009557535499994, 8.6065452782 ], [ 77.009557585, 8.6065453599 ], [ 77.009529603199994, 8.6065894367 ], [ 77.009520508199998, 8.606603763100001 ], [ 77.0095199318, 8.606604671 ], [ 77.009481151700001, 8.6066657572 ], [ 77.009468187600007, 8.606975288299999 ], [ 77.0094660261, 8.607026894900001 ], [ 77.009463721, 8.6070280094 ], [ 77.009329224799998, 8.607093040200001 ], [ 77.009319664399996, 8.6070982902 ], [ 77.009310771599999, 8.607103173500001 ], [ 77.009309412500002, 8.6071032706 ], [ 77.009307833199998, 8.6071033833 ], [ 77.009304808400003, 8.6071048459 ], [ 77.0092882995, 8.6071128282 ], [ 77.009174918100001, 8.607167649499999 ], [ 77.008790507, 8.607186008199999 ], [ 77.008790493600003, 8.607186008799999 ], [ 77.008449765500004, 8.607202280899999 ], [ 77.008432027, 8.6072031281 ], [ 77.008309939699998, 8.607304067599999 ], [ 77.008310693499993, 8.607306416 ], [ 77.008179884, 8.607402302800001 ], [ 77.008049546600006, 8.6074956462 ], [ 77.007952178400004, 8.607546705200001 ], [ 77.007866020099996, 8.607613536200001 ], [ 77.007867912600005, 8.6076222653 ], [ 77.007869081600006, 8.6076276571 ], [ 77.007903569600003, 8.607661353599999 ], [ 77.008058200199997, 8.608191747199999 ], [ 77.008661327, 8.6089608353 ], [ 77.008694805299996, 8.6090035256 ], [ 77.008768867399993, 8.6090469567 ], [ 77.008799502900004, 8.6090649218 ], [ 77.0088735633, 8.6091204378 ], [ 77.0092688931, 8.6094167778 ], [ 77.009282329499996, 8.6094268497 ], [ 77.009471518799998, 8.60954651 ], [ 77.009507914899999, 8.609595948500001 ], [ 77.009510457100006, 8.6095978542 ], [ 77.0095297182, 8.6096255649 ], [ 77.009744751900001, 8.6099176544 ], [ 77.009919927599995, 8.6100133626 ], [ 77.009959976600001, 8.6100284093 ], [ 77.010159981499996, 8.6101035526 ], [ 77.010197111, 8.6101175024 ], [ 77.010220239800006, 8.6101293999 ], [ 77.010451087099995, 8.6102481471 ], [ 77.010522804299995, 8.610285038200001 ], [ 77.010534804800002, 8.6102900954 ], [ 77.010910524600007, 8.610346675800001 ], [ 77.011178754300005, 8.6104151055 ], [ 77.011196537399996, 8.6104278388 ], [ 77.011203191099995, 8.6104290392 ], [ 77.011510555699999, 8.610651554 ], [ 77.012166495100004, 8.611097491200001 ], [ 77.012212088300004, 8.6111594223 ], [ 77.012256748900001, 8.6111917538 ], [ 77.012264703400007, 8.6111975124 ], [ 77.012264778100004, 8.611197654 ], [ 77.012326059299994, 8.6113139107 ], [ 77.012326658500001, 8.6113150474 ], [ 77.012439728199993, 8.6114686341 ], [ 77.012458028899999, 8.61156427 ], [ 77.012508994, 8.6116609556 ], [ 77.012523124799998, 8.611687761100001 ], [ 77.0125235565, 8.611688582 ], [ 77.012529515300002, 8.6116998864 ], [ 77.012532562399997, 8.6117072232 ], [ 77.012547857399994, 8.611717434199999 ], [ 77.012556932400003, 8.611723492599999 ], [ 77.012846624299996, 8.612333296299999 ], [ 77.013583133699996, 8.612977313 ], [ 77.013598439199995, 8.6129886668 ], [ 77.01371766, 8.6130062792 ], [ 77.013796382799995, 8.613013905300001 ], [ 77.013926229099994, 8.613026483900001 ], [ 77.014078119100006, 8.613041197899999 ], [ 77.014258549900006, 8.6130586768 ], [ 77.014596325499994, 8.6130913981 ], [ 77.014791773300004, 8.6131103317 ], [ 77.0147936945, 8.613110517799999 ], [ 77.015537367299999, 8.6130563852 ], [ 77.015546805599996, 8.613055364299999 ], [ 77.015561408500005, 8.6130537847 ], [ 77.015561485899994, 8.6130518779 ], [ 77.015657791799995, 8.613046201 ], [ 77.015674708700004, 8.6130467827 ], [ 77.015692486500001, 8.613046601100001 ], [ 77.015830323800003, 8.6130451929 ], [ 77.0159889185, 8.613043572600001 ], [ 77.016026258400004, 8.6130418266 ], [ 77.016252121600004, 8.613039708500001 ], [ 77.016332650600006, 8.613040060499999 ], [ 77.016477972600001, 8.613038575599999 ], [ 77.016665484200004, 8.613001326499999 ], [ 77.016751475899994, 8.6129764715 ], [ 77.016974548799993, 8.612911994599999 ], [ 77.017220329799997, 8.612840954 ], [ 77.017449107800005, 8.612774828 ], [ 77.017618306700001, 8.612725922799999 ], [ 77.017619126300005, 8.612725685899999 ], [ 77.017658965, 8.612723082900001 ], [ 77.017778025799998, 8.612714257 ], [ 77.017907664700004, 8.6127064984 ], [ 77.017914678599993, 8.6127063752 ], [ 77.018007728, 8.6127002955 ], [ 77.018072289200006, 8.6126833394 ], [ 77.018071133500001, 8.6126857582 ], [ 77.018146274599999, 8.6126912431 ], [ 77.018369419400003, 8.6127075313 ], [ 77.018489327799998, 8.6127162055 ], [ 77.018504922, 8.6126198134 ], [ 77.018529094, 8.612470398599999 ], [ 77.01869576, 8.612325377299999 ], [ 77.018817707799997, 8.612184145900001 ], [ 77.018850787700003, 8.61213807 ], [ 77.018884921899996, 8.612090525799999 ], [ 77.018897048699998, 8.6120736347 ], [ 77.018897176199999, 8.6120719586 ], [ 77.0189180916, 8.6117970533 ], [ 77.018918091700002, 8.6117970525 ], [ 77.018942203199998, 8.611480138 ], [ 77.018942711, 8.6113763639 ], [ 77.018824230299998, 8.611187044199999 ], [ 77.018831887600001, 8.611001878 ], [ 77.018833165800004, 8.610970968 ], [ 77.018835613, 8.6109117915 ], [ 77.018835335399999, 8.610891594 ], [ 77.018833404899993, 8.6108832398 ], [ 77.018831704, 8.6108758794 ], [ 77.018828130399996, 8.6108632134 ], [ 77.018827974399997, 8.61085974 ], [ 77.0188133053, 8.610796260300001 ], [ 77.018766986599999, 8.6106172471 ], [ 77.018766981100001, 8.6106172264 ], [ 77.018766978599999, 8.6106172173 ], [ 77.018766978599999, 8.6106172173 ], [ 77.018664005, 8.6102388673 ], [ 77.018664251499999, 8.6102380359 ], [ 77.018662495399994, 8.6102315537 ], [ 77.018686212199995, 8.6101639646 ], [ 77.018686212199995, 8.6101639646 ], [ 77.018685834500005, 8.610163808099999 ], [ 77.0186917634, 8.6101481446 ], [ 77.018702284499994, 8.610118161100001 ], [ 77.018704765600006, 8.6101110905 ], [ 77.018705203300001, 8.6101105256 ], [ 77.018742748700006, 8.610062074 ], [ 77.018954135800001, 8.609769071800001 ], [ 77.019070378400002, 8.609607948600001 ], [ 77.019184897399995, 8.6094492142 ], [ 77.018914823399996, 8.6092890345 ], [ 77.018726918799999, 8.609177589 ], [ 77.018584215399997, 8.609116692700001 ], [ 77.018427291799995, 8.6090497282 ], [ 77.0183799781, 8.6090370715 ], [ 77.018334462599995, 8.609024895799999 ], [ 77.017793384499996, 8.609028697599999 ], [ 77.017339455200002, 8.6090952573 ], [ 77.017339101900006, 8.6090962451 ], [ 77.017338091799999, 8.6090954572 ], [ 77.017333499, 8.609096130599999 ], [ 77.017297964799994, 8.609156199199999 ], [ 77.017235622599998, 8.609278954100001 ], [ 77.017133889299998, 8.6093541263 ], [ 77.017035280399995, 8.6094303936 ], [ 77.0170205557, 8.609441782199999 ], [ 77.0170153352, 8.6094417276 ], [ 77.017014229099999, 8.6094425449 ], [ 77.017013817899993, 8.6094425375 ], [ 77.016692622500003, 8.609436756799999 ], [ 77.016652104599999, 8.609452704100001 ], [ 77.016652104, 8.609452704400001 ], [ 77.016583366, 8.6094839361 ], [ 77.016567831100005, 8.609486615 ], [ 77.016537580600001, 8.6094987875 ], [ 77.016503072600003, 8.60948779 ], [ 77.016498751699999, 8.609486412900001 ], [ 77.016424849900005, 8.609462860900001 ], [ 77.016424846099994, 8.609462859800001 ], [ 77.016424846, 8.609462859600001 ], [ 77.016417108400006, 8.609460393699999 ], [ 77.016354611599994, 8.6093041521 ], [ 77.0163495539, 8.609276379100001 ], [ 77.016348497600006, 8.6092705785 ], [ 77.016323770499994, 8.609134794699999 ], [ 77.016310056099996, 8.6090999334 ], [ 77.016306129, 8.6090899511 ], [ 77.016287323699999, 8.609048301 ], [ 77.016287323699999, 8.6090483009 ], [ 77.016266740399999, 8.6089898272 ], [ 77.016266740099994, 8.6089898264 ], [ 77.016266740099994, 8.6089898264 ], [ 77.016240508400003, 8.608923815900001 ], [ 77.016215013700005, 8.6088191709 ], [ 77.016215013600004, 8.6088191705 ], [ 77.016189602300003, 8.6087366581 ], [ 77.016180046900004, 8.6087115425 ], [ 77.016180046900004, 8.6087115425 ], [ 77.016175843400006, 8.6087017737 ], [ 77.016174254099994, 8.6086963165 ], [ 77.016150073099993, 8.608632758200001 ], [ 77.016134702700001, 8.6085638149 ], [ 77.016116576599998, 8.6084825114 ], [ 77.016113476200005, 8.608469062399999 ], [ 77.016113228099996, 8.608467491600001 ], [ 77.016089471100003, 8.6083609305 ], [ 77.016062546399993, 8.6082982576 ], [ 77.0160414554, 8.6082515693 ], [ 77.016037523, 8.608243996500001 ], [ 77.0160364722, 8.6082405381 ], [ 77.016027913800002, 8.6082215928 ], [ 77.0159463034, 8.607950006 ], [ 77.015946962499996, 8.607792308400001 ], [ 77.015946532399994, 8.607790083499999 ], [ 77.015947114300005, 8.6077559803 ], [ 77.015947332, 8.6077038899 ], [ 77.015983234100005, 8.6076219442 ], [ 77.015983234199993, 8.607621944 ], [ 77.016026528799998, 8.6075231247 ], [ 77.016064219, 8.6074370975 ], [ 77.016077995900005, 8.607404580500001 ], [ 77.016081760099993, 8.60739706 ], [ 77.016095745599998, 8.607365138500001 ], [ 77.016108248799995, 8.6073441397 ], [ 77.016108248799995, 8.6073441397 ], [ 77.0161348898, 8.607299397 ], [ 77.016179168500003, 8.607225032200001 ], [ 77.016188557, 8.607207515500001 ], [ 77.016213422800007, 8.607167503099999 ], [ 77.016375795, 8.606894803699999 ], [ 77.01645701, 8.606676774 ], [ 77.016457562499994, 8.6066743455 ], [ 77.016414458, 8.606587882099999 ], [ 77.016503236800006, 8.6064735659 ], [ 77.016504780700004, 8.6064667791 ], [ 77.016558323300004, 8.6064026337 ], [ 77.016535956, 8.606312257800001 ], [ 77.016492326700003, 8.606164183700001 ], [ 77.016482356799997, 8.6061248427 ], [ 77.016472616399994, 8.6060949756 ], [ 77.016468543100004, 8.6060703343 ], [ 77.016417208700005, 8.605867769 ], [ 77.016410446, 8.6058410836 ], [ 77.016397149200003, 8.6057886144 ], [ 77.016395817800003, 8.605821408900001 ], [ 77.016396713600002, 8.605836588700001 ], [ 77.016397757899995, 8.605854286 ], [ 77.016101043700004, 8.6057449958 ], [ 77.016060400100002, 8.605750948300001 ], [ 77.016045703399996, 8.6057546273 ], [ 77.016004446, 8.6057591431 ], [ 77.015842683700001, 8.605782834 ], [ 77.015820486799996, 8.6057868142 ], [ 77.015518436, 8.6058824988 ], [ 77.01548395, 8.6058952491 ], [ 77.015481406099994, 8.605895885900001 ], [ 77.015467101599995, 8.6059056059 ], [ 77.015362515299998, 8.6060157773 ], [ 77.015071098199996, 8.606134133 ], [ 77.015001704300005, 8.606163221799999 ], [ 77.014992973700004, 8.6061677819 ], [ 77.014966362199999, 8.606178036599999 ], [ 77.014849498100006, 8.606227024 ], [ 77.0148491036, 8.6062262423 ], [ 77.014846486500005, 8.606227384 ], [ 77.014846486500005, 8.606227384 ], [ 77.0148333896, 8.606195100400001 ], [ 77.014764856400006, 8.6060592823 ], [ 77.014780691200002, 8.6060163167 ], [ 77.014786747299993, 8.605999884299999 ], [ 77.014809910799997, 8.6059370329 ], [ 77.0148101029, 8.6059365117 ], [ 77.014810097600005, 8.6059365012 ], [ 77.014806162100001, 8.605928702 ], [ 77.014802906499995, 8.605923629 ], [ 77.014803112300001, 8.605922657900001 ], [ 77.014744531199995, 8.6058065627 ], [ 77.01473061, 8.6057816205 ], [ 77.014730794599998, 8.6057793395 ], [ 77.014725461200001, 8.605768769899999 ], [ 77.014737322399995, 8.6056986607 ], [ 77.014737741, 8.6056934875 ], [ 77.014738196500005, 8.605693494100001 ], [ 77.014740689600004, 8.6056787582 ], [ 77.014768819899999, 8.6056191838 ], [ 77.014768820300006, 8.6056191831 ], [ 77.0148038711, 8.605544952600001 ], [ 77.014850143900006, 8.605446956 ], [ 77.014923451800001, 8.605291704600001 ], [ 77.014922880300006, 8.6052917383 ], [ 77.014935552699995, 8.6052660775 ], [ 77.015041342299995, 8.6050420361 ], [ 77.014957821899998, 8.605007411200001 ], [ 77.014692829500007, 8.604906398900001 ], [ 77.014444764, 8.6049472242 ], [ 77.014284330300001, 8.6050266201 ], [ 77.014247542099994, 8.605046723 ], [ 77.014143788, 8.6050961719 ], [ 77.013842166299995, 8.605245438900001 ], [ 77.013747349200003, 8.6052921633 ], [ 77.013623296899993, 8.605357317299999 ], [ 77.013602182200003, 8.605368407 ], [ 77.013532369900005, 8.605400422300001 ], [ 77.013522123900003, 8.6054049006 ], [ 77.013490707200006, 8.605418632199999 ], [ 77.013480890899999, 8.6054234695 ], [ 77.013481425099997, 8.605424041899999 ], [ 77.013444232799998, 8.605441534 ], [ 77.013099224300007, 8.605611548 ], [ 77.013085242599999, 8.605610372399999 ], [ 77.013084329099996, 8.605610802 ], [ 77.013047062699997, 8.605607162 ], [ 77.012967915100006, 8.6056005068 ], [ 77.012958505300006, 8.605593558900001 ], [ 77.012760138499999, 8.605454034 ], [ 77.012759248799995, 8.605446433099999 ], [ 77.012756736300005, 8.6054445779 ], [ 77.012757624599999, 8.6054325563 ], [ 77.012752681600006, 8.6053903243 ], [ 77.012635375100004, 8.6052917169 ], [ 77.0124166465, 8.6051275866 ], [ 77.011814358199999, 8.6050697088 ], [ 77.011813801, 8.6050699248 ], [ 77.011813633900005, 8.6050696392 ], [ 77.011801435199999, 8.605068467 ], [ 77.011754371699993, 8.6050863201 ], [ 77.011487724199995, 8.6051906577 ], [ 77.011458932300002, 8.6052675859 ], [ 77.011385563499999, 8.605476255599999 ], [ 77.011381623399998, 8.605487461599999 ], [ 77.011340814600004, 8.605538243 ], [ 77.011332488099995, 8.6055497771 ], [ 77.011332191099996, 8.6055489738 ], [ 77.011182769399994, 8.60573491 ], [ 77.011179104, 8.6057397709 ], [ 77.011178664300004, 8.605740018200001 ], [ 77.011170044300002, 8.6057507447 ], [ 77.011106051499993, 8.605780860099999 ], [ 77.011093114199994, 8.605788136799999 ], [ 77.011040673, 8.6058116275 ], [ 77.010961672600004, 8.605848805400001 ], [ 77.010945191499999, 8.6058713374 ], [ 77.010944821199999, 8.605871545599999 ], [ 77.010942328100001, 8.6058742333 ], [ 77.010819521, 8.606047997299999 ], [ 77.010369955200005, 8.6058369613 ], [ 77.01033534, 8.605822484600001 ], [ 77.010315166400005, 8.6058156898 ], [ 77.010315763400001, 8.6058142974 ], [ 77.010099647100006, 8.6057239137 ], [ 77.009904965100006, 8.6055950483 ], [ 77.009890203400005, 8.605588280799999 ], [ 77.009885649699996, 8.605585036 ] ] ] ] } },
{ "type": "Feature", "properties": { "gml_parent": null, "gml_pare_1": "featureMembers", "gml_id": "Thiruvanathapuram_Editor.fid--715e5034_19246a0be1c_-2036", "geom": null, "District": "Thiruvanathapuram", "LSGD": "Nedumangad", "Ward_Name": "TOWER", "Ward_No": 41, "Lsgd_Type": "Municipality", "Created_Da": "2024/10/17 09:19:06.792", "Surveyor": "Jeevan P", "Mob_No": null, "Remarks": null, "_distLsgd": "Thiruvanathapuram_Nedumangad", "OBJECTID": 439, "_result": "Thiruvanathapuram_Nedumangad", "_ulid": "01JBBD70X170A88TT77VY8PM1H", "_distLsgd2": "Thiruvanathapuram_Nedumangad" }, "geometry": { "type": "MultiPolygon", "coordinates": [ [ [ [ 76.975025876299995, 8.604408316500001 ], [ 76.974984961399997, 8.604360919599999 ], [ 76.974947064700004, 8.6043170191 ], [ 76.974928048400002, 8.6042949901 ], [ 76.974899204799996, 8.604261576900001 ], [ 76.974810004800005, 8.604158245200001 ], [ 76.974809242299997, 8.6041573619 ], [ 76.974764662499993, 8.604184408 ], [ 76.974623179600002, 8.604270244 ], [ 76.974595243699994, 8.6042894533 ], [ 76.974506263400002, 8.6043506381 ], [ 76.974506141899994, 8.604350721699999 ], [ 76.974378914499994, 8.604438205899999 ], [ 76.974378857700003, 8.604438270399999 ], [ 76.974233043699996, 8.604603793700001 ], [ 76.974233037199994, 8.604603801 ], [ 76.974216429600006, 8.6046226534 ], [ 76.974152454399999, 8.604695276 ], [ 76.974122738, 8.604729009 ], [ 76.974119637100003, 8.6047325291 ], [ 76.974040618700002, 8.604835977700001 ], [ 76.974049646400005, 8.6048913777 ], [ 76.974055257, 8.604925808300001 ], [ 76.974133437, 8.6052711716 ], [ 76.974134156900007, 8.6052743517 ], [ 76.974116123900004, 8.605353802 ], [ 76.974111643699999, 8.605373541100001 ], [ 76.974111048699996, 8.6054465462 ], [ 76.974104055699996, 8.6054553301 ], [ 76.974088703, 8.6054746144 ], [ 76.974088587099999, 8.6054751249 ], [ 76.974076501200003, 8.6055283734 ], [ 76.974072891099993, 8.6055442792 ], [ 76.974072478899998, 8.605544653400001 ], [ 76.974042311800005, 8.6055720435 ], [ 76.974042311299996, 8.605572043900001 ], [ 76.9739932584, 8.6056165812 ], [ 76.9739466093, 8.605658936 ], [ 76.9739466093, 8.605658936 ], [ 76.973929834200007, 8.6056741668 ], [ 76.973894188100004, 8.605718941299999 ], [ 76.973878262300005, 8.6057209912 ], [ 76.973876485800005, 8.6057226042 ], [ 76.973811451200007, 8.605729590899999 ], [ 76.973685175699998, 8.605745844599999 ], [ 76.973298060800005, 8.6056452703 ], [ 76.973296548600004, 8.6056449703 ], [ 76.973295970199999, 8.6056447272 ], [ 76.973285914900003, 8.6056421148 ], [ 76.973248579900002, 8.6056596535 ], [ 76.973184705400001, 8.605689659499999 ], [ 76.973172920300001, 8.605696422599999 ], [ 76.973007602899997, 8.605791291799999 ], [ 76.972967371799996, 8.605826497700001 ], [ 76.972923643399994, 8.6058647642 ], [ 76.972886200600001, 8.6058975302 ], [ 76.972880657199994, 8.6059023812 ], [ 76.9728191353, 8.605956218699999 ], [ 76.972811742, 8.6059626885 ], [ 76.972793533599997, 8.6059742168 ], [ 76.972663006100007, 8.606056857800001 ], [ 76.9725590834, 8.6061226546 ], [ 76.972489487399997, 8.606166718 ], [ 76.972300075700005, 8.606452424800001 ], [ 76.971957738699999, 8.6065782476 ], [ 76.971927516400001, 8.6065663513 ], [ 76.971770697300002, 8.606504623 ], [ 76.971750484599994, 8.6064994849 ], [ 76.971694931100004, 8.606485362900001 ], [ 76.971676678600005, 8.606480723 ], [ 76.971674076599996, 8.606480061599999 ], [ 76.971493611499994, 8.6065413884 ], [ 76.971421491699999, 8.606565896599999 ], [ 76.971398216899999, 8.606573806 ], [ 76.971219245399993, 8.606662009900001 ], [ 76.971082761600002, 8.6068518068 ], [ 76.971026613, 8.606929888 ], [ 76.970983481700003, 8.6071063441 ], [ 76.970900650700003, 8.6074452173 ], [ 76.970277385100005, 8.6071890237 ], [ 76.970263458600002, 8.6071844313 ], [ 76.970178386200004, 8.6071537284 ], [ 76.970178384, 8.607153728 ], [ 76.9700384848, 8.6071293188 ], [ 76.969873492600001, 8.6071149798 ], [ 76.969853792400002, 8.6071161115 ], [ 76.969848426599995, 8.6071128014 ], [ 76.969827743500005, 8.6071110039 ], [ 76.969817783099998, 8.607110138199999 ], [ 76.969317368099993, 8.6068333381 ], [ 76.969284071900006, 8.606799065700001 ], [ 76.969227831400005, 8.6067411764 ], [ 76.969040997199997, 8.606738529899999 ], [ 76.969040997199997, 8.606738529899999 ], [ 76.969040985199996, 8.606738529699999 ], [ 76.968919325200005, 8.606736806400001 ], [ 76.96875825, 8.6067345247 ], [ 76.968712911200001, 8.606691295299999 ], [ 76.968712911200001, 8.606691295299999 ], [ 76.968615423900005, 8.6065983434 ], [ 76.968454375899995, 8.6064692737 ], [ 76.968194772800004, 8.6062122713 ], [ 76.968123351399996, 8.606161933699999 ], [ 76.96806691, 8.606122154 ], [ 76.96806078, 8.6061194809 ], [ 76.9680479158, 8.6061087669 ], [ 76.967939462399997, 8.6060323291 ], [ 76.9679181379, 8.606019949 ], [ 76.967852105600002, 8.6060181917 ], [ 76.967834634200003, 8.6060208675 ], [ 76.967834634200003, 8.6060208675 ], [ 76.967826963600004, 8.6060175227 ], [ 76.967789919200001, 8.6060165369 ], [ 76.967674216800006, 8.6060134578 ], [ 76.967626600700001, 8.606014806399999 ], [ 76.967397419700006, 8.6060212971 ], [ 76.9671110054, 8.6060873189 ], [ 76.966764500500005, 8.606122125300001 ], [ 76.966608784200005, 8.6059822679 ], [ 76.966340131, 8.605838497300001 ], [ 76.966206471500001, 8.605853039299999 ], [ 76.966145717200007, 8.605859649299999 ], [ 76.966061267900002, 8.605813147599999 ], [ 76.965875479499999, 8.605710843600001 ], [ 76.965585211700002, 8.605551632699999 ], [ 76.965298754800003, 8.605531988499999 ], [ 76.965174202200004, 8.6055234471 ], [ 76.965150812900006, 8.6055091598 ], [ 76.965035914500007, 8.6054389743 ], [ 76.964825095500004, 8.6051516484 ], [ 76.9648122599, 8.6051341547 ], [ 76.964801205599997, 8.6051190888 ], [ 76.9648008578, 8.605117415400001 ], [ 76.964659126300006, 8.605116423 ], [ 76.964656166599994, 8.6051160803 ], [ 76.964481877500006, 8.605114632699999 ], [ 76.964142045700001, 8.605185606599999 ], [ 76.963956842900004, 8.6053748415 ], [ 76.9635444173, 8.605943823100001 ], [ 76.963027478300006, 8.606118783399999 ], [ 76.962909955, 8.6061549378 ], [ 76.96272178, 8.606259679900001 ], [ 76.962717244, 8.606278827600001 ], [ 76.962712087699998, 8.6063948587 ], [ 76.962709029199999, 8.606463682399999 ], [ 76.962730239, 8.6065203871 ], [ 76.962755339200001, 8.606587492899999 ], [ 76.962782174, 8.6066500193 ], [ 76.962791399500006, 8.6066715153 ], [ 76.962806411900004, 8.606722894800001 ], [ 76.962807936600001, 8.606728113 ], [ 76.962810564199998, 8.606735137899999 ], [ 76.962895475, 8.606987570399999 ], [ 76.962927303800001, 8.6070821948 ], [ 76.962971233, 8.607144380099999 ], [ 76.963085374100004, 8.607305955799999 ], [ 76.963103641299995, 8.607328432099999 ], [ 76.963113679100005, 8.6073407829 ], [ 76.963270954099997, 8.607348315199999 ], [ 76.963284202899999, 8.6073489497 ], [ 76.96395405, 8.607355391 ], [ 76.963954931499998, 8.607355399499999 ], [ 76.963954853399997, 8.6073556253 ], [ 76.963942796, 8.607390494600001 ], [ 76.963964811899999, 8.6073921435 ], [ 76.963936868900007, 8.607461542 ], [ 76.9638048658, 8.6077893815 ], [ 76.963764358600002, 8.607906526 ], [ 76.963763741099996, 8.607909259099999 ], [ 76.963763741099996, 8.607909259099999 ], [ 76.963622361800006, 8.608535056899999 ], [ 76.963568563199999, 8.608773189200001 ], [ 76.963567251200004, 8.6087789964 ], [ 76.963384412799996, 8.6096163573 ], [ 76.963377406600003, 8.6096193177 ], [ 76.963376119499998, 8.609625014600001 ], [ 76.963396125399996, 8.609705330900001 ], [ 76.963410866700002, 8.6097645117 ], [ 76.963442161200007, 8.6098901473 ], [ 76.963475032399998, 8.610022112799999 ], [ 76.963478935599994, 8.610037782299999 ], [ 76.963743795799999, 8.610122282200001 ], [ 76.9639879092, 8.6100691977 ], [ 76.964247169499998, 8.6100131018 ], [ 76.964323323599999, 8.609996624300001 ], [ 76.964365611700003, 8.6099896621 ], [ 76.964659724100002, 8.609941239699999 ], [ 76.964772292500001, 8.609927174599999 ], [ 76.964784161799997, 8.609925691500001 ], [ 76.964826855599995, 8.609920357 ], [ 76.964851223500006, 8.6099173123 ], [ 76.964851792600001, 8.6099181191 ], [ 76.965010917300006, 8.610143685600001 ], [ 76.965013603399996, 8.6101438955 ], [ 76.965072482400004, 8.610148496 ], [ 76.965146016199995, 8.6101542415 ], [ 76.965146948, 8.610154314300001 ], [ 76.965152763899994, 8.6101522395 ], [ 76.965221255800003, 8.610127804399999 ], [ 76.9653992665, 8.610064297599999 ], [ 76.965489675200004, 8.6100320434 ], [ 76.965494473700005, 8.610030331500001 ], [ 76.965496547100003, 8.610030093900001 ], [ 76.965739330700004, 8.6100022663 ], [ 76.965749935199995, 8.610001050899999 ], [ 76.965791089899994, 8.6099963338 ], [ 76.965871731600004, 8.609987090700001 ], [ 76.965872806899995, 8.6099873236 ], [ 76.965923770200007, 8.609998363700001 ], [ 76.965932753299995, 8.6100003097 ], [ 76.9660744591, 8.6100310071 ], [ 76.966085974400002, 8.610049907500001 ], [ 76.966203935699994, 8.610243520899999 ], [ 76.966299733400007, 8.610359419 ], [ 76.966382781199997, 8.6104598919 ], [ 76.9665647466, 8.610594362400001 ], [ 76.966738319, 8.610640951500001 ], [ 76.966790425599996, 8.6106720096 ], [ 76.966810800700003, 8.610684154199999 ], [ 76.966826813899999, 8.6106936989 ], [ 76.966830324499995, 8.6106957914 ], [ 76.9668311139, 8.610696261899999 ], [ 76.966833155399996, 8.610697478700001 ], [ 76.966833256100003, 8.610698081900001 ], [ 76.966860380699998, 8.6108605072 ], [ 76.966899790100001, 8.6109147761 ], [ 76.966906111100002, 8.6109234804 ], [ 76.966994790300006, 8.6110455965 ], [ 76.967008321099996, 8.6110642291 ], [ 76.967038031300007, 8.6110539662 ], [ 76.967156468200002, 8.611013054300001 ], [ 76.967173476400006, 8.6110071791 ], [ 76.967228513199998, 8.6109678781 ], [ 76.967321895300003, 8.6109011952 ], [ 76.967328530499998, 8.610896457 ], [ 76.967425628699999, 8.6108271205 ], [ 76.967429385700001, 8.6108270432 ], [ 76.967468628099994, 8.610826235699999 ], [ 76.967469670599996, 8.610826214299999 ], [ 76.967563919, 8.610824275100001 ], [ 76.967694727899996, 8.6108215836 ], [ 76.967905519599995, 8.610790984399999 ], [ 76.967942026700001, 8.6107856849 ], [ 76.968039998699993, 8.610771463 ], [ 76.968043394899993, 8.61077097 ], [ 76.968076858, 8.610752718600001 ], [ 76.968116164500003, 8.6107312802 ], [ 76.968338779700005, 8.6106098621 ], [ 76.968338619500003, 8.610611286699999 ], [ 76.968317835400001, 8.6107960525 ], [ 76.968310940699993, 8.610857345099999 ], [ 76.968305913699993, 8.6109020343 ], [ 76.968297343299994, 8.611257247499999 ], [ 76.968287710300004, 8.6113006862 ], [ 76.968287356600001, 8.6113022813 ], [ 76.9682833257, 8.6113204585 ], [ 76.968229165400004, 8.6115646895 ], [ 76.968230766700003, 8.6115925997 ], [ 76.968245124800006, 8.611842855100001 ], [ 76.968246061499997, 8.6118591814 ], [ 76.968296368500006, 8.612005695300001 ], [ 76.968352818900001, 8.6121701009 ], [ 76.968359411700007, 8.612185666 ], [ 76.968491547300005, 8.612497628 ], [ 76.968498099800001, 8.6125893003 ], [ 76.968507704100006, 8.612723667499999 ], [ 76.968509144, 8.6127438121 ], [ 76.968510107100002, 8.612757286700001 ], [ 76.9685108937, 8.6127682921 ], [ 76.968512507499995, 8.612790868899999 ], [ 76.968480269200001, 8.61288165 ], [ 76.968433806199997, 8.613012486700001 ], [ 76.968386003099994, 8.613147097300001 ], [ 76.968368179500004, 8.6131972875 ], [ 76.9685207287, 8.613639555800001 ], [ 76.9685234767, 8.6136430655 ], [ 76.968583317699995, 8.6137194926 ], [ 76.968694877499999, 8.613861973200001 ], [ 76.968707049399995, 8.613877518900001 ], [ 76.968803354599999, 8.6140229811 ], [ 76.968803363399999, 8.614022994500001 ], [ 76.969004870099994, 8.6143273558 ], [ 76.969005224, 8.6143278903 ], [ 76.9690188079, 8.6143224142 ], [ 76.96906795, 8.614302603800001 ], [ 76.969930828, 8.6139547535 ], [ 76.970085699, 8.6138923204 ], [ 76.9701342778, 8.613879173500001 ], [ 76.970705464900007, 8.6137245917 ], [ 76.9711897384, 8.6136246444 ], [ 76.971196616200004, 8.6136232249 ], [ 76.971271665900005, 8.6136077356 ], [ 76.9716966652, 8.613373809200001 ], [ 76.972065208900005, 8.6129762398 ], [ 76.972071748600001, 8.612969185 ], [ 76.972090137, 8.6129507177 ], [ 76.972099874500003, 8.6129409384 ], [ 76.972113583300001, 8.612927170800001 ], [ 76.972114479200002, 8.6129284495 ], [ 76.972115318700006, 8.612929102 ], [ 76.972183556199994, 8.612876463299999 ], [ 76.972194562300004, 8.6128679731 ], [ 76.972369849200007, 8.612730639500001 ], [ 76.972369849299994, 8.612730639500001 ], [ 76.972388402799993, 8.6127161032 ], [ 76.9724254992, 8.6126957293 ], [ 76.972424796200002, 8.612695067 ], [ 76.972467509500007, 8.612672656699999 ], [ 76.972873946799993, 8.6124594117 ], [ 76.9730994345, 8.612326069 ], [ 76.973125056399994, 8.6123109174 ], [ 76.973167288, 8.6122859436 ], [ 76.973418433399999, 8.6121374279 ], [ 76.973676888900002, 8.611976415399999 ], [ 76.973853393599995, 8.6118664564 ], [ 76.974071605700004, 8.6117305143 ], [ 76.974091307500004, 8.611713766499999 ], [ 76.974134467599995, 8.611691495600001 ], [ 76.974193669900004, 8.6116429295 ], [ 76.974350995099996, 8.611493014400001 ], [ 76.974402729600001, 8.6114490365 ], [ 76.9746222088, 8.611262463899999 ], [ 76.974579061599997, 8.610951865100001 ], [ 76.974578730399998, 8.6109494813 ], [ 76.974576590400005, 8.6109340765 ], [ 76.974583777500001, 8.610873516 ], [ 76.974574953, 8.6107910974 ], [ 76.974569433100001, 8.6107643265 ], [ 76.974568798700005, 8.610733617199999 ], [ 76.974544149, 8.6105033939 ], [ 76.9745303009, 8.6103904818 ], [ 76.974502021700005, 8.6101685847 ], [ 76.974500958600004, 8.610168459700001 ], [ 76.974498925700004, 8.610144291699999 ], [ 76.974487318499996, 8.6100062992 ], [ 76.974528446799994, 8.609919056300001 ], [ 76.974713153300002, 8.6096395392 ], [ 76.9747883032, 8.6095258144 ], [ 76.974782947400001, 8.609512881300001 ], [ 76.974788574, 8.609504451199999 ], [ 76.974793840499999, 8.6094965605 ], [ 76.974718381100004, 8.6093569667 ], [ 76.974680286799995, 8.609286495199999 ], [ 76.974677104, 8.609286364900001 ], [ 76.974674638500005, 8.6092760464 ], [ 76.974662210600002, 8.6092240328 ], [ 76.974643258, 8.609144711700001 ], [ 76.974571190500001, 8.6089156972 ], [ 76.974549368699996, 8.608846352300001 ], [ 76.974548702199996, 8.608844234 ], [ 76.974563778800004, 8.6087354205 ], [ 76.9745801806, 8.608617043300001 ], [ 76.974600677799998, 8.608469107399999 ], [ 76.974618755799995, 8.608338632300001 ], [ 76.974694600700005, 8.6083338407 ], [ 76.9746952948, 8.6083337969 ], [ 76.974955793399999, 8.608317339599999 ], [ 76.974965474499996, 8.6083130948 ], [ 76.975003898899999, 8.608296247 ], [ 76.975019797900003, 8.6082959915 ], [ 76.975079862800001, 8.6082760394 ], [ 76.975768667, 8.6080133894 ], [ 76.975768667500006, 8.6080133892 ], [ 76.975768667500006, 8.6080133892 ], [ 76.9757877686, 8.608006105699999 ], [ 76.975924699199993, 8.6079886819 ], [ 76.976069737800003, 8.607965715300001 ], [ 76.976150017600006, 8.607960011099999 ], [ 76.976316394199998, 8.6079481894 ], [ 76.976456864599996, 8.6079382084 ], [ 76.976542838499995, 8.607932099499999 ], [ 76.976714654199995, 8.607858627100001 ], [ 76.976742495099998, 8.6078467217 ], [ 76.976743315099995, 8.607850038300001 ], [ 76.977177992400001, 8.6077197794 ], [ 76.977212643900003, 8.607465106099999 ], [ 76.977212645, 8.6074650978 ], [ 76.977216053099994, 8.607347061500001 ], [ 76.977165109, 8.6071975501 ], [ 76.977160805500006, 8.6071669 ], [ 76.977102872399996, 8.606817808400001 ], [ 76.977107828699999, 8.6067895879 ], [ 76.977128733200004, 8.6066705606 ], [ 76.977136197099995, 8.6066280622 ], [ 76.977142014799995, 8.606594936800001 ], [ 76.97713118, 8.606605351600001 ], [ 76.977129035900006, 8.606607412500001 ], [ 76.977113624899999, 8.6066060302 ], [ 76.976694566500001, 8.6065684406 ], [ 76.976539412600005, 8.6065901456 ], [ 76.976539412400001, 8.6065901456 ], [ 76.976451316600006, 8.6066024695 ], [ 76.976100515499994, 8.6066551452 ], [ 76.976092930600004, 8.6066562841 ], [ 76.976076159, 8.6066588025 ], [ 76.976059942500001, 8.606643096499999 ], [ 76.975962574500002, 8.6065487939 ], [ 76.975962565399996, 8.606548785 ], [ 76.975674320899998, 8.6062696149 ], [ 76.975671148900005, 8.6062632308 ], [ 76.975659267400005, 8.606239318 ], [ 76.975599748299999, 8.606119529500001 ], [ 76.975493385899995, 8.605905463499999 ], [ 76.975488827500001, 8.6058962892 ], [ 76.975463724099995, 8.6058457658 ], [ 76.975455552, 8.6058293184 ], [ 76.975450057900005, 8.6058182609 ], [ 76.975450145400004, 8.6058175134 ], [ 76.975451560799996, 8.6058054244 ], [ 76.975451793399998, 8.605803437700001 ], [ 76.975452626700005, 8.6057963208 ], [ 76.975458203499997, 8.60574869 ], [ 76.975459986900006, 8.6057334584 ], [ 76.975463220799995, 8.6057058383 ], [ 76.975481543599997, 8.6055493461 ], [ 76.975482031300004, 8.6055451805 ], [ 76.975493977, 8.6054431541 ], [ 76.975509934399994, 8.605306864599999 ], [ 76.975518529699997, 8.6052334536 ], [ 76.975519183800003, 8.6052278666 ], [ 76.975514397400005, 8.605210726499999 ], [ 76.975495076300007, 8.6051415384 ], [ 76.975492368499999, 8.6051318416 ], [ 76.975454368100003, 8.6049957633 ], [ 76.975412626500002, 8.604893452100001 ], [ 76.9754072498, 8.604880273499999 ], [ 76.975409354500002, 8.6048795512 ], [ 76.975395988900004, 8.6048227674 ], [ 76.975381308300001, 8.604773664 ], [ 76.975381308199999, 8.6047736639 ], [ 76.975333977899993, 8.604700679800001 ], [ 76.975333977899993, 8.604700679800001 ], [ 76.9753277035, 8.6046853009 ], [ 76.975274589099996, 8.6045551141 ], [ 76.975231581700001, 8.604535416399999 ], [ 76.975185204100001, 8.6045141751 ], [ 76.975180127900003, 8.6045118501 ], [ 76.975158567400001, 8.6045019752 ], [ 76.975160015100002, 8.6044983505 ], [ 76.975028618300001, 8.6044101569 ], [ 76.975028160299999, 8.604410962299999 ], [ 76.975025876299995, 8.604408316500001 ] ] ] ] } },
{ "type": "Feature", "properties": { "gml_parent": null, "gml_pare_1": "featureMembers", "gml_id": "Thiruvanathapuram_Editor.fid--715e5034_19246a0be1c_-26d5", "geom": null, "District": "Thiruvanathapuram", "LSGD": "Nedumangad", "Ward_Name": "POONKUMOODU", "Ward_No": 40, "Lsgd_Type": "Municipality", "Created_Da": "2024/10/17 07:21:47.960", "Surveyor": "Jeevan P", "Mob_No": null, "Remarks": null, "_distLsgd": "Thiruvanathapuram_Nedumangad", "OBJECTID": 439, "_result": "Thiruvanathapuram_Nedumangad", "_ulid": "01JBBD70X170A88TT77VY8PM1H", "_distLsgd2": "Thiruvanathapuram_Nedumangad" }, "geometry": { "type": "MultiPolygon", "coordinates": [ [ [ [ 76.962801374500003, 8.6097355104 ], [ 76.963016508699994, 8.609726504599999 ], [ 76.963135515199994, 8.609721522799999 ], [ 76.963377406600003, 8.6096193177 ], [ 76.963384412799996, 8.6096163573 ], [ 76.963567251200004, 8.6087789964 ], [ 76.963568525200003, 8.6087731618 ], [ 76.963568563199999, 8.608773189200001 ], [ 76.963622361800006, 8.608535056899999 ], [ 76.963622361899994, 8.608535056399999 ], [ 76.963763741099996, 8.607909259099999 ], [ 76.963763741099996, 8.607909259099999 ], [ 76.963764358600002, 8.607906526 ], [ 76.9638048658, 8.6077893815 ], [ 76.963936868900007, 8.607461542 ], [ 76.963964811899999, 8.6073921435 ], [ 76.963942796, 8.607390494600001 ], [ 76.963954853399997, 8.6073556253 ], [ 76.96395405, 8.607355391 ], [ 76.963284202899999, 8.6073489497 ], [ 76.963270954099997, 8.607348315199999 ], [ 76.963113679100005, 8.6073407829 ], [ 76.963113239099997, 8.6073407618 ], [ 76.963103641299995, 8.607328432099999 ], [ 76.963085374100004, 8.607305955799999 ], [ 76.962971233, 8.607144380099999 ], [ 76.962927303800001, 8.6070821948 ], [ 76.962895475, 8.606987570399999 ], [ 76.962810564199998, 8.606735137899999 ], [ 76.962807936600001, 8.606728113 ], [ 76.962807537299994, 8.6067270453 ], [ 76.962806411900004, 8.606722894800001 ], [ 76.962791399500006, 8.6066715153 ], [ 76.962782174, 8.6066500193 ], [ 76.96276138, 8.6066036433 ], [ 76.962755339200001, 8.606587492899999 ], [ 76.962730239, 8.6065203871 ], [ 76.962709029199999, 8.606463682399999 ], [ 76.962712087699998, 8.6063948587 ], [ 76.962717244, 8.606278827600001 ], [ 76.96272178, 8.606259679900001 ], [ 76.962909955, 8.6061549378 ], [ 76.963027478300006, 8.606118783399999 ], [ 76.9635444173, 8.605943823100001 ], [ 76.963956842900004, 8.6053748415 ], [ 76.964142045700001, 8.605185606599999 ], [ 76.964481877500006, 8.605114632699999 ], [ 76.964656166599994, 8.6051160803 ], [ 76.96480083, 8.6051172819 ], [ 76.964825796300005, 8.6051174892 ], [ 76.964934784099995, 8.6046559761 ], [ 76.964953849799997, 8.6044327217 ], [ 76.964665964299996, 8.604303896899999 ], [ 76.964522294299996, 8.6040220113 ], [ 76.964394025199994, 8.603679079200001 ], [ 76.964392404199998, 8.603674745299999 ], [ 76.964393892199993, 8.603668701 ], [ 76.96451907, 8.603160238 ], [ 76.964632934500003, 8.602867058299999 ], [ 76.964692369299996, 8.6025974165 ], [ 76.964670785099997, 8.6023323188 ], [ 76.964586557900006, 8.6020864924 ], [ 76.964292825200005, 8.6019390852 ], [ 76.964247419, 8.601923572800001 ], [ 76.964187356799997, 8.601903053299999 ], [ 76.963835761, 8.601782934699999 ], [ 76.963685700200003, 8.6017235571 ], [ 76.963680389199993, 8.6017214556 ], [ 76.963680341499995, 8.6017214367 ], [ 76.963680341400007, 8.6017214367 ], [ 76.963676233, 8.601719811 ], [ 76.963669021399994, 8.6017148703 ], [ 76.963630965, 8.6016887974 ], [ 76.963630631499996, 8.6016885689 ], [ 76.963537131300001, 8.601624510800001 ], [ 76.963443304799995, 8.601506651399999 ], [ 76.963394045300006, 8.6013362425 ], [ 76.963439845300002, 8.601093435199999 ], [ 76.963531893600006, 8.6008450307 ], [ 76.963528352500006, 8.6006950801 ], [ 76.963478298200002, 8.6005637542 ], [ 76.963472589199995, 8.6005576219 ], [ 76.963461689400006, 8.6005459136 ], [ 76.963416152799994, 8.600496999800001 ], [ 76.963405046099993, 8.600485069299999 ], [ 76.963359622799999, 8.6004362772 ], [ 76.963312378300003, 8.600396524800001 ], [ 76.963307873900007, 8.6003927347 ], [ 76.963281828099994, 8.6003708193 ], [ 76.9632064181, 8.600307367799999 ], [ 76.963175597499998, 8.600281434699999 ], [ 76.963162391300003, 8.600267307199999 ], [ 76.963078134699998, 8.6001771722 ], [ 76.962993516599994, 8.6000866505 ], [ 76.962978217900002, 8.600070284399999 ], [ 76.962978081800003, 8.600068910799999 ], [ 76.962976739300004, 8.6000553573 ], [ 76.962976334399997, 8.600051269 ], [ 76.962966188300001, 8.599948837499999 ], [ 76.962983840500002, 8.599863450799999 ], [ 76.962985890599995, 8.599853533899999 ], [ 76.963010844099998, 8.599732829100001 ], [ 76.9630509813, 8.5995386775 ], [ 76.963052202699998, 8.599518720900001 ], [ 76.963052812499996, 8.599508757500001 ], [ 76.963042262, 8.599435940499999 ], [ 76.963011882100005, 8.5992262649 ], [ 76.962987099, 8.5990552177 ], [ 76.962988104499999, 8.5990354197 ], [ 76.963024194499994, 8.5983247739 ], [ 76.963025207800001, 8.598304820799999 ], [ 76.962861863599997, 8.598504075099999 ], [ 76.962647995599994, 8.598509012699999 ], [ 76.962349179900002, 8.598439391599999 ], [ 76.962157485500001, 8.598118661399999 ], [ 76.961846958099997, 8.597730933199999 ], [ 76.961613253500005, 8.597609526799999 ], [ 76.961359041099996, 8.5976670224 ], [ 76.961116288900001, 8.597783125599999 ], [ 76.960943276400002, 8.5977880257 ], [ 76.960921485499995, 8.5975186599 ], [ 76.9609777366, 8.5971783469 ], [ 76.961114139800003, 8.597025908 ], [ 76.961051287499998, 8.5967503471 ], [ 76.960769197299996, 8.596270927699999 ], [ 76.960514668499997, 8.5960307427 ], [ 76.960153306, 8.595905995700001 ], [ 76.9600399407, 8.5958111169 ], [ 76.959837860799993, 8.5954722245 ], [ 76.959600977400001, 8.595250202300001 ], [ 76.959287718599995, 8.595240411400001 ], [ 76.959092657799999, 8.5952650331 ], [ 76.958571960599997, 8.595742270400001 ], [ 76.958097171, 8.5960174115 ], [ 76.957856228099999, 8.5959957452 ], [ 76.957651268800007, 8.5958831828 ], [ 76.957182144, 8.595931715300001 ], [ 76.956915848600005, 8.595957761399999 ], [ 76.956683906199999, 8.5960929779 ], [ 76.956357385, 8.596504238 ], [ 76.956357896399993, 8.596529526499999 ], [ 76.956355333199994, 8.5965686486 ], [ 76.956344276300001, 8.5966427368 ], [ 76.956333881500001, 8.5968791802 ], [ 76.956325579, 8.5970562105 ], [ 76.956433085599997, 8.5972884187 ], [ 76.956493622500005, 8.5976331019 ], [ 76.956512184299996, 8.5978944658 ], [ 76.956521510200005, 8.598165592799999 ], [ 76.956542256800006, 8.598509962 ], [ 76.956536457, 8.598825658 ], [ 76.956379324, 8.599126155 ], [ 76.956093606, 8.599425449 ], [ 76.955886446799994, 8.5997544832 ], [ 76.955868729499997, 8.599922217 ], [ 76.955678370300006, 8.600114366 ], [ 76.955554736500005, 8.6002769602 ], [ 76.955583165799993, 8.600669549499999 ], [ 76.955594975099999, 8.6008599652 ], [ 76.955611818700007, 8.601025613 ], [ 76.955630145499995, 8.601267865100001 ], [ 76.955677358100004, 8.6013944452 ], [ 76.955762522300006, 8.6016281258 ], [ 76.955822944299996, 8.6018349205 ], [ 76.955992707199997, 8.602856364399999 ], [ 76.956233785199998, 8.6031422738 ], [ 76.956505003800004, 8.603462095199999 ], [ 76.956722066200001, 8.6037247121 ], [ 76.957242978099998, 8.6042978016 ], [ 76.957582233500005, 8.605151748200001 ], [ 76.957777000099995, 8.605389456399999 ], [ 76.95781713, 8.605576982600001 ], [ 76.958443585099999, 8.6064947331 ], [ 76.958458174699999, 8.6068654584 ], [ 76.958586090400004, 8.6071057652 ], [ 76.958404625599997, 8.6076261064 ], [ 76.958491031299999, 8.6080285497 ], [ 76.958922802199993, 8.6077783218 ], [ 76.958880547099994, 8.6085202069 ], [ 76.95859657, 8.6085199496 ], [ 76.958718656599999, 8.6087869399 ], [ 76.958821574500007, 8.6088154765 ], [ 76.959039162, 8.609392230399999 ], [ 76.959122728, 8.609605805699999 ], [ 76.959997169499999, 8.609561039500001 ], [ 76.960199919600001, 8.6106381491 ], [ 76.960200138800005, 8.610638081699999 ], [ 76.960201547699995, 8.610637648200001 ], [ 76.960320367600005, 8.6106010954 ], [ 76.960419512300007, 8.6105705953 ], [ 76.960423658500005, 8.6105693198 ], [ 76.960543801399993, 8.610532359900001 ], [ 76.961083342400002, 8.6096980926 ], [ 76.961143072699997, 8.609605734100001 ], [ 76.961171047, 8.609562478699999 ], [ 76.961172232699994, 8.6095619569 ], [ 76.961483935800004, 8.6094247878 ], [ 76.961565935600007, 8.609242759500001 ], [ 76.961616778899995, 8.609129894100001 ], [ 76.9616324526, 8.609095100699999 ], [ 76.961635064600003, 8.609089302299999 ], [ 76.961681235200004, 8.609176976700001 ], [ 76.961684197500006, 8.609182601700001 ], [ 76.961684197500006, 8.609182601700001 ], [ 76.961832562, 8.6094643341 ], [ 76.961832700399995, 8.609464596900001 ], [ 76.961838625799999, 8.6094662852 ], [ 76.9618478724, 8.609468919699999 ], [ 76.962136784099997, 8.6095512369 ], [ 76.962226163799997, 8.609576703 ], [ 76.962311316899999, 8.6096061199 ], [ 76.962349803, 8.6096191043 ], [ 76.962349803500004, 8.6096191044 ], [ 76.962597659899998, 8.6096826945 ], [ 76.962597650800006, 8.609682547 ], [ 76.962602767099995, 8.6096840048 ], [ 76.962785824500003, 8.609736161300001 ], [ 76.962801374500003, 8.6097355104 ] ] ] ] } },
{ "type": "Feature", "properties": { "gml_parent": null, "gml_pare_1": "featureMembers", "gml_id": "Thiruvanathapuram_Editor.fid--715e5034_19246a0be1c_-2e71", "geom": null, "District": "Thiruvanathapuram", "LSGD": "Nedumangad", "Ward_Name": "ARASUPARAMBU", "Ward_No": 36, "Lsgd_Type": "Municipality", "Created_Da": "2024/10/17 04:36:26.517", "Surveyor": "MJBISIRI", "Mob_No": null, "Remarks": null, "_distLsgd": "Thiruvanathapuram_Nedumangad", "OBJECTID": 439, "_result": "Thiruvanathapuram_Nedumangad", "_ulid": "01JBBD70X170A88TT77VY8PM1H", "_distLsgd2": "Thiruvanathapuram_Nedumangad" }, "geometry": { "type": "MultiPolygon", "coordinates": [ [ [ [ 76.990853377199997, 8.5973144804 ], [ 76.990853377099995, 8.5973144804 ], [ 76.990805429800005, 8.597346651600001 ], [ 76.990805428300007, 8.597346653300001 ], [ 76.990805427, 8.597346654600001 ], [ 76.990805425100007, 8.597346656699999 ], [ 76.990805423699996, 8.597346658099999 ], [ 76.990805423699996, 8.597346658099999 ], [ 76.990667807700007, 8.5974928301 ], [ 76.990667807600005, 8.5974928302 ], [ 76.990575289399999, 8.597599948199999 ], [ 76.990575289099993, 8.597599948499999 ], [ 76.990575289, 8.597599948699999 ], [ 76.990457965499999, 8.597777648199999 ], [ 76.990358711799999, 8.597932804 ], [ 76.990267903800003, 8.597781852900001 ], [ 76.990066427100004, 8.597857728399999 ], [ 76.990066425899997, 8.597857728899999 ], [ 76.989849634899997, 8.5980137758 ], [ 76.989367245899999, 8.598047949 ], [ 76.989262335399999, 8.598060571 ], [ 76.989047302, 8.598086442 ], [ 76.989045819200001, 8.598087054500001 ], [ 76.988966261599998, 8.5981199177 ], [ 76.988808491499995, 8.598185088599999 ], [ 76.988736993, 8.5982339405 ], [ 76.988643616700003, 8.5982977407 ], [ 76.988616851800003, 8.598316028 ], [ 76.988572101399996, 8.5983514149 ], [ 76.988456866099995, 8.598442538400001 ], [ 76.9884556218, 8.59844405 ], [ 76.988263609100002, 8.598677304100001 ], [ 76.988258196700002, 8.598683879 ], [ 76.988256227099995, 8.5986864365 ], [ 76.987894949500003, 8.598803505399999 ], [ 76.987891964400006, 8.5988026498 ], [ 76.987605876399996, 8.598722368500001 ], [ 76.987481239299996, 8.5987148718 ], [ 76.987124364699994, 8.598694522500001 ], [ 76.986973263199999, 8.5988268074 ], [ 76.986973262199996, 8.5988268052 ], [ 76.986296003899994, 8.597374181 ], [ 76.986298298700007, 8.597371319500001 ], [ 76.986595072699998, 8.5969929429 ], [ 76.987023513799997, 8.596446693900001 ], [ 76.987024387700004, 8.5963928438 ], [ 76.987022436399997, 8.596354852099999 ], [ 76.987022436399997, 8.596354852099999 ], [ 76.987019141100006, 8.5962906922 ], [ 76.987005260900006, 8.5960204369 ], [ 76.987003050799999, 8.595977405899999 ], [ 76.986994871600004, 8.5959100434 ], [ 76.986979548799994, 8.5958094614 ], [ 76.986617175899994, 8.595705539 ], [ 76.986421918, 8.595311433499999 ], [ 76.986349400199998, 8.5949386958 ], [ 76.986355712899993, 8.594922888599999 ], [ 76.986355876499999, 8.594922479 ], [ 76.986419961799996, 8.594762007 ], [ 76.986451344800003, 8.594683422799999 ], [ 76.986453203899998, 8.5946787674 ], [ 76.986497006799993, 8.594626853299999 ], [ 76.986497008, 8.594626851899999 ], [ 76.986497011099999, 8.594626848200001 ], [ 76.986882892400004, 8.5941695111 ], [ 76.987098622900007, 8.5939138319 ], [ 76.986715553699995, 8.5940246073 ], [ 76.986715494400002, 8.5940244576 ], [ 76.986702529400006, 8.5940283736 ], [ 76.9867025291, 8.594028373700001 ], [ 76.986702528799995, 8.594028373800001 ], [ 76.986666986700001, 8.594039109300001 ], [ 76.986617621400001, 8.594071192299999 ], [ 76.986526457099998, 8.594137101 ], [ 76.986445227600001, 8.5942006411 ], [ 76.986445227600001, 8.5942006411 ], [ 76.986398003299996, 8.5942322585 ], [ 76.986168606700005, 8.5944044995 ], [ 76.986165703, 8.594396874399999 ], [ 76.986160054300001, 8.5943909528 ], [ 76.985446856099998, 8.5946036942 ], [ 76.984914454600002, 8.5946839022 ], [ 76.984911258699995, 8.594684383700001 ], [ 76.984897584500004, 8.594686443700001 ], [ 76.984850213399994, 8.5947484668 ], [ 76.984805497400004, 8.594810306599999 ], [ 76.984806663100002, 8.594811094200001 ], [ 76.984792672400005, 8.5948280429 ], [ 76.984662537700004, 8.595008012199999 ], [ 76.984507304299996, 8.5955590675 ], [ 76.984308209899993, 8.5964116267 ], [ 76.984302495500003, 8.596437117 ], [ 76.984008636300004, 8.5965848184 ], [ 76.983982660899997, 8.596599835399999 ], [ 76.983982249899995, 8.5965980808 ], [ 76.983973656700002, 8.5966024 ], [ 76.983947827700007, 8.596619973399999 ], [ 76.983943948100006, 8.596622613 ], [ 76.983941766300006, 8.5966234777 ], [ 76.983894279899999, 8.596642296800001 ], [ 76.983733774900003, 8.5967229706 ], [ 76.983707228699998, 8.596737296900001 ], [ 76.983698829399998, 8.596755681099999 ], [ 76.983695871099997, 8.596765636 ], [ 76.983693710500006, 8.596766885099999 ], [ 76.9834119426, 8.5973836127 ], [ 76.983152726399993, 8.597901091700001 ], [ 76.982884126499997, 8.598159169 ], [ 76.982903954799994, 8.5982625767 ], [ 76.982919167399999, 8.598327491599999 ], [ 76.982916428300001, 8.5983276274 ], [ 76.982863601800005, 8.5983302463 ], [ 76.982829770199999, 8.5983354464 ], [ 76.982829482599996, 8.5983357863 ], [ 76.982830838599995, 8.5983394143 ], [ 76.982825828399996, 8.5983401043 ], [ 76.982825828299994, 8.5983401044 ], [ 76.982680427600002, 8.5985161474 ], [ 76.982696740500003, 8.5985166181 ], [ 76.982696740700007, 8.5985166181 ], [ 76.982696740899996, 8.5985166182 ], [ 76.982859473199994, 8.598521314 ], [ 76.982863327600001, 8.5985248618 ], [ 76.982863327600001, 8.5985248618 ], [ 76.982947103300006, 8.598601974 ], [ 76.983018808799997, 8.5987195891 ], [ 76.983018808899999, 8.5987195892 ], [ 76.983018808899999, 8.5987195892 ], [ 76.983018808899999, 8.5987195892 ], [ 76.983018808899999, 8.5987195892 ], [ 76.983032957600003, 8.5987427966 ], [ 76.983029219900004, 8.598762734 ], [ 76.98302905, 8.5987636399 ], [ 76.983021185699997, 8.5988055896 ], [ 76.983019605699994, 8.598814017500001 ], [ 76.983010392699995, 8.598863160700001 ], [ 76.982973756600003, 8.598927292400001 ], [ 76.982970689, 8.598934871200001 ], [ 76.982974559799999, 8.5989643814 ], [ 76.982973341700003, 8.5990042962 ], [ 76.982974576900006, 8.5990366215 ], [ 76.982981208200002, 8.599043736400001 ], [ 76.982985447800004, 8.599047389100001 ], [ 76.983023815699994, 8.5990804457 ], [ 76.983023815899998, 8.5990804458 ], [ 76.983052769899999, 8.5991035636 ], [ 76.983072098, 8.599102068100001 ], [ 76.983149482900004, 8.599096080500001 ], [ 76.983149482900004, 8.599096080500001 ], [ 76.983242360099993, 8.599088894199999 ], [ 76.983274849799997, 8.5991068014 ], [ 76.98327485, 8.5991068014 ], [ 76.984540892200002, 8.5997925859 ], [ 76.984540892, 8.5997925909 ], [ 76.984540878399997, 8.5997929746 ], [ 76.984539392900004, 8.5998349761 ], [ 76.984539466599998, 8.5998355113 ], [ 76.984539289099999, 8.5998379096 ], [ 76.984535569599998, 8.599943076900001 ], [ 76.984549167500006, 8.599983072900001 ], [ 76.984561527500006, 8.599995612400001 ], [ 76.984617353700003, 8.600052249299999 ], [ 76.9846213788, 8.600056332699999 ], [ 76.9846589685, 8.6000837497 ], [ 76.984705913, 8.6000987562 ], [ 76.984705913100001, 8.6000987562 ], [ 76.984761474500004, 8.6001165173 ], [ 76.984780601799997, 8.6001196111 ], [ 76.984782356799997, 8.6001231926 ], [ 76.984785195, 8.6001240999 ], [ 76.984787750500004, 8.6001298432 ], [ 76.984808828, 8.600177212 ], [ 76.984862157199998, 8.6002860403 ], [ 76.984953788, 8.600459023100001 ], [ 76.984960459299998, 8.6004570777 ], [ 76.985088679499995, 8.600419687600001 ], [ 76.985255762899996, 8.6004078952 ], [ 76.985255763200001, 8.6004078952 ], [ 76.985255763500007, 8.6004078952 ], [ 76.9854211265, 8.600396224100001 ], [ 76.985773515299996, 8.600488368100001 ], [ 76.9857735179, 8.600488368700001 ], [ 76.985773520600006, 8.600488369500001 ], [ 76.985773520600006, 8.600488369500001 ], [ 76.985773520600006, 8.600488369500001 ], [ 76.985915202, 8.6005254168 ], [ 76.985921719399997, 8.600531093700001 ], [ 76.986172404, 8.6007494492 ], [ 76.986172448700003, 8.6007494882 ], [ 76.986181958700001, 8.600758323599999 ], [ 76.986311451, 8.600878631500001 ], [ 76.986325916300004, 8.600892070700001 ], [ 76.986343897599994, 8.600918632599999 ], [ 76.986451837900006, 8.6010517044 ], [ 76.986451838299999, 8.6010517049 ], [ 76.986496684599999, 8.601102034 ], [ 76.986496684599999, 8.6011020341 ], [ 76.9865698678, 8.6011187191 ], [ 76.986579636900004, 8.6011277953 ], [ 76.986598845200007, 8.6011456412 ], [ 76.986716641399994, 8.6011693192 ], [ 76.987059494, 8.6012382353 ], [ 76.987161947, 8.601258829100001 ], [ 76.987539478100004, 8.6012800693 ], [ 76.987857036099996, 8.6013330131 ], [ 76.987898449, 8.601339917500001 ], [ 76.988106566900001, 8.6016517851 ], [ 76.988108789, 8.601655115 ], [ 76.988133425800001, 8.601692033599999 ], [ 76.988137742099994, 8.6016985016 ], [ 76.988145272899999, 8.601768041 ], [ 76.988159904599996, 8.6019031502 ], [ 76.988162827699995, 8.601930142200001 ], [ 76.988185267399999, 8.6021373496 ], [ 76.988250218299996, 8.6022235715 ], [ 76.988383971700003, 8.6024011278 ], [ 76.9884479169, 8.6023980592 ], [ 76.9887220703, 8.602384903 ], [ 76.989371346799999, 8.602270763 ], [ 76.989579599, 8.602234152899999 ], [ 76.990231648, 8.601963166 ], [ 76.990721889100001, 8.6018196554 ], [ 76.991160141899996, 8.601495519 ], [ 76.991668877799995, 8.6014148129 ], [ 76.991669987, 8.6014089117 ], [ 76.991672186700001, 8.6013972086 ], [ 76.991675304500006, 8.601380620800001 ], [ 76.99168906, 8.601380992099999 ], [ 76.992000820300007, 8.601389409099999 ], [ 76.992022495900002, 8.6013899943 ], [ 76.992205726899996, 8.601394941100001 ], [ 76.992205727400005, 8.601394941100001 ], [ 76.992205727599995, 8.601394941100001 ], [ 76.992253388, 8.6013962278 ], [ 76.992297860600004, 8.601418214 ], [ 76.9925470684, 8.6015414164 ], [ 76.992652748899999, 8.601537859 ], [ 76.992805110299997, 8.6015146824 ], [ 76.992830044399994, 8.6015065257 ], [ 76.992831624199994, 8.6015060089 ], [ 76.992991438, 8.601453728899999 ], [ 76.993043554400003, 8.601411488 ], [ 76.993056202399998, 8.601401236699999 ], [ 76.993056203, 8.601401236199999 ], [ 76.993111901500001, 8.601356092 ], [ 76.993116770100002, 8.601353083399999 ], [ 76.993185544799999, 8.601308341699999 ], [ 76.993246223400007, 8.601111211499999 ], [ 76.993246223400007, 8.601111211399999 ], [ 76.993246223400007, 8.601111211399999 ], [ 76.993248789, 8.601102876500001 ], [ 76.993282935, 8.6009919444 ], [ 76.993334302400001, 8.6008250638 ], [ 76.993344885200003, 8.6008155474 ], [ 76.993344885200003, 8.6008155474 ], [ 76.993344885200003, 8.6008155474 ], [ 76.993457977800006, 8.6007138508 ], [ 76.993465156900001, 8.600707395100001 ], [ 76.993601043400005, 8.600625726400001 ], [ 76.993601045399998, 8.6006257251 ], [ 76.993744886399995, 8.600539275499999 ], [ 76.993744886399995, 8.600539275499999 ], [ 76.993748171600004, 8.600537301099999 ], [ 76.993750097800003, 8.600536994400001 ], [ 76.993750097800003, 8.600536994400001 ], [ 76.993750097800003, 8.600536994400001 ], [ 76.993792742500005, 8.6005302058 ], [ 76.993827586699993, 8.6005246589 ], [ 76.993827586799995, 8.6005246589 ], [ 76.993827587699997, 8.6005246588 ], [ 76.994041808099993, 8.600490556700001 ], [ 76.994084352300007, 8.6004858734 ], [ 76.994118512200004, 8.6004821131 ], [ 76.994239565900003, 8.600468787300001 ], [ 76.994239566, 8.600468787300001 ], [ 76.9942379684, 8.600462519700001 ], [ 76.994246892600003, 8.6004611629 ], [ 76.994187445500003, 8.6002274628 ], [ 76.994187443599998, 8.600227455 ], [ 76.994173146, 8.6001698731 ], [ 76.994052437600004, 8.599694594200001 ], [ 76.994030856600006, 8.5996096939 ], [ 76.9940293967, 8.599596290499999 ], [ 76.99402086, 8.5995598667 ], [ 76.993990711, 8.599451760499999 ], [ 76.993990710600002, 8.599451759 ], [ 76.993973693499996, 8.5993907398 ], [ 76.993903668, 8.599139646399999 ], [ 76.993901180600005, 8.599141252 ], [ 76.993869989199993, 8.599018882899999 ], [ 76.993869989199993, 8.599018882799999 ], [ 76.993868240799998, 8.5990142717 ], [ 76.993868687100004, 8.5990142138 ], [ 76.993833112900006, 8.598886653399999 ], [ 76.993803923200005, 8.598828236099999 ], [ 76.993787312799995, 8.5987973314 ], [ 76.993786138700003, 8.5987977433 ], [ 76.993782795900003, 8.598788927399999 ], [ 76.993782795900003, 8.598788927299999 ], [ 76.993769197899994, 8.598765631899999 ], [ 76.993770089400002, 8.598765286 ], [ 76.993760865400006, 8.5987481241 ], [ 76.993670501500006, 8.598579996 ], [ 76.993603635900001, 8.5984688737 ], [ 76.9935882754, 8.598443549400001 ], [ 76.993588273900002, 8.5984435467 ], [ 76.993472502200007, 8.5982526778 ], [ 76.993441399800005, 8.598204062 ], [ 76.993400136399998, 8.598133371 ], [ 76.993189229699993, 8.597785655499999 ], [ 76.993178326099994, 8.597768625800001 ], [ 76.993178326, 8.597768625700001 ], [ 76.992995753800002, 8.597478930599999 ], [ 76.99282395, 8.5971764634 ], [ 76.992823949699996, 8.597176463 ], [ 76.992755776400003, 8.597039324 ], [ 76.9925265997, 8.596639962299999 ], [ 76.992526092099993, 8.596639077800001 ], [ 76.992526060599999, 8.5966390229 ], [ 76.9925195374, 8.596639869700001 ], [ 76.992514449300003, 8.596641758200001 ], [ 76.992508098499997, 8.596631238 ], [ 76.992505509200001, 8.5966281633 ], [ 76.992503634, 8.5966289304 ], [ 76.9925036339, 8.5966289305 ], [ 76.992503633699997, 8.5966289306 ], [ 76.992503633200002, 8.5966289308 ], [ 76.992498569600002, 8.596631002100001 ], [ 76.9924985655, 8.596631036 ], [ 76.990853377199997, 8.5973144804 ] ] ] ] } },
{ "type": "Feature", "properties": { "gml_parent": null, "gml_pare_1": "featureMembers", "gml_id": "Thiruvanathapuram_Editor.fid--715e5034_19246a0be1c_-2eb2", "geom": null, "District": "Thiruvanathapuram", "LSGD": "Nedumangad", "Ward_Name": "SANNAGAR", "Ward_No": 35, "Lsgd_Type": "Municipality", "Created_Da": "2024/10/17 04:18:08.884", "Surveyor": "MJBISIRI", "Mob_No": null, "Remarks": null, "_distLsgd": "Thiruvanathapuram_Nedumangad", "OBJECTID": 439, "_result": "Thiruvanathapuram_Nedumangad", "_ulid": "01JBBD70X170A88TT77VY8PM1H", "_distLsgd2": "Thiruvanathapuram_Nedumangad" }, "geometry": { "type": "MultiPolygon", "coordinates": [ [ [ [ 76.992371343200006, 8.596404702399999 ], [ 76.992364572, 8.596394732 ], [ 76.992359346300006, 8.5963848295 ], [ 76.992354342, 8.5963765399 ], [ 76.992354342, 8.5963765398 ], [ 76.992346162399997, 8.5963598463 ], [ 76.992327976, 8.596324749400001 ], [ 76.992325663100004, 8.5963193676 ], [ 76.992201489500005, 8.5961213651 ], [ 76.992141053, 8.5960256119 ], [ 76.992141053, 8.5960256119 ], [ 76.992098287399998, 8.595963942099999 ], [ 76.992098287399998, 8.595963942099999 ], [ 76.992082915099999, 8.5959389135 ], [ 76.991876467599994, 8.5956310474 ], [ 76.991619151600005, 8.595222119300001 ], [ 76.991381903700002, 8.5947887361 ], [ 76.991254775300007, 8.5945546994 ], [ 76.991254775200005, 8.5945546993 ], [ 76.991189754, 8.594363254799999 ], [ 76.9911533545, 8.594256082399999 ], [ 76.991068292199998, 8.5939695592 ], [ 76.990967166399997, 8.593499015900001 ], [ 76.99095983, 8.5931008362 ], [ 76.990979734099994, 8.592946008 ], [ 76.991011114599999, 8.5927541354 ], [ 76.991107794599998, 8.592024522099999 ], [ 76.991107794599998, 8.592024522099999 ], [ 76.991043732600005, 8.591693946 ], [ 76.991043732600005, 8.591693946 ], [ 76.990716601399996, 8.5912377997 ], [ 76.990716599400002, 8.5912377972 ], [ 76.990449791499998, 8.590909329900001 ], [ 76.990436276599993, 8.590893575300001 ], [ 76.990436276099999, 8.590893574800001 ], [ 76.990185616299996, 8.5906013756 ], [ 76.990092349700006, 8.590469281700001 ], [ 76.989572091200003, 8.589746895799999 ], [ 76.989451944099997, 8.5895843433 ], [ 76.989451944, 8.5895843431 ], [ 76.989357521200006, 8.5893694584 ], [ 76.989242101100004, 8.589117889 ], [ 76.989242091899996, 8.589117868500001 ], [ 76.989187685600001, 8.5889992845 ], [ 76.988880042800005, 8.588361257600001 ], [ 76.988867051, 8.5883402043 ], [ 76.988834843199996, 8.5882788502 ], [ 76.988689277299997, 8.5878348895 ], [ 76.988601858600006, 8.5874840709 ], [ 76.9881480305, 8.587593264200001 ], [ 76.987811263300003, 8.5875374369 ], [ 76.987335632899999, 8.587608644099999 ], [ 76.987066990499997, 8.587876828600001 ], [ 76.98666969, 8.5880901165 ], [ 76.986593235699999, 8.588126535800001 ], [ 76.986314895199996, 8.5880743837 ], [ 76.985985077400002, 8.5880148479 ], [ 76.985704435599999, 8.588025801200001 ], [ 76.985355750799997, 8.588184437100001 ], [ 76.984752166899995, 8.5884259296 ], [ 76.984776165900001, 8.5887687252 ], [ 76.984784486, 8.5888457436 ], [ 76.984786568700002, 8.5889173159 ], [ 76.984795161199997, 8.589040048 ], [ 76.984863068099997, 8.589249756399999 ], [ 76.9849003689, 8.589332235500001 ], [ 76.984893368100003, 8.5893433279 ], [ 76.984657986800002, 8.5897473966 ], [ 76.984657986800002, 8.5897473966 ], [ 76.984676803200003, 8.589865853899999 ], [ 76.984693596699998, 8.5900062294 ], [ 76.984695215900004, 8.5901897069 ], [ 76.984698523700004, 8.590229005099999 ], [ 76.984698523700004, 8.590229005699999 ], [ 76.984721498699997, 8.590454897600001 ], [ 76.984743004099997, 8.5906539704 ], [ 76.984756732799994, 8.5908300767 ], [ 76.984756732799994, 8.5908300768 ], [ 76.984756732799994, 8.5908300769 ], [ 76.984760424699999, 8.590877434399999 ], [ 76.984754010800003, 8.5909525813 ], [ 76.984745929599995, 8.591316284 ], [ 76.984745287899997, 8.5913188188 ], [ 76.984690439, 8.5915354718 ], [ 76.984637765299993, 8.591818272399999 ], [ 76.984654364, 8.591908420899999 ], [ 76.984654364099995, 8.591908421 ], [ 76.9847529587, 8.592009859799999 ], [ 76.984859741700006, 8.592149988299999 ], [ 76.984859741700006, 8.592149988399999 ], [ 76.984945720599995, 8.592213231900001 ], [ 76.985066807699994, 8.5922862793 ], [ 76.985260503899994, 8.592444776900001 ], [ 76.985260504, 8.592444776900001 ], [ 76.985260504, 8.592444777 ], [ 76.985278960299993, 8.5924598793 ], [ 76.985435931500007, 8.5926124469 ], [ 76.985435933399998, 8.592612448600001 ], [ 76.9854359335, 8.592612448800001 ], [ 76.985496890299999, 8.5926716954 ], [ 76.985570717499996, 8.5927788232 ], [ 76.985570717599998, 8.5927788234 ], [ 76.985570717800002, 8.5927788236 ], [ 76.985636295899994, 8.5928739814 ], [ 76.985642862899994, 8.592897281699999 ], [ 76.985642862899994, 8.592897281699999 ], [ 76.9856810072, 8.593032619500001 ], [ 76.985741085599997, 8.5930390256 ], [ 76.985994931899995, 8.5930390545 ], [ 76.986181309299994, 8.593005445399999 ], [ 76.986181309399996, 8.593005445399999 ], [ 76.986221226400005, 8.592998247200001 ], [ 76.986270982500002, 8.5930153923 ], [ 76.986270982500002, 8.5930153924 ], [ 76.986270982600004, 8.5930153924 ], [ 76.986369515700005, 8.593049345200001 ], [ 76.986520192399993, 8.593201928399999 ], [ 76.986974167200003, 8.5934522934 ], [ 76.987052228, 8.5936699814 ], [ 76.987081291500004, 8.5937957564 ], [ 76.987081291500004, 8.5937957565 ], [ 76.987106095, 8.5939030961 ], [ 76.987106409700004, 8.593904458200001 ], [ 76.987106436, 8.593904572 ], [ 76.987098622900007, 8.5939138319 ], [ 76.986882892400004, 8.5941695111 ], [ 76.986497011099999, 8.594626848200001 ], [ 76.986497006799993, 8.594626853299999 ], [ 76.986453203899998, 8.5946787674 ], [ 76.986451344800003, 8.594683422799999 ], [ 76.986419961799996, 8.594762007 ], [ 76.986355876499999, 8.594922479 ], [ 76.986355712899993, 8.594922888599999 ], [ 76.986349400199998, 8.5949386958 ], [ 76.986421918, 8.595311433499999 ], [ 76.986617175899994, 8.595705539 ], [ 76.986979548799994, 8.5958094614 ], [ 76.986982771200005, 8.5958103856 ], [ 76.986994871600004, 8.5959100434 ], [ 76.987003050799999, 8.595977405899999 ], [ 76.987008145100006, 8.5960193621 ], [ 76.987005260900006, 8.5960204369 ], [ 76.987019141100006, 8.5962906922 ], [ 76.987019141299996, 8.596290695 ], [ 76.987022436399997, 8.596354852099999 ], [ 76.987022436399997, 8.596354852099999 ], [ 76.987024387700004, 8.5963928438 ], [ 76.987023513799997, 8.596446693900001 ], [ 76.986595072699998, 8.5969929429 ], [ 76.9865374436, 8.5970731249 ], [ 76.986298298700007, 8.597371319500001 ], [ 76.986296003899994, 8.597374181 ], [ 76.986973262199996, 8.5988268052 ], [ 76.986973263199999, 8.5988268074 ], [ 76.987124364699994, 8.598694522500001 ], [ 76.987125557900001, 8.598693477899999 ], [ 76.987481239299996, 8.5987148718 ], [ 76.987605876399996, 8.598722368500001 ], [ 76.987613475800003, 8.598722825599999 ], [ 76.987891964400006, 8.5988026498 ], [ 76.987894949500003, 8.598803505399999 ], [ 76.988256227099995, 8.5986864365 ], [ 76.988258196700002, 8.598683879 ], [ 76.988263529700006, 8.5986769541 ], [ 76.988263609100002, 8.598677304100001 ], [ 76.9884556218, 8.59844405 ], [ 76.988455725500003, 8.598443440300001 ], [ 76.988456866099995, 8.598442538400001 ], [ 76.988572101399996, 8.5983514149 ], [ 76.988616851800003, 8.598316028 ], [ 76.988642239300006, 8.598295952599999 ], [ 76.988643616700003, 8.5982977407 ], [ 76.988736993, 8.5982339405 ], [ 76.988797212899996, 8.598189747499999 ], [ 76.988808491499995, 8.598185088599999 ], [ 76.988966261599998, 8.5981199177 ], [ 76.989045819200001, 8.598087054500001 ], [ 76.989047302, 8.598086442 ], [ 76.989262335399999, 8.598060571 ], [ 76.989334341499998, 8.59805028 ], [ 76.989367245899999, 8.598047949 ], [ 76.989849634899997, 8.5980137758 ], [ 76.990031399200006, 8.5978712038 ], [ 76.990066425899997, 8.597857728899999 ], [ 76.990066427100004, 8.597857728399999 ], [ 76.990267105699999, 8.597780526399999 ], [ 76.990267903800003, 8.597781852900001 ], [ 76.990358711799999, 8.597932804 ], [ 76.990457965499999, 8.597777648199999 ], [ 76.990485570100006, 8.597734496 ], [ 76.990575289, 8.597599948699999 ], [ 76.990575289099993, 8.597599948499999 ], [ 76.990575289399999, 8.597599948199999 ], [ 76.990593834899997, 8.5975721362 ], [ 76.990667807600005, 8.5974928302 ], [ 76.990667807700007, 8.5974928301 ], [ 76.990675882900007, 8.5974841726 ], [ 76.990805423699996, 8.597346658099999 ], [ 76.990805423699996, 8.597346658099999 ], [ 76.990805425100007, 8.597346656699999 ], [ 76.990805427, 8.597346654600001 ], [ 76.990805428300007, 8.597346653300001 ], [ 76.990805429800005, 8.597346651600001 ], [ 76.990819159, 8.597332077400001 ], [ 76.990853377099995, 8.5973144804 ], [ 76.990853377199997, 8.5973144804 ], [ 76.990953107899998, 8.5972631929 ], [ 76.992498569600002, 8.596631002100001 ], [ 76.992503633200002, 8.5966289308 ], [ 76.992503633699997, 8.5966289306 ], [ 76.9925036339, 8.5966289305 ], [ 76.992503634, 8.5966289304 ], [ 76.992505509200001, 8.5966281633 ], [ 76.992506097100005, 8.5966279228 ], [ 76.9925060968, 8.5966279223 ], [ 76.9924715521, 8.5965716781 ], [ 76.992472379800006, 8.596572069900001 ], [ 76.992419060700001, 8.596483746700001 ], [ 76.992405742700001, 8.596462622500001 ], [ 76.992405214100003, 8.596461784200001 ], [ 76.992401863400005, 8.596455259200001 ], [ 76.992401798200007, 8.596455151200001 ], [ 76.992371343200006, 8.596404702399999 ] ] ] ] } },
{ "type": "Feature", "properties": { "gml_parent": null, "gml_pare_1": "featureMembers", "gml_id": "Thiruvanathapuram_Editor.fid--715e5034_19246a0be1c_30e", "geom": null, "District": "Thiruvanathapuram", "LSGD": "Nedumangad", "Ward_Name": "PADAVALLIKONAM", "Ward_No": 24, "Lsgd_Type": "Municipality", "Created_Da": "2024/10/18 06:56:31.579", "Surveyor": "Jeevan", "Mob_No": null, "Remarks": null, "_distLsgd": "Thiruvanathapuram_Nedumangad", "OBJECTID": 439, "_result": "Thiruvanathapuram_Nedumangad", "_ulid": "01JBBD70X170A88TT77VY8PM1H", "_distLsgd2": "Thiruvanathapuram_Nedumangad" }, "geometry": { "type": "MultiPolygon", "coordinates": [ [ [ [ 77.018824230299998, 8.611187044199999 ], [ 77.018942711, 8.6113763639 ], [ 77.018942203199998, 8.611480138 ], [ 77.018942044499994, 8.611512556099999 ], [ 77.018918091700002, 8.6117970525 ], [ 77.0189180916, 8.6117970533 ], [ 77.018897176199999, 8.6120719586 ], [ 77.018897048699998, 8.6120736347 ], [ 77.018884921899996, 8.612090525799999 ], [ 77.018850787700003, 8.61213807 ], [ 77.018898484800005, 8.6120905955 ], [ 77.018907225800007, 8.612080472300001 ], [ 77.019054728100002, 8.6119034508 ], [ 77.019061671299994, 8.6119016041 ], [ 77.019071475, 8.61189025 ], [ 77.019209058300007, 8.611725032900001 ], [ 77.019421984499999, 8.611478350600001 ], [ 77.019832562800005, 8.6109826254 ], [ 77.020204400400004, 8.610822543199999 ], [ 77.020208657200001, 8.6108227485 ], [ 77.020208540799999, 8.610822150200001 ], [ 77.020277589800003, 8.6108061736 ], [ 77.020756220899997, 8.610825308200001 ], [ 77.020933632699993, 8.6108322524 ], [ 77.02120456, 8.6108428568 ], [ 77.021507165700001, 8.610854701199999 ], [ 77.021897575699995, 8.610869982300001 ], [ 77.021985021299997, 8.610873405 ], [ 77.021986865, 8.6108713276 ], [ 77.022021669599994, 8.610832110600001 ], [ 77.022102986299998, 8.610740485 ], [ 77.022294137100005, 8.6105251008 ], [ 77.022294141700002, 8.6105250955 ], [ 77.022422612200003, 8.610380337900001 ], [ 77.022503080700005, 8.6102896678 ], [ 77.022520864399993, 8.610269629599999 ], [ 77.022464724900004, 8.6102254963 ], [ 77.022466216500007, 8.610223454 ], [ 77.022335108600004, 8.6101293353 ], [ 77.022171383200003, 8.609855617499999 ], [ 77.022122694199993, 8.609790501299999 ], [ 77.021938699900005, 8.6095265079 ], [ 77.021857522900007, 8.609406551899999 ], [ 77.021770786199994, 8.6092827039 ], [ 77.021771275, 8.6092791025 ], [ 77.021770641299995, 8.609278166 ], [ 77.021783385600003, 8.6091898754 ], [ 77.021792807200001, 8.6091204594 ], [ 77.021821272, 8.608910739300001 ], [ 77.021863092900006, 8.608602614500001 ], [ 77.021892068699998, 8.608345079599999 ], [ 77.021645331200006, 8.607015220299999 ], [ 77.021638113400002, 8.6069981799 ], [ 77.0216260312, 8.606911197400001 ], [ 77.021604832099996, 8.6067975126 ], [ 77.021604933899994, 8.6067974874 ], [ 77.021604202700004, 8.606793546500001 ], [ 77.021704903400007, 8.606772812 ], [ 77.021888710499994, 8.606734965699999 ], [ 77.022052857, 8.606701167600001 ], [ 77.022242171100004, 8.6066621874 ], [ 77.022250547499993, 8.606661735399999 ], [ 77.022478166100001, 8.606649453499999 ], [ 77.022848141, 8.606614474300001 ], [ 77.022883068699997, 8.6065357996 ], [ 77.022931631299997, 8.6064185163 ], [ 77.022936795700005, 8.6064192547 ], [ 77.022938083100001, 8.606416462 ], [ 77.023065756400001, 8.606436653799999 ], [ 77.023066210600007, 8.6064377574 ], [ 77.023089800600005, 8.6064411301 ], [ 77.023289297299996, 8.606463487399999 ], [ 77.023290943600003, 8.6064646952 ], [ 77.023299734199995, 8.6064711446 ], [ 77.023308356800001, 8.606472377399999 ], [ 77.023328284499996, 8.6064920912 ], [ 77.023440454699994, 8.6065743874 ], [ 77.023612633499994, 8.6067007099 ], [ 77.023470038200003, 8.606952032900001 ], [ 77.023466340699997, 8.606968862 ], [ 77.023465811799994, 8.6069818903 ], [ 77.023437668499994, 8.6070993626 ], [ 77.023425586599998, 8.607181449800001 ], [ 77.023410818499997, 8.6072215699 ], [ 77.023404383, 8.607250861 ], [ 77.023526624799999, 8.6074649473 ], [ 77.023597285600005, 8.6076210591 ], [ 77.0236089335, 8.607646792700001 ], [ 77.023674038500005, 8.607695547200001 ], [ 77.023743841200002, 8.607744612899999 ], [ 77.023776835099994, 8.6077725272 ], [ 77.023823130099998, 8.6078071956 ], [ 77.0242066319, 8.607583143399999 ], [ 77.024211316600002, 8.608062066700001 ], [ 77.024302302, 8.608166026199999 ], [ 77.024333251, 8.6081892026 ], [ 77.024361552200006, 8.6081667164 ], [ 77.024459756599995, 8.6080830789 ], [ 77.024461232199997, 8.608084811499999 ], [ 77.024672691, 8.6078679764 ], [ 77.025078858900002, 8.607764895400001 ], [ 77.025200586899999, 8.607734002100001 ], [ 77.025758198199995, 8.607672236599999 ], [ 77.025796041800007, 8.6076168939 ], [ 77.025938733299995, 8.6074082216 ], [ 77.026090077500001, 8.607059104199999 ], [ 77.0263332265, 8.606700723499999 ], [ 77.026833577399998, 8.6061201177 ], [ 77.026858777200005, 8.6060388587 ], [ 77.026859050300004, 8.6060348244 ], [ 77.026862145099997, 8.6060279988 ], [ 77.026946326, 8.605756550100001 ], [ 77.026954682600007, 8.6057484263 ], [ 77.026954682600007, 8.6057484263 ], [ 77.027106066499996, 8.6056012596 ], [ 77.027300912100003, 8.605411841900001 ], [ 77.027317782500006, 8.605392848 ], [ 77.027321870799994, 8.6053885244 ], [ 77.02736719, 8.605314493 ], [ 77.027414996399997, 8.6052303154 ], [ 77.027415489299997, 8.6052306634 ], [ 77.027465145299999, 8.605118679 ], [ 77.027619941400005, 8.604769581599999 ], [ 77.027633940200005, 8.604752854699999 ], [ 77.027694681599996, 8.6046802762 ], [ 77.027712811900003, 8.6046477543 ], [ 77.0277784333, 8.6045244399 ], [ 77.027781243299998, 8.60451911 ], [ 77.027817073199998, 8.6045047858 ], [ 77.027936582600006, 8.604457008200001 ], [ 77.028069131699993, 8.6044040175 ], [ 77.028147077, 8.604372856399999 ], [ 77.028446832900002, 8.6042419651 ], [ 77.028544356099999, 8.604199380600001 ], [ 77.028570759700003, 8.6041911233 ], [ 77.028712658299995, 8.6041467466 ], [ 77.028730223, 8.6041397245 ], [ 77.029095923699998, 8.6039935231 ], [ 77.029218119099994, 8.6039022601 ], [ 77.029357734599998, 8.6035197047 ], [ 77.0293592461, 8.6035155632 ], [ 77.028841212100005, 8.6036255214 ], [ 77.028800494199999, 8.603303435100001 ], [ 77.027971901100003, 8.603537082200001 ], [ 77.0270817599, 8.6037563529 ], [ 77.026456558299998, 8.6037561894 ], [ 77.025513564500002, 8.605064072699999 ], [ 77.024746602199997, 8.605003013 ], [ 77.024356921199995, 8.6049125054 ], [ 77.024371766200005, 8.604755984900001 ], [ 77.024319038800002, 8.6047076459 ], [ 77.023813150400002, 8.6046877444 ], [ 77.0231834187, 8.604611264400001 ], [ 77.022743532, 8.604450636499999 ], [ 77.022342354200006, 8.604180104599999 ], [ 77.021915788499996, 8.603920091399999 ], [ 77.021247113200005, 8.6033152141 ], [ 77.021173316299993, 8.603160412299999 ], [ 77.021137070600005, 8.6029472266 ], [ 77.021534429499994, 8.6025005291 ], [ 77.021504360600005, 8.6022017199 ], [ 77.021397492, 8.6013768578 ], [ 77.021144797299996, 8.6007032204 ], [ 77.021474340699996, 8.599883670200001 ], [ 77.021876214399995, 8.59943765 ], [ 77.022420458200003, 8.598883926799999 ], [ 77.022837759699996, 8.5988079763 ], [ 77.022954714299999, 8.5987182621 ], [ 77.0230255946, 8.598603646400001 ], [ 77.022316843900001, 8.5983417802 ], [ 77.021659446499996, 8.5981958949 ], [ 77.021060418299996, 8.5980066666 ], [ 77.020470224899995, 8.597997791899999 ], [ 77.020084136199998, 8.598063188199999 ], [ 77.019594899699996, 8.5982617872 ], [ 77.019378436799997, 8.598413927599999 ], [ 77.019130692499999, 8.5984941876 ], [ 77.018993222899994, 8.5985380461 ], [ 77.018843236600006, 8.598514918199999 ], [ 77.018603963900006, 8.598462869900001 ], [ 77.018061533600005, 8.598378517900001 ], [ 77.018061424099997, 8.598378502299999 ], [ 77.0180607283, 8.598378395899999 ], [ 77.018061992100002, 8.5983785549 ], [ 77.018064324, 8.598378954 ], [ 77.018060918399996, 8.598378416099999 ], [ 77.018066384600004, 8.5983792638 ], [ 77.018063750300001, 8.598378865700001 ], [ 77.018063410799996, 8.598378802699999 ], [ 77.018060968100002, 8.598378432 ], [ 77.0180608406, 8.598378413300001 ], [ 77.018060958, 8.5983784228 ], [ 77.018061663200001, 8.5983785347 ], [ 77.018061116200002, 8.598378454 ], [ 77.018061063, 8.5983784472 ], [ 77.018061332599999, 8.598378481 ], [ 77.0180629778, 8.5983787306 ], [ 77.0180607251, 8.5983783868 ], [ 77.018060692099994, 8.5983783839 ], [ 77.018060827400006, 8.598378411500001 ], [ 77.0180606869, 8.598378372100001 ], [ 77.018060704600003, 8.598378394299999 ], [ 77.018060701699994, 8.598378391200001 ], [ 77.018061495, 8.5983785121 ], [ 77.018064206600002, 8.5983789385 ], [ 77.018060801800004, 8.5983784016 ], [ 77.018060698300005, 8.598378389500001 ], [ 77.018060711900006, 8.598378398199999 ], [ 77.018060704600003, 8.598378388900001 ], [ 77.018085640500004, 8.5984044683 ], [ 77.018091272099994, 8.598410358100001 ], [ 77.018109169699997, 8.5984290765 ], [ 77.018220132099998, 8.5985920643 ], [ 77.018475497899999, 8.5988454236 ], [ 77.018479920800004, 8.598849811799999 ], [ 77.018505817, 8.598928217399999 ], [ 77.018644264100004, 8.599347391 ], [ 77.018709172, 8.599558675100001 ], [ 77.018774833899997, 8.5997588203 ], [ 77.018698525900007, 8.6000502669 ], [ 77.0186750819, 8.6002286104 ], [ 77.0186702779, 8.600265155200001 ], [ 77.018666799800002, 8.6002916141 ], [ 77.018663531599998, 8.6003164759 ], [ 77.018662317099995, 8.600318441200001 ], [ 77.018517518799996, 8.6005527475 ], [ 77.018517392199996, 8.600552952199999 ], [ 77.018514104700003, 8.6005538371 ], [ 77.018340091, 8.600600675800001 ], [ 77.018336442399999, 8.6006016579 ], [ 77.018200433, 8.600638267 ], [ 77.0176776598, 8.600838629 ], [ 77.017364810900006, 8.601149962899999 ], [ 77.017356131599996, 8.6011586001 ], [ 77.017088343500006, 8.6013576483 ], [ 77.017010587200005, 8.601415444900001 ], [ 77.016858048900005, 8.602203554 ], [ 77.017038773899998, 8.602460365400001 ], [ 77.0169692228, 8.6026516433 ], [ 77.016966752200005, 8.602742213799999 ], [ 77.016966654200004, 8.6027458081 ], [ 77.016963438199994, 8.602863707399999 ], [ 77.0169630754, 8.6028770078 ], [ 77.016962061599997, 8.6029141724 ], [ 77.017034611400007, 8.603576779300001 ], [ 77.017086690100001, 8.6039209204 ], [ 77.017094493399995, 8.6039724856 ], [ 77.017176567800007, 8.6045148387 ], [ 77.017349257399999, 8.6048058899 ], [ 77.017393088299997, 8.6048797623 ], [ 77.01739114, 8.604881129400001 ], [ 77.017227584699995, 8.604995901100001 ], [ 77.017219187600006, 8.6050017936 ], [ 77.017089330499999, 8.6050929181 ], [ 77.017087945399993, 8.605093890099999 ], [ 77.017064820200005, 8.6051043294 ], [ 77.016857322700005, 8.6051979991 ], [ 77.016796086100001, 8.605225643 ], [ 77.016767249200001, 8.6052386607 ], [ 77.016626700100005, 8.6053021082 ], [ 77.016456909400006, 8.605432348800001 ], [ 77.016445538200003, 8.605456733 ], [ 77.016436027799998, 8.605477127 ], [ 77.016388908699994, 8.605578168099999 ], [ 77.016382931899997, 8.6057325131 ], [ 77.016392891, 8.6057718115 ], [ 77.016397149200003, 8.6057886144 ], [ 77.016410446, 8.6058410836 ], [ 77.016417208700005, 8.605867769 ], [ 77.016468543100004, 8.6060703343 ], [ 77.016482356799997, 8.6061248427 ], [ 77.016492326700003, 8.606164183700001 ], [ 77.016535956, 8.606312257800001 ], [ 77.0165614127, 8.6063986556 ], [ 77.016558323300004, 8.6064026337 ], [ 77.016503236800006, 8.6064735659 ], [ 77.016414458, 8.606587882099999 ], [ 77.016457562499994, 8.6066743455 ], [ 77.016457764, 8.6066747498 ], [ 77.01645701, 8.606676774 ], [ 77.016375795, 8.606894803699999 ], [ 77.016213422800007, 8.607167503099999 ], [ 77.016179168500003, 8.607225032200001 ], [ 77.0161348898, 8.607299397 ], [ 77.016108248799995, 8.6073441397 ], [ 77.016095745599998, 8.607365138500001 ], [ 77.016081760099993, 8.60739706 ], [ 77.016064219, 8.6074370975 ], [ 77.016026528799998, 8.6075231247 ], [ 77.015983234100005, 8.6076219442 ], [ 77.015947332, 8.6077038899 ], [ 77.015947114300005, 8.6077559803 ], [ 77.015946962499996, 8.607792308400001 ], [ 77.0159463034, 8.607950006 ], [ 77.016027913800002, 8.6082215928 ], [ 77.0160364722, 8.6082405381 ], [ 77.0160414554, 8.6082515693 ], [ 77.016062546399993, 8.6082982576 ], [ 77.016088119399996, 8.608354867299999 ], [ 77.016089471100003, 8.6083609305 ], [ 77.016113228099996, 8.608467491600001 ], [ 77.016116576599998, 8.6084825114 ], [ 77.016134702700001, 8.6085638149 ], [ 77.016150073099993, 8.608632758200001 ], [ 77.016174254099994, 8.6086963165 ], [ 77.016180046900004, 8.6087115425 ], [ 77.016189602300003, 8.6087366581 ], [ 77.016199048499999, 8.608761486700001 ], [ 77.016215013700005, 8.6088191709 ], [ 77.016251581099993, 8.608951293 ], [ 77.016266740399999, 8.6089898272 ], [ 77.016299943500002, 8.609074227700001 ], [ 77.016306129, 8.6090899511 ], [ 77.016310056099996, 8.6090999334 ], [ 77.016323770499994, 8.609134794699999 ], [ 77.016348497600006, 8.6092705785 ], [ 77.0163495539, 8.609276379100001 ], [ 77.016354611599994, 8.6093041521 ], [ 77.016417108400006, 8.609460393699999 ], [ 77.016424846, 8.609462859600001 ], [ 77.016498751699999, 8.609486412900001 ], [ 77.016503072600003, 8.60948779 ], [ 77.016537580600001, 8.6094987875 ], [ 77.016567831100005, 8.609486615 ], [ 77.016652104599999, 8.609452704100001 ], [ 77.016691774, 8.6094367415 ], [ 77.016692622500003, 8.609436756799999 ], [ 77.017013817899993, 8.6094425375 ], [ 77.017014229099999, 8.6094425449 ], [ 77.0170153352, 8.6094417276 ], [ 77.017015616099997, 8.60944152 ], [ 77.017133889299998, 8.6093541263 ], [ 77.017235622599998, 8.609278954100001 ], [ 77.017297964799994, 8.609156199199999 ], [ 77.017328066600001, 8.6090969272 ], [ 77.017333499, 8.609096130599999 ], [ 77.017338091799999, 8.6090954572 ], [ 77.017339455200002, 8.6090952573 ], [ 77.017793384499996, 8.609028697599999 ], [ 77.018334462599995, 8.609024895799999 ], [ 77.0183799781, 8.6090370715 ], [ 77.018427291799995, 8.6090497282 ], [ 77.018584214499995, 8.609116692300001 ], [ 77.018584215399997, 8.609116692700001 ], [ 77.018714996200003, 8.609170517700001 ], [ 77.018726918799999, 8.609177589 ], [ 77.018914823399996, 8.6092890345 ], [ 77.019184897399995, 8.6094492142 ], [ 77.019185291900001, 8.609449448199999 ], [ 77.019070378400002, 8.609607948600001 ], [ 77.018954135800001, 8.609769071800001 ], [ 77.018764493899994, 8.6100340122 ], [ 77.018742748700006, 8.610062074 ], [ 77.018705203300001, 8.6101105256 ], [ 77.018704765600006, 8.6101110905 ], [ 77.018702284499994, 8.610118161100001 ], [ 77.0186917634, 8.6101481446 ], [ 77.018686212199995, 8.6101639646 ], [ 77.018686212199995, 8.6101639646 ], [ 77.018662495399994, 8.6102315537 ], [ 77.018664251499999, 8.6102380359 ], [ 77.018766978599999, 8.6106172173 ], [ 77.018766978599999, 8.6106172173 ], [ 77.018766981100001, 8.6106172264 ], [ 77.018766986599999, 8.6106172471 ], [ 77.018800662199993, 8.6107415487 ], [ 77.0188133053, 8.610796260300001 ], [ 77.0188133053, 8.610796260300001 ], [ 77.018827974399997, 8.61085974 ], [ 77.018827974399997, 8.61085974 ], [ 77.018831704, 8.6108758794 ], [ 77.018831704, 8.6108758794 ], [ 77.018833404899993, 8.6108832398 ], [ 77.018835335399999, 8.610891594 ], [ 77.018836279300004, 8.6108956788 ], [ 77.018835613, 8.6109117915 ], [ 77.018835613, 8.6109117915 ], [ 77.018833165800004, 8.610970968 ], [ 77.018831887600001, 8.611001878 ], [ 77.018824230299998, 8.611187044199999 ] ] ] ] } },
{ "type": "Feature", "properties": { "gml_parent": null, "gml_pare_1": "featureMembers", "gml_id": "Thiruvanathapuram_Editor.fid--715e5034_19246a0be1c_-3312", "geom": null, "District": "Thiruvanathapuram", "LSGD": "Nedumangad", "Ward_Name": "KOPPAM", "Ward_No": 34, "Lsgd_Type": "Municipality", "Created_Da": "2024/10/16 12:23:55.955", "Surveyor": "satheesh", "Mob_No": null, "Remarks": null, "_distLsgd": "Thiruvanathapuram_Nedumangad", "OBJECTID": 439, "_result": "Thiruvanathapuram_Nedumangad", "_ulid": "01JBBD70X170A88TT77VY8PM1H", "_distLsgd2": "Thiruvanathapuram_Nedumangad" }, "geometry": { "type": "MultiPolygon", "coordinates": [ [ [ [ 76.994771108500004, 8.600604350499999 ], [ 76.994949485600003, 8.600680344100001 ], [ 76.994949549, 8.600680370699999 ], [ 76.994949780100001, 8.6006804696 ], [ 76.9951993958, 8.600786812500001 ], [ 76.995199873299995, 8.6007870154 ], [ 76.995318317900001, 8.600837475900001 ], [ 76.995411900299999, 8.600877344400001 ], [ 76.995511021400006, 8.6009195725 ], [ 76.995511146300004, 8.6009196263 ], [ 76.995813442100001, 8.601048411700001 ], [ 76.995850686, 8.601063438100001 ], [ 76.995877430500002, 8.6010752557 ], [ 76.995918607299998, 8.601093214700001 ], [ 76.995918607299998, 8.601093214700001 ], [ 76.9959186074, 8.601093214700001 ], [ 76.995918856, 8.601093323100001 ], [ 76.995925492200001, 8.6010962174 ], [ 76.995948245799994, 8.601106141200001 ], [ 76.995961661, 8.6011119922 ], [ 76.995997353899995, 8.6011275593 ], [ 76.995997890500007, 8.601123555799999 ], [ 76.995998364900004, 8.601120016599999 ], [ 76.996005678299994, 8.6010581112 ], [ 76.995989101399999, 8.6007761955 ], [ 76.995988019500004, 8.600763962 ], [ 76.995982153499995, 8.600659744 ], [ 76.995982153499995, 8.600659744 ], [ 76.995977641699994, 8.600646617800001 ], [ 76.995977634499994, 8.600646536299999 ], [ 76.995971435800001, 8.6006284189 ], [ 76.995867285, 8.600324012 ], [ 76.995865707600004, 8.6003197628 ], [ 76.995865832899995, 8.6003197679 ], [ 76.995830489699998, 8.600216468199999 ], [ 76.995820402099994, 8.600186984600001 ], [ 76.995810957399996, 8.600172282400001 ], [ 76.995810378800002, 8.600171381799999 ], [ 76.995807234899999, 8.6001667327 ], [ 76.9957896879, 8.600140784900001 ], [ 76.995789686400002, 8.6001407828 ], [ 76.995702823399995, 8.6000150377 ], [ 76.995646632700002, 8.5999474955 ], [ 76.995620787, 8.5999164285 ], [ 76.995620355200003, 8.5999159095 ], [ 76.9955539125, 8.5998360442 ], [ 76.995452484300003, 8.5997062599 ], [ 76.995452484300003, 8.5997062599 ], [ 76.995452255700002, 8.5997046588 ], [ 76.9954166861, 8.59945554 ], [ 76.995411319699997, 8.5992362258 ], [ 76.995407736499999, 8.5990897838 ], [ 76.995408043200001, 8.599088529699999 ], [ 76.995408548300006, 8.599086463500001 ], [ 76.995488934500003, 8.5987576947 ], [ 76.995488934600004, 8.5987576943 ], [ 76.995539951300003, 8.5985317088 ], [ 76.995540095300001, 8.598528503600001 ], [ 76.995557711900005, 8.598136585300001 ], [ 76.995562862100002, 8.598022009399999 ], [ 76.995584944200004, 8.597891845099999 ], [ 76.995640424800001, 8.5975648123 ], [ 76.995773189800005, 8.5972256902 ], [ 76.9957731903, 8.5972256889 ], [ 76.995825472199996, 8.5970921448 ], [ 76.995888043500003, 8.5969323184 ], [ 76.995919195499994, 8.5968512935 ], [ 76.995968509500003, 8.5967230296 ], [ 76.995972529599996, 8.5967125736 ], [ 76.995980221300002, 8.5966838059 ], [ 76.996022272299996, 8.5965265304 ], [ 76.9960227973, 8.596525184700001 ], [ 76.996023365400006, 8.596523728299999 ], [ 76.996023969800007, 8.596522179 ], [ 76.996131797199993, 8.596245766899999 ], [ 76.996150115199995, 8.596198809200001 ], [ 76.996183364199993, 8.596113576500001 ], [ 76.996184917199997, 8.5961139604 ], [ 76.996185674800003, 8.5961141477 ], [ 76.996212965799998, 8.596047477700001 ], [ 76.9962468473, 8.595962377399999 ], [ 76.996247345900002, 8.595873323399999 ], [ 76.996247679, 8.595813827800001 ], [ 76.996247715, 8.5958073946 ], [ 76.996227638400001, 8.595484107100001 ], [ 76.996227638199997, 8.5954841024 ], [ 76.996227638199997, 8.595484102 ], [ 76.996226745800001, 8.595469732 ], [ 76.996226745499996, 8.595469727399999 ], [ 76.996204223600003, 8.5951070616 ], [ 76.996260310300002, 8.594671715700001 ], [ 76.996261971300001, 8.594659070100001 ], [ 76.996277978699993, 8.5945350217 ], [ 76.996276777399999, 8.5945338339 ], [ 76.996107506100003, 8.5943664633 ], [ 76.996107506100003, 8.5943664633 ], [ 76.996062971599997, 8.5943312793 ], [ 76.996018456, 8.5942961101 ], [ 76.996015914799997, 8.594294102499999 ], [ 76.995461258899994, 8.594002961599999 ], [ 76.9954612561, 8.594002960099999 ], [ 76.995431411699997, 8.593948388699999 ], [ 76.99540577, 8.5938883847 ], [ 76.995244168200003, 8.593510220900001 ], [ 76.995228654900004, 8.593462583399999 ], [ 76.995176923700001, 8.5928146775 ], [ 76.995176922799999, 8.592814666300001 ], [ 76.995170978499999, 8.592740216699999 ], [ 76.995165967399998, 8.5926774543 ], [ 76.995105872799996, 8.591924799299999 ], [ 76.995129157500003, 8.5916145855 ], [ 76.995129157500003, 8.5916145853 ], [ 76.995213890900004, 8.591141460099999 ], [ 76.995240902600003, 8.5909080823 ], [ 76.995252886299994, 8.5907878971 ], [ 76.995288054, 8.590552925 ], [ 76.99528826, 8.590551548600001 ], [ 76.995417917200001, 8.590357647499999 ], [ 76.995490602800004, 8.590248946599999 ], [ 76.9955136154, 8.590214531499999 ], [ 76.995520524300005, 8.5902041992 ], [ 76.995651574600004, 8.590098273600001 ], [ 76.995722475199997, 8.590041187900001 ], [ 76.995731350499995, 8.590034042 ], [ 76.995731350599996, 8.590034041899999 ], [ 76.995775605700004, 8.5899759077 ], [ 76.995814183799993, 8.589925231 ], [ 76.995824905500001, 8.5899111468 ], [ 76.9958845142, 8.5897873456 ], [ 76.995887443800001, 8.589762461099999 ], [ 76.995900661099995, 8.5896501906 ], [ 76.995900661, 8.5896501903 ], [ 76.995900660900006, 8.5896501896 ], [ 76.995840317700001, 8.5892189091 ], [ 76.995838953299995, 8.5892100275 ], [ 76.995838953200007, 8.5892100269 ], [ 76.995798765299995, 8.588759619399999 ], [ 76.995796374899996, 8.5887207886 ], [ 76.995794797200006, 8.5886951608 ], [ 76.995792389100004, 8.5886881574 ], [ 76.995777822299999, 8.5886457944 ], [ 76.995790941300001, 8.588635032899999 ], [ 76.995790024900003, 8.5886221013 ], [ 76.995745136599993, 8.588557546700001 ], [ 76.995709171300007, 8.5885058244 ], [ 76.995639504899998, 8.5884094424 ], [ 76.995239793899998, 8.588495582 ], [ 76.994652236500002, 8.5885924101 ], [ 76.994332687799997, 8.5885312555 ], [ 76.994331957, 8.5885298907 ], [ 76.994239915600005, 8.5883579841 ], [ 76.994281147699994, 8.587914612900001 ], [ 76.994122966199996, 8.5878513842 ], [ 76.994015625299994, 8.5878142361 ], [ 76.993313879599995, 8.587707286300001 ], [ 76.992849076599995, 8.587619606200001 ], [ 76.992549710399999, 8.5875674757 ], [ 76.9923946973, 8.5875501705 ], [ 76.992323093799996, 8.587489484100001 ], [ 76.9922963864, 8.5871725879 ], [ 76.992233584499999, 8.587138424600001 ], [ 76.992052977399993, 8.5870589095 ], [ 76.992052977399993, 8.5870589095 ], [ 76.991708572199997, 8.5870202718 ], [ 76.991254429600005, 8.5869593786 ], [ 76.990849913700004, 8.5869218803 ], [ 76.990481214300004, 8.5869572953 ], [ 76.990287383799995, 8.587009376199999 ], [ 76.990222071299996, 8.5870197924 ], [ 76.990097767, 8.5868656329 ], [ 76.990009279099993, 8.586773970499999 ], [ 76.989849158200002, 8.586826051399999 ], [ 76.989627938599995, 8.5869239635 ], [ 76.988966386599998, 8.587251031599999 ], [ 76.9885993571, 8.587474032199999 ], [ 76.988601858600006, 8.5874840709 ], [ 76.988689277299997, 8.5878348895 ], [ 76.988834843199996, 8.5882788502 ], [ 76.988867051, 8.5883402043 ], [ 76.988880042800005, 8.588361257600001 ], [ 76.988938195399996, 8.5884554945 ], [ 76.989011866200002, 8.5886160681 ], [ 76.989011867200006, 8.5886160701 ], [ 76.989187685600001, 8.5889992845 ], [ 76.989242091899996, 8.589117868500001 ], [ 76.989242101100004, 8.589117889 ], [ 76.989357521200006, 8.5893694584 ], [ 76.989451944, 8.5895843431 ], [ 76.989451944099997, 8.5895843433 ], [ 76.989572091200003, 8.589746895799999 ], [ 76.989796694700004, 8.5900507716 ], [ 76.989796698199996, 8.5900507766 ], [ 76.989957563399997, 8.5902663919 ], [ 76.9900132888, 8.5903573073 ], [ 76.990013289, 8.5903573075 ], [ 76.990092349700006, 8.590469281700001 ], [ 76.990185616299996, 8.5906013756 ], [ 76.990436276099999, 8.590893574800001 ], [ 76.990436276599993, 8.590893575300001 ], [ 76.990449791499998, 8.590909329900001 ], [ 76.990458541199999, 8.590919529600001 ], [ 76.990584041899993, 8.5910743118 ], [ 76.990634791100007, 8.591136901600001 ], [ 76.990634793699996, 8.591136904900001 ], [ 76.990634794399995, 8.591136905700001 ], [ 76.990716601399996, 8.5912377997 ], [ 76.990729306, 8.5912534684 ], [ 76.990913985399999, 8.591490540900001 ], [ 76.990913988700001, 8.591490545099999 ], [ 76.990913989, 8.591490545499999 ], [ 76.990982542200001, 8.591578547 ], [ 76.990982545799994, 8.5915785517 ], [ 76.991031896500004, 8.5916716239 ], [ 76.991031896500004, 8.591671624 ], [ 76.991031896600006, 8.5916716242 ], [ 76.991043732600005, 8.591693946 ], [ 76.991088029599993, 8.5917774873 ], [ 76.991088029599993, 8.5917774874 ], [ 76.991089403100005, 8.591794653299999 ], [ 76.991107794599998, 8.592024522099999 ], [ 76.991110160299996, 8.5920540899 ], [ 76.991110160299996, 8.59205409 ], [ 76.991115234299997, 8.592117507699999 ], [ 76.991115234299997, 8.592117507799999 ], [ 76.991062487199997, 8.5924400241 ], [ 76.991062487099995, 8.5924400245 ], [ 76.991062486199993, 8.592440030300001 ], [ 76.991011114599999, 8.5927541354 ], [ 76.990979734099994, 8.592946008 ], [ 76.99095983, 8.5931008362 ], [ 76.990967166399997, 8.593499015900001 ], [ 76.991068292199998, 8.5939695592 ], [ 76.9911533545, 8.594256082399999 ], [ 76.991189754, 8.594363254799999 ], [ 76.991254775200005, 8.5945546993 ], [ 76.991254775300007, 8.5945546994 ], [ 76.991381903700002, 8.5947887361 ], [ 76.991619151600005, 8.595222119300001 ], [ 76.991876467599994, 8.5956310474 ], [ 76.992082915099999, 8.5959389135 ], [ 76.992120393500002, 8.5959948033 ], [ 76.992120393899995, 8.5959948039 ], [ 76.992141053, 8.5960256119 ], [ 76.992147021600005, 8.596034512599999 ], [ 76.992201489500005, 8.5961213651 ], [ 76.992325663100004, 8.5963193676 ], [ 76.992328704900004, 8.596324217799999 ], [ 76.992346162399997, 8.5963598463 ], [ 76.992354342, 8.5963765398 ], [ 76.992354342, 8.5963765399 ], [ 76.992359346300006, 8.5963848295 ], [ 76.992371343200006, 8.596404702399999 ], [ 76.992401798200007, 8.596455151200001 ], [ 76.992401863400005, 8.596455259200001 ], [ 76.992406184700002, 8.5964624175 ], [ 76.992419060700001, 8.596483746700001 ], [ 76.992472379800006, 8.596572069900001 ], [ 76.992506097100005, 8.5966279228 ], [ 76.992508098499997, 8.596631238 ], [ 76.992514449300003, 8.596641758200001 ], [ 76.9925195374, 8.596639869700001 ], [ 76.992525315699993, 8.596637725100001 ], [ 76.992525318299997, 8.596637729299999 ], [ 76.992526060599999, 8.5966390229 ], [ 76.992526092099993, 8.596639077800001 ], [ 76.9925265997, 8.596639962299999 ], [ 76.992755776400003, 8.597039324 ], [ 76.992823949699996, 8.597176463 ], [ 76.99282395, 8.5971764634 ], [ 76.992995753800002, 8.597478930599999 ], [ 76.993178326, 8.597768625700001 ], [ 76.993178326099994, 8.597768625800001 ], [ 76.993189229699993, 8.597785655499999 ], [ 76.993400136399998, 8.598133371 ], [ 76.9934118189, 8.5981526316 ], [ 76.993411913299994, 8.5981527869 ], [ 76.993472502200007, 8.5982526778 ], [ 76.993588273900002, 8.5984435467 ], [ 76.9935882754, 8.598443549400001 ], [ 76.993603635900001, 8.5984688737 ], [ 76.993666333099995, 8.598572240199999 ], [ 76.993670501500006, 8.598579996 ], [ 76.993760865400006, 8.5987481241 ], [ 76.993770089400002, 8.598765286 ], [ 76.993782795900003, 8.598788927299999 ], [ 76.993782795900003, 8.598788927399999 ], [ 76.993787312799995, 8.5987973314 ], [ 76.993803923200005, 8.598828236099999 ], [ 76.993819135600006, 8.5988565398 ], [ 76.993819135699994, 8.5988565399 ], [ 76.993819135699994, 8.5988565399 ], [ 76.993830731700001, 8.5988781151 ], [ 76.993833112900006, 8.598886653399999 ], [ 76.993868687100004, 8.5990142138 ], [ 76.993869989199993, 8.599018882899999 ], [ 76.993872529699999, 8.5990279923 ], [ 76.993872530199994, 8.5990279941 ], [ 76.993903668, 8.599139646399999 ], [ 76.993973693499996, 8.5993907398 ], [ 76.993990710399999, 8.599451758200001 ], [ 76.993990711, 8.599451760499999 ], [ 76.99402086, 8.5995598667 ], [ 76.994028357800005, 8.5995867519 ], [ 76.9940293967, 8.599596290499999 ], [ 76.994030856600006, 8.5996096939 ], [ 76.994052437600004, 8.599694594200001 ], [ 76.994114028, 8.599936891500001 ], [ 76.994114028200002, 8.599936892200001 ], [ 76.994133176099993, 8.6000088982 ], [ 76.994173146, 8.6001698731 ], [ 76.994187443599998, 8.600227455 ], [ 76.994187445500003, 8.6002274628 ], [ 76.994246892600003, 8.6004611629 ], [ 76.994248579699999, 8.6004677951 ], [ 76.994265584299995, 8.6004659232 ], [ 76.994267494300004, 8.6004657129 ], [ 76.994267494400006, 8.6004657129 ], [ 76.994271701800002, 8.600465249799999 ], [ 76.994408466899998, 8.6005007691 ], [ 76.994408473899995, 8.6005007708 ], [ 76.994632961400001, 8.600559072399999 ], [ 76.994633007199994, 8.6005590844 ], [ 76.994714590900003, 8.6005802724 ], [ 76.994720162099995, 8.600581719299999 ], [ 76.994771108500004, 8.600604350499999 ] ] ] ] } },
{ "type": "Feature", "properties": { "gml_parent": null, "gml_pare_1": "featureMembers", "gml_id": "Thiruvanathapuram_Editor.fid--715e5034_19246a0be1c_-34b2", "geom": null, "District": "Thiruvanathapuram", "LSGD": "Nedumangad", "Ward_Name": "PATHAMKALLU", "Ward_No": 33, "Lsgd_Type": "Municipality", "Created_Da": "2024/10/16 11:42:00.904", "Surveyor": "satheesh", "Mob_No": null, "Remarks": null, "_distLsgd": "Thiruvanathapuram_Nedumangad", "OBJECTID": 439, "_result": "Thiruvanathapuram_Nedumangad", "_ulid": "01JBBD70X170A88TT77VY8PM1H", "_distLsgd2": "Thiruvanathapuram_Nedumangad" }, "geometry": { "type": "MultiPolygon", "coordinates": [ [ [ [ 77.002154507499995, 8.5843368971 ], [ 77.001838397499995, 8.5841121829 ], [ 77.001275150799998, 8.5839464409 ], [ 77.000174375499995, 8.583646057299999 ], [ 76.999225782500005, 8.583427788 ], [ 76.997700451900002, 8.583122827 ], [ 76.997704671299999, 8.5831275284 ], [ 76.997489564199995, 8.5830718102 ], [ 76.997030855199995, 8.5829353941 ], [ 76.996648666400006, 8.5828186118 ], [ 76.996361150400006, 8.582821773 ], [ 76.996347801, 8.582820051500001 ], [ 76.996347793400005, 8.582820294499999 ], [ 76.996211730499994, 8.5828208848 ], [ 76.996093369700006, 8.5827918381 ], [ 76.996093780500004, 8.582791119099999 ], [ 76.996093625699999, 8.5827911023 ], [ 76.995923504499999, 8.582770887900001 ], [ 76.995893191299999, 8.5829284424 ], [ 76.995700320599994, 8.582859841699999 ], [ 76.995370243, 8.5827476668 ], [ 76.995414287200006, 8.582634021800001 ], [ 76.995416483499994, 8.5826282563 ], [ 76.995412014799996, 8.582625842900001 ], [ 76.995373779, 8.582605493200001 ], [ 76.995321412500004, 8.582578253499999 ], [ 76.995157670200001, 8.582490522900001 ], [ 76.994932795599993, 8.582253379499999 ], [ 76.994867475800007, 8.582201982300001 ], [ 76.994752853899996, 8.5823934293 ], [ 76.994694296500001, 8.582610954 ], [ 76.994678085700002, 8.582749375900001 ], [ 76.994720637399993, 8.582926990600001 ], [ 76.994851867099996, 8.5831747144 ], [ 76.995030816799996, 8.5833246968 ], [ 76.995277937899999, 8.5834022157 ], [ 76.995523354599996, 8.5834611975 ], [ 76.995732981399996, 8.5834746791 ], [ 76.995738810700004, 8.5834675112 ], [ 76.995445619700007, 8.583925345100001 ], [ 76.994911110100006, 8.5843797752 ], [ 76.994513974399993, 8.5847675221 ], [ 76.994232994399994, 8.585100973 ], [ 76.993865324300003, 8.5854971507 ], [ 76.993385986500002, 8.5860764425 ], [ 76.992898615100003, 8.5864919433 ], [ 76.992227812300001, 8.586936868900001 ], [ 76.992052977399993, 8.5870589094 ], [ 76.992052977399993, 8.5870589095 ], [ 76.992052977399993, 8.5870589095 ], [ 76.992233584499999, 8.587138424600001 ], [ 76.992295816199999, 8.587165823099999 ], [ 76.9922963864, 8.5871725879 ], [ 76.992323093799996, 8.587489484100001 ], [ 76.9923946973, 8.5875501705 ], [ 76.992549710399999, 8.5875674757 ], [ 76.992606098300001, 8.587573770700001 ], [ 76.992849076599995, 8.587619606200001 ], [ 76.993313879599995, 8.587707286300001 ], [ 76.994015625299994, 8.5878142361 ], [ 76.994038909099999, 8.5878177846 ], [ 76.994122966199996, 8.5878513842 ], [ 76.994281147699994, 8.587914612900001 ], [ 76.994239915600005, 8.5883579841 ], [ 76.994331957, 8.5885298907 ], [ 76.994332687799997, 8.5885312555 ], [ 76.994652236500002, 8.5885924101 ], [ 76.995239793899998, 8.588495582 ], [ 76.995639504899998, 8.5884094424 ], [ 76.995641806799995, 8.5884089463 ], [ 76.995709171300007, 8.5885058244 ], [ 76.995745136599993, 8.588557546700001 ], [ 76.995790024900003, 8.5886221013 ], [ 76.9957960837, 8.5886308146 ], [ 76.995796083800002, 8.5886308145 ], [ 76.995963896700005, 8.5884931577 ], [ 76.996240951900006, 8.588317264600001 ], [ 76.996251286, 8.588314469 ], [ 76.996251286, 8.588314469 ], [ 76.996497127699996, 8.588247965 ], [ 76.996724128599993, 8.5881584111 ], [ 76.996724128699995, 8.5881584111 ], [ 76.996745777499996, 8.588149766300001 ], [ 76.996823802700007, 8.588123748699999 ], [ 76.996823802799994, 8.588123748599999 ], [ 76.996823802799994, 8.588123748599999 ], [ 76.996835761300005, 8.588119761 ], [ 76.997123851599994, 8.588118101699999 ], [ 76.9971238519, 8.588118101599999 ], [ 76.997304016699999, 8.588075036099999 ], [ 76.997574794900004, 8.587962066899999 ], [ 76.997574794900004, 8.587962066899999 ], [ 76.997596160499995, 8.587952959200001 ], [ 76.997663513199996, 8.5879569908 ], [ 76.997674226200004, 8.587957632 ], [ 76.997824903799994, 8.5879509114 ], [ 76.998010812499999, 8.5879053481 ], [ 76.998307527199998, 8.5879337143 ], [ 76.998307543400003, 8.5879337159 ], [ 76.998341464700005, 8.5879369588 ], [ 76.998519631799994, 8.587953991599999 ], [ 76.9986740242, 8.587970653799999 ], [ 76.998674030900006, 8.587970654499999 ], [ 76.999056891099997, 8.588000365799999 ], [ 76.999056892499993, 8.588000365799999 ], [ 76.999073899400003, 8.5880009295 ], [ 76.999103389200002, 8.588001906900001 ], [ 76.999225642300004, 8.5880071627 ], [ 76.999225642699997, 8.5880071627 ], [ 76.999390070499999, 8.5879413102 ], [ 76.9994842965, 8.5879016191 ], [ 76.999742366899994, 8.5878002169 ], [ 76.999742366899994, 8.5878002169 ], [ 76.999742366899994, 8.5878002169 ], [ 77.000264142399999, 8.5878670755 ], [ 77.000329411699994, 8.587883078 ], [ 77.000329412100001, 8.587883078100001 ], [ 77.000797055500001, 8.587989453 ], [ 77.000797055500001, 8.587989453 ], [ 77.000812501699997, 8.5879921682 ], [ 77.000829868699995, 8.5879952211 ], [ 77.000967042599996, 8.588105225 ], [ 77.000972990600005, 8.5881099949 ], [ 77.001080678700006, 8.5880934863 ], [ 77.001155450400006, 8.5880669301 ], [ 77.001234313, 8.588005302699999 ], [ 77.001260237500006, 8.5878795887 ], [ 77.001264576300002, 8.587792713700001 ], [ 77.001264869400003, 8.5877868452 ], [ 77.001320089700002, 8.5876163558 ], [ 77.001340562099998, 8.587544745700001 ], [ 77.001368647199996, 8.587446507599999 ], [ 77.001368647199996, 8.587446507599999 ], [ 77.001368647199996, 8.587446507599999 ], [ 77.001369585500001, 8.587443225499999 ], [ 77.001369800399999, 8.587442473799999 ], [ 77.001383623799995, 8.5874168726 ], [ 77.001440798, 8.5873109851 ], [ 77.001441827400001, 8.587310260400001 ], [ 77.001441827400001, 8.587310260400001 ], [ 77.001441827400001, 8.587310260400001 ], [ 77.001453640500003, 8.5873019437 ], [ 77.001581666099995, 8.5872118114 ], [ 77.001661908800003, 8.5871686598 ], [ 77.0017057747, 8.5871450703 ], [ 77.0017057747, 8.5871450703 ], [ 77.0017057747, 8.5871450703 ], [ 77.0017057747, 8.5871450703 ], [ 77.001710137800004, 8.5871427241 ], [ 77.001907353099995, 8.5871293523 ], [ 77.001919761300002, 8.587132581 ], [ 77.001919761300002, 8.587132581 ], [ 77.002022664, 8.587159357099999 ], [ 77.002024861, 8.5871580617 ], [ 77.002026585099998, 8.5871603774 ], [ 77.002035824800004, 8.5871627817 ], [ 77.002078814200004, 8.5871350594 ], [ 77.002165402900005, 8.587075195200001 ], [ 77.002218521900005, 8.587043875 ], [ 77.002218522, 8.587043875 ], [ 77.002293895199998, 8.5869298905 ], [ 77.0023030511, 8.586922936500001 ], [ 77.0023030511, 8.586922936500001 ], [ 77.002365351899996, 8.586875618700001 ], [ 77.002365351899996, 8.586875618700001 ], [ 77.002371654399994, 8.586870831900001 ], [ 77.002445260800002, 8.5869981993 ], [ 77.002445260900004, 8.5869981993 ], [ 77.002445260900004, 8.5869981993 ], [ 77.0024527944, 8.5870112353 ], [ 77.002458922499997, 8.587037601900001 ], [ 77.002469744699994, 8.5870841651 ], [ 77.002502339499998, 8.5871986093 ], [ 77.002768885899997, 8.5874605992 ], [ 77.0027965126, 8.5874870462 ], [ 77.002973977099998, 8.5875035325 ], [ 77.003133278700005, 8.5875096168 ], [ 77.003133279099998, 8.5875096168 ], [ 77.003133279099998, 8.5875096168 ], [ 77.003146954499996, 8.587510139100001 ], [ 77.003218297299995, 8.587626031199999 ], [ 77.003218297299995, 8.587626031199999 ], [ 77.003218297299995, 8.587626031199999 ], [ 77.003218297299995, 8.587626031199999 ], [ 77.003219708900005, 8.587628324200001 ], [ 77.003240034900003, 8.587746728500001 ], [ 77.003252090800004, 8.587816956799999 ], [ 77.003252090800004, 8.587816957 ], [ 77.003294307100006, 8.587888232199999 ], [ 77.003298621599995, 8.587894736300001 ], [ 77.003299144899998, 8.5878955252 ], [ 77.003338495600005, 8.5879334972 ], [ 77.003465294500003, 8.5880558532 ], [ 77.003482041799998, 8.5880720137 ], [ 77.003484000499995, 8.5880739038 ], [ 77.003482425300007, 8.5880750689 ], [ 77.003518896299994, 8.5880707459 ], [ 77.003520189400007, 8.5880697004 ], [ 77.003520494399993, 8.588069453799999 ], [ 77.003525547699994, 8.5880693754 ], [ 77.003542533300006, 8.588069111899999 ], [ 77.003542546099993, 8.5880689014 ], [ 77.0038519127, 8.588062005 ], [ 77.003914644399998, 8.588060606499999 ], [ 77.004067506200002, 8.588057061 ], [ 77.004118097399996, 8.588055887499999 ], [ 77.00421686, 8.5880535967 ], [ 77.004217785199998, 8.5880536776 ], [ 77.004217785199998, 8.5880536776 ], [ 77.004217785500003, 8.5880536776 ], [ 77.004221455299998, 8.588053998199999 ], [ 77.004237273200005, 8.5880553801 ], [ 77.004365939799996, 8.588066621 ], [ 77.004366705, 8.5880666879 ], [ 77.004369092299996, 8.588066896400001 ], [ 77.004371973299996, 8.5880671481 ], [ 77.004436829499994, 8.588121411099999 ], [ 77.004473608300003, 8.5881521828 ], [ 77.004479384800007, 8.5881570157 ], [ 77.004499826699998, 8.5881741188 ], [ 77.004610529, 8.5882667396 ], [ 77.004613638400002, 8.588271153 ], [ 77.0046334516, 8.588299275600001 ], [ 77.004670783700007, 8.588352264399999 ], [ 77.004725014499996, 8.5884292388 ], [ 77.0047303777, 8.588436851399999 ], [ 77.004736423200001, 8.5884454323 ], [ 77.004736943200001, 8.588446170299999 ], [ 77.004841367099999, 8.5883852775 ], [ 77.004846281100001, 8.588382412 ], [ 77.004909022099994, 8.588345825799999 ], [ 77.004910961, 8.5883446952 ], [ 77.004913014899998, 8.5883434975 ], [ 77.004914114499996, 8.5883435375 ], [ 77.004963331100001, 8.588345327300001 ], [ 77.005030161299999, 8.588347757699999 ], [ 77.005056878199994, 8.588348444 ], [ 77.005056878199994, 8.588348444099999 ], [ 77.005057141099996, 8.588348738800001 ], [ 77.005057482200002, 8.5883487512 ], [ 77.005058968100002, 8.588348805200001 ], [ 77.005059333199995, 8.588349212700001 ], [ 77.005060123099994, 8.588350094100001 ], [ 77.005066686600003, 8.588357418699999 ], [ 77.005068366200007, 8.5883592929 ], [ 77.005086768400005, 8.588379828600001 ], [ 77.005101184899999, 8.5883959165 ], [ 77.005144250399994, 8.588443974900001 ], [ 77.005146058600005, 8.588448444599999 ], [ 77.005146769700005, 8.588450202500001 ], [ 77.005151883699995, 8.588447674099999 ], [ 77.005153356799994, 8.5884515844 ], [ 77.005172958200006, 8.5884403142 ], [ 77.005203332199997, 8.5884222384 ], [ 77.005242416399994, 8.5884029154 ], [ 77.005246016499996, 8.5884011356 ], [ 77.005252092800006, 8.588398418100001 ], [ 77.005381726099998, 8.5883404423 ], [ 77.005390464100003, 8.5883365344 ], [ 77.005862222399998, 8.588125549900001 ], [ 77.005895336099996, 8.588110740399999 ], [ 77.005896078700005, 8.5881127662 ], [ 77.006135180499996, 8.5880224845 ], [ 77.006149634, 8.5880107657 ], [ 77.006191040900006, 8.5879746394 ], [ 77.006229242800003, 8.587946219299999 ], [ 77.006394599800004, 8.587823202799999 ], [ 77.006418606300002, 8.587800614100001 ], [ 77.006449319, 8.587771715100001 ], [ 77.006479534, 8.5877432845 ], [ 77.006481851700002, 8.587741103700001 ], [ 77.006530560399995, 8.5877019125 ], [ 77.006493409, 8.5876823981 ], [ 77.006493409, 8.5876823982 ], [ 77.005966264400001, 8.5872650335 ], [ 77.005677626899995, 8.5870553505 ], [ 77.004768190600004, 8.586737209100001 ], [ 77.004386367, 8.586554336300001 ], [ 77.003950849500001, 8.5863301696 ], [ 77.0036107878, 8.585663567699999 ], [ 77.0030220238, 8.585124975399999 ], [ 77.002665775, 8.5847575371 ], [ 77.002154507499995, 8.5843368971 ] ] ] ] } },
{ "type": "Feature", "properties": { "gml_parent": null, "gml_pare_1": "featureMembers", "gml_id": "Thiruvanathapuram_Editor.fid--715e5034_19246a0be1c_-53d0", "geom": null, "District": "Thiruvanathapuram", "LSGD": "Nedumangad", "Ward_Name": "PALAYATHINMUKAL", "Ward_No": 4, "Lsgd_Type": "Municipality", "Created_Da": "2024/10/15 05:08:13.594", "Surveyor": "Jeevan P", "Mob_No": null, "Remarks": "Palayathinmukal", "_distLsgd": "Thiruvanathapuram_Nedumangad", "OBJECTID": 439, "_result": "Thiruvanathapuram_Nedumangad", "_ulid": "01JBBD70X170A88TT77VY8PM1H", "_distLsgd2": "Thiruvanathapuram_Nedumangad" }, "geometry": { "type": "MultiPolygon", "coordinates": [ [ [ [ 76.982564826399994, 8.6096778667 ], [ 76.982564826399994, 8.6096778667 ], [ 76.982448445599999, 8.6096893452 ], [ 76.982202424099995, 8.609774503300001 ], [ 76.982061827600006, 8.6098039989 ], [ 76.981852525299999, 8.609842156 ], [ 76.981760934600004, 8.609856900400001 ], [ 76.981752935299994, 8.6098581881 ], [ 76.981681686499996, 8.609869657799999 ], [ 76.981671555399998, 8.609871288700001 ], [ 76.981656803500002, 8.6098724811 ], [ 76.981573102799999, 8.6098792465 ], [ 76.981533112899996, 8.609882478899999 ], [ 76.981508486300001, 8.609880756700001 ], [ 76.981421966100001, 8.609874706099999 ], [ 76.981395731899994, 8.6098728715 ], [ 76.981314855799994, 8.609882192300001 ], [ 76.981312122600002, 8.6098825073 ], [ 76.981249705500005, 8.609976810599999 ], [ 76.981239677199994, 8.609991962 ], [ 76.981238297100006, 8.609992656 ], [ 76.981171076600006, 8.6100264609 ], [ 76.981105264600004, 8.6100595575 ], [ 76.981069221300004, 8.6100776835 ], [ 76.981066557399998, 8.610081066099999 ], [ 76.981009669700001, 8.6101533 ], [ 76.980979664900005, 8.610191399 ], [ 76.980942051400007, 8.6102353905 ], [ 76.980844585699998, 8.610349383399999 ], [ 76.980844547900006, 8.610349427499999 ], [ 76.980761340300006, 8.610446744400001 ], [ 76.9806614333, 8.6105635924 ], [ 76.980589564499994, 8.6106476477 ], [ 76.980536085500006, 8.610710195 ], [ 76.980483513699994, 8.610771681099999 ], [ 76.980415170499995, 8.610851613099999 ], [ 76.9803503113, 8.6109274703 ], [ 76.980306315799993, 8.6109789259 ], [ 76.980090678699995, 8.6112311271 ], [ 76.979887443300001, 8.611634198 ], [ 76.979848974700005, 8.611728853500001 ], [ 76.979844361900007, 8.6117402038 ], [ 76.979842551100006, 8.611744659399999 ], [ 76.979799630900004, 8.6118502684 ], [ 76.979784217, 8.611888195700001 ], [ 76.979760134100005, 8.611947453799999 ], [ 76.979743024200005, 8.611989554100001 ], [ 76.979704503099995, 8.6121294091 ], [ 76.979644513899999, 8.612347206100001 ], [ 76.979627183199995, 8.6124101268 ], [ 76.979627183199995, 8.6124101268 ], [ 76.979619329399995, 8.612438640700001 ], [ 76.979580820099997, 8.612578452399999 ], [ 76.979569380599997, 8.6126199849 ], [ 76.979561218699999, 8.612649617500001 ], [ 76.979554199700004, 8.612675100700001 ], [ 76.979527359299993, 8.6127349103 ], [ 76.979527359, 8.6127349109 ], [ 76.979471217500006, 8.612860013700001 ], [ 76.979406209100006, 8.613004875 ], [ 76.979382602599998, 8.6130574785 ], [ 76.979382602599998, 8.6130574785 ], [ 76.979373243599994, 8.613078333600001 ], [ 76.979358631099998, 8.6131108952 ], [ 76.979353208099994, 8.6131229796 ], [ 76.979350488799994, 8.6131290392 ], [ 76.979350310599997, 8.613129436199999 ], [ 76.979348287, 8.6131339454 ], [ 76.979340741900003, 8.6131507585 ], [ 76.979335483, 8.6131624773 ], [ 76.979321892599998, 8.613192761200001 ], [ 76.979305216100002, 8.613212126700001 ], [ 76.979272412499995, 8.613250219399999 ], [ 76.979134896900007, 8.6134131951 ], [ 76.979134871200003, 8.6134132254 ], [ 76.979134860200006, 8.6134132387 ], [ 76.978966337, 8.6136129624 ], [ 76.978923763300003, 8.6136634184 ], [ 76.978865732800003, 8.613732192700001 ], [ 76.978827447800001, 8.6137775658 ], [ 76.9788070484, 8.6138017419 ], [ 76.9787835968, 8.613829535300001 ], [ 76.978757187599996, 8.613860834 ], [ 76.9787481611, 8.613871531699999 ], [ 76.978745806600003, 8.613874322099999 ], [ 76.978741912399997, 8.613878937300001 ], [ 76.978723565, 8.613900681500001 ], [ 76.978723565, 8.613900681500001 ], [ 76.978658408599998, 8.6141614842 ], [ 76.978579632899994, 8.614476801 ], [ 76.978579632899994, 8.614476801 ], [ 76.978468771699994, 8.6145462889 ], [ 76.978456397100004, 8.6145540453 ], [ 76.978433569499998, 8.614568353699999 ], [ 76.978403776500002, 8.614587028 ], [ 76.978370261, 8.6146080355 ], [ 76.978317726200004, 8.614640964299999 ], [ 76.978264482100002, 8.6146743377 ], [ 76.978242814300003, 8.6146879191 ], [ 76.978234147899997, 8.6146933512 ], [ 76.978234147899997, 8.6146933512 ], [ 76.978233208199995, 8.6146963333 ], [ 76.978230108199995, 8.614706171 ], [ 76.978220622799995, 8.6147362723 ], [ 76.978212040100004, 8.614763509099999 ], [ 76.978204145399999, 8.614788562599999 ], [ 76.978189835699993, 8.6148339736 ], [ 76.978178313399994, 8.614870539 ], [ 76.978176428699996, 8.614876519799999 ], [ 76.978139996199999, 8.6149921362 ], [ 76.978139996199999, 8.6149921374 ], [ 76.978138171400005, 8.6151590815 ], [ 76.978137175100002, 8.615214031900001 ], [ 76.978136746299995, 8.6152376859 ], [ 76.978136001699994, 8.6152787538 ], [ 76.978135761100006, 8.6152920225 ], [ 76.978135761100006, 8.6152920231 ], [ 76.978142718499996, 8.615431901099999 ], [ 76.978142718499996, 8.615431901099999 ], [ 76.978144768700005, 8.6154502856 ], [ 76.978145124700006, 8.615453477499999 ], [ 76.978072119100005, 8.615588219599999 ], [ 76.978072691099996, 8.615588691199999 ], [ 76.978072085299999, 8.6155893878 ], [ 76.978071591100004, 8.6155891941 ], [ 76.978016035300001, 8.615567418 ], [ 76.978004836099998, 8.6155630282 ], [ 76.977988010299995, 8.6155564331 ], [ 76.977983275900002, 8.615553865 ], [ 76.977963173099994, 8.615542960399999 ], [ 76.9779240835, 8.6155217567 ], [ 76.977792759400003, 8.615433036300001 ], [ 76.977687099299999, 8.615361653900001 ], [ 76.977654662299997, 8.615397422799999 ], [ 76.977654662399999, 8.615397423399999 ], [ 76.977670875800001, 8.6154789908 ], [ 76.9776714005, 8.6154816307 ], [ 76.977670293599999, 8.615510070399999 ], [ 76.977670293599999, 8.615510070699999 ], [ 76.977669154599994, 8.615539336 ], [ 76.977667679, 8.6155772517 ], [ 76.977666329100003, 8.6156119336 ], [ 76.977665339599994, 8.615637359 ], [ 76.977663673600006, 8.615680165500001 ], [ 76.977662896400005, 8.615700133900001 ], [ 76.977661619, 8.6157329565 ], [ 76.977658988499996, 8.615800541800001 ], [ 76.977658988499996, 8.615800541800001 ], [ 76.977658988499996, 8.615800542 ], [ 76.97765658, 8.6158624274 ], [ 76.97765658, 8.6158624275 ], [ 76.977656161499993, 8.615873179799999 ], [ 76.977656141200001, 8.6158737016 ], [ 76.977654508499995, 8.6158743848 ], [ 76.977643975899994, 8.615882062700001 ], [ 76.977661473200001, 8.6159108373 ], [ 76.977681698699996, 8.6159440987 ], [ 76.977699008599998, 8.615972565 ], [ 76.977711989499994, 8.6159939124 ], [ 76.977730144299997, 8.6160237684 ], [ 76.977741573499998, 8.6160418257 ], [ 76.977742051299998, 8.6160433497 ], [ 76.977753508199996, 8.616079896 ], [ 76.977923564199997, 8.6163240836 ], [ 76.978147059099996, 8.6164761449 ], [ 76.978439077299996, 8.616584251900001 ], [ 76.978489615300006, 8.616588438 ], [ 76.978539676699995, 8.616592584499999 ], [ 76.978548525700006, 8.6165934067 ], [ 76.9790766574, 8.616642476299999 ], [ 76.979638593399997, 8.616591568400001 ], [ 76.979638607, 8.6165915671 ], [ 76.979638612700001, 8.6165915638 ], [ 76.980141676700001, 8.616298460199999 ], [ 76.980214605, 8.616185844 ], [ 76.980220430599999, 8.6161768481 ], [ 76.9805104828, 8.616163870699999 ], [ 76.980519818900007, 8.6161634529 ], [ 76.980524587199994, 8.616163239600001 ], [ 76.980721730599996, 8.6160037135 ], [ 76.98073909, 8.615989666500001 ], [ 76.980743092, 8.615986428099999 ], [ 76.980955864500004, 8.6159533289 ], [ 76.981096502900002, 8.6159314509 ], [ 76.981110258100003, 8.6159293111 ], [ 76.981294515, 8.615808272600001 ], [ 76.981308615499998, 8.61579901 ], [ 76.981310314, 8.6157978943 ], [ 76.981412065699999, 8.6157807219 ], [ 76.981541882900004, 8.615758813 ], [ 76.981541882900004, 8.615758813 ], [ 76.981541882900004, 8.615758812899999 ], [ 76.981541883700004, 8.615758812799999 ], [ 76.981608952800002, 8.615747493700001 ], [ 76.981622342799994, 8.6157452339 ], [ 76.981662860499995, 8.6157592542 ], [ 76.9819154626, 8.615846661699999 ], [ 76.981924388899998, 8.615849750500001 ], [ 76.982033755299994, 8.6158875943 ], [ 76.982414548600005, 8.615928158699999 ], [ 76.982660412599998, 8.6158808463 ], [ 76.982933153199994, 8.615688675099999 ], [ 76.983192822099994, 8.6153384099 ], [ 76.983193691400004, 8.6153357093 ], [ 76.983286608699999, 8.615047065 ], [ 76.983286802199999, 8.615046463800001 ], [ 76.9832887572, 8.615040390600001 ], [ 76.983294395800002, 8.615022874699999 ], [ 76.983295521499997, 8.615023048199999 ], [ 76.983340946200002, 8.615030051 ], [ 76.983347968800004, 8.615031133600001 ], [ 76.983597996900002, 8.615069678499999 ], [ 76.983792963599996, 8.614998057299999 ], [ 76.983906545699995, 8.6149563327 ], [ 76.983942762, 8.614943028600001 ], [ 76.984051873599995, 8.6149101731 ], [ 76.984153919299999, 8.6148794453 ], [ 76.984175524, 8.6148729397 ], [ 76.984191886, 8.614868012800001 ], [ 76.984318009700004, 8.614715131600001 ], [ 76.984387088399998, 8.6146107649 ], [ 76.984429049200003, 8.614514078 ], [ 76.98442916, 8.614512620199999 ], [ 76.984434787599994, 8.614438549899999 ], [ 76.984436179499994, 8.6144202289 ], [ 76.984437073099997, 8.614408467500001 ], [ 76.984438832199999, 8.6143853142 ], [ 76.984439457899995, 8.6143851474 ], [ 76.984478975399995, 8.614374618799999 ], [ 76.984523673599995, 8.6143627098 ], [ 76.984626391199996, 8.6143353427 ], [ 76.984627284599995, 8.6143351047 ], [ 76.984651796799994, 8.614338911600001 ], [ 76.984874157600004, 8.6143734456 ], [ 76.985095762, 8.614343874599999 ], [ 76.985200941100004, 8.614284850600001 ], [ 76.985260080299994, 8.614147664800001 ], [ 76.985266903300001, 8.6141318377 ], [ 76.985272630799997, 8.614129820700001 ], [ 76.985272681599994, 8.614129802800001 ], [ 76.985348589099999, 8.614103070900001 ], [ 76.985438779700004, 8.614071309 ], [ 76.985475167499999, 8.6140616269 ], [ 76.9857587419, 8.613986173 ], [ 76.985896803299994, 8.613949437300001 ], [ 76.985900308699996, 8.6139485045 ], [ 76.985864936400006, 8.6136475973 ], [ 76.985857652799993, 8.613585636 ], [ 76.985848185600005, 8.613555401899999 ], [ 76.985831344800005, 8.613501619699999 ], [ 76.985830496600002, 8.613498911 ], [ 76.985830496600002, 8.613498911 ], [ 76.985778246300001, 8.613296671700001 ], [ 76.985778777099995, 8.6132943072 ], [ 76.985858032199999, 8.6129411962 ], [ 76.985886605800005, 8.6128138899 ], [ 76.985993633099994, 8.6123565096 ], [ 76.985994329600004, 8.6123535333 ], [ 76.986083485600005, 8.6121712137 ], [ 76.986121667099994, 8.612099843499999 ], [ 76.986268664600004, 8.6118250704 ], [ 76.986431388499994, 8.6112513681 ], [ 76.986440248199997, 8.6112201321 ], [ 76.986457557600005, 8.6111248725 ], [ 76.986459636399999, 8.611113432 ], [ 76.986612401100004, 8.6104172759 ], [ 76.986613704600003, 8.610417337399999 ], [ 76.986723061, 8.6104224927 ], [ 76.986726073499995, 8.610422634700001 ], [ 76.986799174200002, 8.6104679866 ], [ 76.987337649, 8.610802057300001 ], [ 76.987811268200005, 8.6108508301 ], [ 76.987883065600002, 8.610858223699999 ], [ 76.988345973099996, 8.6108084428 ], [ 76.9883736134, 8.6108353033 ], [ 76.988368125899996, 8.610800572600001 ], [ 76.988368126500006, 8.610800576100001 ], [ 76.988367364499993, 8.6107957537 ], [ 76.988367105500004, 8.610794114100001 ], [ 76.988363724600006, 8.6107727161 ], [ 76.988362611100001, 8.610765668899999 ], [ 76.988360337, 8.610751276 ], [ 76.988359359499995, 8.6107450892 ], [ 76.988357974600007, 8.610736324099999 ], [ 76.988357692799994, 8.610734540099999 ], [ 76.988357692799994, 8.610734540099999 ], [ 76.988345386600002, 8.6106566533 ], [ 76.988331040600002, 8.610565855700001 ], [ 76.988301018399994, 8.6103758413 ], [ 76.988257682699995, 8.610101564500001 ], [ 76.9882575747, 8.610100880599999 ], [ 76.988244650699997, 8.6100490015 ], [ 76.988244650699997, 8.6100490015 ], [ 76.988241003599995, 8.6100343616 ], [ 76.988123977100003, 8.6095645969 ], [ 76.988123937, 8.609564435699999 ], [ 76.988122523399994, 8.609558761400001 ], [ 76.988109950799995, 8.609508292699999 ], [ 76.988109136199995, 8.609505022700001 ], [ 76.988119729700003, 8.6094761671 ], [ 76.988121123, 8.609472371600001 ], [ 76.988130044200005, 8.6094537004 ], [ 76.988140941099999, 8.609430893900001 ], [ 76.988140960300001, 8.609430871400001 ], [ 76.988140963399999, 8.609430847400001 ], [ 76.988155400899998, 8.6094006307 ], [ 76.9881795533, 8.609350081500001 ], [ 76.988276063300006, 8.6091437967 ], [ 76.988276865900005, 8.6091420812 ], [ 76.988299185399995, 8.6091143498 ], [ 76.988334293299999, 8.6090704808 ], [ 76.988375719399997, 8.6090187169 ], [ 76.988387669299996, 8.609003784900001 ], [ 76.9884680097, 8.608934424499999 ], [ 76.988480468299997, 8.608923668599999 ], [ 76.988529125200003, 8.608887705200001 ], [ 76.988600292599997, 8.608835103600001 ], [ 76.988648216599998, 8.608799681800001 ], [ 76.988659494700002, 8.608792918200001 ], [ 76.988672876099997, 8.608784893199999 ], [ 76.988682013399995, 8.608779413500001 ], [ 76.988881205200002, 8.6086599563 ], [ 76.988925535600004, 8.6086417717 ], [ 76.988925124399998, 8.608632076899999 ], [ 76.988924422899998, 8.608621316100001 ], [ 76.988903038399997, 8.6082932794 ], [ 76.9889031063, 8.6082802924 ], [ 76.988903157799996, 8.6082704431 ], [ 76.988822365399997, 8.6078285018 ], [ 76.988776079600001, 8.607593366 ], [ 76.988731513, 8.6072783922 ], [ 76.988713805800003, 8.6068676125 ], [ 76.988714035699999, 8.606852806099999 ], [ 76.9887130802, 8.6068507799 ], [ 76.988711253399998, 8.6068083996 ], [ 76.988710635900006, 8.6067940757 ], [ 76.988660185, 8.606709053399999 ], [ 76.988530817400004, 8.6066912822 ], [ 76.988530817400004, 8.6066912822 ], [ 76.988413170300007, 8.6067119975 ], [ 76.988413170200005, 8.6067119975 ], [ 76.9883983796, 8.6067146019 ], [ 76.988387569599993, 8.6067165053 ], [ 76.988385943300003, 8.6067167916 ], [ 76.988379874499998, 8.606718841299999 ], [ 76.988379895899996, 8.606719139100001 ], [ 76.988066147699996, 8.606826826700001 ], [ 76.988059365799998, 8.6068291545 ], [ 76.987948234499996, 8.606882904400001 ], [ 76.987881917099998, 8.606914979500001 ], [ 76.9877022573, 8.6070018738 ], [ 76.987702241700006, 8.6070018813 ], [ 76.9875434442, 8.607078685399999 ], [ 76.987440707399998, 8.607165327900001 ], [ 76.987435973100006, 8.607169320500001 ], [ 76.987373488900005, 8.6072220163 ], [ 76.9873570333, 8.607235894 ], [ 76.987321094899997, 8.6072662024 ], [ 76.987052524600003, 8.6074458603 ], [ 76.987052509600005, 8.607445870299999 ], [ 76.986917729, 8.6075360306 ], [ 76.986908160599995, 8.607542431200001 ], [ 76.986832094, 8.607593315300001 ], [ 76.986820293899996, 8.6076012089 ], [ 76.986792119, 8.6076200562 ], [ 76.986792055099997, 8.6076200989 ], [ 76.986781262199997, 8.607627318700001 ], [ 76.986779886199997, 8.6076282392 ], [ 76.986776572699995, 8.607630455700001 ], [ 76.986745386400003, 8.6076513175 ], [ 76.986744601300003, 8.607651842699999 ], [ 76.986744522199999, 8.6076518956 ], [ 76.986703798199997, 8.607669425799999 ], [ 76.986668074799994, 8.6076848034 ], [ 76.986610435700001, 8.607709614899999 ], [ 76.9866074631, 8.6077108945 ], [ 76.986579097200007, 8.607723105 ], [ 76.986574515300006, 8.6077250774 ], [ 76.986525526, 8.6077461654 ], [ 76.986523568699994, 8.607746517300001 ], [ 76.9863532607, 8.607777131800001 ], [ 76.986332429900003, 8.6077808764 ], [ 76.986317517299995, 8.607783557099999 ], [ 76.986177341499996, 8.607808755 ], [ 76.986138542800006, 8.6078157294 ], [ 76.986071087400006, 8.6078311409 ], [ 76.985855236800006, 8.6078804559 ], [ 76.985849562799999, 8.607881752200001 ], [ 76.985754905099995, 8.6079033784 ], [ 76.985754905099995, 8.6079033784 ], [ 76.985747404199998, 8.607905092099999 ], [ 76.985746451300002, 8.6079053099 ], [ 76.985582783599995, 8.607942702600001 ], [ 76.9855313212, 8.6079544601 ], [ 76.985507375699996, 8.6078798083 ], [ 76.985479383799998, 8.607804975900001 ], [ 76.985473576900006, 8.6077744378 ], [ 76.985468693499996, 8.607748756099999 ], [ 76.985455047399995, 8.6076941729 ], [ 76.985453879700003, 8.6076895025 ], [ 76.985430203199996, 8.607594798299999 ], [ 76.985412845699997, 8.607525369799999 ], [ 76.985370897300001, 8.6073684424 ], [ 76.985446940900005, 8.607266019900001 ], [ 76.985447423300002, 8.6072653701 ], [ 76.985485840400003, 8.6072371792 ], [ 76.985539808400006, 8.607197576900001 ], [ 76.985669715, 8.6071043109 ], [ 76.985670540699999, 8.6070433162 ], [ 76.985609637, 8.606978658599999 ], [ 76.985609637, 8.606978658599999 ], [ 76.985589597, 8.606957383399999 ], [ 76.985525787499995, 8.6068896407 ], [ 76.985387813599999, 8.6067289441 ], [ 76.985235286299996, 8.606551297099999 ], [ 76.985204327899993, 8.6065152402 ], [ 76.985193410500003, 8.6065126826 ], [ 76.985164064100005, 8.6065058076 ], [ 76.985153922400002, 8.6065034317 ], [ 76.985141170199995, 8.6065004443 ], [ 76.985139586299994, 8.606504386899999 ], [ 76.985139426, 8.6065047861 ], [ 76.985137114799997, 8.606505002 ], [ 76.985132407099996, 8.6065061737 ], [ 76.985135401, 8.6065139453 ], [ 76.9851355869, 8.606514342400001 ], [ 76.985135570099999, 8.6065143843 ], [ 76.9850875785, 8.606633846199999 ], [ 76.985057036100002, 8.606656338200001 ], [ 76.985054345, 8.60665832 ], [ 76.985050036199993, 8.606661493 ], [ 76.985047461799994, 8.606663388799999 ], [ 76.985022949300003, 8.606681440399999 ], [ 76.985019390800005, 8.606684060899999 ], [ 76.985018586500004, 8.6066846532 ], [ 76.985015562900003, 8.606685597 ], [ 76.985011121699998, 8.606686983299999 ], [ 76.9848545113, 8.6067358695 ], [ 76.984849127199993, 8.6067375502 ], [ 76.9847847, 8.606787973699999 ], [ 76.984781211500007, 8.606790704 ], [ 76.984780844799999, 8.606790543700001 ], [ 76.984746725899996, 8.6068132881 ], [ 76.984744716199998, 8.6068146278 ], [ 76.984742424399997, 8.606818198699999 ], [ 76.984740779700005, 8.6068223477 ], [ 76.984738753900004, 8.606823933199999 ], [ 76.984735489, 8.6068292594 ], [ 76.984731642900002, 8.606837795600001 ], [ 76.984713179, 8.6068787751 ], [ 76.984707901799993, 8.606890487299999 ], [ 76.984697470100002, 8.6069136398 ], [ 76.984662689399997, 8.606990833099999 ], [ 76.984636718100006, 8.6070237323 ], [ 76.984625677899999, 8.607037717500001 ], [ 76.984619000799995, 8.607046175800001 ], [ 76.984566069600007, 8.607113226399999 ], [ 76.984563923300001, 8.607114833900001 ], [ 76.984545614599995, 8.607128547 ], [ 76.9845410792, 8.607131944 ], [ 76.984515190899998, 8.607151334099999 ], [ 76.984496993299999, 8.607164964 ], [ 76.984442877500001, 8.607205496200001 ], [ 76.984439708099998, 8.6072078701 ], [ 76.984416709200005, 8.607248159599999 ], [ 76.984383767, 8.607305867699999 ], [ 76.984383268399995, 8.607307459899999 ], [ 76.984291347699994, 8.607600961799999 ], [ 76.984262855400004, 8.6076919375 ], [ 76.984260717699996, 8.6076987634 ], [ 76.984271367, 8.607827562600001 ], [ 76.984297163700006, 8.607955137399999 ], [ 76.984297201700002, 8.607955990200001 ], [ 76.984297518800005, 8.6079631101 ], [ 76.984297518800005, 8.6079631101 ], [ 76.984299824700003, 8.6080148685 ], [ 76.984299824700003, 8.6080148685 ], [ 76.984309094899999, 8.6082229536 ], [ 76.984321258500003, 8.608495983699999 ], [ 76.984356864099993, 8.6087512135 ], [ 76.984368022400005, 8.6087897303 ], [ 76.984376251300006, 8.6088181355 ], [ 76.984376251300006, 8.6088181355 ], [ 76.984405299499997, 8.608918406200001 ], [ 76.9844218084, 8.608975393 ], [ 76.984450944399995, 8.6090381504 ], [ 76.984459117699998, 8.6090557551 ], [ 76.984459117699998, 8.6090557551 ], [ 76.9844815692, 8.609104114599999 ], [ 76.9844923892, 8.6091274203 ], [ 76.9846023944, 8.6092246518 ], [ 76.9846113, 8.609232523199999 ], [ 76.984744297099994, 8.6092821406 ], [ 76.984781893, 8.6092961665 ], [ 76.984935485, 8.6093593744 ], [ 76.984981985600001, 8.609409531900001 ], [ 76.984985163399998, 8.6094129597 ], [ 76.984984071200003, 8.609412736499999 ], [ 76.984877566600005, 8.609390964699999 ], [ 76.984846173799994, 8.609384547399999 ], [ 76.984675923799998, 8.609349744699999 ], [ 76.984486704700004, 8.6094121803 ], [ 76.9844102956, 8.6095210157 ], [ 76.984401174799999, 8.609534007200001 ], [ 76.984399837400005, 8.6095359121 ], [ 76.984390811799997, 8.6095487679 ], [ 76.9843889176, 8.609551465899999 ], [ 76.984368363800002, 8.6095675727 ], [ 76.984363685299996, 8.609572358799999 ], [ 76.984353333, 8.6095936678 ], [ 76.984346688900004, 8.6096116154 ], [ 76.984319366099996, 8.6096505334 ], [ 76.984246856400006, 8.609719570599999 ], [ 76.984183005600002, 8.609780363500001 ], [ 76.984116033299998, 8.609844128400001 ], [ 76.984077971700003, 8.609880367200001 ], [ 76.984056080800002, 8.609925156199999 ], [ 76.984044926799996, 8.609947977599999 ], [ 76.984015233600005, 8.610008730400001 ], [ 76.983964263499999, 8.6100387966 ], [ 76.983822897799996, 8.6101221853 ], [ 76.983643119299998, 8.6101657266 ], [ 76.983574849799993, 8.610153460599999 ], [ 76.983565467099993, 8.6101517748 ], [ 76.983544179099994, 8.61014795 ], [ 76.983464938300003, 8.6101337128 ], [ 76.983322951800005, 8.610108202 ], [ 76.983172729, 8.6100933367 ], [ 76.983101082100006, 8.6100862469 ], [ 76.983047864599996, 8.6100894468 ], [ 76.983045944699995, 8.610089562200001 ], [ 76.983046021700005, 8.610089431800001 ], [ 76.982920302699995, 8.610088407099999 ], [ 76.982920302699995, 8.610088407 ], [ 76.982910482400001, 8.610073742499999 ], [ 76.982900348200005, 8.610058609199999 ], [ 76.982867391599996, 8.610009395300001 ], [ 76.982854153399998, 8.609989626799999 ], [ 76.982854889699993, 8.609988895 ], [ 76.9828143979, 8.609922497399999 ], [ 76.982784625099995, 8.6098762753 ], [ 76.982703205899995, 8.609759393599999 ], [ 76.982703205899995, 8.609759393499999 ], [ 76.982652168300007, 8.6096692522 ], [ 76.982642572399996, 8.6096701986 ], [ 76.982612631799995, 8.609673151599999 ], [ 76.982589530200002, 8.6096707144 ], [ 76.982566685899997, 8.609677683299999 ], [ 76.982566685899997, 8.609677683299999 ], [ 76.982564826399994, 8.6096778667 ] ] ] ] } },
{ "type": "Feature", "properties": { "gml_parent": null, "gml_pare_1": "featureMembers", "gml_id": "Thiruvanathapuram_Editor.fid--715e5034_19246a0be1c_-3ac5", "geom": null, "District": "Thiruvanathapuram", "LSGD": "Nedumangad", "Ward_Name": "PARAMUTTAM", "Ward_No": 32, "Lsgd_Type": "Municipality", "Created_Da": "2024/10/16 10:01:00.058", "Surveyor": "satheesh", "Mob_No": null, "Remarks": null, "_distLsgd": "Thiruvanathapuram_Nedumangad", "OBJECTID": 439, "_result": "Thiruvanathapuram_Nedumangad", "_ulid": "01JBBD70X170A88TT77VY8PM1H", "_distLsgd2": "Thiruvanathapuram_Nedumangad" }, "geometry": { "type": "MultiPolygon", "coordinates": [ [ [ [ 76.995651574600004, 8.590098273600001 ], [ 76.995520524300005, 8.5902041992 ], [ 76.9955136154, 8.590214531499999 ], [ 76.995490602800004, 8.590248946599999 ], [ 76.995417917200001, 8.590357647499999 ], [ 76.99528826, 8.590551548600001 ], [ 76.995288054, 8.590552925 ], [ 76.995252886299994, 8.5907878971 ], [ 76.995240902600003, 8.5909080823 ], [ 76.995222332, 8.5910943273 ], [ 76.995213890900004, 8.591141460099999 ], [ 76.995129157500003, 8.5916145853 ], [ 76.995129157500003, 8.5916145855 ], [ 76.995105872799996, 8.591924799299999 ], [ 76.995165967399998, 8.5926774543 ], [ 76.995170978499999, 8.592740216699999 ], [ 76.995176922799999, 8.592814666300001 ], [ 76.995176923700001, 8.5928146775 ], [ 76.995228654900004, 8.593462583399999 ], [ 76.995244168200003, 8.593510220900001 ], [ 76.99540577, 8.5938883847 ], [ 76.995431411699997, 8.593948388699999 ], [ 76.9954612561, 8.594002960099999 ], [ 76.995461258899994, 8.594002961599999 ], [ 76.996015914799997, 8.594294102499999 ], [ 76.996018913200004, 8.5942956763 ], [ 76.996018456, 8.5942961101 ], [ 76.996062971599997, 8.5943312793 ], [ 76.996062971699999, 8.5943312793 ], [ 76.9960984282, 8.5943574874 ], [ 76.996107506100003, 8.5943664633 ], [ 76.996276777399999, 8.5945338339 ], [ 76.996277978699993, 8.5945350217 ], [ 76.996278231600002, 8.5945352717 ], [ 76.996278210499995, 8.594535432500001 ], [ 76.996278203900005, 8.5945354825 ], [ 76.996261971300001, 8.594659070100001 ], [ 76.996260310300002, 8.594671715700001 ], [ 76.996204223600003, 8.5951070616 ], [ 76.996226745800001, 8.595469732 ], [ 76.996227638199997, 8.595484102 ], [ 76.996227638400001, 8.595484107100001 ], [ 76.996247715, 8.5958073946 ], [ 76.996248116900006, 8.5958138664 ], [ 76.996247679, 8.595813827800001 ], [ 76.996247345900002, 8.595873323399999 ], [ 76.996247345900002, 8.595873323699999 ], [ 76.996247345900002, 8.595873324299999 ], [ 76.9962468473, 8.595962377399999 ], [ 76.996212965799998, 8.596047477700001 ], [ 76.996190816899997, 8.5961031092 ], [ 76.996186811599998, 8.5961144287 ], [ 76.996207002099993, 8.596119419600001 ], [ 76.996231095100001, 8.5961253752 ], [ 76.996231457799993, 8.5961255114 ], [ 76.996231457799993, 8.5961255114 ], [ 76.996296414300005, 8.5961499013 ], [ 76.996430362699996, 8.5962001964 ], [ 76.996538595, 8.5962364118 ], [ 76.996545599, 8.596238359499999 ], [ 76.9965455719, 8.5962386019 ], [ 76.996651292600006, 8.596271786899999 ], [ 76.996655763800007, 8.596272626599999 ], [ 76.996661646299998, 8.596270629899999 ], [ 76.996663060900005, 8.5962710233 ], [ 76.996811297600004, 8.5962384518 ], [ 76.997077007300007, 8.596180068500001 ], [ 76.997084285599996, 8.5961784693 ], [ 76.997093418800006, 8.596177945799999 ], [ 76.997119035599994, 8.5961764774 ], [ 76.997119035899999, 8.5961764774 ], [ 76.997290125299997, 8.596166670600001 ], [ 76.997290181899999, 8.5961666885 ], [ 76.997430774400001, 8.596211011499999 ], [ 76.997495964899997, 8.5962315634 ], [ 76.9975720419, 8.5962648585 ], [ 76.997593912699998, 8.596273195 ], [ 76.997652053899998, 8.5962998758 ], [ 76.997676078599994, 8.596310390199999 ], [ 76.997722717100004, 8.596323656799999 ], [ 76.997735963099998, 8.5963273404 ], [ 76.997760341700001, 8.5963341199 ], [ 76.997868862800004, 8.596364298599999 ], [ 76.997874837599994, 8.5963685183 ], [ 76.9980096484, 8.59646373 ], [ 76.998035000599998, 8.5964816352 ], [ 76.998035921099998, 8.5964822853 ], [ 76.9982089608, 8.596223949 ], [ 76.998209876, 8.596221761900001 ], [ 76.998215139500005, 8.5962157225 ], [ 76.998225216700007, 8.5962007297 ], [ 76.998297280200006, 8.596020122900001 ], [ 76.9983086509, 8.5959897341 ], [ 76.998309688299997, 8.5959832585 ], [ 76.998312106599997, 8.5959774801 ], [ 76.998316674600005, 8.5959494763 ], [ 76.998390846500001, 8.595494776400001 ], [ 76.998391623499998, 8.595490012799999 ], [ 76.998392465199998, 8.595490207699999 ], [ 76.998417397200001, 8.5954198386 ], [ 76.998429085300003, 8.595386849400001 ], [ 76.998428971, 8.595386763700001 ], [ 76.998429509100006, 8.595385653199999 ], [ 76.998482935599995, 8.595275406700001 ], [ 76.998496909500005, 8.595246571300001 ], [ 76.998595682200005, 8.5952016268 ], [ 76.998596830400004, 8.595201104299999 ], [ 76.998600753199995, 8.595200006300001 ], [ 76.998685903400002, 8.5951727969 ], [ 76.998685903500004, 8.5951727969 ], [ 76.998703572599993, 8.5951641896 ], [ 76.998730534900005, 8.595142233800001 ], [ 76.998736015899993, 8.595137770599999 ], [ 76.998744727499997, 8.5951338066 ], [ 76.998780968399998, 8.5951173159 ], [ 76.998920456299999, 8.595019672499999 ], [ 76.998993286200005, 8.594882971700001 ], [ 76.999040055699993, 8.594779579 ], [ 76.999066065099996, 8.5947220803 ], [ 76.999071598399993, 8.594709847800001 ], [ 76.999098755600002, 8.594665733399999 ], [ 76.999118957299999, 8.5946329176 ], [ 76.999182117700002, 8.594527815099999 ], [ 76.999205617800001, 8.5944887094 ], [ 76.999244340499999, 8.5944187351 ], [ 76.999269759300006, 8.594372801800001 ], [ 76.9993009449, 8.594323730699999 ], [ 76.999399944499999, 8.5941575708 ], [ 76.999399945700006, 8.5941575687 ], [ 76.999464403100006, 8.594047344 ], [ 76.999481244899997, 8.5940055425 ], [ 76.999489488500004, 8.593991532900001 ], [ 76.999493968899998, 8.593983918699999 ], [ 76.999631053800002, 8.593722175 ], [ 76.999634385299998, 8.5937118537 ], [ 76.999683274, 8.593560389 ], [ 76.999685986499998, 8.5935519853 ], [ 76.999686821699996, 8.593552495799999 ], [ 76.999704076, 8.593514107500001 ], [ 76.999779277499997, 8.5934197172 ], [ 76.999779291500005, 8.5934196996 ], [ 76.999883473500006, 8.5932889339 ], [ 76.999883267499996, 8.5932882451 ], [ 76.999884951200002, 8.593286255400001 ], [ 76.999884976199994, 8.593287047800001 ], [ 76.999886559299995, 8.5932850608 ], [ 77.000129451899994, 8.593220884600001 ], [ 77.000129452099998, 8.593220884500001 ], [ 77.000129452099998, 8.593220884500001 ], [ 77.000134339499994, 8.593219593200001 ], [ 77.000230846, 8.593221633 ], [ 77.000230854099996, 8.593221633 ], [ 77.000380185200001, 8.593224789100001 ], [ 77.000380209900001, 8.593224789800001 ], [ 77.001096795, 8.5932399344 ], [ 77.001096796100001, 8.5932399343 ], [ 77.001096797800002, 8.5932399344 ], [ 77.001118944500007, 8.593240402399999 ], [ 77.001338190499993, 8.593248883899999 ], [ 77.001338258199993, 8.5932488864 ], [ 77.001596579500003, 8.5932588793 ], [ 77.001722696200005, 8.5932615413 ], [ 77.001907599099994, 8.5931967814 ], [ 77.001915164, 8.5931959236 ], [ 77.001927329099999, 8.593191858599999 ], [ 77.002138403100005, 8.593168245599999 ], [ 77.002187689500005, 8.593142499800001 ], [ 77.002352721400001, 8.5930562919 ], [ 77.002390186100001, 8.5929822035 ], [ 77.002391408, 8.592979787100001 ], [ 77.002408578, 8.5929458327 ], [ 77.002478077399999, 8.5928083942 ], [ 77.002525813199995, 8.5926168175 ], [ 77.002545944700003, 8.592536024399999 ], [ 77.002546821, 8.5925325079 ], [ 77.002550935599999, 8.5925228277 ], [ 77.002558366200006, 8.592505346599999 ], [ 77.002559433900004, 8.592502834599999 ], [ 77.002563137699994, 8.592494121 ], [ 77.002664089500001, 8.592256621300001 ], [ 77.0027962403, 8.5921160329 ], [ 77.002905795499998, 8.5919994827 ], [ 77.00290702, 8.59199818 ], [ 77.002885771799995, 8.591882010400001 ], [ 77.002885771799995, 8.591882010300001 ], [ 77.002884621899994, 8.591875723399999 ], [ 77.002873018599999, 8.591812285 ], [ 77.002869912500003, 8.5917953032 ], [ 77.002868475699998, 8.591794203899999 ], [ 77.002868452300007, 8.591794186 ], [ 77.002849107900005, 8.591779385800001 ], [ 77.002848733, 8.591779099 ], [ 77.002847158400002, 8.5917778943 ], [ 77.002846518200002, 8.5917774045 ], [ 77.002834811599996, 8.5917684478 ], [ 77.002677761200005, 8.5916482904 ], [ 77.002674174600003, 8.591645546400001 ], [ 77.002673243199993, 8.5916448337 ], [ 77.002529838499996, 8.5915902162 ], [ 77.002373845, 8.5915308041 ], [ 77.002333405800002, 8.591515402300001 ], [ 77.002333393599997, 8.5915153977 ], [ 77.002330029199996, 8.591514116300001 ], [ 77.002317344299996, 8.591509285100001 ], [ 77.002317344299996, 8.591509285100001 ], [ 77.002317344299996, 8.591509285100001 ], [ 77.0023145368, 8.591508215799999 ], [ 77.002297786300005, 8.591510491699999 ], [ 77.002294095400003, 8.5915109932 ], [ 77.002196296, 8.5915242812 ], [ 77.002153241900004, 8.591530131 ], [ 77.002143074700001, 8.5915315125 ], [ 77.002141013499994, 8.5915317925 ], [ 77.002065061899998, 8.591542112100001 ], [ 77.002062177499994, 8.591542504 ], [ 77.002010869599999, 8.591555187 ], [ 77.001991831200002, 8.591559893199999 ], [ 77.001899591500006, 8.5915826944 ], [ 77.001898146299993, 8.591583051600001 ], [ 77.001896535399993, 8.5915834498 ], [ 77.001890708700003, 8.5915767047 ], [ 77.001879916600004, 8.5915642119 ], [ 77.001873407800005, 8.5915566774 ], [ 77.001770687499999, 8.591437769 ], [ 77.001756498, 8.5914213433 ], [ 77.0017352821, 8.5913967838 ], [ 77.001702914399999, 8.5913593152 ], [ 77.001684306599998, 8.591337774799999 ], [ 77.001678961500005, 8.591309235600001 ], [ 77.001662766600006, 8.591222764199999 ], [ 77.001636960400006, 8.591084974299999 ], [ 77.001632543400007, 8.5910613902 ], [ 77.001633877800003, 8.591052319399999 ], [ 77.0016420229, 8.590996950099999 ], [ 77.001655535, 8.5909050963 ], [ 77.001662875899996, 8.5908551942 ], [ 77.001666583499997, 8.5908299901 ], [ 77.001666785699996, 8.5908286157 ], [ 77.001666890899997, 8.590827900800001 ], [ 77.001667914799995, 8.5908209405 ], [ 77.001668753499999, 8.590815238899999 ], [ 77.001673261700006, 8.5907845926 ], [ 77.001673953899996, 8.5907798872 ], [ 77.001697651800001, 8.5907318215 ], [ 77.001737116499996, 8.5906517767 ], [ 77.001740505900003, 8.590644901899999 ], [ 77.001867885099998, 8.590386542799999 ], [ 77.001870791100004, 8.5903806485 ], [ 77.001875830200007, 8.5903704279 ], [ 77.001882804499999, 8.590340380600001 ], [ 77.001892071699999, 8.5903004554 ], [ 77.001899295300007, 8.5902693339 ], [ 77.001900094500002, 8.590270222099999 ], [ 77.001948062300002, 8.5900894613 ], [ 77.001948062699995, 8.5900894596 ], [ 77.001948062899999, 8.5900894589 ], [ 77.002076127799995, 8.5896068608 ], [ 77.002096306, 8.5895929098 ], [ 77.002102219600005, 8.5895888212 ], [ 77.002125246299997, 8.5895729008 ], [ 77.002167290200006, 8.589543832 ], [ 77.002236089600004, 8.589496264799999 ], [ 77.002343700099999, 8.589431707799999 ], [ 77.002471957400004, 8.589354764599999 ], [ 77.002631028500005, 8.589084929 ], [ 77.002633173800007, 8.5890817902 ], [ 77.002784229400007, 8.5888607847 ], [ 77.002814476500006, 8.588816530900001 ], [ 77.002815216499997, 8.5888154483 ], [ 77.002816945399999, 8.5888129187 ], [ 77.002983605099999, 8.5887124994 ], [ 77.003003108499996, 8.5887016811 ], [ 77.003005737099997, 8.5887002231 ], [ 77.003006097599993, 8.588700023099999 ], [ 77.003038278800005, 8.5886821727 ], [ 77.003090371400006, 8.588653277700001 ], [ 77.003212762100006, 8.588539984100001 ], [ 77.003214316599994, 8.588538123399999 ], [ 77.003289623100002, 8.5884479852 ], [ 77.0033030795, 8.5884318785 ], [ 77.003311716300004, 8.588421540700001 ], [ 77.003321341, 8.5883775255 ], [ 77.003332548700001, 8.588326271 ], [ 77.003336714900001, 8.5882109253 ], [ 77.003336714900001, 8.5882109253 ], [ 77.003521044799996, 8.5880704912 ], [ 77.003518896299994, 8.5880707459 ], [ 77.003482425300007, 8.5880750689 ], [ 77.003484000499995, 8.5880739038 ], [ 77.003482041799998, 8.5880720137 ], [ 77.003465294500003, 8.5880558532 ], [ 77.003338495600005, 8.5879334972 ], [ 77.003299144899998, 8.5878955252 ], [ 77.003298621599995, 8.587894736300001 ], [ 77.003294307100006, 8.587888232199999 ], [ 77.003290967300003, 8.5878831976 ], [ 77.003252135500006, 8.5878172176 ], [ 77.003252090800004, 8.587816956799999 ], [ 77.003240034900003, 8.587746728500001 ], [ 77.003219708900005, 8.587628324200001 ], [ 77.003218297299995, 8.587626031199999 ], [ 77.003218297299995, 8.587626031199999 ], [ 77.003218297299995, 8.587626031199999 ], [ 77.003146954499996, 8.587510139100001 ], [ 77.003133279099998, 8.5875096168 ], [ 77.003133278700005, 8.5875096168 ], [ 77.002973977099998, 8.5875035325 ], [ 77.0027965126, 8.5874870462 ], [ 77.002768885899997, 8.5874605992 ], [ 77.002619582299999, 8.587317671 ], [ 77.002502339499998, 8.5871986093 ], [ 77.0024944914, 8.587190639499999 ], [ 77.002469744699994, 8.5870841651 ], [ 77.002458922499997, 8.587037601900001 ], [ 77.0024527944, 8.5870112353 ], [ 77.002445260900004, 8.5869981993 ], [ 77.002445260900004, 8.5869981993 ], [ 77.002445260800002, 8.5869981993 ], [ 77.002371654399994, 8.586870831900001 ], [ 77.002365351899996, 8.586875618700001 ], [ 77.002365351899996, 8.586875618700001 ], [ 77.0023030511, 8.586922936500001 ], [ 77.002293895199998, 8.5869298905 ], [ 77.002218522, 8.587043875 ], [ 77.002218521900005, 8.587043875 ], [ 77.002217263, 8.5870457789 ], [ 77.002078814200004, 8.5871350594 ], [ 77.002035824800004, 8.5871627817 ], [ 77.002026585099998, 8.5871603774 ], [ 77.002022664, 8.587159357099999 ], [ 77.001919761300002, 8.587132581 ], [ 77.001907353099995, 8.5871293523 ], [ 77.001710137800004, 8.5871427241 ], [ 77.0017057747, 8.5871450703 ], [ 77.0017057747, 8.5871450703 ], [ 77.0017057747, 8.5871450703 ], [ 77.001661908800003, 8.5871686598 ], [ 77.001581666099995, 8.5872118114 ], [ 77.001453640500003, 8.5873019437 ], [ 77.001441827400001, 8.587310260400001 ], [ 77.001440798, 8.5873109851 ], [ 77.001383623799995, 8.5874168726 ], [ 77.001369800399999, 8.587442473799999 ], [ 77.001369585500001, 8.587443225499999 ], [ 77.001368647199996, 8.587446507599999 ], [ 77.001368647199996, 8.587446507599999 ], [ 77.001368647199996, 8.587446507599999 ], [ 77.001340562099998, 8.587544745700001 ], [ 77.001320089700002, 8.5876163558 ], [ 77.001264869400003, 8.5877868452 ], [ 77.001264576300002, 8.587792713700001 ], [ 77.001260237500006, 8.5878795887 ], [ 77.001255853800004, 8.587967363300001 ], [ 77.001234313, 8.588005302699999 ], [ 77.001219791599993, 8.588030879 ], [ 77.001155450400006, 8.5880669301 ], [ 77.001118366499995, 8.5880877087 ], [ 77.001080678700006, 8.5880934863 ], [ 77.000972990600005, 8.5881099949 ], [ 77.000967042599996, 8.588105225 ], [ 77.000829868699995, 8.5879952211 ], [ 77.000812501699997, 8.5879921682 ], [ 77.000797055500001, 8.587989453 ], [ 77.000797055500001, 8.587989453 ], [ 77.000677731099998, 8.5879684776 ], [ 77.000329411699994, 8.587883078 ], [ 77.000264142399999, 8.5878670755 ], [ 76.999742366899994, 8.5878002169 ], [ 76.9994842965, 8.5879016191 ], [ 76.999390070499999, 8.5879413102 ], [ 76.999232987799999, 8.5880074785 ], [ 76.999225642300004, 8.5880071627 ], [ 76.999103389200002, 8.588001906900001 ], [ 76.999073899400003, 8.5880009295 ], [ 76.999056892499993, 8.588000365799999 ], [ 76.999056891099997, 8.588000365799999 ], [ 76.998901666099997, 8.5879952211 ], [ 76.9986740242, 8.587970653799999 ], [ 76.998519631799994, 8.587953991599999 ], [ 76.998341464700005, 8.5879369588 ], [ 76.998307543400003, 8.5879337159 ], [ 76.998307527199998, 8.5879337143 ], [ 76.998010812499999, 8.5879053481 ], [ 76.997824903799994, 8.5879509114 ], [ 76.997773288100007, 8.587963561600001 ], [ 76.997674226200004, 8.587957632 ], [ 76.997663513199996, 8.5879569908 ], [ 76.997596160499995, 8.587952959200001 ], [ 76.997574794900004, 8.587962066899999 ], [ 76.997574794900004, 8.587962066899999 ], [ 76.997318042, 8.588071514799999 ], [ 76.997304016699999, 8.588075036099999 ], [ 76.997132687299995, 8.5881180508 ], [ 76.997123851599994, 8.588118101699999 ], [ 76.996835761300005, 8.588119761 ], [ 76.996823802700007, 8.588123748699999 ], [ 76.996745777499996, 8.588149766300001 ], [ 76.996724128699995, 8.5881584111 ], [ 76.996724128599993, 8.5881584111 ], [ 76.996505603499998, 8.588245672099999 ], [ 76.996497127699996, 8.588247965 ], [ 76.996251286, 8.588314469 ], [ 76.996240951900006, 8.588317264600001 ], [ 76.995963896700005, 8.5884931577 ], [ 76.995796083800002, 8.5886308145 ], [ 76.9957960837, 8.5886308146 ], [ 76.995790941300001, 8.588635032899999 ], [ 76.995777822299999, 8.5886457944 ], [ 76.995792389, 8.5886881573 ], [ 76.995792389100004, 8.5886881574 ], [ 76.995794797200006, 8.5886951608 ], [ 76.995796374899996, 8.5887207886 ], [ 76.995798765299995, 8.588759619399999 ], [ 76.995838953200007, 8.5892100269 ], [ 76.995838953299995, 8.5892100275 ], [ 76.995840317700001, 8.5892189091 ], [ 76.995858210500003, 8.5893353825 ], [ 76.995900660900006, 8.5896501896 ], [ 76.995900660900006, 8.5896501896 ], [ 76.995900661, 8.5896501903 ], [ 76.995900661099995, 8.5896501906 ], [ 76.995901093499995, 8.589653397299999 ], [ 76.995887443800001, 8.589762461099999 ], [ 76.9958845142, 8.5897873456 ], [ 76.995824905500001, 8.5899111468 ], [ 76.995814183799993, 8.589925231 ], [ 76.995815150499993, 8.5899256151 ], [ 76.995801995400001, 8.5899451265 ], [ 76.995775605700004, 8.5899759077 ], [ 76.995731350599996, 8.590034041899999 ], [ 76.995731350499995, 8.590034042 ], [ 76.995722475199997, 8.590041187900001 ], [ 76.995651574600004, 8.590098273600001 ] ] ] ] } },
{ "type": "Feature", "properties": { "gml_parent": null, "gml_pare_1": "featureMembers", "gml_id": "Thiruvanathapuram_Editor.fid--715e5034_19246a0be1c_-409b", "geom": null, "District": "Thiruvanathapuram", "LSGD": "Nedumangad", "Ward_Name": "TOWN", "Ward_No": 10, "Lsgd_Type": "Municipality", "Created_Da": "2024/10/16 07:27:20.444", "Surveyor": "MJBISIRI", "Mob_No": null, "Remarks": null, "_distLsgd": "Thiruvanathapuram_Nedumangad", "OBJECTID": 439, "_result": "Thiruvanathapuram_Nedumangad", "_ulid": "01JBBD70X170A88TT77VY8PM1H", "_distLsgd2": "Thiruvanathapuram_Nedumangad" }, "geometry": { "type": "MultiPolygon", "coordinates": [ [ [ [ 77.007963853700005, 8.6064222365 ], [ 77.008030484299994, 8.6061728688 ], [ 77.008065063, 8.6060434569 ], [ 77.0080664563, 8.606040157900001 ], [ 77.008096691899993, 8.605968568 ], [ 77.008087361299999, 8.6059565497 ], [ 77.007931712399994, 8.6057560654 ], [ 77.007919287299998, 8.605740061200001 ], [ 77.007797891500005, 8.6055918301 ], [ 77.007784667300001, 8.6055928232 ], [ 77.007771247500003, 8.605593831 ], [ 77.007729574400003, 8.6055969605 ], [ 77.007633327299999, 8.6056468101 ], [ 77.007556411500005, 8.605686647300001 ], [ 77.007497721700005, 8.6057170447 ], [ 77.007368691400004, 8.6057838736 ], [ 77.007362659400002, 8.6057823462 ], [ 77.007176941099999, 8.605735319 ], [ 77.007026671199995, 8.6056972679 ], [ 77.007025672799998, 8.605692450699999 ], [ 77.006984197099996, 8.6054923427 ], [ 77.006925041100004, 8.6052069316 ], [ 77.006919918600005, 8.605182216899999 ], [ 77.006916783299999, 8.6051712358 ], [ 77.006897695199996, 8.6051043797 ], [ 77.007307287800003, 8.6048451574 ], [ 77.007308689699997, 8.604837439700001 ], [ 77.007325378600001, 8.6047455631 ], [ 77.007400168299995, 8.6043338274 ], [ 77.007714840800006, 8.603890997700001 ], [ 77.008203663200007, 8.6033908647 ], [ 77.008824399399998, 8.6029320343 ], [ 77.008830337, 8.602927645299999 ], [ 77.009107598499995, 8.602722701 ], [ 77.009607529099995, 8.602439235 ], [ 77.009608868800001, 8.6024384753 ], [ 77.009636075, 8.6024230491 ], [ 77.009985888900005, 8.601998885900001 ], [ 77.010066072499995, 8.60190166 ], [ 77.010068719499998, 8.6018963854 ], [ 77.010512552099996, 8.6010119748 ], [ 77.010512763, 8.6010106981 ], [ 77.010512763, 8.6010106981 ], [ 77.010574344099993, 8.6006379305 ], [ 77.010576574699996, 8.600624428 ], [ 77.010586053400004, 8.6005991366 ], [ 77.010589422799995, 8.6005879735 ], [ 77.010405044899997, 8.600488179799999 ], [ 77.009956890599994, 8.6001494903 ], [ 77.009952706199996, 8.6001472385 ], [ 77.009952706199996, 8.6001472385 ], [ 77.0097298086, 8.600027288 ], [ 77.009660804199996, 8.5999901539 ], [ 77.009605595799997, 8.6000197573 ], [ 77.009599628900006, 8.6000229568 ], [ 77.0095996286, 8.600022957 ], [ 77.0095178256, 8.6000668206 ], [ 77.009401540599995, 8.600129173899999 ], [ 77.008802043200006, 8.600950000099999 ], [ 77.008190028300007, 8.6011368735 ], [ 77.00818981, 8.6011369401 ], [ 77.008189611899994, 8.6011369375 ], [ 77.008130294, 8.6011460488 ], [ 77.008119295599997, 8.6011498911 ], [ 77.0080061452, 8.601191572599999 ], [ 77.008005894099995, 8.6011916712 ], [ 77.008005504300002, 8.601191808599999 ], [ 77.007984626199999, 8.6011994995 ], [ 77.007984580900001, 8.6011995191 ], [ 77.007984580400006, 8.601199516399999 ], [ 77.007984558900006, 8.6011995243 ], [ 77.007984485099996, 8.6011995603 ], [ 77.007984322599995, 8.6011996114 ], [ 77.007983990400007, 8.6011997338 ], [ 77.007983949899995, 8.601199748699999 ], [ 77.007983895199999, 8.601199768800001 ], [ 77.007983176099998, 8.6012000337 ], [ 77.007974496599999, 8.6012026839 ], [ 77.007972375700007, 8.601203507099999 ], [ 77.007969808400006, 8.601204958 ], [ 77.007722133100003, 8.6012961946 ], [ 77.007707810799999, 8.6013053175 ], [ 77.0072763756, 8.6015861814 ], [ 77.007263557100003, 8.6015950917 ], [ 77.006676549, 8.6024222936 ], [ 77.006674549600007, 8.602425437400001 ], [ 77.006673826300002, 8.6024261304 ], [ 77.005991233100005, 8.6030801489 ], [ 77.005464354099999, 8.6033648646 ], [ 77.004929361600006, 8.603472136400001 ], [ 77.004927534100005, 8.603472502800001 ], [ 77.004669123300005, 8.6035006555 ], [ 77.004586854899998, 8.6034844697 ], [ 77.004086212100006, 8.6033865327 ], [ 77.004080614399996, 8.603384869899999 ], [ 77.003813409800003, 8.603305495500001 ], [ 77.003731948699993, 8.6032473495 ], [ 77.003721784199996, 8.6032400942 ], [ 77.003606038900003, 8.603122241099999 ], [ 77.003604353399993, 8.603120523699999 ], [ 77.003486719500003, 8.603106649900001 ], [ 77.003486715199998, 8.603106649400001 ], [ 77.003395097400002, 8.6030957983 ], [ 77.003373081, 8.6030932446 ], [ 77.003373080599999, 8.6030932445 ], [ 77.0033003132, 8.6030875973 ], [ 77.0032937175, 8.603087117 ], [ 77.003289968399997, 8.6030868864 ], [ 77.003248618300006, 8.603129710199999 ], [ 77.003238602699994, 8.603139564699999 ], [ 77.003228145799994, 8.6031498532 ], [ 77.003206494099999, 8.6031627402 ], [ 77.003178366699998, 8.603177343300001 ], [ 77.003157658700005, 8.6031947488 ], [ 77.003134877899996, 8.603219618300001 ], [ 77.003104827900003, 8.6032483558 ], [ 77.003069642300005, 8.603274141 ], [ 77.003056503300002, 8.6032843143 ], [ 77.003023916900005, 8.6033095454 ], [ 77.003020338200002, 8.603311635500001 ], [ 77.0029980937, 8.603324627599999 ], [ 77.002997512700006, 8.603324966900001 ], [ 77.002912866200006, 8.603350256900001 ], [ 77.002908388500003, 8.603349873200001 ], [ 77.002755503800003, 8.6033367721 ], [ 77.0027537231, 8.603337461 ], [ 77.00275248, 8.603337942 ], [ 77.002752460899998, 8.6033379494 ], [ 77.002768648100002, 8.6033561364 ], [ 77.002922909299997, 8.6035294546 ], [ 77.003009587700006, 8.6036930214 ], [ 77.003050002099997, 8.6037692854 ], [ 77.003051742599993, 8.6037787955 ], [ 77.003108178100007, 8.604087164599999 ], [ 77.003056997100003, 8.6044623844 ], [ 77.003056991899996, 8.604462423 ], [ 77.003035842700001, 8.604617472799999 ], [ 77.003015737699997, 8.6047648669 ], [ 77.003015735899993, 8.60476488 ], [ 77.002916841699999, 8.6054898955 ], [ 77.002916839899996, 8.605489909299999 ], [ 77.002876568700003, 8.605785145800001 ], [ 77.002869094900007, 8.6058703673 ], [ 77.002886673299997, 8.606071007 ], [ 77.002892075800006, 8.6060934964 ], [ 77.002894109300001, 8.606155882099999 ], [ 77.0028999086, 8.606333793099999 ], [ 77.002917274699996, 8.6068665524 ], [ 77.002916751599997, 8.606942735200001 ], [ 77.002916671799994, 8.6069543702 ], [ 77.002916571399993, 8.6069689847 ], [ 77.002912635, 8.6070155265 ], [ 77.002911359300001, 8.6070155296 ], [ 77.002864761799998, 8.6075519769 ], [ 77.002864760899996, 8.607551986200001 ], [ 77.002846178200002, 8.6077659175 ], [ 77.002847242499996, 8.607786110399999 ], [ 77.002843159799994, 8.607800666599999 ], [ 77.002813488399994, 8.6079064566 ], [ 77.002808012200006, 8.607925981499999 ], [ 77.002658397, 8.6082810244 ], [ 77.002329082499998, 8.608732784400001 ], [ 77.002329052700006, 8.608732810499999 ], [ 77.002328783199999, 8.608733194899999 ], [ 77.002238483300005, 8.608857069900001 ], [ 77.002037366799996, 8.609000994400001 ], [ 77.001750531, 8.609206261700001 ], [ 77.001982613699994, 8.6097330337 ], [ 77.002026319500004, 8.610048735399999 ], [ 77.002059687200003, 8.6101983996 ], [ 77.002072000799998, 8.610253629800001 ], [ 77.002082034200001, 8.610372509499999 ], [ 77.002140435100003, 8.610652591899999 ], [ 77.002151769, 8.6107068918 ], [ 77.002158082400001, 8.6107322062 ], [ 77.002161048299996, 8.610751347900001 ], [ 77.0022065884, 8.611045261899999 ], [ 77.0022125526, 8.611083755099999 ], [ 77.002220050199995, 8.611132143900001 ], [ 77.002224209399998, 8.6111589874 ], [ 77.002224521900004, 8.611161003899999 ], [ 77.0021772411, 8.611168744 ], [ 77.001803954400003, 8.611229853099999 ], [ 77.001803895699993, 8.6112298627 ], [ 77.001803517, 8.6112299247 ], [ 77.001791859700006, 8.6112342408 ], [ 77.001598329700002, 8.611305893800001 ], [ 77.001575791700006, 8.6113372723 ], [ 77.001572314499995, 8.611342113499999 ], [ 77.001548884, 8.611353468700001 ], [ 77.001532593, 8.611362528300001 ], [ 77.001442135900007, 8.611508455 ], [ 77.001401646399998, 8.6115797259 ], [ 77.001374707699995, 8.6116172312 ], [ 77.001370430500003, 8.611623186099999 ], [ 77.001264958099995, 8.611770029700001 ], [ 77.001263103300005, 8.611772612199999 ], [ 77.001480747100004, 8.612102871699999 ], [ 77.001623922199997, 8.612286258799999 ], [ 77.001634627200005, 8.612298964200001 ], [ 77.001689625, 8.612369837 ], [ 77.001734576199993, 8.612418810499999 ], [ 77.001735169200003, 8.612418293799999 ], [ 77.001746183899996, 8.612431366599999 ], [ 77.001832260499995, 8.612524476500001 ], [ 77.001890523, 8.6125874996 ], [ 77.001931560200006, 8.61263189 ], [ 77.001953261300002, 8.6126553642 ], [ 77.002140338, 8.6126077174 ], [ 77.002145285200001, 8.6126063451 ], [ 77.002161847599993, 8.6126017509 ], [ 77.002200634399998, 8.6125826871 ], [ 77.002251156200003, 8.6125578556 ], [ 77.002264675700005, 8.6125453067 ], [ 77.002265147399996, 8.612544868900001 ], [ 77.002269676599994, 8.612540968799999 ], [ 77.002345278899995, 8.612475867100001 ], [ 77.002345278899995, 8.612475867100001 ], [ 77.002491295900001, 8.6124365347 ], [ 77.002573695799995, 8.6124172046 ], [ 77.002750230399997, 8.6123744385 ], [ 77.002889130300005, 8.612332524499999 ], [ 77.002967980099996, 8.612308730900001 ], [ 77.002978333100003, 8.612305341800001 ], [ 77.003013509699997, 8.6122949407 ], [ 77.003021942299995, 8.6122924474 ], [ 77.003021948500006, 8.6122924455 ], [ 77.003435907899998, 8.612170045199999 ], [ 77.003653843099997, 8.612102547299999 ], [ 77.003700983599998, 8.612087947099999 ], [ 77.003702303899999, 8.6120872959 ], [ 77.004137492200002, 8.6118726406 ], [ 77.004170866899997, 8.611707622500001 ], [ 77.004171010199997, 8.611697344 ], [ 77.004171010199997, 8.611697344 ], [ 77.004183644, 8.6112111177 ], [ 77.004197075700006, 8.6112103191 ], [ 77.004214881199999, 8.611209260500001 ], [ 77.004913567200006, 8.611181912899999 ], [ 77.005019975699994, 8.6111847728 ], [ 77.005032741400001, 8.6111851159 ], [ 77.005053275600005, 8.611185667799999 ], [ 77.005053275600005, 8.611185667799999 ], [ 77.005053275600005, 8.611185667799999 ], [ 77.005074167199993, 8.611186229299999 ], [ 77.005083055699998, 8.6111864682 ], [ 77.005099664300005, 8.611191806500001 ], [ 77.005099664300005, 8.611191806500001 ], [ 77.005160846199999, 8.6112448693 ], [ 77.005160846199999, 8.6112448693 ], [ 77.005160846199999, 8.6112448693 ], [ 77.005173742799997, 8.6112560544 ], [ 77.005239157800006, 8.6113845682 ], [ 77.005239157899993, 8.6113845683 ], [ 77.005260257, 8.611425562899999 ], [ 77.005321449700006, 8.6115120128 ], [ 77.0053267893, 8.611519556199999 ], [ 77.005329368299996, 8.611523199700001 ], [ 77.005330224, 8.611524408599999 ], [ 77.005334507900002, 8.611530460699999 ], [ 77.005336460799995, 8.6115332196 ], [ 77.005346494700007, 8.611547395 ], [ 77.005348221700004, 8.611547226600001 ], [ 77.005354638499995, 8.611546600800001 ], [ 77.005368743299996, 8.6115452251 ], [ 77.005369486700005, 8.6115451526 ], [ 77.005369536299995, 8.611545147799999 ], [ 77.005369711699998, 8.6115451307 ], [ 77.005374059299996, 8.6115447067 ], [ 77.005403325800003, 8.6115418523 ], [ 77.005425139099998, 8.6115397249 ], [ 77.005444339, 8.6115378524 ], [ 77.005464953699999, 8.611534605299999 ], [ 77.005670904699997, 8.6115020687 ], [ 77.005711904799995, 8.611495591400001 ], [ 77.005711961800003, 8.6114955824 ], [ 77.005711990199998, 8.6114955779 ], [ 77.005712262100005, 8.611495535 ], [ 77.00571219, 8.611497294599999 ], [ 77.005711962899994, 8.6115028434 ], [ 77.005712079399999, 8.611502828400001 ], [ 77.005712483500005, 8.611492989 ], [ 77.005745179399995, 8.6111170887 ], [ 77.005832084, 8.6109119655 ], [ 77.005832084100007, 8.6109119655 ], [ 77.005832084100007, 8.6109119654 ], [ 77.005839868799995, 8.6108935909 ], [ 77.005904106700001, 8.610823417200001 ], [ 77.005943692299994, 8.6107801738 ], [ 77.005943692399995, 8.6107801737 ], [ 77.005994553400001, 8.610724613 ], [ 77.005994997599998, 8.6107238985 ], [ 77.006045312699996, 8.6106429639 ], [ 77.006111243399999, 8.610536511299999 ], [ 77.00614185, 8.6104870936 ], [ 77.006142250899998, 8.6104857492 ], [ 77.006144530499995, 8.6104827656 ], [ 77.006164249500003, 8.6104509272 ], [ 77.006161572099998, 8.6104209485 ], [ 77.006160983300006, 8.6104143554 ], [ 77.0061605816, 8.6104093354 ], [ 77.006159739300003, 8.6104004251 ], [ 77.006159118200003, 8.6103934712 ], [ 77.006145702300003, 8.610243249 ], [ 77.006131851600003, 8.6101865973 ], [ 77.006131851600003, 8.6101865973 ], [ 77.0061298886, 8.6101711187 ], [ 77.006063938899999, 8.6098721418 ], [ 77.0060708667, 8.609802718699999 ], [ 77.006073281900001, 8.6097785159 ], [ 77.006110984100005, 8.6094007008 ], [ 77.006117641, 8.6093278114 ], [ 77.006139405400006, 8.6084583109 ], [ 77.006139877199999, 8.6084394652 ], [ 77.006138091799997, 8.608440057299999 ], [ 77.006141757, 8.6083643638 ], [ 77.006142541599999, 8.6083330183 ], [ 77.006146903499996, 8.6083302702 ], [ 77.006205950600005, 8.608287917 ], [ 77.006205376099999, 8.6082877896 ], [ 77.006201834099997, 8.608287004099999 ], [ 77.006099925300006, 8.608297696799999 ], [ 77.006017808400003, 8.608306588 ], [ 77.005996284700004, 8.608303619300001 ], [ 77.005888362199997, 8.6082887333 ], [ 77.0058022029, 8.6082850827 ], [ 77.005523920399995, 8.6082824611 ], [ 77.0054693485, 8.608270062700001 ], [ 77.005379008099993, 8.608249538 ], [ 77.005301983600006, 8.6082206701 ], [ 77.005255399899994, 8.608203211 ], [ 77.005268712700001, 8.608181823 ], [ 77.005294665799994, 8.608140127 ], [ 77.005347344200004, 8.6080394317 ], [ 77.005443015400004, 8.6078490682 ], [ 77.005515915399997, 8.607704014099999 ], [ 77.005518441, 8.607698988799999 ], [ 77.005521832400007, 8.6076922406 ], [ 77.005810266500006, 8.6074256323 ], [ 77.005887037400001, 8.607354670599999 ], [ 77.005887862, 8.607354411799999 ], [ 77.005887862, 8.607354411799999 ], [ 77.006224873400001, 8.607248655599999 ], [ 77.006297535800002, 8.607225853699999 ], [ 77.006591823099996, 8.6071703681 ], [ 77.006591824799997, 8.6071703677 ], [ 77.006591829399994, 8.6071703669 ], [ 77.006706272100004, 8.6071487895 ], [ 77.006708418800002, 8.607148782399999 ], [ 77.006712400400005, 8.6071487691 ], [ 77.006712400400005, 8.6071487691 ], [ 77.007007374200001, 8.607147787300001 ], [ 77.0070108675, 8.6071477757 ], [ 77.007060022800005, 8.6071476121 ], [ 77.007084427, 8.6071527866 ], [ 77.007084427, 8.6071527866 ], [ 77.007465825300002, 8.6072336562 ], [ 77.0074659223, 8.607233751 ], [ 77.0078441876, 8.6076033346 ], [ 77.007845239700004, 8.607602782900001 ], [ 77.007857172200005, 8.6076160211 ], [ 77.007865573499998, 8.607624229600001 ], [ 77.007867912600005, 8.6076222653 ], [ 77.007866020099996, 8.607613536200001 ], [ 77.007952178400004, 8.607546705200001 ], [ 77.008049546600006, 8.6074956462 ], [ 77.008179884, 8.607402302800001 ], [ 77.008310693499993, 8.607306416 ], [ 77.008309939699998, 8.607304067599999 ], [ 77.008226453399999, 8.607043991799999 ], [ 77.008129720699998, 8.606852545800001 ], [ 77.008122987500002, 8.606839219799999 ], [ 77.008116791700004, 8.6068237893 ], [ 77.008025712199995, 8.606596956500001 ], [ 77.007961225700001, 8.606436353399999 ], [ 77.007960538800006, 8.6064346427 ], [ 77.007963853700005, 8.6064222365 ] ] ] ] } },
{ "type": "Feature", "properties": { "gml_parent": null, "gml_pare_1": "featureMembers", "gml_id": "Thiruvanathapuram_Editor.fid--715e5034_19246a0be1c_-4136", "geom": null, "District": "Thiruvanathapuram", "LSGD": "Nedumangad", "Ward_Name": "VANDA", "Ward_No": 15, "Lsgd_Type": "Municipality", "Created_Da": "2024/10/16 07:12:55.758", "Surveyor": "MJBISIRI", "Mob_No": null, "Remarks": null, "_distLsgd": "Thiruvanathapuram_Nedumangad", "OBJECTID": 439, "_result": "Thiruvanathapuram_Nedumangad", "_ulid": "01JBBD70X170A88TT77VY8PM1H", "_distLsgd2": "Thiruvanathapuram_Nedumangad" }, "geometry": { "type": "MultiPolygon", "coordinates": [ [ [ [ 77.007903569600003, 8.607661353599999 ], [ 77.007869081600006, 8.6076276571 ], [ 77.007865573499998, 8.607624229600001 ], [ 77.007857172200005, 8.6076160211 ], [ 77.0078441876, 8.6076033346 ], [ 77.0074659223, 8.607233751 ], [ 77.007465825300002, 8.6072336562 ], [ 77.007084427, 8.6071527866 ], [ 77.007060022800005, 8.6071476121 ], [ 77.0070108675, 8.6071477757 ], [ 77.007007374200001, 8.607147787300001 ], [ 77.006712400400005, 8.6071487691 ], [ 77.006712400400005, 8.6071487691 ], [ 77.006708418800002, 8.607148782399999 ], [ 77.006706272100004, 8.6071487895 ], [ 77.006591829399994, 8.6071703669 ], [ 77.006591823099996, 8.6071703681 ], [ 77.006297535800002, 8.607225853699999 ], [ 77.006224873400001, 8.607248655599999 ], [ 77.005887862, 8.607354411799999 ], [ 77.005887037400001, 8.607354670599999 ], [ 77.005810266500006, 8.6074256323 ], [ 77.005521832400007, 8.6076922406 ], [ 77.005518441, 8.607698988799999 ], [ 77.005515915399997, 8.607704014099999 ], [ 77.005443015400004, 8.6078490682 ], [ 77.005347344200004, 8.6080394317 ], [ 77.005305424300005, 8.6081228425 ], [ 77.005294665799994, 8.608140127 ], [ 77.005268712700001, 8.608181823 ], [ 77.005255399899994, 8.608203211 ], [ 77.005301983600006, 8.6082206701 ], [ 77.005379008099993, 8.608249538 ], [ 77.0054693485, 8.608270062700001 ], [ 77.005523920399995, 8.6082824611 ], [ 77.0058022029, 8.6082850827 ], [ 77.005866271, 8.6082856862 ], [ 77.005888362199997, 8.6082887333 ], [ 77.005996284700004, 8.608303619300001 ], [ 77.006017808400003, 8.608306588 ], [ 77.006099925300006, 8.608297696799999 ], [ 77.006200799200002, 8.6082867746 ], [ 77.006201834099997, 8.608287004099999 ], [ 77.006205376099999, 8.6082877896 ], [ 77.006205950600005, 8.608287917 ], [ 77.006211998500007, 8.608289258099999 ], [ 77.006146903499996, 8.6083302702 ], [ 77.006142541599999, 8.6083330183 ], [ 77.006141757, 8.6083643638 ], [ 77.006139877199999, 8.6084394652 ], [ 77.006139405400006, 8.6084583109 ], [ 77.006117641, 8.6093278114 ], [ 77.006117434399997, 8.609336062200001 ], [ 77.006110984100005, 8.6094007008 ], [ 77.006073281900001, 8.6097785159 ], [ 77.0060708667, 8.609802718699999 ], [ 77.006063938899999, 8.6098721418 ], [ 77.0061298886, 8.6101711187 ], [ 77.006145636200003, 8.610242508700001 ], [ 77.006145702300003, 8.610243249 ], [ 77.006159118200003, 8.6103934712 ], [ 77.006159739300003, 8.6104004251 ], [ 77.006160983300006, 8.6104143554 ], [ 77.006161572099998, 8.6104209485 ], [ 77.006164249500003, 8.6104509272 ], [ 77.006144530499995, 8.6104827656 ], [ 77.00614185, 8.6104870936 ], [ 77.006111243399999, 8.610536511299999 ], [ 77.006045312699996, 8.6106429639 ], [ 77.005994997599998, 8.6107238985 ], [ 77.005994553400001, 8.610724613 ], [ 77.005943692399995, 8.6107801737 ], [ 77.005943692299994, 8.6107801738 ], [ 77.005904106700001, 8.610823417200001 ], [ 77.005839868799995, 8.6108935909 ], [ 77.005832084100007, 8.6109119654 ], [ 77.005832084100007, 8.6109119655 ], [ 77.005832084, 8.6109119655 ], [ 77.005745179399995, 8.6111170887 ], [ 77.005712483500005, 8.611492989 ], [ 77.005712079399999, 8.611502828400001 ], [ 77.005678327699997, 8.6123245441 ], [ 77.005673147799996, 8.6127759602 ], [ 77.005673147699994, 8.612775965200001 ], [ 77.005670417299996, 8.6130139189 ], [ 77.0057203028, 8.613226729899999 ], [ 77.005801568, 8.6135080526 ], [ 77.005868043700005, 8.6137857058 ], [ 77.005888606900001, 8.613871593500001 ], [ 77.005948056600005, 8.614188871 ], [ 77.005948056600005, 8.6141888713 ], [ 77.005969575099996, 8.6142387036 ], [ 77.006010432099998, 8.6143333198 ], [ 77.006209252900007, 8.6145055925 ], [ 77.006213136699998, 8.614508412899999 ], [ 77.006217895199995, 8.614511868299999 ], [ 77.006232206600004, 8.614524662299999 ], [ 77.006261988800006, 8.614551286599999 ], [ 77.006261989, 8.614551286899999 ], [ 77.006261989, 8.614551286899999 ], [ 77.0063170926, 8.6146005477 ], [ 77.006349050400004, 8.614700446500001 ], [ 77.006355337599999, 8.6147201 ], [ 77.006355337599999, 8.6147201 ], [ 77.006364562599998, 8.6147183926 ], [ 77.006373397700003, 8.6147167574 ], [ 77.007452047300006, 8.6145171123 ], [ 77.007705895100003, 8.614434666299999 ], [ 77.007745418400006, 8.614366654499999 ], [ 77.007872913, 8.614147261599999 ], [ 77.007873550100001, 8.614146165299999 ], [ 77.007938072399995, 8.614035135 ], [ 77.007947572600003, 8.614018787099999 ], [ 77.007947718300002, 8.6140185364 ], [ 77.0080189193, 8.613981601700001 ], [ 77.008643016299999, 8.6136578583 ], [ 77.008785514, 8.613587976 ], [ 77.008983778599998, 8.6134907449 ], [ 77.009025234800006, 8.6134704143 ], [ 77.009034576700003, 8.613465832899999 ], [ 77.009142776700003, 8.6133943758 ], [ 77.009359176199993, 8.613251461600001 ], [ 77.009423345800002, 8.6131833277 ], [ 77.009470253499998, 8.613133522 ], [ 77.009474217700003, 8.613135524 ], [ 77.009474217700003, 8.6131355241 ], [ 77.009575039799998, 8.6131864439 ], [ 77.009648494800004, 8.6132235421 ], [ 77.009767919599994, 8.613283857 ], [ 77.009940297900002, 8.6133586518 ], [ 77.010258737599997, 8.6134968223 ], [ 77.010580098700004, 8.6135118696 ], [ 77.010581622900006, 8.613511941 ], [ 77.010957102899994, 8.6135295219 ], [ 77.010961535199996, 8.6135297295 ], [ 77.010961610600006, 8.6135298866 ], [ 77.011054277300005, 8.613537382900001 ], [ 77.011054277300005, 8.613537382900001 ], [ 77.011056997300003, 8.6135341992 ], [ 77.011061179799995, 8.6135293037 ], [ 77.011061586, 8.6135287503 ], [ 77.011061721700003, 8.613528669400001 ], [ 77.011134197299995, 8.613485471800001 ], [ 77.0111826304, 8.6134730346 ], [ 77.011184304899999, 8.613472352700001 ], [ 77.011191360799998, 8.613470792599999 ], [ 77.011194168, 8.6134700718 ], [ 77.011207143, 8.6134641214 ], [ 77.011219715699994, 8.6134579344 ], [ 77.011227901300003, 8.613454601500001 ], [ 77.011229284600006, 8.613453795 ], [ 77.011240422399993, 8.6134488592 ], [ 77.011270149400005, 8.6134352262 ], [ 77.011302078400007, 8.6134150495 ], [ 77.011343246199999, 8.6133873492 ], [ 77.011354463, 8.613380809200001 ], [ 77.011496426199997, 8.6132776603 ], [ 77.011496594899995, 8.6132774517 ], [ 77.0114966151, 8.6132774742 ], [ 77.011511394099998, 8.6132629179 ], [ 77.011540541499997, 8.613232521700001 ], [ 77.011565679399993, 8.613197252499999 ], [ 77.0115713908, 8.613190374 ], [ 77.0115713908, 8.613190374 ], [ 77.011595635199996, 8.6131611756 ], [ 77.0115987394, 8.6131533832 ], [ 77.011598604300005, 8.6131512526 ], [ 77.011600544100006, 8.6131488529 ], [ 77.011602763699997, 8.6131418516 ], [ 77.011603209800001, 8.613142161200001 ], [ 77.0116286449, 8.613078312100001 ], [ 77.011637043500002, 8.613033721 ], [ 77.011638353199999, 8.613026767599999 ], [ 77.011638508700003, 8.6130250815 ], [ 77.011643158699997, 8.613001001500001 ], [ 77.011654780100002, 8.612913599800001 ], [ 77.011655632100002, 8.6129060842 ], [ 77.011657325599998, 8.612894455699999 ], [ 77.011659561399995, 8.612877640700001 ], [ 77.011660380699993, 8.612871479300001 ], [ 77.0116674362, 8.612796530800001 ], [ 77.011671885799998, 8.6127786222 ], [ 77.011684308, 8.612728625700001 ], [ 77.011689204099994, 8.6127170212 ], [ 77.011702543200002, 8.612685405600001 ], [ 77.011744020899997, 8.612640536500001 ], [ 77.011746188100005, 8.6126381922 ], [ 77.011778704500003, 8.612608182500001 ], [ 77.011795473099994, 8.6126043122 ], [ 77.011795473299998, 8.6126043121 ], [ 77.01193026, 8.6125732023 ], [ 77.0119957828, 8.6124605482 ], [ 77.012011608199998, 8.612445581599999 ], [ 77.0120116083, 8.612445581599999 ], [ 77.012028852200004, 8.6124292734 ], [ 77.012056957400006, 8.6124026934 ], [ 77.012081178100004, 8.612391152200001 ], [ 77.012081178100004, 8.612391152200001 ], [ 77.012093820600001, 8.6123851281 ], [ 77.012140881899995, 8.612362703400001 ], [ 77.012245694399994, 8.6123346176 ], [ 77.012285775199999, 8.6123223794 ], [ 77.012288319899994, 8.6123216024 ], [ 77.012290902299995, 8.6123208138 ], [ 77.0122948697, 8.6123169459 ], [ 77.012398435700007, 8.611994171199999 ], [ 77.012398435799994, 8.611994170799999 ], [ 77.012397521400004, 8.6119939417 ], [ 77.012424043400003, 8.611914362 ], [ 77.0124842086, 8.6117268502 ], [ 77.012483946700002, 8.611726790200001 ], [ 77.012487169899998, 8.611716554299999 ], [ 77.012486817199999, 8.611714711099999 ], [ 77.012486347099994, 8.611713934100001 ], [ 77.012486451100003, 8.6117134518 ], [ 77.012493709099999, 8.611696526499999 ], [ 77.012493918499999, 8.611696588199999 ], [ 77.012495691400005, 8.6116910626 ], [ 77.012495023699998, 8.611690666599999 ], [ 77.012499215800005, 8.611643561499999 ], [ 77.012499784799999, 8.6116435294 ], [ 77.012458102899998, 8.611564656600001 ], [ 77.012458028899999, 8.61156427 ], [ 77.012439728199993, 8.6114686341 ], [ 77.012326658500001, 8.6113150474 ], [ 77.012325892600003, 8.611314007 ], [ 77.012326059299994, 8.6113139107 ], [ 77.012264778100004, 8.611197654 ], [ 77.012256748900001, 8.6111917538 ], [ 77.012212088300004, 8.6111594223 ], [ 77.012166495100004, 8.611097491200001 ], [ 77.011510555699999, 8.610651554 ], [ 77.01147927, 8.610630284599999 ], [ 77.011196537399996, 8.6104278388 ], [ 77.011178754300005, 8.6104151055 ], [ 77.010910524600007, 8.610346675800001 ], [ 77.010534804800002, 8.6102900954 ], [ 77.010522804299995, 8.610285038200001 ], [ 77.0105115665, 8.6102803024 ], [ 77.010451087099995, 8.6102481471 ], [ 77.010220239800006, 8.6101293999 ], [ 77.010159981499996, 8.6101035526 ], [ 77.009959976600001, 8.6100284093 ], [ 77.009928022899999, 8.6100177855 ], [ 77.009928022899999, 8.6100177855 ], [ 77.009919927599995, 8.6100133626 ], [ 77.009744751900001, 8.6099176544 ], [ 77.0095297182, 8.6096255649 ], [ 77.009507914899999, 8.609595948500001 ], [ 77.009471518799998, 8.60954651 ], [ 77.009282329499996, 8.6094268497 ], [ 77.009268141099994, 8.6094178757 ], [ 77.0092688931, 8.6094167778 ], [ 77.0088735633, 8.6091204378 ], [ 77.008768867399993, 8.6090469567 ], [ 77.008694805299996, 8.6090035256 ], [ 77.008661327, 8.6089608353 ], [ 77.008058200199997, 8.608191747199999 ], [ 77.007903569600003, 8.607661353599999 ] ] ] ] } },
{ "type": "Feature", "properties": { "gml_parent": null, "gml_pare_1": "featureMembers", "gml_id": "Thiruvanathapuram_Editor.fid--715e5034_19246a0be1c_-429b", "geom": null, "District": "Thiruvanathapuram", "LSGD": "Nedumangad", "Ward_Name": "IDAMALA", "Ward_No": 23, "Lsgd_Type": "Municipality", "Created_Da": "2024/10/16 06:34:15.800", "Surveyor": "MJBISIRI", "Mob_No": null, "Remarks": null, "_distLsgd": "Thiruvanathapuram_Nedumangad", "OBJECTID": 439, "_result": "Thiruvanathapuram_Nedumangad", "_ulid": "01JBBD70X170A88TT77VY8PM1H", "_distLsgd2": "Thiruvanathapuram_Nedumangad" }, "geometry": { "type": "MultiPolygon", "coordinates": [ [ [ [ 77.026778161899998, 8.6134537059 ], [ 77.026813986500002, 8.613449641300001 ], [ 77.026814027100002, 8.613449510600001 ], [ 77.027048556699995, 8.6135764005 ], [ 77.027605873, 8.61387793 ], [ 77.030421152900004, 8.613718309 ], [ 77.0320560734, 8.613268748499999 ], [ 77.033033894799999, 8.611994194799999 ], [ 77.033090903900003, 8.611919885300001 ], [ 77.033117761300005, 8.6117280101 ], [ 77.033153747100002, 8.6112028982 ], [ 77.033042025, 8.609927429800001 ], [ 77.033219586100003, 8.6091314516 ], [ 77.033582555099997, 8.6082089062 ], [ 77.033667782699993, 8.6079202342 ], [ 77.033655504600006, 8.607584043499999 ], [ 77.033582315499999, 8.607328237300001 ], [ 77.0331330673, 8.6070149552 ], [ 77.032605308, 8.606743658699999 ], [ 77.032194331400007, 8.6065439149 ], [ 77.0316084504, 8.6064552141 ], [ 77.031151091, 8.6063375132 ], [ 77.030906633800001, 8.6060985495 ], [ 77.030616093299997, 8.605497700800001 ], [ 77.030571999, 8.6049849412 ], [ 77.030620571900002, 8.6043508297 ], [ 77.030682208, 8.6041464287 ], [ 77.030750962200003, 8.6040366803 ], [ 77.031096113399997, 8.6036662917 ], [ 77.0310996977, 8.6034899523 ], [ 77.031056719800006, 8.603097869500001 ], [ 77.030589901799999, 8.6027641382 ], [ 77.030194213599998, 8.602662517 ], [ 77.0300275309, 8.602692577599999 ], [ 77.029829278199998, 8.602864348700001 ], [ 77.029820212900006, 8.602858558799999 ], [ 77.029688450099997, 8.6029576491 ], [ 77.029598736500006, 8.6030828046 ], [ 77.029471300400004, 8.6033351831 ], [ 77.029381937799997, 8.603499900499999 ], [ 77.029381937799997, 8.603499900499999 ], [ 77.029357734599998, 8.6035197047 ], [ 77.029220595400005, 8.6039004106 ], [ 77.029218119099994, 8.6039022601 ], [ 77.029095923699998, 8.6039935231 ], [ 77.029080623900001, 8.6040049499 ], [ 77.028730223, 8.6041397245 ], [ 77.028731143599998, 8.604140965599999 ], [ 77.028712658299995, 8.6041467466 ], [ 77.028570759700003, 8.6041911233 ], [ 77.028544356099999, 8.604199380600001 ], [ 77.028446832900002, 8.6042419651 ], [ 77.028147077, 8.604372856399999 ], [ 77.028069926100002, 8.6044065451 ], [ 77.028069131699993, 8.6044040175 ], [ 77.027936582600006, 8.604457008200001 ], [ 77.027817073199998, 8.6045047858 ], [ 77.0277784333, 8.6045244399 ], [ 77.027712811900003, 8.6046477543 ], [ 77.027694681599996, 8.6046802762 ], [ 77.027633940200005, 8.604752854699999 ], [ 77.027619941400005, 8.604769581599999 ], [ 77.027465145299999, 8.605118679 ], [ 77.027415489299997, 8.6052306634 ], [ 77.027414996399997, 8.6052303154 ], [ 77.02736719, 8.605314493 ], [ 77.027321870799994, 8.6053885244 ], [ 77.027317782500006, 8.605392848 ], [ 77.027300912100003, 8.605411841900001 ], [ 77.027106066499996, 8.6056012596 ], [ 77.026954682600007, 8.6057484263 ], [ 77.026946326, 8.605756550100001 ], [ 77.026862145099997, 8.6060279988 ], [ 77.026858777200005, 8.6060388587 ], [ 77.026833577399998, 8.6061201177 ], [ 77.0263332265, 8.606700723499999 ], [ 77.026090077500001, 8.607059104199999 ], [ 77.025938733299995, 8.6074082216 ], [ 77.025796041800007, 8.6076168939 ], [ 77.025758198199995, 8.607672236599999 ], [ 77.025200586899999, 8.607734002100001 ], [ 77.025078858900002, 8.607764895400001 ], [ 77.024672691, 8.6078679764 ], [ 77.024461232199997, 8.608084811499999 ], [ 77.024459756599995, 8.6080830789 ], [ 77.024361552200006, 8.6081667164 ], [ 77.024329015800006, 8.608196549300001 ], [ 77.024302302, 8.608166026199999 ], [ 77.024211316600002, 8.608062066700001 ], [ 77.0242066319, 8.607583143399999 ], [ 77.023823130099998, 8.6078071956 ], [ 77.023819984300005, 8.607809033400001 ], [ 77.023776835099994, 8.6077725272 ], [ 77.023743841200002, 8.607744612899999 ], [ 77.023674038500005, 8.607695547200001 ], [ 77.023610918900005, 8.607651179199999 ], [ 77.0236089335, 8.607646792700001 ], [ 77.023597285600005, 8.6076210591 ], [ 77.023526624799999, 8.6074649473 ], [ 77.023404383, 8.607250861 ], [ 77.023401740200001, 8.6072462326 ], [ 77.023410818499997, 8.6072215699 ], [ 77.023425586599998, 8.607181449800001 ], [ 77.023437668499994, 8.6070993626 ], [ 77.023465811799994, 8.6069818903 ], [ 77.023466340699997, 8.606968862 ], [ 77.023466791600001, 8.6069577549 ], [ 77.023470038200003, 8.606952032900001 ], [ 77.023612633499994, 8.6067007099 ], [ 77.023440454699994, 8.6065743874 ], [ 77.023328284499996, 8.6064920912 ], [ 77.023299734199995, 8.6064711446 ], [ 77.023290943600003, 8.6064646952 ], [ 77.023289297299996, 8.606463487399999 ], [ 77.023089800600005, 8.6064411301 ], [ 77.023066525199994, 8.606438521699999 ], [ 77.023066210600007, 8.6064377574 ], [ 77.023065756400001, 8.606436653799999 ], [ 77.022938083100001, 8.606416462 ], [ 77.022936795700005, 8.6064192547 ], [ 77.022883068699997, 8.6065357996 ], [ 77.022848141, 8.606614474300001 ], [ 77.022478166100001, 8.606649453499999 ], [ 77.022400069499994, 8.606656837099999 ], [ 77.022250547499993, 8.606661735399999 ], [ 77.022052857, 8.606701167600001 ], [ 77.021888710499994, 8.606734965699999 ], [ 77.021704903400007, 8.606772812 ], [ 77.021604933899994, 8.6067974874 ], [ 77.021604832099996, 8.6067975126 ], [ 77.0216260312, 8.606911197400001 ], [ 77.021638113400002, 8.6069981799 ], [ 77.021645331200006, 8.607015220299999 ], [ 77.021651553400005, 8.6070299102 ], [ 77.021755312400003, 8.6075815648 ], [ 77.021893071199997, 8.608336169699999 ], [ 77.021892068699998, 8.608345079599999 ], [ 77.021863092900006, 8.608602614500001 ], [ 77.021821272, 8.608910739300001 ], [ 77.021792807200001, 8.6091204594 ], [ 77.021789422599994, 8.609168393 ], [ 77.0217853069, 8.609189499399999 ], [ 77.021783385600003, 8.6091898754 ], [ 77.021770641299995, 8.609278166 ], [ 77.021771275, 8.6092791025 ], [ 77.021857522900007, 8.609406551899999 ], [ 77.021938699900005, 8.6095265079 ], [ 77.022122694199993, 8.609790501299999 ], [ 77.022171383200003, 8.609855617499999 ], [ 77.022335108600004, 8.6101293353 ], [ 77.022466216500007, 8.610223454 ], [ 77.022524629499998, 8.6102653871 ], [ 77.022520864399993, 8.610269629599999 ], [ 77.022503080700005, 8.6102896678 ], [ 77.022422612200003, 8.610380337900001 ], [ 77.022294137100005, 8.6105251008 ], [ 77.022102986299998, 8.610740485 ], [ 77.022021669599994, 8.610832110600001 ], [ 77.021986865, 8.6108713276 ], [ 77.021985021299997, 8.610873405 ], [ 77.021983651499994, 8.610874948499999 ], [ 77.021897575699995, 8.610869982300001 ], [ 77.021507165700001, 8.610854701199999 ], [ 77.02120456, 8.6108428568 ], [ 77.020933632699993, 8.6108322524 ], [ 77.020756220899997, 8.610825308200001 ], [ 77.020277589800003, 8.6108061736 ], [ 77.020208540799999, 8.610822150200001 ], [ 77.020208657200001, 8.6108227485 ], [ 77.020204400400004, 8.610822543199999 ], [ 77.019832562800005, 8.6109826254 ], [ 77.019421984499999, 8.611478350600001 ], [ 77.019300907900003, 8.611624536200001 ], [ 77.019071475, 8.61189025 ], [ 77.019061671299994, 8.6119016041 ], [ 77.018907225800007, 8.612080472300001 ], [ 77.018898484800005, 8.6120905955 ], [ 77.018817707799997, 8.612184145900001 ], [ 77.01869576, 8.612325377299999 ], [ 77.018529094, 8.612470398599999 ], [ 77.018504922, 8.6126198134 ], [ 77.018489327799998, 8.6127162055 ], [ 77.018489315300002, 8.612716282899999 ], [ 77.018708825700003, 8.6127323059 ], [ 77.018708825700003, 8.6127323059 ], [ 77.018743467500002, 8.612734834499999 ], [ 77.018857120600003, 8.612822699900001 ], [ 77.018857121600007, 8.612822700500001 ], [ 77.019420344099998, 8.6132581277 ], [ 77.0194203442, 8.6132581277 ], [ 77.019431115200007, 8.6132664547 ], [ 77.019822171499996, 8.613716931500001 ], [ 77.019955728499994, 8.6134282706 ], [ 77.019955728599996, 8.6134282703 ], [ 77.019955728699998, 8.6134282703 ], [ 77.019990818300002, 8.613352429800001 ], [ 77.0201855878, 8.613085213 ], [ 77.02018915, 8.6130839753 ], [ 77.020377952, 8.613018376799999 ], [ 77.020377952, 8.613018376799999 ], [ 77.020422931, 8.613002749 ], [ 77.020617149499998, 8.6130117485 ], [ 77.020617149800003, 8.6130117485 ], [ 77.020628953799999, 8.613010770900001 ], [ 77.020629586699997, 8.6130123248 ], [ 77.020718637499996, 8.613014362 ], [ 77.020820508699998, 8.612994906400001 ], [ 77.020826805799999, 8.6129943849 ], [ 77.020943108200001, 8.612972905499999 ], [ 77.020943108200001, 8.612972905499999 ], [ 77.020956597700007, 8.612970414199999 ], [ 77.021111845099995, 8.6128571664 ], [ 77.021134515900002, 8.612841616100001 ], [ 77.021135853, 8.612839776 ], [ 77.021136509300007, 8.612840173 ], [ 77.021167753699999, 8.6128150758 ], [ 77.021211799400007, 8.612751581099999 ], [ 77.021314345299999, 8.612611772099999 ], [ 77.021416193199997, 8.612456933800001 ], [ 77.021430558500001, 8.6124350943 ], [ 77.021430129, 8.612434818100001 ], [ 77.021436574, 8.612425949 ], [ 77.021746044799997, 8.6124718066 ], [ 77.0218148533, 8.6124957203 ], [ 77.021814853500004, 8.6124957203 ], [ 77.022060255100001, 8.612581007 ], [ 77.022060255100001, 8.612581007099999 ], [ 77.022071748299993, 8.612585001399999 ], [ 77.022232275500002, 8.612727268 ], [ 77.022379208900006, 8.612845805299999 ], [ 77.022385595399996, 8.6128496347 ], [ 77.022468258800004, 8.6129165527 ], [ 77.0225328418, 8.612937923700001 ], [ 77.0225328418, 8.612937923700001 ], [ 77.0226620973, 8.612980695099999 ], [ 77.022687992599998, 8.612998791900001 ], [ 77.022687992599998, 8.612998791900001 ], [ 77.022687992599998, 8.612998791900001 ], [ 77.022769293500005, 8.6130556085 ], [ 77.022767711900002, 8.6130771832 ], [ 77.022757083299993, 8.6132221631 ], [ 77.022757353700001, 8.613222395 ], [ 77.022757789699995, 8.6132310078 ], [ 77.022851834099995, 8.613308270299999 ], [ 77.022852494099993, 8.613307769 ], [ 77.022862174300002, 8.6133167653 ], [ 77.022872566, 8.6133212085 ], [ 77.022873196800006, 8.613321749500001 ], [ 77.022948793799998, 8.6133496071 ], [ 77.023026973900002, 8.6133784165 ], [ 77.023030820599999, 8.613379115 ], [ 77.023030816100004, 8.6133798324 ], [ 77.023068979900003, 8.6133938957 ], [ 77.023133638700003, 8.613405305800001 ], [ 77.0233177641, 8.6134377978 ], [ 77.023440157400003, 8.6134534479 ], [ 77.023442893899997, 8.6134537978 ], [ 77.023443666299997, 8.613453896599999 ], [ 77.023443671199999, 8.6134538879 ], [ 77.024088021300003, 8.6135285475 ], [ 77.024367777, 8.613520444800001 ], [ 77.024426424400005, 8.6135187461 ], [ 77.024426424599994, 8.6135187461 ], [ 77.024436560699996, 8.613518452599999 ], [ 77.024607546400006, 8.613307956 ], [ 77.024607528399997, 8.6133079396 ], [ 77.024608103800006, 8.6133072697 ], [ 77.024608103800006, 8.6133072697 ], [ 77.024631372800002, 8.613278623799999 ], [ 77.024715523300003, 8.613265116599999 ], [ 77.025147727, 8.6133830587 ], [ 77.025147727299995, 8.6133830589 ], [ 77.025223264700003, 8.6134036719 ], [ 77.025968598899993, 8.613738248100001 ], [ 77.025968599, 8.613738248100001 ], [ 77.025969181799994, 8.613737949200001 ], [ 77.025969328599999, 8.613738575599999 ], [ 77.025972566099995, 8.6137417423 ], [ 77.026173614699999, 8.613633092700001 ], [ 77.0261816979, 8.6136289468 ], [ 77.026331345800003, 8.6135521902 ], [ 77.026335160299993, 8.6135502337 ], [ 77.026573310499998, 8.6134963487 ], [ 77.026573293, 8.6134960039 ], [ 77.0265856531, 8.613493452 ], [ 77.026778161899998, 8.6134537059 ] ] ] ] } },
{ "type": "Feature", "properties": { "gml_parent": null, "gml_pare_1": "featureMembers", "gml_id": "Thiruvanathapuram_Editor.fid--715e5034_19246a0be1c_-44f3", "geom": null, "District": "Thiruvanathapuram", "LSGD": "Nedumangad", "Ward_Name": "THARATTA", "Ward_No": 22, "Lsgd_Type": "Municipality", "Created_Da": "2024/10/16 05:13:54.968", "Surveyor": "MJBISIRI", "Mob_No": null, "Remarks": null, "_distLsgd": "Thiruvanathapuram_Nedumangad", "OBJECTID": 439, "_result": "Thiruvanathapuram_Nedumangad", "_ulid": "01JBBD70X170A88TT77VY8PM1H", "_distLsgd2": "Thiruvanathapuram_Nedumangad" }, "geometry": { "type": "MultiPolygon", "coordinates": [ [ [ [ 77.029035166300005, 8.619943919500001 ], [ 77.029102246799994, 8.619923157500001 ], [ 77.029153079699995, 8.6199088711 ], [ 77.029538828900002, 8.6198004582 ], [ 77.029546906099995, 8.6198008156 ], [ 77.029939958699998, 8.6198182059 ], [ 77.030688749, 8.6192976273 ], [ 77.0309814811, 8.618382458199999 ], [ 77.030981518100006, 8.6183823425 ], [ 77.0309252168, 8.6182577333 ], [ 77.0308376837, 8.6180640003 ], [ 77.030669515499994, 8.617691801 ], [ 77.030501206, 8.617319288599999 ], [ 77.030498770400001, 8.617313897900001 ], [ 77.0304153087, 8.617210630300001 ], [ 77.030286135099999, 8.6170508028 ], [ 77.030203540299993, 8.616948607699999 ], [ 77.030193754, 8.616941518400001 ], [ 77.030027194100001, 8.616820860800001 ], [ 77.029886487699997, 8.616718931599999 ], [ 77.029859176399995, 8.616706543599999 ], [ 77.029648625500002, 8.616611040800001 ], [ 77.0296356506, 8.6166051556 ], [ 77.029489120199997, 8.6164782757 ], [ 77.0292398056, 8.6162623954 ], [ 77.029122899200004, 8.616188408699999 ], [ 77.028857279799993, 8.616020305799999 ], [ 77.028586646, 8.6158490294 ], [ 77.028288250800003, 8.615660183899999 ], [ 77.028095480600001, 8.6155381847 ], [ 77.027584747700004, 8.615264869400001 ], [ 77.027492708699995, 8.6152156152 ], [ 77.027424064, 8.6151942223 ], [ 77.027013516799997, 8.6150662766 ], [ 77.027009567099995, 8.6150650457 ], [ 77.026980123200005, 8.615055869600001 ], [ 77.026822179700005, 8.6148693841 ], [ 77.026648365400007, 8.6146641596 ], [ 77.026635768600002, 8.614649286400001 ], [ 77.026613568200005, 8.6145738319 ], [ 77.026581202299994, 8.6144638265 ], [ 77.0265433597, 8.614380755199999 ], [ 77.0265360259, 8.6143725449 ], [ 77.026015516900003, 8.6137898266 ], [ 77.026015510400001, 8.613789819400001 ], [ 77.0260046028, 8.613777608099999 ], [ 77.025972566099995, 8.6137417423 ], [ 77.025972261299998, 8.6137414011 ], [ 77.0259700111, 8.613738882 ], [ 77.025969328599999, 8.613738575599999 ], [ 77.025968598899993, 8.613738248100001 ], [ 77.025223264700003, 8.6134036719 ], [ 77.025147727, 8.6133830587 ], [ 77.024715523300003, 8.613265116599999 ], [ 77.024631372800002, 8.613278623799999 ], [ 77.024608103800006, 8.6133072697 ], [ 77.024607546400006, 8.613307956 ], [ 77.024436560699996, 8.613518452599999 ], [ 77.024426424400005, 8.6135187461 ], [ 77.024367777, 8.613520444800001 ], [ 77.024088021300003, 8.6135285475 ], [ 77.024074538899995, 8.613528938 ], [ 77.023443666299997, 8.613453896599999 ], [ 77.023442893899997, 8.6134537978 ], [ 77.023440656899993, 8.6134535386 ], [ 77.023337286300006, 8.6134412428 ], [ 77.0233177641, 8.6134377978 ], [ 77.023133638700003, 8.613405305800001 ], [ 77.023068979900003, 8.6133938957 ], [ 77.023030816100004, 8.6133798324 ], [ 77.023026973900002, 8.6133784165 ], [ 77.022948793799998, 8.6133496071 ], [ 77.022873196800006, 8.613321749500001 ], [ 77.022864210400002, 8.613318438 ], [ 77.022862174300002, 8.6133167653 ], [ 77.022851834099995, 8.613308270299999 ], [ 77.022757789699995, 8.6132310078 ], [ 77.022756511899999, 8.613229958 ], [ 77.022757083299993, 8.6132221631 ], [ 77.022767711900002, 8.6130771832 ], [ 77.022769293500005, 8.6130556085 ], [ 77.022687992599998, 8.612998791900001 ], [ 77.0226620973, 8.612980695099999 ], [ 77.022532841599997, 8.612937923600001 ], [ 77.022468258800004, 8.6129165527 ], [ 77.022465962400005, 8.612915792800001 ], [ 77.022379208900006, 8.612845805299999 ], [ 77.022232275500002, 8.612727268 ], [ 77.022071748299993, 8.612585001399999 ], [ 77.022060255100001, 8.612581007 ], [ 77.0218148533, 8.6124957203 ], [ 77.021746044799997, 8.6124718066 ], [ 77.021436574, 8.612425949 ], [ 77.021430558500001, 8.6124350943 ], [ 77.021416193199997, 8.612456933800001 ], [ 77.021314345299999, 8.612611772099999 ], [ 77.021312999700001, 8.6126138177 ], [ 77.021167753699999, 8.6128150758 ], [ 77.021164007600007, 8.6128202666 ], [ 77.021136509300007, 8.612840173 ], [ 77.021134515900002, 8.612841616100001 ], [ 77.020956597700007, 8.612970414199999 ], [ 77.020943108200001, 8.612972905499999 ], [ 77.020826805799999, 8.6129943849 ], [ 77.020718637499996, 8.613014362 ], [ 77.020709594600007, 8.613016032100001 ], [ 77.020629586699997, 8.6130123248 ], [ 77.020617149499998, 8.6130117485 ], [ 77.020422931, 8.613002749 ], [ 77.020377952, 8.613018376799999 ], [ 77.02018915, 8.6130839753 ], [ 77.0201855878, 8.613085213 ], [ 77.019990818300002, 8.613352429800001 ], [ 77.019955728499994, 8.6134282706 ], [ 77.019822171499996, 8.613716931500001 ], [ 77.019947619199996, 8.613861440599999 ], [ 77.019947619199996, 8.613861440599999 ], [ 77.019956553300005, 8.6138717322 ], [ 77.020019329799993, 8.6140069301 ], [ 77.020019329799993, 8.6140069302 ], [ 77.020019329799993, 8.6140069302 ], [ 77.020023274400003, 8.6140154253 ], [ 77.020058465399998, 8.6141331165 ], [ 77.020071766200005, 8.6141775991 ], [ 77.020071766300006, 8.6141775993 ], [ 77.020071766300006, 8.6141775994 ], [ 77.020077280500004, 8.614196041 ], [ 77.020099383499996, 8.6143473977 ], [ 77.020099383599998, 8.6143473982 ], [ 77.020099383599998, 8.6143473984 ], [ 77.020114031899993, 8.6144477075 ], [ 77.020112279, 8.614470098 ], [ 77.020112279, 8.614470098 ], [ 77.020112279, 8.6144700981 ], [ 77.020110697800007, 8.614490294399999 ], [ 77.020097289500001, 8.6146615566 ], [ 77.020061266699997, 8.614815034199999 ], [ 77.020036923, 8.6148845137 ], [ 77.0199859019, 8.6150528107 ], [ 77.019989037200006, 8.615156149 ], [ 77.020029101099993, 8.615290939699999 ], [ 77.020029101099993, 8.6152909399 ], [ 77.020053214499995, 8.615359897299999 ], [ 77.020055538600005, 8.6153695393 ], [ 77.020058985, 8.6153838368 ], [ 77.020058985, 8.6153838368 ], [ 77.020094354899996, 8.615530572100001 ], [ 77.020094354899996, 8.615530572300001 ], [ 77.020107136099995, 8.6155835963 ], [ 77.020112844699995, 8.615624028899999 ], [ 77.020112844799996, 8.615624029 ], [ 77.020135244900004, 8.615782683100001 ], [ 77.020153485799995, 8.6159118783 ], [ 77.0201666265, 8.61600495 ], [ 77.020166634700004, 8.6160050083 ], [ 77.020166595, 8.616005191599999 ], [ 77.020166553099997, 8.616005384899999 ], [ 77.020163727799996, 8.616018432500001 ], [ 77.020163502900004, 8.616019471 ], [ 77.020155610299994, 8.616055920200001 ], [ 77.020133892800004, 8.6161562138 ], [ 77.020114025300003, 8.616247964 ], [ 77.020103703900006, 8.6162956293 ], [ 77.020091689200001, 8.6163511145 ], [ 77.020082631600005, 8.616392943699999 ], [ 77.020077140799998, 8.616418300799999 ], [ 77.020056273799995, 8.616514666800001 ], [ 77.020050308500004, 8.616542215300001 ], [ 77.020050308400002, 8.616542215500001 ], [ 77.020026630399997, 8.6166515633 ], [ 77.019986450399998, 8.616818414400001 ], [ 77.019924321399998, 8.617076410499999 ], [ 77.019867843499995, 8.617310939899999 ], [ 77.019869236399998, 8.617389231900001 ], [ 77.019875085799995, 8.617718029200001 ], [ 77.019882950899998, 8.617916326 ], [ 77.019887596700002, 8.618033455100001 ], [ 77.019889951600007, 8.6180928259 ], [ 77.019895657800006, 8.6182366923 ], [ 77.0198967595, 8.6182644692 ], [ 77.019898353299993, 8.618304650700001 ], [ 77.019900577900003, 8.6183607389 ], [ 77.019903552800002, 8.618435742599999 ], [ 77.019903552800002, 8.618435742699999 ], [ 77.019904379, 8.6184565726 ], [ 77.0200438392, 8.6186247257 ], [ 77.020125860600004, 8.618723622099999 ], [ 77.020174936900005, 8.6187827954 ], [ 77.020174939399993, 8.6187827984 ], [ 77.020257392800005, 8.618881092 ], [ 77.020278752300001, 8.618906554900001 ], [ 77.020391630899994, 8.6190411185 ], [ 77.020405612399998, 8.6190555399 ], [ 77.020411551899997, 8.6190616662 ], [ 77.021359671300004, 8.620039608300001 ], [ 77.021779991299994, 8.620353093 ], [ 77.021845252899993, 8.620401766600001 ], [ 77.021847453600003, 8.620403081199999 ], [ 77.021849695300006, 8.6204044202 ], [ 77.021866125100004, 8.6204142344 ], [ 77.021919243200003, 8.6204487598 ], [ 77.021955656299994, 8.620472427399999 ], [ 77.022007197500002, 8.6205059278 ], [ 77.022070922699996, 8.620547347500001 ], [ 77.022232786900005, 8.620675375899999 ], [ 77.022266975899996, 8.6207024181 ], [ 77.022283274, 8.6207153093 ], [ 77.022300447199996, 8.620728892600001 ], [ 77.0223005048, 8.620728938199999 ], [ 77.022300823199998, 8.620734131700001 ], [ 77.022301345900004, 8.62074266 ], [ 77.022308152799994, 8.6208537038 ], [ 77.022309402199994, 8.620874086800001 ], [ 77.022309815499995, 8.620880829600001 ], [ 77.022309995800001, 8.620883769800001 ], [ 77.022310065400006, 8.620884906 ], [ 77.022310396400002, 8.6208903049 ], [ 77.0223107419, 8.620895942600001 ], [ 77.022320627300005, 8.6209491525 ], [ 77.022330977, 8.621004861199999 ], [ 77.0223599041, 8.6211605665 ], [ 77.022384627799994, 8.621188141099999 ], [ 77.022428889899999, 8.6212375073 ], [ 77.022585451500007, 8.621412122600001 ], [ 77.02277422, 8.6216226583 ], [ 77.022815079799997, 8.621668229599999 ], [ 77.022815229399995, 8.6216683675 ], [ 77.022816968100003, 8.621669968699999 ], [ 77.022829030400004, 8.6216810779 ], [ 77.022842734799994, 8.6216936993 ], [ 77.022864541100006, 8.621713782500001 ], [ 77.022984696899996, 8.6218244435 ], [ 77.022985112200004, 8.621824825899999 ], [ 77.022991924699994, 8.6218331463 ], [ 77.023123663700005, 8.621994043600001 ], [ 77.023124289600005, 8.6220002326 ], [ 77.023132764099998, 8.62208402 ], [ 77.023141293, 8.6221683446 ], [ 77.0231481127, 8.6222357705 ], [ 77.023148113900007, 8.622235783 ], [ 77.023147936499996, 8.6222363313 ], [ 77.023144318199996, 8.622247510499999 ], [ 77.023143206200004, 8.622250946399999 ], [ 77.023090051899999, 8.622415176300001 ], [ 77.023079300099994, 8.622448395799999 ], [ 77.023076124799999, 8.622458206399999 ], [ 77.023063659100004, 8.622496721499999 ], [ 77.023017712500007, 8.6226386817 ], [ 77.023016907300004, 8.6226398872 ], [ 77.023013585100003, 8.6226448612 ], [ 77.023013083600006, 8.622645612 ], [ 77.023012463200004, 8.6226465408 ], [ 77.022961630899999, 8.6227226455 ], [ 77.022947507300003, 8.6227593388 ], [ 77.022940308100004, 8.6227780423 ], [ 77.022934678200002, 8.622792668900001 ], [ 77.022922393, 8.622824586 ], [ 77.0228568024, 8.622924900699999 ], [ 77.0228221582, 8.622977867 ], [ 77.022744000800003, 8.623144422099999 ], [ 77.022749402599999, 8.623207857500001 ], [ 77.022755387, 8.6232710373 ], [ 77.022755413, 8.6232713125 ], [ 77.022784037099996, 8.623326244499999 ], [ 77.022784072799993, 8.6233263128 ], [ 77.022817875699999, 8.6233910917 ], [ 77.022950116, 8.6236626749 ], [ 77.023027126200006, 8.6238208316 ], [ 77.023082171699997, 8.623882394200001 ], [ 77.023119434099996, 8.623924068299999 ], [ 77.023149703399994, 8.623957921400001 ], [ 77.023156452699993, 8.623961450199999 ], [ 77.023361081700003, 8.6240684373 ], [ 77.023370049600004, 8.6240729649 ], [ 77.023374498199999, 8.624075210799999 ], [ 77.023383097099995, 8.6240795521 ], [ 77.023387983099994, 8.624082018899999 ], [ 77.023391492499997, 8.6240837906 ], [ 77.023642274799997, 8.624194402800001 ], [ 77.023801669099996, 8.624264867600001 ], [ 77.023857182200004, 8.6243191276 ], [ 77.023969769800004, 8.624429173699999 ], [ 77.024081656500002, 8.624540334800001 ], [ 77.024306891400002, 8.624765034599999 ], [ 77.024387237400006, 8.624845002700001 ], [ 77.024388872299994, 8.624846490199999 ], [ 77.024389453300003, 8.624847018800001 ], [ 77.024390020499993, 8.624847534900001 ], [ 77.024390485500007, 8.624847984800001 ], [ 77.024390991399997, 8.624848419599999 ], [ 77.0243911763, 8.624848586500001 ], [ 77.024392155, 8.624849555799999 ], [ 77.024392202599998, 8.624849599399999 ], [ 77.024393919600001, 8.624851082499999 ], [ 77.024398485, 8.624855289199999 ], [ 77.024403142300002, 8.624859625299999 ], [ 77.024405745600006, 8.624861856 ], [ 77.024406544, 8.624862717399999 ], [ 77.0244074907, 8.624863448599999 ], [ 77.024407704599994, 8.6248636084 ], [ 77.024408496, 8.624864247 ], [ 77.024408484399999, 8.624864234 ], [ 77.024408173300003, 8.6248639682 ], [ 77.0244081596, 8.6248639545 ], [ 77.0244067215, 8.624862712500001 ], [ 77.024394357199995, 8.624851483200001 ], [ 77.024393960699996, 8.624851122300001 ], [ 77.024406829399993, 8.624862650400001 ], [ 77.024658232299998, 8.624607107 ], [ 77.024672644399999, 8.6245924576 ], [ 77.024685972599997, 8.6245789098 ], [ 77.024703381400002, 8.6245612143 ], [ 77.024737916299998, 8.6245261106 ], [ 77.024763685400004, 8.6244999171 ], [ 77.024778493100001, 8.624484865599999 ], [ 77.024826603899996, 8.6244358541 ], [ 77.024863221100006, 8.624398551400001 ], [ 77.024906399200006, 8.624354565100001 ], [ 77.024930120500002, 8.624331316199999 ], [ 77.0249316007, 8.6243298654 ], [ 77.024935585600005, 8.6243257618 ], [ 77.024939028299997, 8.6243222164 ], [ 77.024961246800004, 8.6242993355 ], [ 77.024991667899997, 8.6242680076 ], [ 77.025019390400004, 8.6242394586 ], [ 77.0250966439, 8.6241607589 ], [ 77.025096921900001, 8.6241604757 ], [ 77.025114373899996, 8.624144511900001 ], [ 77.025115408399998, 8.624143457800001 ], [ 77.025118066, 8.6241407645 ], [ 77.025118723399999, 8.6241400963 ], [ 77.025114147500005, 8.6241447412 ], [ 77.024794561899995, 8.6244690539 ], [ 77.024716533100005, 8.6245482468 ], [ 77.024515599099999, 8.6247522529 ], [ 77.024406978299993, 8.624862525699999 ], [ 77.0244113599, 8.6248579645 ], [ 77.024558445699995, 8.6247086869 ], [ 77.024809819400005, 8.624453597600001 ], [ 77.024972918399996, 8.6242880821 ], [ 77.025118747700006, 8.624140088400001 ], [ 77.02512851, 8.624133796900001 ], [ 77.025401567499998, 8.623957944300001 ], [ 77.025405192199997, 8.623955609899999 ], [ 77.025438226, 8.6239343352 ], [ 77.026109394900004, 8.6240126558 ], [ 77.026152240599998, 8.6240395017 ], [ 77.026155413699996, 8.6240414899 ], [ 77.026517671199997, 8.624268470400001 ], [ 77.026553372, 8.6242836685 ], [ 77.026675536400006, 8.624049623099999 ], [ 77.027105169099997, 8.623226521099999 ], [ 77.027110790899997, 8.623219732200001 ], [ 77.028161391799998, 8.621950997800001 ], [ 77.028266424099996, 8.621884338099999 ], [ 77.028342620100005, 8.6218359795 ], [ 77.02835949, 8.621835752499999 ], [ 77.028637850300001, 8.6218320058 ], [ 77.028659019900005, 8.621833459599999 ], [ 77.029119885200004, 8.6218651097 ], [ 77.029398883799999, 8.6217191674 ], [ 77.029508183199994, 8.6213875331 ], [ 77.029504762599998, 8.6213283842 ], [ 77.029481542699997, 8.6209268725 ], [ 77.029481904400001, 8.620926020300001 ], [ 77.029601364499996, 8.620644563 ], [ 77.029649019499999, 8.620345567399999 ], [ 77.029653886899993, 8.6203150289 ], [ 77.029640724800004, 8.6202593734 ], [ 77.029640994800005, 8.620222907800001 ], [ 77.029621946399999, 8.6201742558 ], [ 77.029621880400001, 8.620174087200001 ], [ 77.029620469400001, 8.620174156399999 ], [ 77.029612504200003, 8.620174546599999 ], [ 77.029505187, 8.620179804299999 ], [ 77.029504456599994, 8.6201791885 ], [ 77.029487897099997, 8.620165227 ], [ 77.029487724099994, 8.6201650811 ], [ 77.029414546, 8.620103384 ], [ 77.029414398399993, 8.6201032595 ], [ 77.028953810900006, 8.6201743142 ], [ 77.028813444700006, 8.620195968299999 ], [ 77.028804858, 8.620200538 ], [ 77.028593962800002, 8.6203127733 ], [ 77.028592469200007, 8.6203135682 ], [ 77.028622089099997, 8.620221794500001 ], [ 77.028673093400002, 8.620063764 ], [ 77.028673316400003, 8.620063073100001 ], [ 77.028675883, 8.6200551207 ], [ 77.028773742400006, 8.6200248325 ], [ 77.0287756667, 8.620024236900001 ], [ 77.029035166300005, 8.619943919500001 ] ], [ [ 77.022882294300004, 8.623523388900001 ], [ 77.022846460400004, 8.623449818499999 ], [ 77.022845741200001, 8.623448355700001 ], [ 77.022845494199998, 8.6234479333 ], [ 77.022845257699998, 8.6234474228 ], [ 77.022850323200004, 8.623457163599999 ], [ 77.022863770800001, 8.623485346900001 ], [ 77.022844897499994, 8.623446637300001 ], [ 77.022843957600003, 8.6234446525 ], [ 77.022842860099999, 8.6234422975 ], [ 77.022936258100003, 8.623634214799999 ], [ 77.022952900500002, 8.623668393399999 ], [ 77.022969239899993, 8.623701949899999 ], [ 77.023020637, 8.6238076351 ], [ 77.022986684, 8.6237377751 ], [ 77.022953993200005, 8.6236706377 ], [ 77.022925372, 8.6236118579 ], [ 77.022882294300004, 8.623523388900001 ] ] ] ] } },
{ "type": "Feature", "properties": { "gml_parent": null, "gml_pare_1": "featureMembers", "gml_id": "Thiruvanathapuram_Editor.fid--715e5034_19246a0be1c_-4c50", "geom": null, "District": "Thiruvanathapuram", "LSGD": "Nedumangad", "Ward_Name": "KUSARKODE", "Ward_No": 3, "Lsgd_Type": "Municipality", "Created_Da": "2024/10/15 10:24:40.424", "Surveyor": "Satheesh SR", "Mob_No": null, "Remarks": null, "_distLsgd": "Thiruvanathapuram_Nedumangad", "OBJECTID": 439, "_result": "Thiruvanathapuram_Nedumangad", "_ulid": "01JBBD70X170A88TT77VY8PM1H", "_distLsgd2": "Thiruvanathapuram_Nedumangad" }, "geometry": { "type": "MultiPolygon", "coordinates": [ [ [ [ 76.979638593399997, 8.616591568400001 ], [ 76.9790766574, 8.616642476299999 ], [ 76.978548525700006, 8.6165934067 ], [ 76.978489615300006, 8.616588438 ], [ 76.978439077299996, 8.616584251900001 ], [ 76.978147059099996, 8.6164761449 ], [ 76.977923564199997, 8.6163240836 ], [ 76.977753508199996, 8.616079896 ], [ 76.977742051299998, 8.6160433497 ], [ 76.977730144299997, 8.6160237684 ], [ 76.977711989499994, 8.6159939124 ], [ 76.977699008599998, 8.615972565 ], [ 76.977681698699996, 8.6159440987 ], [ 76.977661473200001, 8.6159108373 ], [ 76.977643975899994, 8.615882062700001 ], [ 76.977642390300005, 8.6158794552 ], [ 76.977614099600004, 8.6158329304 ], [ 76.977592292, 8.6158541184 ], [ 76.977580169899994, 8.6158468271 ], [ 76.9775662638, 8.615838462799999 ], [ 76.977480652099999, 8.6158483641 ], [ 76.977480652099999, 8.6158483641 ], [ 76.977374357, 8.615900545200001 ], [ 76.977342774299998, 8.6159290754 ], [ 76.977223004600006, 8.6160201909 ], [ 76.977157582299995, 8.616089828 ], [ 76.977030793200001, 8.6162277684 ], [ 76.976822445799996, 8.616464022800001 ], [ 76.976789908800001, 8.6164945904 ], [ 76.976760167400002, 8.616522531499999 ], [ 76.976758321, 8.6165244303 ], [ 76.976754408399998, 8.616528454299999 ], [ 76.976694277700005, 8.6165942678 ], [ 76.976645877300001, 8.616627810900001 ], [ 76.976603259599997, 8.6166475509 ], [ 76.976386061300005, 8.6166947427 ], [ 76.976260631800002, 8.616637534 ], [ 76.976234054, 8.616592926499999 ], [ 76.976228032199998, 8.6165828197 ], [ 76.976199658200002, 8.6165386429 ], [ 76.976081152700004, 8.6163541359 ], [ 76.976079956700005, 8.616354229800001 ], [ 76.976063302399993, 8.616355537 ], [ 76.976030602400002, 8.6163581036 ], [ 76.976003702499995, 8.616362561200001 ], [ 76.975989912399996, 8.6163894515 ], [ 76.975585419400005, 8.6171782026 ], [ 76.975516044599999, 8.6173134816 ], [ 76.975433476399999, 8.617474487 ], [ 76.975351968799998, 8.6175865417 ], [ 76.975083444, 8.617965590600001 ], [ 76.974884125900005, 8.6184007392 ], [ 76.974427430800006, 8.6187199359 ], [ 76.9740758322, 8.6189601139 ], [ 76.974080410100001, 8.6190374264 ], [ 76.974083811100002, 8.619059422099999 ], [ 76.974083524, 8.619059650500001 ], [ 76.974097630100005, 8.6198062914 ], [ 76.973960762900006, 8.6200307911 ], [ 76.973360763200006, 8.620519937399999 ], [ 76.973353923, 8.620525513900001 ], [ 76.972671484499998, 8.6206575907 ], [ 76.97265949, 8.620659912100001 ], [ 76.972425467099995, 8.6208089605 ], [ 76.972400522100003, 8.6208248479 ], [ 76.972398647600002, 8.6208260502 ], [ 76.972397541399999, 8.6208261427 ], [ 76.972397541299998, 8.6208261427 ], [ 76.972294852199994, 8.6208347287 ], [ 76.972013918800002, 8.620860997199999 ], [ 76.972013918200005, 8.620860997199999 ], [ 76.972009800699993, 8.620861382199999 ], [ 76.972005683800006, 8.620861767199999 ], [ 76.971973603199999, 8.621394865599999 ], [ 76.972008693399999, 8.6216665669 ], [ 76.972014225400002, 8.6217081485 ], [ 76.972052573900001, 8.6219963967 ], [ 76.972064313399997, 8.6220699702 ], [ 76.972064438800004, 8.622070756299999 ], [ 76.972064579100007, 8.6220778966 ], [ 76.972068122699994, 8.6221835806 ], [ 76.972068122699994, 8.6221835806 ], [ 76.972098065200001, 8.6222814988 ], [ 76.972099406400005, 8.622289904500001 ], [ 76.972100862100007, 8.6222990277 ], [ 76.972137635099998, 8.6225294893 ], [ 76.972241816199997, 8.6229960995 ], [ 76.972247738600004, 8.623022625100001 ], [ 76.972514078700002, 8.6230427487 ], [ 76.972811956599998, 8.623138581499999 ], [ 76.973145296200002, 8.6231526058 ], [ 76.973459722900003, 8.6233676453 ], [ 76.973814339399993, 8.6236598183 ], [ 76.974164227800003, 8.624038474200001 ], [ 76.974497567300006, 8.624227802 ], [ 76.974882917299993, 8.6243166224 ], [ 76.9752375339, 8.624276886900001 ], [ 76.975530359900006, 8.6244190424 ], [ 76.975682435500005, 8.624533443700001 ], [ 76.975820479500001, 8.6245655974 ], [ 76.976127625700002, 8.624456411600001 ], [ 76.976396810099999, 8.6243779342 ], [ 76.976907570199998, 8.6243745222 ], [ 76.977394172800004, 8.6244325272 ], [ 76.977766889600005, 8.624507592500001 ], [ 76.978080938, 8.624490532199999 ], [ 76.978284551900003, 8.624306281 ], [ 76.978439850499996, 8.6240367281 ], [ 76.978619306799999, 8.6236921097 ], [ 76.978905746600006, 8.623449853 ], [ 76.979199088499996, 8.623248540900001 ], [ 76.979530392399994, 8.623153003 ], [ 76.979734006200005, 8.623156415 ], [ 76.980206804399998, 8.6233236064 ], [ 76.980679602600006, 8.623350903 ], [ 76.980986748899994, 8.623279249499999 ], [ 76.981442291700006, 8.623344078900001 ], [ 76.981749438, 8.623289485800001 ], [ 76.982028975600002, 8.6231734754 ], [ 76.982229138299999, 8.622903921800001 ], [ 76.982401692400003, 8.622549066 ], [ 76.982577697599993, 8.622323869 ], [ 76.982746800599998, 8.6220543147 ], [ 76.982853784100001, 8.6219553644 ], [ 76.9829849252, 8.6217949965 ], [ 76.983150577200007, 8.621450376 ], [ 76.983385250699996, 8.6213138926 ], [ 76.983761418599997, 8.621245650800001 ], [ 76.984023515199993, 8.6211896915 ], [ 76.984246012400007, 8.621082514199999 ], [ 76.984016841, 8.620829973299999 ], [ 76.983868189099994, 8.620712664299999 ], [ 76.983658456900002, 8.620584882899999 ], [ 76.983497049099995, 8.6202285731 ], [ 76.983308201900002, 8.620132186599999 ], [ 76.983332793800002, 8.6200673804 ], [ 76.983446820300003, 8.619978057 ], [ 76.983566061399998, 8.619835096899999 ], [ 76.98371461, 8.619721784 ], [ 76.983851566699997, 8.619653636200001 ], [ 76.984059354699994, 8.6193589022 ], [ 76.984097742, 8.6192933746 ], [ 76.984178678299998, 8.619030153300001 ], [ 76.984267430700001, 8.618869032899999 ], [ 76.984351713400002, 8.618769953899999 ], [ 76.984472121600007, 8.6186933658 ], [ 76.985384468099994, 8.618024722199999 ], [ 76.985834276700004, 8.617699309900001 ], [ 76.986010489500003, 8.617497906700001 ], [ 76.986932617500003, 8.6167355563 ], [ 76.987122477900002, 8.6162524146 ], [ 76.987271876199998, 8.615830819099999 ], [ 76.987608365, 8.615494316099999 ], [ 76.987909962399996, 8.614911151899999 ], [ 76.987909960300001, 8.614911150499999 ], [ 76.987438693399994, 8.6146108895 ], [ 76.987262510500003, 8.614526489199999 ], [ 76.986960330399995, 8.614383095299999 ], [ 76.986500888899997, 8.614147260699999 ], [ 76.986356158500001, 8.6141241263 ], [ 76.986166679199997, 8.614096440300001 ], [ 76.986166660199999, 8.6140964299 ], [ 76.985907264199994, 8.613955135399999 ], [ 76.985899772699995, 8.613951054699999 ], [ 76.9857587419, 8.613986173 ], [ 76.985475167499999, 8.6140616269 ], [ 76.985348589099999, 8.614103070900001 ], [ 76.985348588799994, 8.614103071 ], [ 76.985348588600004, 8.614103071100001 ], [ 76.985341366, 8.6141067101 ], [ 76.985272681599994, 8.614129802800001 ], [ 76.985272681500007, 8.614129802800001 ], [ 76.985272680600005, 8.614129804699999 ], [ 76.985272630799997, 8.614129820700001 ], [ 76.985266903300001, 8.6141318377 ], [ 76.985260080299994, 8.614147664800001 ], [ 76.985200941100004, 8.614284850600001 ], [ 76.985095762, 8.614343874599999 ], [ 76.984874157600004, 8.6143734456 ], [ 76.984651796799994, 8.614338911600001 ], [ 76.984650175400006, 8.614339212799999 ], [ 76.984626391199996, 8.6143353427 ], [ 76.984626391199996, 8.6143353427 ], [ 76.984538752, 8.614359909099999 ], [ 76.984522125200002, 8.614364569799999 ], [ 76.984520141600001, 8.6143650318 ], [ 76.984478975399995, 8.614374618799999 ], [ 76.984439457899995, 8.6143851474 ], [ 76.984437073099997, 8.614408467500001 ], [ 76.984436179499994, 8.6144202289 ], [ 76.984434787599994, 8.614438549899999 ], [ 76.98442916, 8.614512620199999 ], [ 76.984429049200003, 8.614514078 ], [ 76.984387088399998, 8.6146107649 ], [ 76.984318009700004, 8.614715131600001 ], [ 76.984191886, 8.614868012800001 ], [ 76.984175524, 8.6148729397 ], [ 76.984154273599998, 8.614879889699999 ], [ 76.984153919299999, 8.6148794453 ], [ 76.984051873599995, 8.6149101731 ], [ 76.983906545699995, 8.6149563327 ], [ 76.9839065444, 8.6149563332 ], [ 76.983804645899994, 8.614994236599999 ], [ 76.983792963599996, 8.614998057299999 ], [ 76.983597996900002, 8.615069678499999 ], [ 76.983347968800004, 8.615031133600001 ], [ 76.983340946200002, 8.615030051 ], [ 76.983295521499997, 8.615023048199999 ], [ 76.983289088099994, 8.615040325100001 ], [ 76.983286802199999, 8.615046463800001 ], [ 76.983286608699999, 8.615047065 ], [ 76.983193691400004, 8.6153357093 ], [ 76.983192822099994, 8.6153384099 ], [ 76.982933153199994, 8.615688675099999 ], [ 76.982660412599998, 8.6158808463 ], [ 76.982414548600005, 8.615928158699999 ], [ 76.982033755299994, 8.6158875943 ], [ 76.981924388899998, 8.615849750500001 ], [ 76.9819235163, 8.615849543 ], [ 76.9819154626, 8.615846661699999 ], [ 76.981662860499995, 8.6157592542 ], [ 76.981608952800002, 8.615747493700001 ], [ 76.981541883700004, 8.615758812799999 ], [ 76.981541882900004, 8.615758812899999 ], [ 76.981541882900004, 8.615758813 ], [ 76.981541882900004, 8.615758813 ], [ 76.981412065699999, 8.6157807219 ], [ 76.981308615499998, 8.61579901 ], [ 76.981294515, 8.615808272600001 ], [ 76.981110258100003, 8.6159293111 ], [ 76.981096502900002, 8.6159314509 ], [ 76.980955864500004, 8.6159533289 ], [ 76.98073909, 8.615989666500001 ], [ 76.980721730599996, 8.6160037135 ], [ 76.980524587199994, 8.616163239600001 ], [ 76.980519818900007, 8.6161634529 ], [ 76.9805104828, 8.616163870699999 ], [ 76.980220430599999, 8.6161768481 ], [ 76.980214605, 8.616185844 ], [ 76.980141676700001, 8.616298460199999 ], [ 76.979638612700001, 8.6165915638 ], [ 76.979638607, 8.6165915671 ], [ 76.979638593399997, 8.616591568400001 ] ] ] ] } },
{ "type": "Feature", "properties": { "gml_parent": null, "gml_pare_1": "featureMembers", "gml_id": "Thiruvanathapuram_Editor.fid--715e5034_19246a0be1c_-4d19", "geom": null, "District": "Thiruvanathapuram", "LSGD": "Nedumangad", "Ward_Name": "ULIYOOR", "Ward_No": 5, "Lsgd_Type": "Municipality", "Created_Da": "2024/10/15 10:04:15.025", "Surveyor": "Satheesh SR", "Mob_No": null, "Remarks": null, "_distLsgd": "Thiruvanathapuram_Nedumangad", "OBJECTID": 439, "_result": "Thiruvanathapuram_Nedumangad", "_ulid": "01JBBD70X170A88TT77VY8PM1H", "_distLsgd2": "Thiruvanathapuram_Nedumangad" }, "geometry": { "type": "MultiPolygon", "coordinates": [ [ [ [ 76.990876205899994, 8.6125811858 ], [ 76.990880177299999, 8.612509792 ], [ 76.990865558300001, 8.6124900913 ], [ 76.990816949299997, 8.612424585799999 ], [ 76.990815647399998, 8.6124232142 ], [ 76.990811351900007, 8.6122979249 ], [ 76.990822530399996, 8.612272303399999 ], [ 76.990835875800002, 8.6122380282 ], [ 76.990869341600003, 8.612023987200001 ], [ 76.990870543900002, 8.612016970499999 ], [ 76.990870962100004, 8.6120145299 ], [ 76.990913420400005, 8.611766168 ], [ 76.990903433699998, 8.6117509355 ], [ 76.990836051200006, 8.6116417481 ], [ 76.990836051200006, 8.6116417481 ], [ 76.990871143, 8.6115948336 ], [ 76.991019841699995, 8.6114778657 ], [ 76.991028216100005, 8.6114712783 ], [ 76.991028216299995, 8.6114712781 ], [ 76.991028216499998, 8.6114712779 ], [ 76.9911163644, 8.6114019398 ], [ 76.991131936399995, 8.6114000911 ], [ 76.991131936399995, 8.6114000911 ], [ 76.991131939599995, 8.6114000907 ], [ 76.991387996, 8.6113696914 ], [ 76.991414630600005, 8.611322556199999 ], [ 76.991455313499998, 8.6112505596 ], [ 76.991525324400001, 8.6111266609 ], [ 76.991525324400001, 8.6111266609 ], [ 76.991527618700005, 8.611122505 ], [ 76.991551486299997, 8.6111372691 ], [ 76.991551651, 8.611137335900001 ], [ 76.9916204126, 8.6111652176 ], [ 76.991624292200001, 8.6111667907 ], [ 76.991628726599998, 8.6111685888 ], [ 76.991641946200005, 8.611168214499999 ], [ 76.991684499200005, 8.611167009800001 ], [ 76.991849324300006, 8.6111623436 ], [ 76.991871637700001, 8.611161711899999 ], [ 76.992328917199998, 8.6109644763 ], [ 76.992403437600004, 8.610915089500001 ], [ 76.992535646799993, 8.6108274705 ], [ 76.992621045199996, 8.6107708744 ], [ 76.992780000600007, 8.6106655298 ], [ 76.992865399799996, 8.6106064241 ], [ 76.993326214700005, 8.610379886400001 ], [ 76.993608705300005, 8.610238435 ], [ 76.9936087066, 8.610238434399999 ], [ 76.993692510299994, 8.610195470400001 ], [ 76.993861011600004, 8.610109083899999 ], [ 76.993894162900006, 8.610098691 ], [ 76.993913990300001, 8.6100924751 ], [ 76.993913990400003, 8.6100924751 ], [ 76.994289393700001, 8.6099556911 ], [ 76.994296862699997, 8.6099529697 ], [ 76.994309372900005, 8.6099484114 ], [ 76.994315675799996, 8.609944200099999 ], [ 76.994403015499998, 8.609885845399999 ], [ 76.9945555101, 8.6097839583 ], [ 76.994610322300005, 8.6097420807 ], [ 76.994614073700006, 8.6097434104 ], [ 76.994615461699993, 8.6097439024 ], [ 76.994615461699993, 8.6097439024 ], [ 76.994615461799995, 8.6097439024 ], [ 76.994794180900001, 8.609807249499999 ], [ 76.995267306100004, 8.609728608199999 ], [ 76.995446045600005, 8.6096944568 ], [ 76.995877809199996, 8.6095915168 ], [ 76.996000933199994, 8.609588434899999 ], [ 76.996000933299996, 8.609588434899999 ], [ 76.9960009335, 8.609588434899999 ], [ 76.996154188700004, 8.6095845987 ], [ 76.996541269600002, 8.609651656300001 ], [ 76.996541273800005, 8.609651656700001 ], [ 76.996920379900004, 8.609717332500001 ], [ 76.996920388800007, 8.609717334100001 ], [ 76.996946147100005, 8.609721796400001 ], [ 76.996975461199995, 8.6097268747 ], [ 76.9972500744, 8.609776629500001 ], [ 76.997250128800005, 8.6097766393 ], [ 76.997550159400006, 8.609823390700001 ], [ 76.997791930600002, 8.609850848800001 ], [ 76.998053932800005, 8.609668749900001 ], [ 76.998170086200005, 8.609447512 ], [ 76.998023228, 8.609319197 ], [ 76.997954963799998, 8.6092591923 ], [ 76.9979545785, 8.609258865599999 ], [ 76.997915293399998, 8.609225052199999 ], [ 76.997877518400003, 8.6091925767 ], [ 76.9978242838, 8.6091468044 ], [ 76.997493958299998, 8.6088470974 ], [ 76.997298756899994, 8.608686175400001 ], [ 76.997213836399993, 8.608616167699999 ], [ 76.997207265100002, 8.6086107503 ], [ 76.997191840400006, 8.6085980344 ], [ 76.997174482600002, 8.608583724800001 ], [ 76.9971733406, 8.608582783399999 ], [ 76.997170317200002, 8.608580290800001 ], [ 76.997150034900002, 8.608563570299999 ], [ 76.997087073299994, 8.6085171641 ], [ 76.997085446699998, 8.608515965200001 ], [ 76.996988942599998, 8.6084448362 ], [ 76.996894457099998, 8.608375195100001 ], [ 76.996882875699995, 8.6083666589 ], [ 76.996741919300007, 8.608262766 ], [ 76.996590650300007, 8.608151272200001 ], [ 76.996590616, 8.608151247 ], [ 76.996456074700006, 8.6080520823 ], [ 76.996453474199996, 8.6080508764 ], [ 76.99644059, 8.6080449019 ], [ 76.996239072899996, 8.607946785499999 ], [ 76.996133491799995, 8.6078953793 ], [ 76.996048138500001, 8.607853821799999 ], [ 76.996006785500001, 8.607833687499999 ], [ 76.995817517199995, 8.607741534900001 ], [ 76.995793508099993, 8.6077298451 ], [ 76.995758475599999, 8.607712788200001 ], [ 76.995741272499998, 8.6077044122 ], [ 76.995678170399998, 8.607654665 ], [ 76.995657772100003, 8.6076385838 ], [ 76.995646565800001, 8.6076288561 ], [ 76.995632125699998, 8.6076183652 ], [ 76.995621162600003, 8.607609722299999 ], [ 76.995609267, 8.607600103899999 ], [ 76.995598350600005, 8.6075917382 ], [ 76.995592326299999, 8.6075857232 ], [ 76.99558414, 8.6075805351 ], [ 76.995580044600004, 8.607572508300001 ], [ 76.995569015499996, 8.607550891500001 ], [ 76.995307886099994, 8.6070390844 ], [ 76.995304053300003, 8.6070394414 ], [ 76.995301811399997, 8.607039650200001 ], [ 76.995198620099998, 8.6070492617 ], [ 76.995183361900004, 8.607050682900001 ], [ 76.995171798599998, 8.607051759899999 ], [ 76.994959644299996, 8.6070715203 ], [ 76.994882059399998, 8.6070797255 ], [ 76.994639643499994, 8.6071049112 ], [ 76.994452387400003, 8.6071207335 ], [ 76.994452347099994, 8.607120736900001 ], [ 76.994357389200005, 8.6071278099 ], [ 76.994208794599999, 8.607138878 ], [ 76.994093585100003, 8.6071474594 ], [ 76.994045731400007, 8.6071510237 ], [ 76.993867436299993, 8.607182244200001 ], [ 76.993855783499995, 8.607184284600001 ], [ 76.993851955300002, 8.607184954899999 ], [ 76.9938411989, 8.607186838500001 ], [ 76.993821447299993, 8.607190297 ], [ 76.993742509599997, 8.6072665088 ], [ 76.993696482, 8.6073109469 ], [ 76.9936811213, 8.6073257772 ], [ 76.9936655825, 8.6073411887 ], [ 76.993665435799997, 8.607341334199999 ], [ 76.993547104100003, 8.6073966017 ], [ 76.993397212100007, 8.607467962699999 ], [ 76.993393071400007, 8.607469934 ], [ 76.993375338199996, 8.6074783765 ], [ 76.993368340900005, 8.6074817078 ], [ 76.993286616399999, 8.607510488699999 ], [ 76.993089435, 8.607580985 ], [ 76.993027850800004, 8.6076016183 ], [ 76.993020566699997, 8.607604183499999 ], [ 76.992979409699998, 8.6076118141 ], [ 76.992969448400004, 8.6076136609 ], [ 76.99294506, 8.6076181826 ], [ 76.992902227900004, 8.6076272523 ], [ 76.992844219700004, 8.607634712599999 ], [ 76.992840861700003, 8.607635279 ], [ 76.992832331399995, 8.6076367179 ], [ 76.992829973100001, 8.6076375311 ], [ 76.992828027300007, 8.607638201 ], [ 76.992827748799996, 8.607638296899999 ], [ 76.9928213954, 8.607640480100001 ], [ 76.992813128, 8.607643512699999 ], [ 76.992813053800006, 8.6076435382 ], [ 76.992811747900006, 8.6076439879 ], [ 76.992810343399995, 8.6076444715 ], [ 76.992807539599994, 8.6076454379 ], [ 76.992805309, 8.6076462051 ], [ 76.992805190599995, 8.607646236100001 ], [ 76.992797674299993, 8.607648204 ], [ 76.992797652099995, 8.607648210900001 ], [ 76.992797573800004, 8.6076482252 ], [ 76.992786172400002, 8.6076517811 ], [ 76.992786028400005, 8.6076518739 ], [ 76.992782876800007, 8.6076537796 ], [ 76.992749742, 8.607675675099999 ], [ 76.992741349100001, 8.6076811802 ], [ 76.992725904500006, 8.6076913107 ], [ 76.992700172, 8.6077081893 ], [ 76.992697625199995, 8.6077098597 ], [ 76.992696014700002, 8.6077109161 ], [ 76.992692102500001, 8.607713482199999 ], [ 76.992682784400003, 8.607719594200001 ], [ 76.992665276799997, 8.6077310778 ], [ 76.9926636995, 8.607732112400001 ], [ 76.992663546499998, 8.607732174400001 ], [ 76.992603262800003, 8.6077565787 ], [ 76.992539190100004, 8.6077825169 ], [ 76.992515815900006, 8.6077919794 ], [ 76.992503395, 8.6077970077 ], [ 76.992476079, 8.6078080659 ], [ 76.992474383800001, 8.6078087521 ], [ 76.992451782900005, 8.6078034244 ], [ 76.992451443299998, 8.607803344400001 ], [ 76.992348832399998, 8.607779155899999 ], [ 76.992348417299993, 8.607779058 ], [ 76.9922359073, 8.607752536 ], [ 76.992136505600001, 8.6077403036 ], [ 76.992033141700006, 8.607727583499999 ], [ 76.992031543, 8.6077284298 ], [ 76.992029553199998, 8.6077294831 ], [ 76.991912659899995, 8.6077913614 ], [ 76.991896223200001, 8.607800062300001 ], [ 76.991863259900001, 8.6078232014 ], [ 76.991860168800002, 8.607825371200001 ], [ 76.991849869700005, 8.6078455689 ], [ 76.991846619100002, 8.6078519436 ], [ 76.991820142400002, 8.607903867199999 ], [ 76.991774283599995, 8.607993801099999 ], [ 76.991769832499998, 8.6080025303 ], [ 76.991754170299998, 8.6080189038 ], [ 76.991749847099996, 8.608023423300001 ], [ 76.991598109700007, 8.6081820521 ], [ 76.991597012400007, 8.608183199200001 ], [ 76.991554607500007, 8.60822753 ], [ 76.991548685400005, 8.6082305742 ], [ 76.991318274400001, 8.6083490163 ], [ 76.991283229299995, 8.6083670311 ], [ 76.991238763, 8.6083898888 ], [ 76.991229925699997, 8.6083906031 ], [ 76.991042240699997, 8.608405773699999 ], [ 76.991033452099998, 8.6084064841 ], [ 76.990999156900003, 8.6084092562 ], [ 76.9909557342, 8.608412766 ], [ 76.990887405400002, 8.608418289 ], [ 76.990831094800001, 8.608422840499999 ], [ 76.990797521499999, 8.608424147099999 ], [ 76.990717104799998, 8.608427276700001 ], [ 76.990696583100004, 8.608428075400001 ], [ 76.990696569899995, 8.608428075899999 ], [ 76.990571858600006, 8.608432929399999 ], [ 76.990509601200003, 8.608435352300001 ], [ 76.990509021400001, 8.608435374900001 ], [ 76.990495773199996, 8.608435890499999 ], [ 76.990446478, 8.6090167299 ], [ 76.990513996700003, 8.60940962 ], [ 76.990548071500001, 8.609496185499999 ], [ 76.990565190500007, 8.609529953399999 ], [ 76.9905918077, 8.6095824569 ], [ 76.9906337691, 8.609665227100001 ], [ 76.990644715900004, 8.6096868201 ], [ 76.990659006900003, 8.6097150095 ], [ 76.990672980799999, 8.6097425735 ], [ 76.990681059699995, 8.609766243499999 ], [ 76.990686961700007, 8.6097835356 ], [ 76.9907998252, 8.610114209 ], [ 76.990775308899998, 8.6101139001 ], [ 76.990611042500007, 8.61011183 ], [ 76.990418633100006, 8.610109405299999 ], [ 76.990328690799998, 8.6101082719 ], [ 76.990291422, 8.6101009276 ], [ 76.990286541100005, 8.6100999658 ], [ 76.990159710499995, 8.6100749723 ], [ 76.9901251358, 8.610089845799999 ], [ 76.989270012099993, 8.6104577073 ], [ 76.989220660300006, 8.6104789376 ], [ 76.989217166, 8.6104804408 ], [ 76.989198567800003, 8.610488441399999 ], [ 76.989061699199993, 8.6105977239 ], [ 76.989024924, 8.610627087 ], [ 76.989021043700006, 8.6106301852 ], [ 76.988956456300002, 8.6106817548 ], [ 76.988951340699998, 8.6106858394 ], [ 76.988941225, 8.610691128799999 ], [ 76.988868718700004, 8.610729041600001 ], [ 76.988652613499994, 8.6108420408 ], [ 76.988641449100001, 8.6108401326 ], [ 76.988637949500003, 8.6108395345 ], [ 76.988535150700002, 8.6108219649 ], [ 76.988527455600007, 8.610820649700001 ], [ 76.988377419900004, 8.6107950066 ], [ 76.988370556899994, 8.610793833600001 ], [ 76.988370258399996, 8.6107937826 ], [ 76.988367105500004, 8.610794114100001 ], [ 76.988367364499993, 8.6107957537 ], [ 76.988368126500006, 8.610800576100001 ], [ 76.988368126500006, 8.610800576100001 ], [ 76.988368126500006, 8.610800576100001 ], [ 76.988368125899996, 8.610800572600001 ], [ 76.9883736134, 8.6108353033 ], [ 76.988345973099996, 8.6108084428 ], [ 76.987883065600002, 8.610858223699999 ], [ 76.987811268200005, 8.6108508301 ], [ 76.987337649, 8.610802057300001 ], [ 76.986799174200002, 8.6104679866 ], [ 76.986723061, 8.6104224927 ], [ 76.986613704600003, 8.610417337399999 ], [ 76.986457557600005, 8.6111248725 ], [ 76.986440248199997, 8.6112201321 ], [ 76.986431388499994, 8.6112513681 ], [ 76.986268664600004, 8.6118250704 ], [ 76.986121667099994, 8.612099843499999 ], [ 76.985993633099994, 8.6123565096 ], [ 76.985993633099994, 8.6123565097 ], [ 76.985858032199999, 8.6129411962 ], [ 76.985778777099995, 8.6132943072 ], [ 76.985831344800005, 8.613501619699999 ], [ 76.985848185600005, 8.613555401899999 ], [ 76.985857652799993, 8.613585636 ], [ 76.985864936400006, 8.6136475973 ], [ 76.985900308699996, 8.6139485045 ], [ 76.985896803299994, 8.613949437300001 ], [ 76.985899772699995, 8.613951054699999 ], [ 76.985907264199994, 8.613955135399999 ], [ 76.986166660199999, 8.6140964299 ], [ 76.986166679199997, 8.614096440300001 ], [ 76.986356158500001, 8.6141241263 ], [ 76.986495477600002, 8.614144483 ], [ 76.986500888899997, 8.614147260699999 ], [ 76.986960330399995, 8.614383095299999 ], [ 76.987262510500003, 8.614526489199999 ], [ 76.9874337973, 8.61460777 ], [ 76.987438693399994, 8.6146108895 ], [ 76.987909962399996, 8.614911151899999 ], [ 76.988174851500006, 8.6146514656 ], [ 76.988325349299998, 8.614541725700001 ], [ 76.989155509900002, 8.614450219 ], [ 76.989831020599993, 8.6143596576 ], [ 76.990625405200007, 8.6143620011 ], [ 76.990625570199995, 8.614357760600001 ], [ 76.990648121700005, 8.614238842600001 ], [ 76.9906846202, 8.6140744473 ], [ 76.990709135399996, 8.613891434699999 ], [ 76.990713628600005, 8.613856605800001 ], [ 76.99075551, 8.613688846100001 ], [ 76.9908068079, 8.6135231027 ], [ 76.990816388100001, 8.613486974800001 ], [ 76.990827225299995, 8.6133762535 ], [ 76.9908317557, 8.6133299677 ], [ 76.990837113400005, 8.6132965945 ], [ 76.990851533200001, 8.6131641361 ], [ 76.9908672862, 8.613019431 ], [ 76.9908687163, 8.6130062948 ], [ 76.9908687163, 8.6130062945 ], [ 76.990871485499994, 8.6127914927 ], [ 76.990869341600003, 8.612704584099999 ], [ 76.990876205899994, 8.6125811858 ] ] ] ] } },
{ "type": "Feature", "properties": { "gml_parent": null, "gml_pare_1": "featureMembers", "gml_id": "Thiruvanathapuram_Editor.fid--715e5034_19246a0be1c_-4e00", "geom": null, "District": "Thiruvanathapuram", "LSGD": "Nedumangad", "Ward_Name": "NAGARIKUNNU", "Ward_No": 8, "Lsgd_Type": "Municipality", "Created_Da": "2024/10/15 09:40:55.395", "Surveyor": "Satheesh SR", "Mob_No": null, "Remarks": null, "_distLsgd": "Thiruvanathapuram_Nedumangad", "OBJECTID": 439, "_result": "Thiruvanathapuram_Nedumangad", "_ulid": "01JBBD70X170A88TT77VY8PM1H", "_distLsgd2": "Thiruvanathapuram_Nedumangad" }, "geometry": { "type": "MultiPolygon", "coordinates": [ [ [ [ 76.998744981399994, 8.6079325423 ], [ 76.998698785200006, 8.607968663599999 ], [ 76.9986987769, 8.6079686701 ], [ 76.998674266799995, 8.607987834799999 ], [ 76.998651172099997, 8.6080058928 ], [ 76.998618628299994, 8.6080313391 ], [ 76.998553612400002, 8.6080821757 ], [ 76.998491100199999, 8.608131054699999 ], [ 76.998482911300002, 8.6081374576 ], [ 76.998482911300002, 8.6081374576 ], [ 76.998455128700002, 8.6081591811 ], [ 76.998313561800003, 8.608269873599999 ], [ 76.998298740099997, 8.6082950218 ], [ 76.998297496700005, 8.608297131500001 ], [ 76.998297366800003, 8.608297351899999 ], [ 76.998295072900007, 8.6083012439 ], [ 76.998294641300006, 8.6083019764 ], [ 76.998293554, 8.6083038211 ], [ 76.998282802, 8.6083122977 ], [ 76.998249064299998, 8.608342689 ], [ 76.998154055200004, 8.6084282739 ], [ 76.9981450959, 8.608470179499999 ], [ 76.998140740899998, 8.608490549200001 ], [ 76.998133856500004, 8.608532797900001 ], [ 76.9981296327, 8.608558718699999 ], [ 76.998129286199998, 8.608563500700001 ], [ 76.998127952299996, 8.6085819079 ], [ 76.998127713299994, 8.608585205900001 ], [ 76.998124400799995, 8.6085908263 ], [ 76.998117565100003, 8.608602424400001 ], [ 76.998118891100006, 8.608610655 ], [ 76.9981200239, 8.608617686400001 ], [ 76.998113599500002, 8.6086571122 ], [ 76.998113599500002, 8.6086571122 ], [ 76.998118913200003, 8.6086842348 ], [ 76.998123755699993, 8.608708951700001 ], [ 76.998123755699993, 8.608708951800001 ], [ 76.998136203399994, 8.6087530232 ], [ 76.998145708500005, 8.6087771115 ], [ 76.998146453700002, 8.6087790001 ], [ 76.998147210200003, 8.608786432700001 ], [ 76.998148086300006, 8.6087950411 ], [ 76.998148094900003, 8.6087951254 ], [ 76.9981481473, 8.6087953109 ], [ 76.998148318199995, 8.6087959159 ], [ 76.998148524200005, 8.6087957607 ], [ 76.998148692599997, 8.6087956339 ], [ 76.998148853100005, 8.608796630200001 ], [ 76.998149295399998, 8.6087993757 ], [ 76.998149295399998, 8.6087993757 ], [ 76.998149557199994, 8.6088010008 ], [ 76.998161119900004, 8.6088727713 ], [ 76.998202923600005, 8.609003658 ], [ 76.998238111800006, 8.6091138319 ], [ 76.998238111800006, 8.6091138319 ], [ 76.998247703800004, 8.6091438641 ], [ 76.998248229599994, 8.609145510399999 ], [ 76.998247746800004, 8.6091479447 ], [ 76.998227341900005, 8.609250837299999 ], [ 76.998220719800003, 8.6092842292 ], [ 76.998199835299999, 8.60938954 ], [ 76.998184705599996, 8.6094184933 ], [ 76.998184705599996, 8.6094184933 ], [ 76.998170652100001, 8.609445387199999 ], [ 76.998170091600002, 8.609446459799999 ], [ 76.998166832799996, 8.6094526962 ], [ 76.99816502, 8.609456165099999 ], [ 76.998053932800005, 8.609668749900001 ], [ 76.998049813199998, 8.609676633399999 ], [ 76.997795743500006, 8.609851281799999 ], [ 76.997791930600002, 8.609850848800001 ], [ 76.997550159400006, 8.609823390700001 ], [ 76.997437626099995, 8.6098106102 ], [ 76.997250128800005, 8.6097766393 ], [ 76.9972500744, 8.609776629500001 ], [ 76.996975461199995, 8.6097268747 ], [ 76.996946147100005, 8.609721796400001 ], [ 76.996920388800007, 8.609717334100001 ], [ 76.996920379900004, 8.609717332500001 ], [ 76.996541269600002, 8.609651656300001 ], [ 76.996154188700004, 8.6095845987 ], [ 76.9960009335, 8.609588434899999 ], [ 76.996000933199994, 8.609588434899999 ], [ 76.995877809199996, 8.6095915168 ], [ 76.995446045600005, 8.6096944568 ], [ 76.995384524200006, 8.6097091245 ], [ 76.995267306100004, 8.609728608199999 ], [ 76.994794180900001, 8.609807249499999 ], [ 76.994615461799995, 8.6097439024 ], [ 76.994615461799995, 8.6097439024 ], [ 76.994615461699993, 8.6097439024 ], [ 76.994614073700006, 8.6097434104 ], [ 76.994610322300005, 8.6097420807 ], [ 76.9945555101, 8.6097839583 ], [ 76.994519791399995, 8.6098112481 ], [ 76.994519791399995, 8.6098112481 ], [ 76.994403015499998, 8.609885845399999 ], [ 76.994403014400007, 8.609885846099999 ], [ 76.994377932800006, 8.609904563400001 ], [ 76.994315675799996, 8.609944200099999 ], [ 76.994309372900005, 8.6099484114 ], [ 76.994296862699997, 8.6099529697 ], [ 76.994289393700001, 8.6099556911 ], [ 76.993913990400003, 8.6100924751 ], [ 76.993913990300001, 8.6100924751 ], [ 76.993894162900006, 8.610098691 ], [ 76.993861011600004, 8.610109083899999 ], [ 76.993692510299994, 8.610195470400001 ], [ 76.9936087066, 8.610238434399999 ], [ 76.993608705300005, 8.610238435 ], [ 76.993486356299996, 8.610301160200001 ], [ 76.993326214700005, 8.610379886400001 ], [ 76.992865399799996, 8.6106064241 ], [ 76.992780000600007, 8.6106655298 ], [ 76.992621045199996, 8.6107708744 ], [ 76.992535646799993, 8.6108274705 ], [ 76.992403437600004, 8.610915089500001 ], [ 76.992338523100003, 8.610960333 ], [ 76.992328917199998, 8.6109644763 ], [ 76.991871637700001, 8.611161711899999 ], [ 76.991869966300001, 8.6111624329 ], [ 76.991849324300006, 8.6111623436 ], [ 76.991684499200005, 8.611167009800001 ], [ 76.9916556039, 8.611168234399999 ], [ 76.991642009700001, 8.6111684137 ], [ 76.991641946200005, 8.611168214499999 ], [ 76.991628726599998, 8.6111685888 ], [ 76.991624292200001, 8.6111667907 ], [ 76.991620200599996, 8.611165317 ], [ 76.9916204126, 8.6111652176 ], [ 76.991551651, 8.611137335900001 ], [ 76.991551643, 8.611137366 ], [ 76.991551486299997, 8.6111372691 ], [ 76.991527618700005, 8.611122505 ], [ 76.991525324400001, 8.6111266609 ], [ 76.991525324400001, 8.6111266609 ], [ 76.991494012800004, 8.6111833797 ], [ 76.991455313499998, 8.6112505596 ], [ 76.991414630600005, 8.611322556199999 ], [ 76.991389606599995, 8.6113695002 ], [ 76.991387996, 8.6113696914 ], [ 76.991131936399995, 8.6114000911 ], [ 76.9911163644, 8.6114019398 ], [ 76.991028216100005, 8.6114712783 ], [ 76.991019841699995, 8.6114778657 ], [ 76.990871143, 8.6115948336 ], [ 76.990836051200006, 8.6116417481 ], [ 76.990903433699998, 8.6117509355 ], [ 76.990910504400006, 8.611762392899999 ], [ 76.990913370800001, 8.6117670376 ], [ 76.990870962100004, 8.6120145299 ], [ 76.990870543900002, 8.612016970499999 ], [ 76.990869341600003, 8.612023987200001 ], [ 76.990835875800002, 8.6122380282 ], [ 76.990834977299997, 8.6122437744 ], [ 76.990822530399996, 8.612272303399999 ], [ 76.990811351900007, 8.6122979249 ], [ 76.990815647399998, 8.6124232142 ], [ 76.990816949299997, 8.612424585799999 ], [ 76.990837692900001, 8.612446440399999 ], [ 76.990865558300001, 8.6124900913 ], [ 76.990880177299999, 8.612509792 ], [ 76.990876205899994, 8.6125811858 ], [ 76.990869341600003, 8.612704584099999 ], [ 76.990871485499994, 8.6127914927 ], [ 76.990873637099995, 8.612878714800001 ], [ 76.9908687163, 8.6130062945 ], [ 76.9908687163, 8.6130062945 ], [ 76.9908687163, 8.6130062948 ], [ 76.990868209400006, 8.6130194369 ], [ 76.9908672862, 8.613019431 ], [ 76.990851533200001, 8.6131641361 ], [ 76.990843699600006, 8.6132555694 ], [ 76.990837113400005, 8.6132965945 ], [ 76.9908317557, 8.6133299677 ], [ 76.990827225299995, 8.6133762535 ], [ 76.990816388100001, 8.613486974800001 ], [ 76.990815647399998, 8.6134945422 ], [ 76.9908068079, 8.6135231027 ], [ 76.99075551, 8.613688846100001 ], [ 76.990713628600005, 8.613856605800001 ], [ 76.990709135399996, 8.613891434699999 ], [ 76.990686781500003, 8.614064712499999 ], [ 76.9906846202, 8.6140744473 ], [ 76.990648121700005, 8.614238842600001 ], [ 76.990625570199995, 8.614357760600001 ], [ 76.990625405200007, 8.6143620011 ], [ 76.990624496300001, 8.614385366600001 ], [ 76.990732958500004, 8.6143917372 ], [ 76.990728826600005, 8.614392066100001 ], [ 76.991009574299994, 8.614431956200001 ], [ 76.991213786100005, 8.6144434182 ], [ 76.991565668299998, 8.6144100295 ], [ 76.991858864899996, 8.6143035396 ], [ 76.992235831900004, 8.614294665499999 ], [ 76.992454233499998, 8.6141645112 ], [ 76.993097470899997, 8.613889412200001 ], [ 76.9936928395, 8.613534445499999 ], [ 76.994125153799999, 8.6132896841 ], [ 76.994877650500001, 8.6132532296 ], [ 76.995965985200002, 8.6136354717 ], [ 76.996342841399994, 8.613783229099999 ], [ 76.996412057, 8.6136149253 ], [ 76.996720587200002, 8.613858009299999 ], [ 76.996791964099998, 8.6138379611 ], [ 76.996980376099998, 8.6137515044 ], [ 76.996930436200003, 8.613590396799999 ], [ 76.996892013299998, 8.613305586299999 ], [ 76.996892471500004, 8.613103672699999 ], [ 76.997168284500006, 8.613027298900001 ], [ 76.997149207500001, 8.612964351800001 ], [ 76.997168152100002, 8.6129574718 ], [ 76.997202592500003, 8.612869290200001 ], [ 76.997202603800005, 8.612869295799999 ], [ 76.997406809, 8.612513911200001 ], [ 76.997406812, 8.6125139057 ], [ 76.99751716, 8.6123218633 ], [ 76.997624934800001, 8.612134299099999 ], [ 76.997750147299996, 8.611916387300001 ], [ 76.997788631299997, 8.6118437276 ], [ 76.997848730300007, 8.6116541131 ], [ 76.997857065600002, 8.6116278149 ], [ 76.997879295299995, 8.611557679500001 ], [ 76.997882883399996, 8.611549999399999 ], [ 76.997882883399996, 8.611549999399999 ], [ 76.997923078900001, 8.6114639654 ], [ 76.9979545124, 8.611396685200001 ], [ 76.998031812400001, 8.6112312328 ], [ 76.998031812500003, 8.6112312327 ], [ 76.998045725799997, 8.6112014527 ], [ 76.998050168299997, 8.6111919441 ], [ 76.9982199791, 8.6110577172 ], [ 76.998218739199999, 8.611055178399999 ], [ 76.998225017099998, 8.6110537349 ], [ 76.998319003399999, 8.611032124 ], [ 76.998324451900004, 8.611030871200001 ], [ 76.998500828100006, 8.6110254789 ], [ 76.998500828800005, 8.6110254789 ], [ 76.998500828800005, 8.6110254789 ], [ 76.998518953300007, 8.611024924800001 ], [ 76.998813519500004, 8.611044624 ], [ 76.998813519899997, 8.611044624 ], [ 76.998829599, 8.6110456993 ], [ 76.998830741600003, 8.6110382746 ], [ 76.998831471200006, 8.611038343900001 ], [ 76.998838611300002, 8.611046302 ], [ 76.998865170900004, 8.6110759044 ], [ 76.999033331800007, 8.6112633308 ], [ 76.999312266499999, 8.6112597019 ], [ 76.999378662599995, 8.611128406800001 ], [ 76.999383321400003, 8.611119194300001 ], [ 76.999396819099999, 8.611103547900001 ], [ 76.999430454199995, 8.611057496500001 ], [ 76.999444612299996, 8.6110096554 ], [ 76.999444612299996, 8.6110096553 ], [ 76.999444612299996, 8.6110096553 ], [ 76.999452932, 8.610981542199999 ], [ 76.999456086099997, 8.6109753053 ], [ 76.9994810954, 8.610925850499999 ], [ 76.999565509799993, 8.610631915800001 ], [ 76.999691596199995, 8.6104479981 ], [ 76.999799334, 8.6102908448 ], [ 76.999847474199996, 8.6102206243 ], [ 76.999847373400002, 8.610219387200001 ], [ 76.999830612899999, 8.6100137463 ], [ 76.999826376399994, 8.6099617663 ], [ 76.999833299700001, 8.6098673018 ], [ 76.999855341900002, 8.6095665473 ], [ 76.999864498700006, 8.609500386300001 ], [ 76.999879113700004, 8.609394787299999 ], [ 76.999879875100007, 8.609389285900001 ], [ 76.999889365599998, 8.609361781500001 ], [ 76.999900138900003, 8.6093270971 ], [ 76.999896959500006, 8.6092730672 ], [ 76.999896013300003, 8.6092726823 ], [ 76.999896661299999, 8.6092679999 ], [ 76.999899927800001, 8.6092443985 ], [ 76.999905548699999, 8.6092037855 ], [ 76.999903184499999, 8.6091928771 ], [ 76.999888162, 8.609123561800001 ], [ 76.9998866623, 8.609116642 ], [ 76.99988696, 8.6091031357 ], [ 76.999886917300003, 8.6091024093 ], [ 76.999828986500006, 8.608834682299999 ], [ 76.999859744700004, 8.608562833100001 ], [ 76.999859182400002, 8.6085624344 ], [ 76.999859203900002, 8.608562269 ], [ 76.999859917799995, 8.6085613031 ], [ 76.999898290900006, 8.6085093841 ], [ 76.999911374700005, 8.6084916817 ], [ 76.999913665199998, 8.6084885827 ], [ 76.999922460500002, 8.608481361200001 ], [ 76.99997131, 8.6084358838 ], [ 76.999970323100001, 8.6084245466 ], [ 76.999968457899996, 8.6084144479 ], [ 76.9999692727, 8.608413345400001 ], [ 76.999963304399998, 8.6083865443 ], [ 76.999940549599998, 8.608263340100001 ], [ 76.999929937100006, 8.6082197112 ], [ 76.999903662299999, 8.608130338300001 ], [ 76.999885922100006, 8.6080613727 ], [ 76.999837962599997, 8.607874928699999 ], [ 76.999824233799998, 8.6078601639 ], [ 76.999823313899995, 8.6078591745 ], [ 76.999822334800001, 8.6078537046 ], [ 76.999801452400007, 8.607834242399999 ], [ 76.999793979700002, 8.6078275268 ], [ 76.999793911699996, 8.6078275534 ], [ 76.999793415, 8.6078270193 ], [ 76.999727893799999, 8.6077565533 ], [ 76.999699501199999, 8.6077426194 ], [ 76.999697590799997, 8.6077416819 ], [ 76.999691506600001, 8.6077354347 ], [ 76.999691425600005, 8.607735362 ], [ 76.999493818299996, 8.607640013799999 ], [ 76.9994904717, 8.607640036199999 ], [ 76.999475802700005, 8.607632837200001 ], [ 76.999463342400006, 8.607626722199999 ], [ 76.999332886199994, 8.607611196 ], [ 76.999254791, 8.607601901600001 ], [ 76.999090094400003, 8.607642612 ], [ 76.9990330742, 8.607642610899999 ], [ 76.999024287400005, 8.6076442033 ], [ 76.998996822300001, 8.607649180799999 ], [ 76.998959488, 8.6077133175 ], [ 76.9989594149, 8.6077134051 ], [ 76.9989185238, 8.607755518399999 ], [ 76.998833140900004, 8.6078426639 ], [ 76.998752431, 8.6079267174 ], [ 76.998745404800005, 8.6079322112 ], [ 76.998744981399994, 8.6079325423 ] ] ] ] } },
{ "type": "Feature", "properties": { "gml_parent": null, "gml_pare_1": "featureMembers", "gml_id": "Thiruvanathapuram_Editor.fid--715e5034_19246a0be1c_-4f17", "geom": null, "District": "Thiruvanathapuram", "LSGD": "Nedumangad", "Ward_Name": "MOOTHAMKONAM", "Ward_No": 11, "Lsgd_Type": "Municipality", "Created_Da": "2024/10/15 08:50:23.776", "Surveyor": "MJBISIRI", "Mob_No": null, "Remarks": null, "_distLsgd": "Thiruvanathapuram_Nedumangad", "OBJECTID": 439, "_result": "Thiruvanathapuram_Nedumangad", "_ulid": "01JBBD70X170A88TT77VY8PM1H", "_distLsgd2": "Thiruvanathapuram_Nedumangad" }, "geometry": { "type": "MultiPolygon", "coordinates": [ [ [ [ 77.005673147699994, 8.612775965200001 ], [ 77.005673147799996, 8.6127759602 ], [ 77.005673658, 8.612438622799999 ], [ 77.005678327699997, 8.6123245441 ], [ 77.005711962899994, 8.6115028434 ], [ 77.00571219, 8.611497294599999 ], [ 77.005712262100005, 8.611495535 ], [ 77.005711990199998, 8.6114955779 ], [ 77.005711961800003, 8.6114955824 ], [ 77.005711904799995, 8.611495591400001 ], [ 77.005670904699997, 8.6115020687 ], [ 77.005464953699999, 8.611534605299999 ], [ 77.005444499899994, 8.6115378367 ], [ 77.005444339, 8.6115378524 ], [ 77.005425139099998, 8.6115397249 ], [ 77.005403325800003, 8.6115418523 ], [ 77.005374059299996, 8.6115447067 ], [ 77.005369711699998, 8.6115451307 ], [ 77.005369536299995, 8.611545147799999 ], [ 77.005369486700005, 8.6115451526 ], [ 77.005368743299996, 8.6115452251 ], [ 77.005354638499995, 8.611546600800001 ], [ 77.005348221700004, 8.611547226600001 ], [ 77.005346494700007, 8.611547395 ], [ 77.005336460799995, 8.6115332196 ], [ 77.005334507900002, 8.611530460699999 ], [ 77.005330224, 8.611524408599999 ], [ 77.005329368299996, 8.611523199700001 ], [ 77.0053267893, 8.611519556199999 ], [ 77.005321449700006, 8.6115120128 ], [ 77.005317307799999, 8.611506161299999 ], [ 77.005260257, 8.611425562899999 ], [ 77.005259429700004, 8.6114243941 ], [ 77.005239157800006, 8.6113845682 ], [ 77.005173742799997, 8.6112560544 ], [ 77.005160846199999, 8.6112448693 ], [ 77.005160846199999, 8.6112448693 ], [ 77.005099664300005, 8.611191806500001 ], [ 77.005099664300005, 8.611191806500001 ], [ 77.005083055699998, 8.6111864682 ], [ 77.005074167199993, 8.611186229299999 ], [ 77.005053275600005, 8.611185667799999 ], [ 77.005032741400001, 8.6111851159 ], [ 77.005019975699994, 8.6111847728 ], [ 77.004913567200006, 8.611181912899999 ], [ 77.004214881199999, 8.611209260500001 ], [ 77.004197075700006, 8.6112103191 ], [ 77.004183644, 8.6112111177 ], [ 77.004171010199997, 8.611697344 ], [ 77.004171010199997, 8.611697344 ], [ 77.004170866899997, 8.611707622500001 ], [ 77.004137492200002, 8.6118726406 ], [ 77.003702303899999, 8.6120872959 ], [ 77.003700983599998, 8.612087947099999 ], [ 77.003653843099997, 8.612102547299999 ], [ 77.003613972500006, 8.6121151161 ], [ 77.003445112400001, 8.6121673236 ], [ 77.003435907899998, 8.612170045199999 ], [ 77.003021942299995, 8.6122924474 ], [ 77.003013509699997, 8.6122949407 ], [ 77.002978333100003, 8.612305341800001 ], [ 77.002967980099996, 8.612308730900001 ], [ 77.0029373948, 8.612318743199999 ], [ 77.002889130300005, 8.612332524499999 ], [ 77.002889126499994, 8.612332525599999 ], [ 77.002761017200001, 8.6123718254 ], [ 77.002750230399997, 8.6123744385 ], [ 77.002573695799995, 8.6124172046 ], [ 77.002491295900001, 8.6124365347 ], [ 77.002345278899995, 8.612475867100001 ], [ 77.002345278899995, 8.612475867100001 ], [ 77.002269676599994, 8.612540968799999 ], [ 77.002265147399996, 8.612544868900001 ], [ 77.002264675700005, 8.6125453067 ], [ 77.002251156200003, 8.6125578556 ], [ 77.002200634399998, 8.6125826871 ], [ 77.002161847599993, 8.6126017509 ], [ 77.002145285200001, 8.6126063451 ], [ 77.002140338, 8.6126077174 ], [ 77.0019926282, 8.61264869 ], [ 77.001969187599997, 8.6126551921 ], [ 77.001956385200003, 8.612658743300001 ], [ 77.001953261300002, 8.6126553642 ], [ 77.001931560200006, 8.61263189 ], [ 77.001890523, 8.6125874996 ], [ 77.001832260499995, 8.612524476500001 ], [ 77.001746183899996, 8.612431366599999 ], [ 77.001734576199993, 8.612418810499999 ], [ 77.001691460299995, 8.612372171600001 ], [ 77.001689625, 8.612369837 ], [ 77.0016393577, 8.6123058937 ], [ 77.001623922199997, 8.612286258799999 ], [ 77.001598572299997, 8.612254012099999 ], [ 77.001591652399995, 8.612245209499999 ], [ 77.001584826499993, 8.612236449 ], [ 77.001537766400006, 8.612176051200001 ], [ 77.001480747100004, 8.612102871699999 ], [ 77.001477294899999, 8.612098441100001 ], [ 77.001438723800007, 8.612039766600001 ], [ 77.001371007100005, 8.6119367559 ], [ 77.001340066599994, 8.6118896891 ], [ 77.001263103300005, 8.611772612199999 ], [ 77.001010881100001, 8.611896980399999 ], [ 77.001010237, 8.611896203600001 ], [ 77.000942849899999, 8.6119295832 ], [ 77.000903911, 8.6119602203 ], [ 77.000718058100006, 8.6121071273 ], [ 77.000717205599997, 8.612108060400001 ], [ 77.000701286899996, 8.6121205899 ], [ 77.000702111400003, 8.612124582 ], [ 77.000702203800003, 8.6121250294 ], [ 77.000702596899998, 8.612126932600001 ], [ 77.000693928100006, 8.6121335392 ], [ 77.000692707300004, 8.612134469600001 ], [ 77.000764642099995, 8.612473247200001 ], [ 77.000776963, 8.612490407499999 ], [ 77.000777954100002, 8.6124917878 ], [ 77.000858824299996, 8.612604422 ], [ 77.000860896299997, 8.6126069463 ], [ 77.001014107100005, 8.6127935983 ], [ 77.001018073799997, 8.6127984309 ], [ 77.001104534500001, 8.6127502953 ], [ 77.001139066799993, 8.612731070100001 ], [ 77.001216409899996, 8.612823541 ], [ 77.001353892500006, 8.6129760496 ], [ 77.001447227400007, 8.613012980900001 ], [ 77.001598955199995, 8.6130730175 ], [ 77.001598362600006, 8.613074005 ], [ 77.001580819099999, 8.613103239200001 ], [ 77.001563469800004, 8.6131321497 ], [ 77.001541535900003, 8.613168699899999 ], [ 77.001078966799994, 8.6139395156 ], [ 77.001078839, 8.613942424599999 ], [ 77.001056551700003, 8.6144499858 ], [ 77.001055378800004, 8.614476696700001 ], [ 77.001056076899999, 8.614483157700001 ], [ 77.001102567100006, 8.614913487500001 ], [ 77.001102594, 8.6149137372 ], [ 77.001102813399996, 8.614915767299999 ], [ 77.001099638300005, 8.6149243863 ], [ 77.00101375, 8.6151575349 ], [ 77.001006109900004, 8.6151782745 ], [ 77.000904059, 8.6154170728 ], [ 77.000895043200003, 8.615438169900001 ], [ 77.000825992, 8.615599749 ], [ 77.000782526099997, 8.6157014588 ], [ 77.000775858599994, 8.6157170606 ], [ 77.000649664, 8.6160123544 ], [ 77.000655564699997, 8.616014049 ], [ 77.000655788399996, 8.6160141132 ], [ 77.000645366200004, 8.6160391587 ], [ 77.000643386199997, 8.6160440336 ], [ 77.000642948500001, 8.616043914800001 ], [ 77.000642926699996, 8.616043957600001 ], [ 77.000673532500002, 8.6160490195 ], [ 77.000673533, 8.6160490196 ], [ 77.000777494, 8.6160662137 ], [ 77.000813991800001, 8.6160722501 ], [ 77.0009046885, 8.6160872504 ], [ 77.000915831100002, 8.616088793099999 ], [ 77.000918295899993, 8.616089500899999 ], [ 77.000950069500007, 8.616098625699999 ], [ 77.001092179500006, 8.6161205512 ], [ 77.0011695309, 8.6161324854 ], [ 77.001171546799995, 8.616131385899999 ], [ 77.0012062399, 8.6161371237 ], [ 77.001206718099994, 8.616137202799999 ], [ 77.001208246600001, 8.616137351500001 ], [ 77.001227760099994, 8.616112083499999 ], [ 77.001227760099994, 8.616112083499999 ], [ 77.001227760099994, 8.616112083499999 ], [ 77.0012315938, 8.616107119300001 ], [ 77.001232635899996, 8.616105769900001 ], [ 77.001241372099997, 8.616094457299999 ], [ 77.001241376600007, 8.6160944239 ], [ 77.001242892700006, 8.6160924883 ], [ 77.001242892700006, 8.6160924883 ], [ 77.001242911700004, 8.616092463699999 ], [ 77.001242977399997, 8.6160924279 ], [ 77.001251014100006, 8.6160880447 ], [ 77.001305011300005, 8.616066180500001 ], [ 77.001305516599999, 8.6160659759 ], [ 77.001316999300002, 8.6160684088 ], [ 77.001328893500002, 8.6160706196 ], [ 77.001328419900005, 8.616070137 ], [ 77.001330626200001, 8.6160709417 ], [ 77.001486673100004, 8.6161278575 ], [ 77.001600657500006, 8.616137874 ], [ 77.001601081900006, 8.616137911199999 ], [ 77.001604879799999, 8.616138147799999 ], [ 77.001604925600006, 8.616138249 ], [ 77.001665062300006, 8.616143533500001 ], [ 77.00168895, 8.6161456327 ], [ 77.001689077799995, 8.6161435261 ], [ 77.001689066799997, 8.6161433907 ], [ 77.0016886887, 8.616138751 ], [ 77.001688682, 8.616138669 ], [ 77.001688584899995, 8.616137477900001 ], [ 77.001705819700007, 8.616140681399999 ], [ 77.001689539200001, 8.616137655199999 ], [ 77.001687234399995, 8.616114076700001 ], [ 77.001687076699994, 8.6161134683 ], [ 77.001685736900001, 8.6160987571 ], [ 77.001684521499996, 8.616086323899999 ], [ 77.001684415599996, 8.616086316600001 ], [ 77.001683888, 8.6160798431 ], [ 77.001675138600007, 8.615972481 ], [ 77.0017244, 8.6159509058 ], [ 77.001727088400003, 8.6159497283 ], [ 77.001727110399997, 8.615949767 ], [ 77.001773091499999, 8.6159304486 ], [ 77.001773091499999, 8.6159304486 ], [ 77.001772839500006, 8.6159301037 ], [ 77.001774063599996, 8.6159300402 ], [ 77.001878937699999, 8.6159246032 ], [ 77.0018797165, 8.6159245628 ], [ 77.001933876199999, 8.615921755 ], [ 77.002091377499994, 8.6158796038 ], [ 77.002139414200002, 8.615866748 ], [ 77.002322792200005, 8.6159740506 ], [ 77.002327687, 8.6159756994 ], [ 77.002343095399993, 8.615980889599999 ], [ 77.002362333600004, 8.6159994895 ], [ 77.002392724, 8.616004204299999 ], [ 77.002427569600002, 8.6160093439 ], [ 77.002429035199995, 8.6160098376 ], [ 77.002530951599994, 8.6160441672 ], [ 77.002547458400002, 8.6160497273 ], [ 77.002835952599995, 8.6161000916 ], [ 77.0030374814, 8.616114059 ], [ 77.003057914500005, 8.616117533700001 ], [ 77.003281946200005, 8.6161556304 ], [ 77.003303669499999, 8.616219775799999 ], [ 77.003319661299997, 8.616231345599999 ], [ 77.003319823200002, 8.6162314627 ], [ 77.003320515499993, 8.616235112 ], [ 77.003322490200006, 8.6162402828 ], [ 77.003332206, 8.616242232099999 ], [ 77.003334679899993, 8.616242211199999 ], [ 77.003335669199998, 8.616242927 ], [ 77.003350813400004, 8.616253883500001 ], [ 77.003365952099998, 8.616264836 ], [ 77.003570950899999, 8.616306681399999 ], [ 77.003626063699997, 8.6163201754 ], [ 77.003731555900004, 8.6163460043 ], [ 77.003828430400006, 8.6164193639 ], [ 77.003832767399999, 8.6164226481 ], [ 77.003832390400007, 8.6164239346 ], [ 77.003922822500002, 8.6165283145 ], [ 77.003930599499995, 8.6165357828 ], [ 77.0039519993, 8.6165420131 ], [ 77.003960202599998, 8.616550245499999 ], [ 77.004114101200003, 8.616595478500001 ], [ 77.004121123399997, 8.616591251299999 ], [ 77.004121316699994, 8.6165913076 ], [ 77.004196898900005, 8.616552714399999 ], [ 77.004323945600007, 8.616483972199999 ], [ 77.004323947700001, 8.616483971 ], [ 77.004323959900006, 8.6164839645 ], [ 77.004421304100006, 8.6164312936 ], [ 77.004425626699998, 8.616428774199999 ], [ 77.004427508299997, 8.616427936699999 ], [ 77.004582152599994, 8.616359105300001 ], [ 77.004785413, 8.616234281800001 ], [ 77.004795942200005, 8.6162278157 ], [ 77.004825587900001, 8.616210172300001 ], [ 77.004933247699995, 8.616154291300001 ], [ 77.005092659100001, 8.6160680369 ], [ 77.005092664299994, 8.616068034 ], [ 77.005300758, 8.6159550019 ], [ 77.005304123299993, 8.6159528419 ], [ 77.005304771300004, 8.615952821900001 ], [ 77.005328367100006, 8.615952092600001 ], [ 77.005531981499999, 8.6159457994 ], [ 77.005569589, 8.6159446371 ], [ 77.0057539413, 8.615941106699999 ], [ 77.005794783499994, 8.6159403246 ], [ 77.005851143200005, 8.6159392453 ], [ 77.005920785900003, 8.615952137300001 ], [ 77.0060374806, 8.615973739299999 ], [ 77.006105411500002, 8.615984065599999 ], [ 77.006345826300006, 8.6160287761 ], [ 77.006350683400001, 8.615797645400001 ], [ 77.006351709599997, 8.6157728381 ], [ 77.006366620199998, 8.6154124005 ], [ 77.006386426399999, 8.615071647600001 ], [ 77.006388488100001, 8.6150361758 ], [ 77.006389245799994, 8.6148260952 ], [ 77.006384357900004, 8.614810816 ], [ 77.006372218600006, 8.614772869099999 ], [ 77.006371646199995, 8.614771079700001 ], [ 77.0063732829, 8.614722219700001 ], [ 77.0063732829, 8.614722219700001 ], [ 77.006364562599998, 8.6147183926 ], [ 77.006355337599999, 8.6147201 ], [ 77.006355337599999, 8.6147201 ], [ 77.006349050400004, 8.614700446500001 ], [ 77.0063170926, 8.6146005477 ], [ 77.006261988800006, 8.614551286599999 ], [ 77.006232206600004, 8.614524662299999 ], [ 77.006217895199995, 8.614511868299999 ], [ 77.006213136699998, 8.614508412899999 ], [ 77.006209252900007, 8.6145055925 ], [ 77.006010432099998, 8.6143333198 ], [ 77.005969575099996, 8.6142387036 ], [ 77.005949095199995, 8.614194414 ], [ 77.005948056600005, 8.614188871 ], [ 77.005888606900001, 8.613871593500001 ], [ 77.005868043700005, 8.6137857058 ], [ 77.005801568, 8.6135080526 ], [ 77.0057203028, 8.613226729899999 ], [ 77.005702768899994, 8.613166031 ], [ 77.005670417299996, 8.6130139189 ], [ 77.005666918800003, 8.6129974695 ], [ 77.005673147699994, 8.612775965200001 ] ] ] ] } },
{ "type": "Feature", "properties": { "gml_parent": null, "gml_pare_1": "featureMembers", "gml_id": "Thiruvanathapuram_Editor.fid--715e5034_19246a0be1c_-5af7", "geom": null, "District": "Thiruvanathapuram", "LSGD": "Nedumangad", "Ward_Name": "MANNOORKONAM", "Ward_No": 20, "Lsgd_Type": "Municipality", "Created_Da": "2024/10/14 04:37:14.796", "Surveyor": "Jeevan P", "Mob_No": null, "Remarks": null, "_distLsgd": "Thiruvanathapuram_Nedumangad", "OBJECTID": 439, "_result": "Thiruvanathapuram_Nedumangad", "_ulid": "01JBBD70X170A88TT77VY8PM1H", "_distLsgd2": "Thiruvanathapuram_Nedumangad" }, "geometry": { "type": "MultiPolygon", "coordinates": [ [ [ [ 77.039919581, 8.640659470399999 ], [ 77.040362972400004, 8.640396455 ], [ 77.040358024200003, 8.6403917635 ], [ 77.040871793500003, 8.6398898979 ], [ 77.041422869300007, 8.6395060743 ], [ 77.041716558600001, 8.639340063900001 ], [ 77.042072449700001, 8.6392102346 ], [ 77.042075411100001, 8.639215184599999 ], [ 77.042214166600004, 8.6391827961 ], [ 77.042497156899998, 8.6391978842 ], [ 77.043157245100005, 8.6391371681 ], [ 77.043470876300006, 8.639152729799999 ], [ 77.043821757, 8.639121552400001 ], [ 77.044039248399997, 8.639203656799999 ], [ 77.044090400399995, 8.6391755615 ], [ 77.044287852599993, 8.6386666783 ], [ 77.044593011900005, 8.638065592 ], [ 77.044649348199997, 8.6375360998 ], [ 77.044780254800003, 8.636958507799999 ], [ 77.044837713, 8.6367198631 ], [ 77.045241438399998, 8.636546643 ], [ 77.045786675599999, 8.6360262879 ], [ 77.046487995099994, 8.635613084199999 ], [ 77.047378113700006, 8.6345138158 ], [ 77.048096781799998, 8.63400879 ], [ 77.048885672400004, 8.6335390614 ], [ 77.049149021299996, 8.6332587616 ], [ 77.048692964599994, 8.6325538651 ], [ 77.047482005800006, 8.6319053412 ], [ 77.047507562600003, 8.631645607499999 ], [ 77.047574098200002, 8.631464709699999 ], [ 77.047271431799999, 8.6313341463 ], [ 77.047218870199998, 8.631300146399999 ], [ 77.047300020899996, 8.6308495427 ], [ 77.047051524500006, 8.6307696509 ], [ 77.047042516600001, 8.6307484388 ], [ 77.046921529800002, 8.6306614062 ], [ 77.046684011599993, 8.630382678 ], [ 77.046508831, 8.6301435064 ], [ 77.046342787699999, 8.6298691419 ], [ 77.045979754800001, 8.62970374 ], [ 77.046093299700004, 8.6295348238 ], [ 77.046187130500002, 8.629295193200001 ], [ 77.046255935299996, 8.6289739902 ], [ 77.046304254299997, 8.6288782791 ], [ 77.046270353099999, 8.6287750281 ], [ 77.046267068, 8.6287655263 ], [ 77.046261770399994, 8.628746809600001 ], [ 77.046252734700005, 8.628720984799999 ], [ 77.046233825499996, 8.6286812087 ], [ 77.046012653600002, 8.6282498924 ], [ 77.045996603199995, 8.6282170978 ], [ 77.045986109, 8.6279986882 ], [ 77.045962641399996, 8.6279002345 ], [ 77.045888371499998, 8.6278954608 ], [ 77.045671284799994, 8.627885753499999 ], [ 77.045371505700004, 8.6279154561 ], [ 77.045354031399995, 8.627933258100001 ], [ 77.045144709300004, 8.628124422 ], [ 77.044962416399997, 8.628175853 ], [ 77.044937484100004, 8.6282222479 ], [ 77.044908390100005, 8.6282763871 ], [ 77.044760733800004, 8.6285511508 ], [ 77.044760221499999, 8.628552106300001 ], [ 77.044712995099999, 8.6286048645 ], [ 77.044712855900002, 8.6286047983 ], [ 77.044618764800006, 8.628710228 ], [ 77.044544053300001, 8.6287939425 ], [ 77.044513496899995, 8.628828181099999 ], [ 77.044513495900006, 8.628828182299999 ], [ 77.044510976799998, 8.6288310049 ], [ 77.044502117700006, 8.628840931599999 ], [ 77.044497881500007, 8.6288459658 ], [ 77.044497412499993, 8.6288462038 ], [ 77.044497158599995, 8.628846488300001 ], [ 77.044140580700002, 8.6290272328 ], [ 77.044127040199996, 8.6290340963 ], [ 77.044125407300001, 8.6290419786 ], [ 77.044110190300003, 8.629115432100001 ], [ 77.044077848, 8.6292715512 ], [ 77.044023856600006, 8.629532172199999 ], [ 77.044023438899998, 8.629534188299999 ], [ 77.044023927599994, 8.629534297799999 ], [ 77.044017958300003, 8.6295652015 ], [ 77.044014935, 8.629575237699999 ], [ 77.044014593499995, 8.629576885700001 ], [ 77.043902820499994, 8.6299474112 ], [ 77.043902146899995, 8.6299496443 ], [ 77.043894643900003, 8.6299604488 ], [ 77.043885125399996, 8.629975626 ], [ 77.043598619299999, 8.6303867331 ], [ 77.043597879499998, 8.630387798599999 ], [ 77.043551073399996, 8.6304302711 ], [ 77.043115020299993, 8.6308259523 ], [ 77.04310631, 8.6308373041 ], [ 77.043104648099998, 8.63083947 ], [ 77.043042127099994, 8.6309209508 ], [ 77.042826167699999, 8.631202400699999 ], [ 77.042712311200006, 8.6313507845 ], [ 77.042678462699996, 8.6313948975 ], [ 77.042441002700002, 8.631839983300001 ], [ 77.042360966299995, 8.6319900002 ], [ 77.042282768899994, 8.6321252957 ], [ 77.041990553800005, 8.632630879 ], [ 77.041880694100001, 8.6328442981 ], [ 77.041880693400003, 8.6328442993 ], [ 77.041613526800006, 8.6333633105 ], [ 77.0414619246, 8.6336151162 ], [ 77.041309898, 8.633867626700001 ], [ 77.0412828013, 8.6339126332 ], [ 77.041241670900007, 8.633949120500001 ], [ 77.041194967899997, 8.6339905512 ], [ 77.041184655199999, 8.633986781400001 ], [ 77.041183959400001, 8.633986527 ], [ 77.041174583200004, 8.6339830994 ], [ 77.041172352399997, 8.633982284 ], [ 77.041034808199996, 8.6339320036 ], [ 77.040663484600003, 8.633796263400001 ], [ 77.040663362800004, 8.633796219 ], [ 77.0404153896, 8.6337055702 ], [ 77.040330225600002, 8.6334011585 ], [ 77.040329436799993, 8.633400758300001 ], [ 77.039838321, 8.633151593899999 ], [ 77.039832343599997, 8.633148561400001 ], [ 77.039817350700005, 8.632985507300001 ], [ 77.039812690399998, 8.6329348252 ], [ 77.039810847400005, 8.632934000900001 ], [ 77.039434039699998, 8.632765471500001 ], [ 77.039262399899997, 8.6326887046 ], [ 77.039240663699999, 8.632676228899999 ], [ 77.039106086900006, 8.6325989871 ], [ 77.038958038600001, 8.6325140132 ], [ 77.038953033799999, 8.6325111407 ], [ 77.038952547, 8.632510071600001 ], [ 77.038950052600001, 8.6325089433 ], [ 77.038950031100001, 8.632508318199999 ], [ 77.038878214099995, 8.632350347399999 ], [ 77.038802391, 8.6324048273 ], [ 77.038798236199995, 8.632408117400001 ], [ 77.038797611800007, 8.6324096795 ], [ 77.038770841300007, 8.632428665300001 ], [ 77.038583252, 8.632385580299999 ], [ 77.038335611, 8.6323718093 ], [ 77.037729444199996, 8.632350392199999 ], [ 77.037633697700002, 8.632429908800001 ], [ 77.037629197900003, 8.632435831900001 ], [ 77.037458216199994, 8.6325764649 ], [ 77.037458216100006, 8.632576465 ], [ 77.037303604100003, 8.6328434392 ], [ 77.037252173400006, 8.632933053 ], [ 77.037253027700004, 8.632933850100001 ], [ 77.037243531800002, 8.632948110399999 ], [ 77.037056970899997, 8.6332731772 ], [ 77.036885186899994, 8.633735614300001 ], [ 77.036881896899999, 8.6337496069 ], [ 77.036710863699994, 8.634092946499999 ], [ 77.036710863699994, 8.634092946499999 ], [ 77.036622054899993, 8.6346029119 ], [ 77.036616842399994, 8.6346196319 ], [ 77.036607664300007, 8.6346714197 ], [ 77.036306434300002, 8.6356345146 ], [ 77.036288451700003, 8.6356579799 ], [ 77.036280923199996, 8.6356699473 ], [ 77.036126603400007, 8.6358712645 ], [ 77.0356493747, 8.6366483916 ], [ 77.035646048100006, 8.636650533 ], [ 77.035645975099996, 8.6366506502 ], [ 77.0353912968, 8.6368155375 ], [ 77.0353912968, 8.6368155375 ], [ 77.035311156299997, 8.6368661106 ], [ 77.0352857285, 8.636882479 ], [ 77.035163410199999, 8.636961218 ], [ 77.035162293499994, 8.6369632646 ], [ 77.035159105399998, 8.636969107900001 ], [ 77.034842172400005, 8.6375499894 ], [ 77.034531087800005, 8.637953144300001 ], [ 77.034503535200002, 8.6379463321 ], [ 77.034503108099997, 8.6379468598 ], [ 77.034326726399996, 8.6379026174 ], [ 77.034023055500001, 8.6378275369 ], [ 77.034021799300007, 8.637827274899999 ], [ 77.034020814900003, 8.6378269829 ], [ 77.033800965799998, 8.6377726265 ], [ 77.033787356600001, 8.6377577398 ], [ 77.033785527299997, 8.637757197199999 ], [ 77.033550683200005, 8.6374988482 ], [ 77.033550683, 8.637498848 ], [ 77.032992134300002, 8.637292131600001 ], [ 77.032811282699996, 8.63722546 ], [ 77.032279996, 8.636797362799999 ], [ 77.032253399599995, 8.636810128400001 ], [ 77.032241525100005, 8.63681626 ], [ 77.032231250099997, 8.6368215657 ], [ 77.03194114, 8.636971369 ], [ 77.031501149899995, 8.637201020199999 ], [ 77.031410746199995, 8.6374596013 ], [ 77.031428830400003, 8.6376625503 ], [ 77.031311793699999, 8.637877982899999 ], [ 77.031307268700004, 8.6378972938 ], [ 77.031297195700006, 8.637940281300001 ], [ 77.031515691099997, 8.6391755615 ], [ 77.032089784, 8.640139761 ], [ 77.032539374799995, 8.640816750700001 ], [ 77.032892130700006, 8.6413501357 ], [ 77.033127301299999, 8.641541607 ], [ 77.033438556500002, 8.641609989599999 ], [ 77.033846646599997, 8.6415757983 ], [ 77.035257670099995, 8.6409671927 ], [ 77.035721094500005, 8.640775721100001 ], [ 77.035873263699997, 8.640550057900001 ], [ 77.036253686699993, 8.640392777500001 ], [ 77.036744778200003, 8.6403517478 ], [ 77.036986865499998, 8.640379101 ], [ 77.037360371800006, 8.640577411100001 ], [ 77.037706210799996, 8.640645793799999 ], [ 77.038024382800003, 8.6408782952 ], [ 77.038252636600006, 8.6409193248 ], [ 77.038716061, 8.6408099124 ], [ 77.039144901499995, 8.640734691400001 ], [ 77.039483823799998, 8.640762044500001 ], [ 77.039919581, 8.640659470399999 ] ] ] ] } },
{ "type": "Feature", "properties": { "gml_parent": null, "gml_pare_1": "featureMembers", "gml_id": "Thiruvanathapuram_Editor.fid--715e5034_19246a0be1c_-5cdd", "geom": null, "District": "Thiruvanathapuram", "LSGD": "Nedumangad", "Ward_Name": "PATHINONNAMKALLU", "Ward_No": 31, "Lsgd_Type": "Municipality", "Created_Da": "2024/10/12 09:34:15.329", "Surveyor": "Jeevan P", "Mob_No": null, "Remarks": "Pathinonnamkallu", "_distLsgd": "Thiruvanathapuram_Nedumangad", "OBJECTID": 439, "_result": "Thiruvanathapuram_Nedumangad", "_ulid": "01JBBD70X170A88TT77VY8PM1H", "_distLsgd2": "Thiruvanathapuram_Nedumangad" }, "geometry": { "type": "MultiPolygon", "coordinates": [ [ [ [ 76.995773189800005, 8.5972256902 ], [ 76.995640424800001, 8.5975648123 ], [ 76.995584944200004, 8.597891845099999 ], [ 76.995562862100002, 8.598022009399999 ], [ 76.995557711900005, 8.598136585300001 ], [ 76.995540095300001, 8.598528503600001 ], [ 76.995539951300003, 8.5985317088 ], [ 76.995538996600004, 8.5985529473 ], [ 76.995488934500003, 8.5987576947 ], [ 76.995408548300006, 8.599086463500001 ], [ 76.995408043200001, 8.599088529699999 ], [ 76.995407736499999, 8.5990897838 ], [ 76.995411319699997, 8.5992362258 ], [ 76.9954166861, 8.59945554 ], [ 76.995452255700002, 8.5997046588 ], [ 76.995452484300003, 8.5997062599 ], [ 76.9955539125, 8.5998360442 ], [ 76.995620355200003, 8.5999159095 ], [ 76.995620787, 8.5999164285 ], [ 76.995646632700002, 8.5999474955 ], [ 76.995702823399995, 8.6000150377 ], [ 76.995706054899998, 8.600018922 ], [ 76.995789686400002, 8.6001407828 ], [ 76.9957896879, 8.600140784900001 ], [ 76.995810548600005, 8.6001711813 ], [ 76.9958194158, 8.6001841019 ], [ 76.995820402099994, 8.600186984600001 ], [ 76.995830489699998, 8.600216468199999 ], [ 76.995865832899995, 8.6003197679 ], [ 76.995867285, 8.600324012 ], [ 76.995971435800001, 8.6006284189 ], [ 76.995977634499994, 8.600646536299999 ], [ 76.995982153400007, 8.600659744 ], [ 76.995982153499995, 8.600659744 ], [ 76.995982153499995, 8.600659744 ], [ 76.995982274799999, 8.600660098700001 ], [ 76.995989101399999, 8.6007761955 ], [ 76.996005678299994, 8.6010581112 ], [ 76.996005978400007, 8.6010632151 ], [ 76.996000994, 8.6011004017 ], [ 76.995998364900004, 8.601120016599999 ], [ 76.995997890500007, 8.601123555799999 ], [ 76.995997353899995, 8.6011275593 ], [ 76.995997230300006, 8.6011284811 ], [ 76.995996623699995, 8.6011330069 ], [ 76.995961451900001, 8.601395409 ], [ 76.99596111, 8.6013979597 ], [ 76.995957708199995, 8.6014233394 ], [ 76.995955663800004, 8.601438592 ], [ 76.995955388, 8.601440649200001 ], [ 76.995954627, 8.6014463268 ], [ 76.9959538305, 8.601452268899999 ], [ 76.995954396499997, 8.601454437199999 ], [ 76.995955211799995, 8.6014575609 ], [ 76.995956214100005, 8.6014614012 ], [ 76.995958520399995, 8.601470237599999 ], [ 76.995959940099993, 8.6014756771 ], [ 76.995960260399997, 8.6014769045 ], [ 76.995960134900002, 8.6014854889 ], [ 76.995960056200005, 8.601490870099999 ], [ 76.995961169400005, 8.6014979239 ], [ 76.995962026100003, 8.601503353 ], [ 76.996050692200001, 8.601863379199999 ], [ 76.996050692200001, 8.601863379499999 ], [ 76.996135598400002, 8.6020804462 ], [ 76.996227903100007, 8.6023067712 ], [ 76.996240327600006, 8.6023372353 ], [ 76.996241401899994, 8.602338613900001 ], [ 76.996248230099994, 8.602347375600001 ], [ 76.996249544500003, 8.6023481437 ], [ 76.996249946099994, 8.6023483784 ], [ 76.996257346500002, 8.6023576311 ], [ 76.996268286800003, 8.602371309900001 ], [ 76.996269513499996, 8.6023742629 ], [ 76.996269889800004, 8.6023751688 ], [ 76.996278452599995, 8.6023957829 ], [ 76.996285680499994, 8.602413183199999 ], [ 76.996415140699995, 8.602561551300001 ], [ 76.996478728599996, 8.6026344262 ], [ 76.996494151299999, 8.6026521014 ], [ 76.996494271900005, 8.602652239599999 ], [ 76.996500433099996, 8.602670996300001 ], [ 76.996618823299997, 8.6030314123 ], [ 76.9966623806, 8.603164014100001 ], [ 76.996674419, 8.603200662400001 ], [ 76.996738994899999, 8.6033236892 ], [ 76.996868788300006, 8.603570964499999 ], [ 76.996876773500006, 8.6035752011 ], [ 76.997006502399998, 8.6036440284 ], [ 76.997024842100004, 8.6036537585 ], [ 76.997058788100006, 8.6036717684 ], [ 76.997063157499994, 8.6036740866 ], [ 76.997067821900004, 8.6036747047 ], [ 76.997082356099995, 8.6036858911 ], [ 76.997085648899997, 8.6036884255 ], [ 76.997111239800006, 8.603703015300001 ], [ 76.997129649, 8.603703915700001 ], [ 76.997148520500005, 8.603704838700001 ], [ 76.997382674299999, 8.603733973 ], [ 76.9975148332, 8.603750935900001 ], [ 76.9975814517, 8.603758705700001 ], [ 76.997593676, 8.6037636592 ], [ 76.997790363, 8.603884432299999 ], [ 76.997956116099999, 8.6039862108 ], [ 76.998042812, 8.6040669302 ], [ 76.998043017599997, 8.604066845 ], [ 76.998043142699998, 8.604066793099999 ], [ 76.998060612800003, 8.604059549400001 ], [ 76.998062844700002, 8.604058624 ], [ 76.9987281354, 8.603782770800001 ], [ 76.999120538200003, 8.603662549499999 ], [ 76.999120440699997, 8.6036611011 ], [ 76.999120440699997, 8.6036611011 ], [ 76.999119391899995, 8.6036455304 ], [ 76.999117199099999, 8.603612974100001 ], [ 76.999115911600001, 8.603609062 ], [ 76.999112551899998, 8.6035989511 ], [ 76.999080700099995, 8.603503094500001 ], [ 76.999080680299997, 8.603503034799999 ], [ 76.999080601900005, 8.603502799 ], [ 76.999061993599994, 8.6034467979 ], [ 76.999061756800003, 8.6034460852 ], [ 76.999004461599995, 8.603273657100001 ], [ 76.998967091300003, 8.6031611925 ], [ 76.998936230699996, 8.6030683183 ], [ 76.998930663099998, 8.603051562699999 ], [ 76.998931197399997, 8.6030488457 ], [ 76.998951545300002, 8.602945376399999 ], [ 76.998950049200005, 8.6029413904 ], [ 76.998902571100004, 8.6028149027 ], [ 76.998844150699995, 8.6026592633 ], [ 76.998844345400002, 8.6026547404 ], [ 76.998844875399996, 8.602642424600001 ], [ 76.998855921599997, 8.602385760400001 ], [ 76.998856083500002, 8.6023819988 ], [ 76.998836701499997, 8.602358043900001 ], [ 76.998820881599997, 8.602338491599999 ], [ 76.998808352500006, 8.602323006400001 ], [ 76.998808332799996, 8.602323007100001 ], [ 76.998808318599998, 8.602323007700001 ], [ 76.998806173899993, 8.602323092500001 ], [ 76.998805967300001, 8.6023231007 ], [ 76.998800340700001, 8.6023233232 ], [ 76.998799889599994, 8.6023233411 ], [ 76.998721590900004, 8.6023264378 ], [ 76.998597862799997, 8.6023313312 ], [ 76.998584613800006, 8.602331855199999 ], [ 76.998579993199996, 8.602328613 ], [ 76.998573040099998, 8.602323734100001 ], [ 76.998525155500005, 8.6022901338 ], [ 76.9985098067, 8.602279363499999 ], [ 76.998497687300002, 8.602270859500001 ], [ 76.998492135099994, 8.6022669635 ], [ 76.998491252899996, 8.6022628201 ], [ 76.998470227400006, 8.602164072600001 ], [ 76.998470074500005, 8.6021633546 ], [ 76.998469041600003, 8.6021585033 ], [ 76.998468269599996, 8.6021548778 ], [ 76.998505150900002, 8.602112801200001 ], [ 76.998541336200006, 8.602071518600001 ], [ 76.998545618, 8.6020666337 ], [ 76.998545832399998, 8.602066389 ], [ 76.998545805099994, 8.6020662673 ], [ 76.998545716699994, 8.602065873300001 ], [ 76.998539710700001, 8.6020390897 ], [ 76.998488669500006, 8.6018114728 ], [ 76.998488058800007, 8.6018087496 ], [ 76.998487675500002, 8.60180704 ], [ 76.998483845500004, 8.6017899603 ], [ 76.998448093899995, 8.601630527099999 ], [ 76.998443785700005, 8.601611314499999 ], [ 76.998439466799994, 8.601592054599999 ], [ 76.998400211800003, 8.601416998 ], [ 76.998399799, 8.6014151572 ], [ 76.998399656399997, 8.601414521200001 ], [ 76.998357285599994, 8.6013639749 ], [ 76.998304499300005, 8.6013010034 ], [ 76.998283395300007, 8.6012758273 ], [ 76.998275757100004, 8.6012667153 ], [ 76.998250959800004, 8.6012371333 ], [ 76.998250822700001, 8.6012369698 ], [ 76.998250633300003, 8.601236743899999 ], [ 76.998170268, 8.6011408719 ], [ 76.998163870400006, 8.601133239899999 ], [ 76.998150977700007, 8.6011178595 ], [ 76.998131196200006, 8.6010942611 ], [ 76.998125203499995, 8.6010871121 ], [ 76.998125169, 8.601087077 ], [ 76.998125038799998, 8.6010869448 ], [ 76.9980877574, 8.6010490864 ], [ 76.998086745799995, 8.6010480592 ], [ 76.998063937799998, 8.6010248982 ], [ 76.998065313699996, 8.6010239264 ], [ 76.997879994900003, 8.600815255400001 ], [ 76.997875159299994, 8.6008058258 ], [ 76.997830312600001, 8.600718372699999 ], [ 76.997807519099993, 8.600673924400001 ], [ 76.997800060800003, 8.6006593805 ], [ 76.997797053400006, 8.600653515799999 ], [ 76.997797231099995, 8.6006532229 ], [ 76.997801922099995, 8.6006567021 ], [ 76.997872507699995, 8.6005551261 ], [ 76.997871936500005, 8.600554492900001 ], [ 76.997874361300006, 8.600552458699999 ], [ 76.997935990900004, 8.600500754900001 ], [ 76.997940246200002, 8.600497185 ], [ 76.997940253500005, 8.600497171 ], [ 76.998023192900007, 8.600338282899999 ], [ 76.998035708, 8.6003143074 ], [ 76.998041929899998, 8.600311319299999 ], [ 76.998348942299998, 8.6001638758 ], [ 76.9985816306, 8.600045890100001 ], [ 76.9987874702, 8.5999131563 ], [ 76.998993309900001, 8.5996594869 ], [ 76.999166334500003, 8.5994471125 ], [ 76.999233458399999, 8.599268204099999 ], [ 76.999234734200002, 8.599264803500001 ], [ 76.999234947800005, 8.5992642344 ], [ 76.999246494700003, 8.5992606096 ], [ 76.999246494700003, 8.5992606096 ], [ 76.999242171500001, 8.5992512442 ], [ 76.999230749, 8.599244837500001 ], [ 76.999229985900001, 8.5992383729 ], [ 76.999223115099994, 8.599234879 ], [ 76.999221538200004, 8.5992354446 ], [ 76.999216941599997, 8.599237093199999 ], [ 76.998865232900002, 8.5993632341 ], [ 76.998814261099994, 8.599384714499999 ], [ 76.998731396400004, 8.5994112347 ], [ 76.998698391900007, 8.5994230718 ], [ 76.998697957499999, 8.5994219978 ], [ 76.998683058799998, 8.5993851699 ], [ 76.998694191499993, 8.5993674622 ], [ 76.998751672, 8.599276033 ], [ 76.998868016200007, 8.599119701599999 ], [ 76.998927679900007, 8.598998766 ], [ 76.998926126399994, 8.5989824184 ], [ 76.998920534199996, 8.5989235709 ], [ 76.998887081700005, 8.5985715424 ], [ 76.998885915299994, 8.598559268 ], [ 76.998856296599996, 8.5985381991 ], [ 76.99848885, 8.598508899300001 ], [ 76.998487819700003, 8.598508817200001 ], [ 76.998486381800006, 8.5985087025 ], [ 76.998488686300007, 8.598484289 ], [ 76.998495611199999, 8.598410928 ], [ 76.998506590900007, 8.5982946107 ], [ 76.998507264099999, 8.5982874785 ], [ 76.998487616800006, 8.5982917124 ], [ 76.998487405600002, 8.598291758 ], [ 76.998485038799998, 8.598292268 ], [ 76.998301500799997, 8.5983318204 ], [ 76.998070373800005, 8.598381628 ], [ 76.998066842900002, 8.598382388899999 ], [ 76.998041887499994, 8.5983877667 ], [ 76.997954472700002, 8.5984225179 ], [ 76.997954472200007, 8.5984225181 ], [ 76.997934902500006, 8.5984302978 ], [ 76.997818509599995, 8.5984676296 ], [ 76.997751137500003, 8.5984899832 ], [ 76.997746468, 8.598495188899999 ], [ 76.997744168699995, 8.5984922954 ], [ 76.997744168699995, 8.5984922954 ], [ 76.997731589200001, 8.598476465099999 ], [ 76.997730984200004, 8.5984757038 ], [ 76.9977197037, 8.5984615081 ], [ 76.997689871800006, 8.598367119200001 ], [ 76.997679964900001, 8.598153015 ], [ 76.997668989600001, 8.597915821799999 ], [ 76.997690623799997, 8.5974547241 ], [ 76.997695838200002, 8.597343587699999 ], [ 76.997655534399996, 8.597041859100001 ], [ 76.997654073600003, 8.5970309234 ], [ 76.9977245627, 8.596886722500001 ], [ 76.997729673799995, 8.596876266600001 ], [ 76.997732039300004, 8.5968770947 ], [ 76.998018848200005, 8.596507763 ], [ 76.998035088400002, 8.596483601 ], [ 76.998035077099999, 8.5964833475 ], [ 76.998035000599998, 8.5964816352 ], [ 76.9980096484, 8.59646373 ], [ 76.997874837599994, 8.5963685183 ], [ 76.997868862800004, 8.596364298599999 ], [ 76.997760341700001, 8.5963341199 ], [ 76.997735963099998, 8.5963273404 ], [ 76.997722717100004, 8.596323656799999 ], [ 76.997677939100001, 8.596311204499999 ], [ 76.997676078599994, 8.596310390199999 ], [ 76.997652053899998, 8.5962998758 ], [ 76.9975720419, 8.5962648585 ], [ 76.997495964899997, 8.5962315634 ], [ 76.997430774400001, 8.596211011499999 ], [ 76.997290181899999, 8.5961666885 ], [ 76.997290125299997, 8.596166670600001 ], [ 76.997119035599994, 8.5961764774 ], [ 76.997093418800006, 8.596177945799999 ], [ 76.997084285599996, 8.5961784693 ], [ 76.997077007300007, 8.596180068500001 ], [ 76.996811297600004, 8.5962384518 ], [ 76.996663060900005, 8.5962710233 ], [ 76.996655763800007, 8.596272626599999 ], [ 76.996654707199994, 8.596272858800001 ], [ 76.996651292600006, 8.596271786899999 ], [ 76.9965455719, 8.5962386019 ], [ 76.996538595, 8.5962364118 ], [ 76.996466766599994, 8.596213865399999 ], [ 76.996430362699996, 8.5962001964 ], [ 76.996296414300005, 8.5961499013 ], [ 76.996231457799993, 8.5961255114 ], [ 76.996231095100001, 8.5961253752 ], [ 76.996207002099993, 8.596119419600001 ], [ 76.996186811599998, 8.5961144287 ], [ 76.996186355099994, 8.5961143158 ], [ 76.996185674800003, 8.5961141477 ], [ 76.996184917199997, 8.5961139604 ], [ 76.996183364199993, 8.596113576500001 ], [ 76.996150115199995, 8.596198809200001 ], [ 76.996131797199993, 8.596245766899999 ], [ 76.996023969800007, 8.596522179 ], [ 76.996023365400006, 8.596523728299999 ], [ 76.9960227973, 8.596525184700001 ], [ 76.996022272299996, 8.5965265304 ], [ 76.995980221300002, 8.5966838059 ], [ 76.995972529599996, 8.5967125736 ], [ 76.995969671899999, 8.596723261799999 ], [ 76.995968509500003, 8.5967230296 ], [ 76.995919195499994, 8.5968512935 ], [ 76.995897303800007, 8.596910516299999 ], [ 76.995897303800007, 8.596910516299999 ], [ 76.995891012200005, 8.5969247354 ], [ 76.995888043500003, 8.5969323184 ], [ 76.995825472199996, 8.5970921448 ], [ 76.995773189800005, 8.5972256902 ] ] ] ] } },
{ "type": "Feature", "properties": { "gml_parent": null, "gml_pare_1": "featureMembers", "gml_id": "Thiruvanathapuram_Editor.fid--715e5034_19246a0be1c_-5d2e", "geom": null, "District": "Thiruvanathapuram", "LSGD": "Nedumangad", "Ward_Name": "KALLUVARAMBU", "Ward_No": 1, "Lsgd_Type": "Municipality", "Created_Da": "2024/10/12 06:27:15.058", "Surveyor": "Satheesh SR", "Mob_No": null, "Remarks": null, "_distLsgd": "Thiruvanathapuram_Nedumangad", "OBJECTID": 439, "_result": "Thiruvanathapuram_Nedumangad", "_ulid": "01JBBD70X170A88TT77VY8PM1H", "_distLsgd2": "Thiruvanathapuram_Nedumangad" }, "geometry": { "type": "MultiPolygon", "coordinates": [ [ [ [ 76.966461041, 8.621153083 ], [ 76.966453814299996, 8.621148566600001 ], [ 76.966413813900004, 8.6211235685 ], [ 76.966413813599999, 8.6211235684 ], [ 76.966182774499998, 8.620979181 ], [ 76.96617501, 8.6209635144 ], [ 76.966166519300003, 8.6209463826 ], [ 76.966064655599993, 8.62074085 ], [ 76.965892237700004, 8.6203929587 ], [ 76.965880762200001, 8.620369804099999 ], [ 76.965872489700004, 8.6203531126 ], [ 76.9658729728, 8.6203501868 ], [ 76.965886474800001, 8.620268407199999 ], [ 76.965974094800004, 8.6197377062 ], [ 76.965974517800007, 8.6197351439 ], [ 76.966003157299994, 8.619676027200001 ], [ 76.966029465600002, 8.6196217226 ], [ 76.966035676, 8.6196089033 ], [ 76.966056992600002, 8.6195649022 ], [ 76.966073652600002, 8.619530513200001 ], [ 76.966242986500006, 8.619180979199999 ], [ 76.966366078799993, 8.618810656400001 ], [ 76.96639875, 8.6187123651 ], [ 76.966412129899993, 8.6186721114 ], [ 76.966444240800001, 8.6186105543 ], [ 76.966804053100006, 8.617920786899999 ], [ 76.9670525123, 8.6174925529 ], [ 76.967272592, 8.6171293428 ], [ 76.967276162100006, 8.617123450899999 ], [ 76.967280111, 8.6171169337 ], [ 76.967303293399993, 8.617083837299999 ], [ 76.967390841099999, 8.616954074200001 ], [ 76.967447591, 8.6168191392 ], [ 76.967447525099999, 8.61681911 ], [ 76.967447938099994, 8.6168183139 ], [ 76.9674616601, 8.616791861799999 ], [ 76.967668708800005, 8.6163927315 ], [ 76.967673070299995, 8.616386673399999 ], [ 76.967677150399993, 8.616381006199999 ], [ 76.967741511400007, 8.616291609699999 ], [ 76.967806041, 8.616201979 ], [ 76.967811062600006, 8.616195004 ], [ 76.9678264187, 8.616180973900001 ], [ 76.967874253700003, 8.616137269399999 ], [ 76.967874560300004, 8.616136989299999 ], [ 76.967874578299998, 8.616136995 ], [ 76.967875403400001, 8.616136297400001 ], [ 76.967882924899996, 8.6161293796 ], [ 76.967882901899998, 8.616129368 ], [ 76.967888288099999, 8.616124446900001 ], [ 76.967907723400003, 8.6161065715 ], [ 76.967907752900004, 8.616106542600001 ], [ 76.967904842099998, 8.616106009399999 ], [ 76.967868724100001, 8.616099393100001 ], [ 76.967880296600001, 8.616055853900001 ], [ 76.967884811600001, 8.6160388675 ], [ 76.967885592599998, 8.616035929 ], [ 76.967886541699997, 8.6160323582 ], [ 76.967886764900001, 8.6160315184 ], [ 76.967882956300002, 8.6160323546 ], [ 76.96784923, 8.6160397592 ], [ 76.9678816869, 8.616032074 ], [ 76.967886430199997, 8.616030950900001 ], [ 76.967883973499994, 8.6160301416 ], [ 76.967870717500006, 8.6160280012 ], [ 76.966978884100001, 8.615883996199999 ], [ 76.966762217, 8.615770195 ], [ 76.966739224600005, 8.615758118600001 ], [ 76.966640748700001, 8.6157063955 ], [ 76.965299188, 8.6156978865 ], [ 76.965291916, 8.615697840399999 ], [ 76.965291550399996, 8.615696099799999 ], [ 76.965298867300007, 8.615696374700001 ], [ 76.965172920699999, 8.6151025132 ], [ 76.965165413600005, 8.615067116200001 ], [ 76.965223593499999, 8.614945410800001 ], [ 76.965231790199994, 8.6149199984 ], [ 76.965261385600002, 8.6148663541 ], [ 76.965347660800006, 8.6147099728 ], [ 76.964972929300004, 8.6145356046 ], [ 76.96476232, 8.6147057396 ], [ 76.964745386, 8.6147194192 ], [ 76.964743501699999, 8.614717214900001 ], [ 76.964431075199997, 8.614907731100001 ], [ 76.964404263099993, 8.6150868627 ], [ 76.9644041536, 8.615087594 ], [ 76.9644038096, 8.6150898921 ], [ 76.964403567399998, 8.615091510199999 ], [ 76.964399890400003, 8.6151025579 ], [ 76.964392582399995, 8.6151245143 ], [ 76.964375179300006, 8.615176801300001 ], [ 76.964372211500006, 8.615185718199999 ], [ 76.964370234800001, 8.615198625 ], [ 76.964370064799994, 8.615199735 ], [ 76.964374261, 8.6152193526 ], [ 76.964358880199995, 8.615323350900001 ], [ 76.964419948400007, 8.615499739 ], [ 76.964419948400007, 8.615499739100001 ], [ 76.964419948499994, 8.615499739300001 ], [ 76.964457333499993, 8.6156077213 ], [ 76.964512876399994, 8.6158673869 ], [ 76.964417130800001, 8.616191826 ], [ 76.964403715, 8.616257752799999 ], [ 76.964382266900003, 8.6163631511 ], [ 76.964382237600006, 8.616363295399999 ], [ 76.9643807084, 8.6163647173 ], [ 76.964343388700001, 8.6163994201 ], [ 76.964322019899996, 8.6164192905 ], [ 76.964226949899995, 8.616507693799999 ], [ 76.964137658, 8.6166324345 ], [ 76.964133236199999, 8.6166424812 ], [ 76.964132729400006, 8.616643632700001 ], [ 76.964123761600007, 8.616664008200001 ], [ 76.964107521100004, 8.6167009076 ], [ 76.964053031899994, 8.6168247109 ], [ 76.964055854199998, 8.6168557812 ], [ 76.9640593166, 8.616893897900001 ], [ 76.964060346899998, 8.616905241 ], [ 76.964061016299993, 8.6169126102 ], [ 76.964073307700005, 8.617047923399999 ], [ 76.964067950499995, 8.617110611399999 ], [ 76.964067147799994, 8.6171200043 ], [ 76.9640670008, 8.6171217241 ], [ 76.964066858600006, 8.617121796599999 ], [ 76.963988294200007, 8.6171618634 ], [ 76.963918532899996, 8.6171974407 ], [ 76.963682028500003, 8.6173180547 ], [ 76.963633287299999, 8.617397887199999 ], [ 76.963608229100004, 8.6174389296 ], [ 76.963493968799995, 8.617546384 ], [ 76.963355441199994, 8.617689482 ], [ 76.963294343499996, 8.617752595400001 ], [ 76.963211996400005, 8.617837659199999 ], [ 76.963157215400003, 8.617894247500001 ], [ 76.963012642500004, 8.618043589899999 ], [ 76.963004654100004, 8.618046506700001 ], [ 76.962996588699994, 8.618049451599999 ], [ 76.962695004, 8.618159569299999 ], [ 76.962581414499994, 8.618234558799999 ], [ 76.962518085799999, 8.6182763672 ], [ 76.962501660499996, 8.6183255054 ], [ 76.962460455, 8.618448776499999 ], [ 76.962440461300005, 8.61850859 ], [ 76.962436121899998, 8.618521572 ], [ 76.962442031099997, 8.6186227957 ], [ 76.962443411500004, 8.618646440599999 ], [ 76.962444433399995, 8.6186639467 ], [ 76.962452126100004, 8.618795718699999 ], [ 76.9624583911, 8.618903036900001 ], [ 76.962462583900006, 8.6189748577 ], [ 76.962461161099995, 8.618979174 ], [ 76.962407910600007, 8.619140713 ], [ 76.962304424300001, 8.619454645499999 ], [ 76.962136559, 8.6199675932 ], [ 76.961924512899998, 8.620128684399999 ], [ 76.961632131399995, 8.619912901099999 ], [ 76.961568941799996, 8.619866265800001 ], [ 76.961491168600006, 8.6198088675 ], [ 76.961490602400005, 8.619808449700001 ], [ 76.961460079700004, 8.6197859233 ], [ 76.960957644600001, 8.620140366899999 ], [ 76.960950781299999, 8.6201367929 ], [ 76.960934479, 8.6201283036 ], [ 76.960660213, 8.6199716966 ], [ 76.960093792699993, 8.6198016128 ], [ 76.960031158800007, 8.619785778100001 ], [ 76.9600211841, 8.619785313 ], [ 76.960020871300003, 8.619786273300001 ], [ 76.960019436500005, 8.6197852315 ], [ 76.959563636400006, 8.619454302099999 ], [ 76.959522353, 8.619424328599999 ], [ 76.9593808284, 8.619305023400001 ], [ 76.959352828700005, 8.619282159100001 ], [ 76.959150747, 8.6193189741 ], [ 76.959136524, 8.6193189734 ], [ 76.959074748, 8.6193189703 ], [ 76.959037984099993, 8.6193395171 ], [ 76.95899201, 8.6193652113 ], [ 76.9587775408, 8.619485075 ], [ 76.958717865699995, 8.619507456499999 ], [ 76.958701914900004, 8.619513235399999 ], [ 76.958211559600002, 8.6196933446 ], [ 76.958218285499996, 8.6199151156 ], [ 76.958255806699995, 8.620292863 ], [ 76.958009684199993, 8.620986461099999 ], [ 76.957871774200001, 8.621372254500001 ], [ 76.957757051300007, 8.6218365594 ], [ 76.957877868400004, 8.6220889262 ], [ 76.958052114, 8.6225660814 ], [ 76.958323738299995, 8.623321752700001 ], [ 76.958681609500005, 8.623590363 ], [ 76.959106861699993, 8.6237276791 ], [ 76.959518900199996, 8.623842076400001 ], [ 76.960175526399993, 8.623877879 ], [ 76.960581945499996, 8.623736963700001 ], [ 76.960915782599997, 8.623759898699999 ], [ 76.9613024704, 8.623953758400001 ], [ 76.962073143500007, 8.6249507249 ], [ 76.962471273700004, 8.6253336942 ], [ 76.962722392499998, 8.6254601518 ], [ 76.963090080499995, 8.6256178144 ], [ 76.963353513900003, 8.6257465919 ], [ 76.963625232699997, 8.6258704367 ], [ 76.963593333600002, 8.625855677500001 ], [ 76.963620083199999, 8.625870326399999 ], [ 76.963657277, 8.6258885561 ], [ 76.963659845799995, 8.6260856206 ], [ 76.963624064599998, 8.6262210981 ], [ 76.963594193399999, 8.626453016099999 ], [ 76.963672467699993, 8.6264273862 ], [ 76.963806043100007, 8.626280271700001 ], [ 76.964065565400006, 8.626183580699999 ], [ 76.964498347599999, 8.626035873799999 ], [ 76.964834053700002, 8.6259416163 ], [ 76.965091607800005, 8.6258872029 ], [ 76.965273219899998, 8.6259037344 ], [ 76.965468588600004, 8.626028876399999 ], [ 76.965807470599998, 8.6263041842 ], [ 76.9660114335, 8.626570252 ], [ 76.966254352700005, 8.626757233299999 ], [ 76.966561666, 8.626731270400001 ], [ 76.966742687899995, 8.6265547284 ], [ 76.966685504799997, 8.626253691800001 ], [ 76.966783527199993, 8.625916455900001 ], [ 76.9667889503, 8.6255849048 ], [ 76.966729485, 8.6252176961 ], [ 76.966923522200005, 8.6249269666 ], [ 76.967333168, 8.6249033835 ], [ 76.967609432900005, 8.624698456 ], [ 76.967846725599998, 8.624451368900001 ], [ 76.968641915600003, 8.6243689177 ], [ 76.968643443700003, 8.624368027599999 ], [ 76.968967046499998, 8.624184335100001 ], [ 76.969099272899996, 8.624108804700001 ], [ 76.96910996, 8.6241027 ], [ 76.968641929300006, 8.624368904300001 ], [ 76.968520537399996, 8.624310381100001 ], [ 76.968453259900002, 8.6241322909 ], [ 76.968453251200003, 8.624132271100001 ], [ 76.968367041199997, 8.624073752699999 ], [ 76.968267213700003, 8.6240314396 ], [ 76.968250158, 8.624024071899999 ], [ 76.968249943499998, 8.62402398 ], [ 76.968252909599997, 8.6240066053 ], [ 76.968185551600001, 8.6239990528 ], [ 76.9680677355, 8.623932140200001 ], [ 76.967978999, 8.623881743 ], [ 76.967978983799995, 8.623881734399999 ], [ 76.967811749299997, 8.623821104799999 ], [ 76.967310045700003, 8.6235845879 ], [ 76.967343840599995, 8.6235208002 ], [ 76.9673415826, 8.623519501800001 ], [ 76.967321604700004, 8.623508381 ], [ 76.967308216800006, 8.6234840052 ], [ 76.967105307500006, 8.623114558899999 ], [ 76.967102540200003, 8.6231095202 ], [ 76.967083319699995, 8.6230639009 ], [ 76.967070069599998, 8.6230324523 ], [ 76.966937183699997, 8.6227170514 ], [ 76.966936417, 8.622715231600001 ], [ 76.966821685400006, 8.622442918899999 ], [ 76.966724233400001, 8.6222116189 ], [ 76.966695081300003, 8.6218891941 ], [ 76.966683114899993, 8.6217568446 ], [ 76.966676923700007, 8.621688370099999 ], [ 76.966640668599993, 8.6212873837 ], [ 76.966626649, 8.6212769017 ], [ 76.966619548699995, 8.621271593099999 ], [ 76.966527041700004, 8.6212024291 ], [ 76.966480763099995, 8.621167828400001 ], [ 76.966465080899994, 8.621156103400001 ], [ 76.966461041, 8.621153083 ] ] ] ] } },
{ "type": "Feature", "properties": { "gml_parent": null, "gml_pare_1": "featureMembers", "gml_id": "Thiruvanathapuram_Editor.fid--715e5034_19246a0be1c_-8ef", "geom": null, "District": "Thiruvanathapuram", "LSGD": "Nedumangad", "Ward_Name": "MANCHA", "Ward_No": 27, "Lsgd_Type": "Municipality", "Created_Da": "2024/10/18 03:56:33.181", "Surveyor": "Jeevan P", "Mob_No": null, "Remarks": null, "_distLsgd": "Thiruvanathapuram_Nedumangad", "OBJECTID": 439, "_result": "Thiruvanathapuram_Nedumangad", "_ulid": "01JBBD70X170A88TT77VY8PM1H", "_distLsgd2": "Thiruvanathapuram_Nedumangad" }, "geometry": { "type": "MultiPolygon", "coordinates": [ [ [ [ 77.004373005800005, 8.6021411339 ], [ 77.004348404200002, 8.602168494400001 ], [ 77.004240614, 8.602288372 ], [ 77.004235104200006, 8.602294499499999 ], [ 77.004192056199997, 8.602379259199999 ], [ 77.004147353899995, 8.602411161499999 ], [ 77.004099492600005, 8.602445318299999 ], [ 77.004076843299998, 8.6024705073 ], [ 77.004076500099998, 8.602470889099999 ], [ 77.004075354899996, 8.602471595700001 ], [ 77.003981741100006, 8.6025293529 ], [ 77.003929843799995, 8.60256639 ], [ 77.003895584, 8.602582509599999 ], [ 77.003692053099996, 8.6027080827 ], [ 77.003682510100006, 8.6027139705 ], [ 77.003675161199993, 8.602713187299999 ], [ 77.003590918699999, 8.602704210200001 ], [ 77.003435479199993, 8.602741265300001 ], [ 77.003235952400004, 8.6028534072 ], [ 77.003212881, 8.6028872303 ], [ 77.003288574300001, 8.6030832757 ], [ 77.003289679399998, 8.603086138 ], [ 77.003289973600005, 8.6030868909 ], [ 77.003330243099995, 8.6030898746 ], [ 77.003373081, 8.6030932446 ], [ 77.003486719500003, 8.603106649900001 ], [ 77.003604355299998, 8.6031205268 ], [ 77.003606038900003, 8.603122241099999 ], [ 77.003721784199996, 8.6032400942 ], [ 77.003731948699993, 8.6032473495 ], [ 77.003813409800003, 8.603305495500001 ], [ 77.004080614399996, 8.603384869899999 ], [ 77.004586854899998, 8.6034844697 ], [ 77.004669123300005, 8.6035006555 ], [ 77.004927534100005, 8.603472502800001 ], [ 77.004929361600006, 8.603472136400001 ], [ 77.005464354099999, 8.6033648646 ], [ 77.005991233100005, 8.6030801489 ], [ 77.006673826300002, 8.6024261304 ], [ 77.006676549, 8.6024222936 ], [ 77.007263557100003, 8.6015950917 ], [ 77.007264303, 8.6015940406 ], [ 77.0072763756, 8.6015861814 ], [ 77.007707810799999, 8.6013053175 ], [ 77.007721422, 8.6012964566 ], [ 77.007722133100003, 8.6012961946 ], [ 77.007969808400006, 8.601204958 ], [ 77.007972375700007, 8.601203507099999 ], [ 77.0079730514, 8.6012031252 ], [ 77.007974496599999, 8.6012026839 ], [ 77.007983176099998, 8.6012000337 ], [ 77.007983895199999, 8.601199768800001 ], [ 77.007983949899995, 8.601199748699999 ], [ 77.007983990400007, 8.6011997338 ], [ 77.007984322599995, 8.6011996114 ], [ 77.007984485099996, 8.6011995603 ], [ 77.007984558900006, 8.6011995243 ], [ 77.007984580400006, 8.601199516399999 ], [ 77.007984580900001, 8.6011995191 ], [ 77.007984626199999, 8.6011994995 ], [ 77.008005504300002, 8.601191808599999 ], [ 77.008005894099995, 8.6011916712 ], [ 77.0080061452, 8.601191572599999 ], [ 77.008119295599997, 8.6011498911 ], [ 77.008129319800005, 8.6011461984 ], [ 77.008130294, 8.6011460488 ], [ 77.008189611899994, 8.6011369375 ], [ 77.008190028300007, 8.6011368735 ], [ 77.008802043200006, 8.600950000099999 ], [ 77.009401540599995, 8.600129173899999 ], [ 77.0095178256, 8.6000668206 ], [ 77.0095996286, 8.600022957 ], [ 77.009599628900006, 8.6000229568 ], [ 77.009605134699996, 8.6000197293 ], [ 77.009605595799997, 8.6000197573 ], [ 77.009660804199996, 8.5999901539 ], [ 77.0097298086, 8.600027288 ], [ 77.009730430499999, 8.600027325799999 ], [ 77.009855514199998, 8.6000939803 ], [ 77.009952706199996, 8.6001472385 ], [ 77.009952706199996, 8.6001472385 ], [ 77.009956890599994, 8.6001494903 ], [ 77.010405044899997, 8.600488179799999 ], [ 77.010589422799995, 8.6005879735 ], [ 77.010590099799998, 8.6005883399 ], [ 77.010590535199995, 8.6005871781 ], [ 77.010598971099995, 8.6005929834 ], [ 77.011433519899995, 8.600805577699999 ], [ 77.011608774099997, 8.600797461699999 ], [ 77.011635026600004, 8.6007962459 ], [ 77.011747533800005, 8.6007910357 ], [ 77.012148052599997, 8.600530297800001 ], [ 77.012456861399997, 8.600345902100001 ], [ 77.012656773499998, 8.6003850699 ], [ 77.012670433, 8.600387746099999 ], [ 77.012743605500006, 8.600416581899999 ], [ 77.012743605899999, 8.600416582099999 ], [ 77.012743606699999, 8.600416582399999 ], [ 77.012858995200006, 8.600462054699999 ], [ 77.012858995200006, 8.600462054699999 ], [ 77.012858995200006, 8.600462054699999 ], [ 77.012859929100003, 8.6004624227 ], [ 77.012966943600006, 8.600520921399999 ], [ 77.012966979699996, 8.600520941099999 ], [ 77.013093560100003, 8.600590135199999 ], [ 77.013199556100005, 8.600648077100001 ], [ 77.013351010899996, 8.600640692500001 ], [ 77.013351012800001, 8.600640692400001 ], [ 77.013351017900007, 8.600640692200001 ], [ 77.013523352, 8.6006322896 ], [ 77.013564523, 8.600626282 ], [ 77.013723318499999, 8.600512223899999 ], [ 77.013827181500005, 8.600437622099999 ], [ 77.013837529100002, 8.6004247894 ], [ 77.0138366467, 8.6004235933 ], [ 77.013840709, 8.6004208458 ], [ 77.0139563579, 8.6003426251 ], [ 77.014209093100007, 8.600060641900001 ], [ 77.014262765799998, 8.599561576499999 ], [ 77.014263876, 8.5995512531 ], [ 77.014298621, 8.5995062008 ], [ 77.014512488799994, 8.599228887 ], [ 77.0146774448, 8.5990859782 ], [ 77.014680222500004, 8.5990835717 ], [ 77.014828436900004, 8.598990195800001 ], [ 77.014828438899997, 8.598990194500001 ], [ 77.014828439, 8.598990194500001 ], [ 77.014865860499995, 8.5989666187 ], [ 77.015353941599997, 8.598718246100001 ], [ 77.015380996600001, 8.5987011246 ], [ 77.015440427900003, 8.5986833705 ], [ 77.015479756700003, 8.598671621599999 ], [ 77.016103104099997, 8.5982638623 ], [ 77.016659289499998, 8.5982372694 ], [ 77.0174629614, 8.598257241600001 ], [ 77.017495658499996, 8.598235263899999 ], [ 77.017497701099998, 8.598221806 ], [ 77.017499327400003, 8.5982213119 ], [ 77.017520311699997, 8.5980781185 ], [ 77.017514463799998, 8.598014598400001 ], [ 77.017513487299993, 8.5980149596 ], [ 77.017534947300007, 8.5979006757 ], [ 77.017475617200006, 8.597512950200001 ], [ 77.017340463400004, 8.5974699424 ], [ 77.017123662900005, 8.597367568199999 ], [ 77.016831306200004, 8.5974030663 ], [ 77.016723727799999, 8.5972447999 ], [ 77.016621260199997, 8.5970362207 ], [ 77.016558135500006, 8.596901603399999 ], [ 77.016451150699993, 8.596764606500001 ], [ 77.016399857699994, 8.596674112300001 ], [ 77.016320869400005, 8.596593542800001 ], [ 77.0162439793, 8.596481671699999 ], [ 77.016195972899993, 8.5963950035 ], [ 77.016102582100004, 8.596465458600001 ], [ 77.016023909799998, 8.5965060455 ], [ 77.015926398299996, 8.5965542405 ], [ 77.015802361300004, 8.596625466600001 ], [ 77.015623237300005, 8.596717851299999 ], [ 77.015492978300003, 8.596792155799999 ], [ 77.015340665400004, 8.596893011500001 ], [ 77.015243520400006, 8.5969391219 ], [ 77.015083027299994, 8.596989349599999 ], [ 77.015025781800006, 8.5970112727 ], [ 77.0150157896, 8.5970103922 ], [ 77.015012327199997, 8.597010087099999 ], [ 77.015012157900003, 8.5970100722 ], [ 77.014946119100003, 8.5970042531 ], [ 77.014601187699995, 8.5969738589 ], [ 77.014585117, 8.5969724428 ], [ 77.014469752099998, 8.596962277199999 ], [ 77.014467635700001, 8.5969620907 ], [ 77.014451784, 8.5969861822 ], [ 77.01443584, 8.5970104138 ], [ 77.014342571100002, 8.597152163600001 ], [ 77.014328297, 8.5972012623 ], [ 77.014326270599994, 8.5972082325 ], [ 77.014326261400001, 8.597208264 ], [ 77.014301351100002, 8.597249081199999 ], [ 77.014296567900004, 8.5972575696 ], [ 77.014259398500002, 8.5972608073 ], [ 77.014165478600006, 8.597287058699999 ], [ 77.014164687499999, 8.597286113099999 ], [ 77.014116940500003, 8.5972290363 ], [ 77.014116940199997, 8.5972290361 ], [ 77.01411331, 8.5972262249 ], [ 77.013991548500002, 8.5971319335 ], [ 77.013955784, 8.5971042377 ], [ 77.013389940500005, 8.5972134321 ], [ 77.013065275, 8.597108110200001 ], [ 77.013065133699996, 8.5971083593 ], [ 77.013061713699997, 8.597106954899999 ], [ 77.012986624700005, 8.597076120100001 ], [ 77.012755542099995, 8.597113136300001 ], [ 77.012626254300002, 8.5971338464 ], [ 77.012539064, 8.597147813 ], [ 77.012531052599996, 8.5971440396 ], [ 77.012221177100002, 8.596998087599999 ], [ 77.012067029799994, 8.596999347800001 ], [ 77.012010507400007, 8.5969998098 ], [ 77.011999747499999, 8.596994431700001 ], [ 77.011966710899998, 8.5969779191 ], [ 77.011866892900002, 8.596928027200001 ], [ 77.011568823499999, 8.5967790434 ], [ 77.011309181, 8.5967129239 ], [ 77.011251822199995, 8.5966983171 ], [ 77.011246849499997, 8.5966970508 ], [ 77.011246422, 8.596696941899999 ], [ 77.011217374599994, 8.5967053377 ], [ 77.011198978, 8.596710655 ], [ 77.011187732300002, 8.5967139054 ], [ 77.011057007800005, 8.596726952199999 ], [ 77.010989017100002, 8.596738799 ], [ 77.010933652099993, 8.5967392635 ], [ 77.010900440599997, 8.596742578100001 ], [ 77.010892266699997, 8.5967396107 ], [ 77.010887647399997, 8.5967396495 ], [ 77.010883158, 8.596739687099999 ], [ 77.010766372199996, 8.5966955521 ], [ 77.010759803, 8.596693069500001 ], [ 77.010678770699997, 8.596662332899999 ], [ 77.010666466100005, 8.5966582847 ], [ 77.010637643600006, 8.596648802200001 ], [ 77.010627007, 8.596643312699999 ], [ 77.010617521699999, 8.596638417399999 ], [ 77.010609413899999, 8.5966342331 ], [ 77.010599007400003, 8.596628862299999 ], [ 77.010579895099994, 8.5966189987 ], [ 77.010425060299994, 8.5967280171 ], [ 77.010374907499994, 8.5967633295 ], [ 77.010351041299998, 8.596780133499999 ], [ 77.010347966200001, 8.596782298700001 ], [ 77.010341185499996, 8.5967830447 ], [ 77.010322534300002, 8.5967850964 ], [ 77.010297067799996, 8.596787897900001 ], [ 77.010250991800007, 8.596792966600001 ], [ 77.010200663500001, 8.596798503 ], [ 77.0101366313, 8.596805546900001 ], [ 77.009927233100001, 8.5967754439 ], [ 77.009896501699998, 8.596771026 ], [ 77.009865975300002, 8.5967666375 ], [ 77.009864003, 8.596766354 ], [ 77.009862197499999, 8.5967660944 ], [ 77.009861727, 8.596766283 ], [ 77.009860221699995, 8.596766886499999 ], [ 77.009856866899995, 8.5967682315 ], [ 77.009845452799993, 8.596772807500001 ], [ 77.009579516599999, 8.596879423600001 ], [ 77.009469902500001, 8.596923368900001 ], [ 77.0094683457, 8.596923993 ], [ 77.00944198, 8.5969106083 ], [ 77.009439361299997, 8.5969092789 ], [ 77.0094315435, 8.5969053101 ], [ 77.009061842500003, 8.596717629700001 ], [ 77.008897560600005, 8.596634231 ], [ 77.008885734900005, 8.5966282276 ], [ 77.008883683199997, 8.596627186 ], [ 77.008823611099999, 8.596714759599999 ], [ 77.008661208500001, 8.5969515112 ], [ 77.008580342, 8.5971034677 ], [ 77.008463179200007, 8.5973236284 ], [ 77.008400346, 8.597477384699999 ], [ 77.008398565199997, 8.597481742499999 ], [ 77.008396057, 8.5974841743 ], [ 77.008383131, 8.597496707099999 ], [ 77.008378700799994, 8.5975064976 ], [ 77.008370481, 8.5975246625 ], [ 77.008366961600004, 8.59753244 ], [ 77.008366150399993, 8.597534232699999 ], [ 77.008362348600002, 8.5975377005 ], [ 77.008315988299998, 8.597579988 ], [ 77.008275361, 8.5976170462 ], [ 77.00826788, 8.59762387 ], [ 77.0081372147, 8.597743056300001 ], [ 77.008052945700001, 8.597819922 ], [ 77.008049294499997, 8.5978208112 ], [ 77.008048711499995, 8.597820953199999 ], [ 77.008043123899995, 8.5978263708 ], [ 77.008039233, 8.5978301434 ], [ 77.008038923900003, 8.597830443 ], [ 77.008001826699996, 8.5978356399 ], [ 77.007970235100004, 8.5978400654 ], [ 77.007917435300001, 8.5978529243 ], [ 77.007843870399995, 8.597870840300001 ], [ 77.007818110200006, 8.597877113899999 ], [ 77.007766099199998, 8.597889780699999 ], [ 77.007736207700006, 8.5979089028 ], [ 77.0077307002, 8.597912426100001 ], [ 77.0076995087, 8.5979397033 ], [ 77.007677207499995, 8.597959206 ], [ 77.007660807899995, 8.597973547700001 ], [ 77.007654143899998, 8.5979793754 ], [ 77.007652875299996, 8.597980484800001 ], [ 77.007659635799996, 8.5979863417 ], [ 77.007637682500004, 8.598121863499999 ], [ 77.007606950500005, 8.5982730732 ], [ 77.007567946500004, 8.5983072522 ], [ 77.007560771300007, 8.5983390916 ], [ 77.007499525100002, 8.598367209399999 ], [ 77.007452434699999, 8.598408474399999 ], [ 77.007251334299994, 8.5984938021 ], [ 77.007098148200001, 8.598497567600001 ], [ 77.007096449200006, 8.598497609300001 ], [ 77.007088680799995, 8.598499175800001 ], [ 77.007077088399996, 8.5985015133 ], [ 77.007075818199993, 8.5985017694 ], [ 77.007020144500004, 8.598489392899999 ], [ 77.006900638299996, 8.5984628262 ], [ 77.006896159099995, 8.5984618305 ], [ 77.006869146599996, 8.598468326600001 ], [ 77.006806743300004, 8.598483333700001 ], [ 77.006800881199993, 8.5984847434 ], [ 77.006765453599996, 8.5985098651 ], [ 77.006698589300001, 8.5985572787 ], [ 77.006608575300007, 8.5986211076 ], [ 77.006596164399994, 8.5986326176 ], [ 77.006484856200004, 8.5988340029 ], [ 77.006419913200006, 8.59893567 ], [ 77.006340011600003, 8.5990607546 ], [ 77.006322172300003, 8.599095622 ], [ 77.006315967700004, 8.599109220900001 ], [ 77.006251603699994, 8.5992502892 ], [ 77.006169044900005, 8.599404291900001 ], [ 77.006163408399999, 8.599414806 ], [ 77.006108837300005, 8.5995380727 ], [ 77.006088125199994, 8.599555237 ], [ 77.006084172399994, 8.5995626105 ], [ 77.006064754, 8.5995988329 ], [ 77.006060972599997, 8.599600452100001 ], [ 77.006004259400001, 8.599624737399999 ], [ 77.005918197200003, 8.599696058 ], [ 77.0056044496, 8.599822212399999 ], [ 77.005430727399997, 8.5998551362 ], [ 77.005355362700001, 8.599880991299999 ], [ 77.005347985599997, 8.599883522100001 ], [ 77.005346510600006, 8.5998842468 ], [ 77.005284281599998, 8.5999148206 ], [ 77.005215463100001, 8.599980199499999 ], [ 77.005208964100007, 8.600037264599999 ], [ 77.0051952707, 8.6001575011 ], [ 77.005193905, 8.600169492699999 ], [ 77.005191279900004, 8.600252116 ], [ 77.005192707500001, 8.600263484399999 ], [ 77.005245307, 8.600575127500001 ], [ 77.005237476100007, 8.6006172437 ], [ 77.005237269600002, 8.6006183545 ], [ 77.005246957599994, 8.600695505199999 ], [ 77.005231607900001, 8.600710086299999 ], [ 77.005217769, 8.6007232322 ], [ 77.005206806399997, 8.6007821914 ], [ 77.005101242500004, 8.6008964174 ], [ 77.005102228599995, 8.600911845300001 ], [ 77.005106242699995, 8.600974646899999 ], [ 77.005116089599994, 8.601008500600001 ], [ 77.005213312199999, 8.601076713599999 ], [ 77.005361472700002, 8.601039120299999 ], [ 77.005412224699995, 8.601017472400001 ], [ 77.005489200499994, 8.600984639 ], [ 77.0054921312, 8.600986835200001 ], [ 77.005502124399996, 8.6009943241 ], [ 77.005571165899994, 8.6010460632 ], [ 77.005665578199995, 8.601065952300001 ], [ 77.005793627100005, 8.6012370886 ], [ 77.005791413099999, 8.6013705464 ], [ 77.005791750100002, 8.601371662 ], [ 77.005800207700005, 8.6013996557 ], [ 77.005809468799995, 8.601430308799999 ], [ 77.005808564299997, 8.6014315365 ], [ 77.005766285500002, 8.601488917899999 ], [ 77.005699749599998, 8.6016023687 ], [ 77.0055310491, 8.601817434100001 ], [ 77.005519924400005, 8.601823464300001 ], [ 77.005519701899999, 8.6018235849 ], [ 77.0055174612, 8.601826626 ], [ 77.005476661200007, 8.6018820003 ], [ 77.005474453199994, 8.6018818301 ], [ 77.005425521700005, 8.6018780578 ], [ 77.005419994700006, 8.601877631700001 ], [ 77.005384302, 8.601896979 ], [ 77.005192161099998, 8.6018882013 ], [ 77.005133021899994, 8.6018346369 ], [ 77.005130702800002, 8.6018337778 ], [ 77.005130962699994, 8.6018327718 ], [ 77.005122017600002, 8.601824669899999 ], [ 77.005083767499997, 8.601793048699999 ], [ 77.005083767299993, 8.601793048599999 ], [ 77.004977226799994, 8.6017322761 ], [ 77.004801124500005, 8.601730287600001 ], [ 77.004763613600005, 8.6017555877 ], [ 77.004749561599994, 8.601765090600001 ], [ 77.004749499100001, 8.6017651076 ], [ 77.0046591025, 8.6018260777 ], [ 77.004551175900005, 8.6019473501 ], [ 77.004478841099996, 8.602009322600001 ], [ 77.004373005800005, 8.6021411339 ] ] ] ] } },
{ "type": "Feature", "properties": { "gml_parent": null, "gml_pare_1": "featureMembers", "gml_id": "Thiruvanathapuram_Editor.fid--715e5034_19246a0be1c_bbc", "geom": null, "District": "Thiruvanathapuram", "LSGD": "Nedumangad", "Ward_Name": "KACHERI", "Ward_No": 9, "Lsgd_Type": "Municipality", "Created_Da": "2024/10/18 08:22:02.446", "Surveyor": "Jeevan", "Mob_No": null, "Remarks": null, "_distLsgd": "Thiruvanathapuram_Nedumangad", "OBJECTID": 439, "_result": "Thiruvanathapuram_Nedumangad", "_ulid": "01JBBD70X170A88TT77VY8PM1H", "_distLsgd2": "Thiruvanathapuram_Nedumangad" }, "geometry": { "type": "MultiPolygon", "coordinates": [ [ [ [ 77.002864760899996, 8.607551986200001 ], [ 77.002864761799998, 8.6075519769 ], [ 77.002911359300001, 8.6070155296 ], [ 77.002916671799994, 8.6069543702 ], [ 77.002916751599997, 8.606942735200001 ], [ 77.002917274699996, 8.6068665524 ], [ 77.0028999086, 8.606333793099999 ], [ 77.002894109300001, 8.606155882099999 ], [ 77.002886673299997, 8.606071007 ], [ 77.002869094900007, 8.6058703673 ], [ 77.002867471599998, 8.605851839 ], [ 77.002876568700003, 8.605785145800001 ], [ 77.002916839899996, 8.605489909299999 ], [ 77.002916841699999, 8.6054898955 ], [ 77.003015735899993, 8.60476488 ], [ 77.003015737699997, 8.6047648669 ], [ 77.003035842700001, 8.604617472799999 ], [ 77.003056991899996, 8.604462423 ], [ 77.003056997100003, 8.6044623844 ], [ 77.003108178100007, 8.604087164599999 ], [ 77.003051742599993, 8.6037787955 ], [ 77.003009587700006, 8.6036930214 ], [ 77.002922909299997, 8.6035294546 ], [ 77.002768648100002, 8.6033561364 ], [ 77.002752460899998, 8.6033379494 ], [ 77.002396882799999, 8.6033109841 ], [ 77.002161338099995, 8.603263069600001 ], [ 77.002066944500001, 8.603243868 ], [ 77.001754784100001, 8.6032042357 ], [ 77.0017184875, 8.6032066419 ], [ 77.0016911325, 8.603208455400001 ], [ 77.001670235099994, 8.6032098408 ], [ 77.001475341499997, 8.6032405793 ], [ 77.001432139800002, 8.6032530984 ], [ 77.001156308700004, 8.6033330292 ], [ 77.001137947399997, 8.60333835 ], [ 77.000998207899997, 8.603370998100001 ], [ 77.000714623, 8.603437253599999 ], [ 77.000711327600001, 8.603438023500001 ], [ 77.000598538899993, 8.603438533 ], [ 77.000311463599999, 8.603439829899999 ], [ 77.000292413300002, 8.603439916 ], [ 77.000195089, 8.603453973800001 ], [ 77.000071514699997, 8.6034718232 ], [ 76.999825773599994, 8.603530683500001 ], [ 76.999738077399996, 8.6035516886 ], [ 76.9996838717, 8.6035660135 ], [ 76.999675024400005, 8.6035683515 ], [ 76.999667127400002, 8.6035710592 ], [ 76.999387493900002, 8.6036669369 ], [ 76.999385902100002, 8.603667482700001 ], [ 76.999245664699998, 8.60365203 ], [ 76.999233907399997, 8.6036507345 ], [ 76.999120440699997, 8.6036611011 ], [ 76.999120538200003, 8.603662549499999 ], [ 76.9987281354, 8.603782770800001 ], [ 76.998042609400002, 8.6040663916 ], [ 76.998332094700004, 8.604336229899999 ], [ 76.998387529499993, 8.6043881961 ], [ 76.998410040500005, 8.604408701100001 ], [ 76.998427269900006, 8.604424977100001 ], [ 76.998454334800002, 8.6044502141 ], [ 76.998454966599994, 8.6044508647 ], [ 76.998455395899995, 8.6044527301 ], [ 76.998474608400002, 8.604536229600001 ], [ 76.998480248299998, 8.6045607124 ], [ 76.998480367900001, 8.6045612323 ], [ 76.998490308599997, 8.604583208 ], [ 76.998490472100002, 8.604583569400001 ], [ 76.998491352299993, 8.604608959 ], [ 76.9985137014, 8.6047060645 ], [ 76.998515026899994, 8.604711824 ], [ 76.998518635400004, 8.604727502499999 ], [ 76.998518699800002, 8.604727782499999 ], [ 76.998518668700001, 8.6047289533 ], [ 76.998518266, 8.6047441058 ], [ 76.998518026400006, 8.6047531214 ], [ 76.9985148409, 8.6048729828 ], [ 76.998505334800001, 8.605230669799999 ], [ 76.998504878600002, 8.6052317365 ], [ 76.998493704, 8.605257872399999 ], [ 76.9984920415, 8.605261760599999 ], [ 76.998491469, 8.605290028700001 ], [ 76.998490887, 8.6052913073 ], [ 76.998468309399996, 8.6053409029 ], [ 76.998439403600003, 8.605404399699999 ], [ 76.998403234500003, 8.605483851400001 ], [ 76.998400520100006, 8.6054898141 ], [ 76.998392766099997, 8.605508069200001 ], [ 76.9983780739, 8.605542658899999 ], [ 76.998320214900005, 8.605680235199999 ], [ 76.998372392799993, 8.6057767264 ], [ 76.998418920500001, 8.6058566732 ], [ 76.998419410799997, 8.6058569925 ], [ 76.998514654800005, 8.6059190226 ], [ 76.998514658100007, 8.6059190246 ], [ 76.998620662700006, 8.6059880627 ], [ 76.998627049099994, 8.605992222 ], [ 76.998654675400005, 8.6059923125 ], [ 76.9987466826, 8.605981079 ], [ 76.998746684400004, 8.605981078799999 ], [ 76.998746934, 8.6059810483 ], [ 76.998872537099999, 8.6059657129 ], [ 76.998872700299998, 8.605965403200001 ], [ 76.998873046900002, 8.6059647457 ], [ 76.9988734123, 8.605964052199999 ], [ 76.998876120399999, 8.6059644318 ], [ 76.998879337, 8.6059648827 ], [ 76.998882230800007, 8.6059645294 ], [ 76.998918351, 8.605960119300001 ], [ 76.998930675300002, 8.605970233700001 ], [ 76.998944054500001, 8.6059812138 ], [ 76.998957296100002, 8.605992081 ], [ 76.998969940699993, 8.606002458300001 ], [ 76.999023833799995, 8.6060477722 ], [ 76.999058215, 8.6060749038 ], [ 76.9990785313, 8.606091577100001 ], [ 76.999090435799999, 8.606101346899999 ], [ 76.999110810900007, 8.606118068500001 ], [ 76.999116297399993, 8.6061225712 ], [ 76.999137934100006, 8.6061403281 ], [ 76.999186440700001, 8.606180136800001 ], [ 76.999187571600004, 8.6061827225 ], [ 76.999193597200005, 8.6062086349 ], [ 76.999209175100006, 8.606269429399999 ], [ 76.999243816700002, 8.6064054892 ], [ 76.999232845400002, 8.6064903511 ], [ 76.999220662200003, 8.606584613 ], [ 76.999176517899997, 8.6069261149 ], [ 76.9991561585, 8.607033494 ], [ 76.999154273399995, 8.6070434363 ], [ 76.999150785799998, 8.6070605567 ], [ 76.999142287400005, 8.6071081039 ], [ 76.999071023, 8.607506819699999 ], [ 76.999066664200001, 8.607531206199999 ], [ 76.999061084900006, 8.607562422100001 ], [ 76.999060119, 8.6075678258 ], [ 76.999051188, 8.607579444400001 ], [ 76.999042879599997, 8.6075902529 ], [ 76.999042193899996, 8.607593618599999 ], [ 76.999041998600006, 8.6075945775 ], [ 76.999032115199995, 8.6076430939 ], [ 76.999089698700004, 8.6076427098 ], [ 76.999090094400003, 8.607642612 ], [ 76.999254791, 8.607601901600001 ], [ 76.999332886199994, 8.607611196 ], [ 76.999463342400006, 8.607626722199999 ], [ 76.999475802700005, 8.607632837200001 ], [ 76.9994904717, 8.607640036199999 ], [ 76.999493818299996, 8.607640013799999 ], [ 76.999691425600005, 8.607735362 ], [ 76.999691506600001, 8.6077354347 ], [ 76.999699501199999, 8.6077426194 ], [ 76.999727893799999, 8.6077565533 ], [ 76.999793415, 8.6078270193 ], [ 76.999793979700002, 8.6078275268 ], [ 76.999801452400007, 8.607834242399999 ], [ 76.999822057, 8.6078527597 ], [ 76.999822334800001, 8.6078537046 ], [ 76.999824233799998, 8.6078601639 ], [ 76.999837962599997, 8.607874928699999 ], [ 76.999885922100006, 8.6080613727 ], [ 76.999903662299999, 8.608130338300001 ], [ 76.999929937100006, 8.6082197112 ], [ 76.999936808399994, 8.608243084 ], [ 76.999940549599998, 8.608263340100001 ], [ 76.999963304399998, 8.6083865443 ], [ 76.9999692727, 8.608413345400001 ], [ 76.999968457899996, 8.6084144479 ], [ 76.999970323100001, 8.6084245466 ], [ 76.999972254499994, 8.6084350045 ], [ 76.99997131, 8.6084358838 ], [ 76.999922460500002, 8.608481361200001 ], [ 76.999911374700005, 8.6084916817 ], [ 76.999898290900006, 8.6085093841 ], [ 76.999859917799995, 8.6085613031 ], [ 76.999859744700004, 8.608562833100001 ], [ 76.999828986500006, 8.608834682299999 ], [ 76.999886917300003, 8.6091024093 ], [ 76.99988696, 8.6091031357 ], [ 76.999888162, 8.609123561800001 ], [ 76.999903184499999, 8.6091928771 ], [ 76.999905548699999, 8.6092037855 ], [ 76.999899927800001, 8.6092443985 ], [ 76.999896661299999, 8.6092679999 ], [ 76.999896959500006, 8.6092730672 ], [ 76.999900138900003, 8.6093270971 ], [ 76.999889365599998, 8.609361781500001 ], [ 76.999879113700004, 8.609394787299999 ], [ 76.999864498700006, 8.609500386300001 ], [ 76.999855341900002, 8.6095665473 ], [ 76.999833299700001, 8.6098673018 ], [ 76.999830612899999, 8.6100137463 ], [ 76.999847373400002, 8.610219387200001 ], [ 76.999847474199996, 8.6102206243 ], [ 76.999799334, 8.6102908448 ], [ 76.999798156799997, 8.6102987225 ], [ 76.999691596199995, 8.6104479981 ], [ 76.999565509799993, 8.610631915800001 ], [ 76.9994810954, 8.610925850499999 ], [ 76.999456086099997, 8.6109753053 ], [ 76.999452932, 8.610981542199999 ], [ 76.999444612299996, 8.6110096554 ], [ 76.999430454199995, 8.611057496500001 ], [ 76.999396819099999, 8.611103547900001 ], [ 76.999378662599995, 8.611128406800001 ], [ 76.999312266499999, 8.6112597019 ], [ 76.999033331800007, 8.6112633308 ], [ 76.998865170900004, 8.6110759044 ], [ 76.998838611300002, 8.611046302 ], [ 76.998829599, 8.6110456993 ], [ 76.998813519500004, 8.611044624 ], [ 76.998518953300007, 8.611024924800001 ], [ 76.998500828100006, 8.6110254789 ], [ 76.998324451900004, 8.611030871200001 ], [ 76.998319003399999, 8.611032124 ], [ 76.998225017099998, 8.6110537349 ], [ 76.9982199791, 8.6110577172 ], [ 76.998050168299997, 8.6111919441 ], [ 76.998045725799997, 8.6112014527 ], [ 76.998031812400001, 8.6112312328 ], [ 76.9979545124, 8.611396685200001 ], [ 76.997923078900001, 8.6114639654 ], [ 76.997882883399996, 8.611549999399999 ], [ 76.997879295299995, 8.611557679500001 ], [ 76.997857065600002, 8.6116278149 ], [ 76.997848730300007, 8.6116541131 ], [ 76.997788631299997, 8.6118437276 ], [ 76.997784613099995, 8.611856405299999 ], [ 76.997750147299996, 8.611916387300001 ], [ 76.997624934800001, 8.612134299099999 ], [ 76.99751716, 8.6123218633 ], [ 76.997406809, 8.612513911200001 ], [ 76.997202603800005, 8.612869295799999 ], [ 76.997202565, 8.6128693635 ], [ 76.997169741799993, 8.612956625900001 ], [ 76.997149391600004, 8.6129642825 ], [ 76.9972300421, 8.6132581434 ], [ 76.997396537300006, 8.6134725398 ], [ 76.997719476300006, 8.613922846099999 ], [ 76.997878319700007, 8.614195220699999 ], [ 76.997879255599997, 8.614196825400001 ], [ 76.998110634400007, 8.6142023736 ], [ 76.998404061200006, 8.614209409500001 ], [ 76.99845416, 8.6142311667 ], [ 76.998484923700005, 8.6142445269 ], [ 76.9984887, 8.614246167 ], [ 76.998774913, 8.614389339500001 ], [ 76.998778240700005, 8.614393657 ], [ 76.998824897399999, 8.6144541925 ], [ 76.998892768600001, 8.6145422532 ], [ 76.998985929699998, 8.614586364599999 ], [ 76.999204090099994, 8.6146896625 ], [ 76.999283422299996, 8.6146269549 ], [ 76.999344581399995, 8.6145982415 ], [ 76.999347809300005, 8.614598411899999 ], [ 76.9997155314, 8.6146178296 ], [ 77.000775899499999, 8.614565032 ], [ 77.000917162299999, 8.6144691977 ], [ 77.000918426699997, 8.6144683399 ], [ 77.000947437899995, 8.614464484899999 ], [ 77.001051258499999, 8.6144483238 ], [ 77.001051422, 8.6144506674 ], [ 77.001056551700003, 8.6144499858 ], [ 77.001078839, 8.613942424599999 ], [ 77.001078966799994, 8.6139395156 ], [ 77.001531334299997, 8.6131827904 ], [ 77.001551817299998, 8.6131485261 ], [ 77.001562577, 8.613131724600001 ], [ 77.001580819099999, 8.613103239200001 ], [ 77.001598362600006, 8.613074005 ], [ 77.001447227400007, 8.613012980900001 ], [ 77.001353892500006, 8.6129760496 ], [ 77.001216409899996, 8.612823541 ], [ 77.001139066799993, 8.612731070100001 ], [ 77.001104534500001, 8.6127502953 ], [ 77.001018073799997, 8.6127984309 ], [ 77.001014107100005, 8.6127935983 ], [ 77.001013558599993, 8.6127940295 ], [ 77.000860896299997, 8.6126069463 ], [ 77.000858824299996, 8.612604422 ], [ 77.000777954100002, 8.6124917878 ], [ 77.000776963, 8.612490407499999 ], [ 77.000764642099995, 8.612473247200001 ], [ 77.000692707300004, 8.612134469600001 ], [ 77.000693928100006, 8.6121335392 ], [ 77.000702596899998, 8.612126932600001 ], [ 77.000702203800003, 8.6121250294 ], [ 77.000702111400003, 8.612124582 ], [ 77.000701286899996, 8.6121205899 ], [ 77.000701250299997, 8.612120413 ], [ 77.000718058100006, 8.6121071273 ], [ 77.000903911, 8.6119602203 ], [ 77.000942368699995, 8.6119298215 ], [ 77.000942849899999, 8.6119295832 ], [ 77.001010237, 8.611896203600001 ], [ 77.001264958099995, 8.611770029700001 ], [ 77.001370430500003, 8.611623186099999 ], [ 77.001374707699995, 8.6116172312 ], [ 77.001442135900007, 8.611508455 ], [ 77.001532593, 8.611362528300001 ], [ 77.001533624800004, 8.6113608638 ], [ 77.001548884, 8.611353468700001 ], [ 77.001572314499995, 8.611342113499999 ], [ 77.001575791700006, 8.6113372723 ], [ 77.001598329700002, 8.611305893800001 ], [ 77.001791859700006, 8.6112342408 ], [ 77.001803517, 8.6112299247 ], [ 77.001803895699993, 8.6112298627 ], [ 77.001803954400003, 8.611229853099999 ], [ 77.0021772411, 8.611168744 ], [ 77.002177244699993, 8.6111687434 ], [ 77.002224209399998, 8.6111589874 ], [ 77.002220050199995, 8.611132143900001 ], [ 77.0022125526, 8.611083755099999 ], [ 77.0022065884, 8.611045261899999 ], [ 77.002161048299996, 8.610751347900001 ], [ 77.002151769, 8.6107068918 ], [ 77.002140435100003, 8.610652591899999 ], [ 77.002082075100006, 8.6103729938 ], [ 77.002082034200001, 8.610372509499999 ], [ 77.002072000799998, 8.610253629800001 ], [ 77.002059687200003, 8.6101983996 ], [ 77.002026319500004, 8.610048735399999 ], [ 77.001982613699994, 8.6097330337 ], [ 77.001750531, 8.609206261700001 ], [ 77.002037366799996, 8.609000994400001 ], [ 77.002238483300005, 8.608857069900001 ], [ 77.002328783199999, 8.608733194899999 ], [ 77.002329052700006, 8.608732810499999 ], [ 77.002329082499998, 8.608732784400001 ], [ 77.002658397, 8.6082810244 ], [ 77.002808012200006, 8.607925981499999 ], [ 77.002813488399994, 8.6079064566 ], [ 77.002843159799994, 8.607800666599999 ], [ 77.002846178200002, 8.6077659175 ], [ 77.002864760899996, 8.607551986200001 ] ] ] ] } },
{ "type": "Feature", "properties": { "gml_parent": null, "gml_pare_1": "featureMembers", "gml_id": "Thiruvanathapuram_Editor.fid-f0aec0d_192a2341ec3_-1ce2", "geom": null, "District": "Thiruvanathapuram", "LSGD": "Nedumangad", "Ward_Name": "NETTA", "Ward_No": 7, "Lsgd_Type": "Municipality", "Created_Da": "2024/10/20 09:10:08.467", "Surveyor": "Jeevan", "Mob_No": null, "Remarks": null, "_distLsgd": "Thiruvanathapuram_Nedumangad", "OBJECTID": 439, "_result": "Thiruvanathapuram_Nedumangad", "_ulid": "01JBBD70X170A88TT77VY8PM1H", "_distLsgd2": "Thiruvanathapuram_Nedumangad" }, "geometry": { "type": "MultiPolygon", "coordinates": [ [ [ [ 76.999041998600006, 8.6075945775 ], [ 76.999051188, 8.607579444400001 ], [ 76.999061084900006, 8.607562422100001 ], [ 76.999068395099997, 8.607525941900001 ], [ 76.999071023, 8.607506819699999 ], [ 76.999142287400005, 8.6071081039 ], [ 76.999150785799998, 8.6070605567 ], [ 76.999154273399995, 8.6070434363 ], [ 76.9991561585, 8.607033494 ], [ 76.999176517899997, 8.6069261149 ], [ 76.999220662200003, 8.606584613 ], [ 76.999232845400002, 8.6064903511 ], [ 76.999243816700002, 8.6064054892 ], [ 76.999243816700002, 8.6064054892 ], [ 76.999209175100006, 8.606269429399999 ], [ 76.999186440700001, 8.606180136800001 ], [ 76.999186440700001, 8.606180136800001 ], [ 76.999137934100006, 8.6061403281 ], [ 76.999116297399993, 8.6061225712 ], [ 76.999110810900007, 8.606118068500001 ], [ 76.999090435799999, 8.606101346899999 ], [ 76.9990785313, 8.606091577100001 ], [ 76.999058215, 8.6060749038 ], [ 76.998969940699993, 8.606002458300001 ], [ 76.998957296100002, 8.605992081 ], [ 76.998944054500001, 8.6059812138 ], [ 76.998930675300002, 8.605970233700001 ], [ 76.998918351, 8.605960119300001 ], [ 76.998882230800007, 8.6059645294 ], [ 76.998879337, 8.6059648827 ], [ 76.998876120399999, 8.6059644318 ], [ 76.998873046900002, 8.6059647457 ], [ 76.998872700299998, 8.605965403200001 ], [ 76.998872537099999, 8.6059657129 ], [ 76.998746934, 8.6059810483 ], [ 76.998746684400004, 8.605981078799999 ], [ 76.998746683799993, 8.605981078899999 ], [ 76.9987466826, 8.605981079 ], [ 76.998654675400005, 8.6059923125 ], [ 76.998627049099994, 8.605992222 ], [ 76.998620662700006, 8.6059880627 ], [ 76.998514655, 8.6059190227 ], [ 76.998514654800005, 8.6059190226 ], [ 76.998419410799997, 8.6058569925 ], [ 76.998418920500001, 8.6058566732 ], [ 76.998418920500001, 8.6058566732 ], [ 76.998372392799993, 8.6057767264 ], [ 76.998320214900005, 8.605680235199999 ], [ 76.998320214900005, 8.605680235199999 ], [ 76.998320214900005, 8.605680235199999 ], [ 76.9983780739, 8.605542658899999 ], [ 76.998392766099997, 8.605508069200001 ], [ 76.998400520100006, 8.6054898141 ], [ 76.998403234500003, 8.605483851400001 ], [ 76.998439403600003, 8.605404399699999 ], [ 76.998468309399996, 8.6053409029 ], [ 76.998490887, 8.6052913073 ], [ 76.998493704, 8.605257872399999 ], [ 76.998504878600002, 8.6052317365 ], [ 76.9985148409, 8.6048729828 ], [ 76.9985148409, 8.6048729825 ], [ 76.998518914499996, 8.604723503400001 ], [ 76.998490910900003, 8.604604344 ], [ 76.998490308599997, 8.604583208 ], [ 76.998480836400006, 8.6045633375 ], [ 76.998454334800002, 8.6044502141 ], [ 76.998427269900006, 8.604424977100001 ], [ 76.998332094700004, 8.604336229899999 ], [ 76.998043142699998, 8.604066793099999 ], [ 76.998043017599997, 8.604066845 ], [ 76.998042812, 8.6040669302 ], [ 76.997956116099999, 8.6039862108 ], [ 76.997790363, 8.603884432299999 ], [ 76.997593676, 8.6037636592 ], [ 76.9975814517, 8.603758705700001 ], [ 76.997382674299999, 8.603733973 ], [ 76.997148520500005, 8.603704838700001 ], [ 76.997129649, 8.603703915700001 ], [ 76.997111239800006, 8.603703015300001 ], [ 76.997085648899997, 8.6036884255 ], [ 76.997082356099995, 8.6036858911 ], [ 76.997058788100006, 8.6036717684 ], [ 76.997024842100004, 8.6036537585 ], [ 76.997006502399998, 8.6036440284 ], [ 76.996876773500006, 8.6035752011 ], [ 76.996868788300006, 8.603570964499999 ], [ 76.996738994899999, 8.6033236892 ], [ 76.996674419, 8.603200662400001 ], [ 76.9966623806, 8.603164014100001 ], [ 76.996618823299997, 8.6030314123 ], [ 76.996494151299999, 8.6026521014 ], [ 76.996415140699995, 8.602561551300001 ], [ 76.996285680499994, 8.602413183199999 ], [ 76.996278452599995, 8.6023957829 ], [ 76.996269889800004, 8.6023751688 ], [ 76.996269513499996, 8.6023742629 ], [ 76.996268286800003, 8.602371309900001 ], [ 76.996257346500002, 8.6023576311 ], [ 76.996249946099994, 8.6023483784 ], [ 76.996249544500003, 8.6023481437 ], [ 76.996248230099994, 8.602347375600001 ], [ 76.996241401899994, 8.602338613900001 ], [ 76.996240327600006, 8.6023372353 ], [ 76.996227903100007, 8.6023067712 ], [ 76.996135598400002, 8.6020804462 ], [ 76.996050692200001, 8.601863379499999 ], [ 76.996050692200001, 8.601863379299999 ], [ 76.996050692200001, 8.601863379199999 ], [ 76.995962026100003, 8.601503353 ], [ 76.995961169400005, 8.6014979239 ], [ 76.995960056200005, 8.601490870099999 ], [ 76.995960134900002, 8.6014854889 ], [ 76.995958520399995, 8.601470237599999 ], [ 76.995956214100005, 8.6014614012 ], [ 76.995955211799995, 8.6014575609 ], [ 76.995954396499997, 8.601454437199999 ], [ 76.9959538305, 8.601452268899999 ], [ 76.995954627, 8.6014463268 ], [ 76.995955388, 8.601440649200001 ], [ 76.995998914, 8.60112889 ], [ 76.995918607299998, 8.601093214700001 ], [ 76.995813442100001, 8.601048411700001 ], [ 76.995511146300004, 8.6009196263 ], [ 76.995511021400006, 8.6009195725 ], [ 76.995411900299999, 8.600877344400001 ], [ 76.995318317900001, 8.600837475900001 ], [ 76.995199873299995, 8.6007870154 ], [ 76.9951993958, 8.600786812500001 ], [ 76.994949780100001, 8.6006804696 ], [ 76.994949549, 8.600680370699999 ], [ 76.994949485600003, 8.600680344100001 ], [ 76.994771108500004, 8.600604350499999 ], [ 76.994714590900003, 8.6005802724 ], [ 76.994714590399994, 8.6005802723 ], [ 76.994714589099999, 8.6005802719 ], [ 76.994265584299995, 8.6004659232 ], [ 76.994248579699999, 8.6004677951 ], [ 76.994246892600003, 8.6004611629 ], [ 76.9942379684, 8.600462519700001 ], [ 76.994239566, 8.600468787300001 ], [ 76.994239565900003, 8.600468787300001 ], [ 76.994118512200004, 8.6004821131 ], [ 76.994084352300007, 8.6004858734 ], [ 76.993750097800003, 8.600536994400001 ], [ 76.993744886399995, 8.600539275499999 ], [ 76.993601045399998, 8.6006257251 ], [ 76.993457977800006, 8.6007138508 ], [ 76.993344885200003, 8.6008155474 ], [ 76.993344885200003, 8.6008155474 ], [ 76.993344885200003, 8.6008155474 ], [ 76.993334302400001, 8.6008250638 ], [ 76.993282935, 8.6009919444 ], [ 76.993248789, 8.601102876500001 ], [ 76.993246223400007, 8.601111211399999 ], [ 76.993246223400007, 8.601111211399999 ], [ 76.993246223400007, 8.601111211499999 ], [ 76.993185544799999, 8.601308341699999 ], [ 76.993116770100002, 8.601353083399999 ], [ 76.993111901500001, 8.601356092 ], [ 76.993056203, 8.601401236199999 ], [ 76.993056202600002, 8.601401236499999 ], [ 76.993056202399998, 8.601401236699999 ], [ 76.993043554400003, 8.601411488 ], [ 76.992991438, 8.601453728899999 ], [ 76.992831624199994, 8.6015060089 ], [ 76.992830978499995, 8.6015132678 ], [ 76.992835192100003, 8.601543682899999 ], [ 76.992827936500007, 8.601547461499999 ], [ 76.992825152500004, 8.6015787542 ], [ 76.992822179, 8.6016121777 ], [ 76.992819770699995, 8.6016392491 ], [ 76.992815996199994, 8.6016816756 ], [ 76.992784834600002, 8.6016767846 ], [ 76.992771108900001, 8.6016746302 ], [ 76.992634846399994, 8.601653242899999 ], [ 76.992634310499994, 8.6016531588 ], [ 76.992634310400007, 8.6016531588 ], [ 76.992545739899995, 8.6016090254 ], [ 76.992340412499999, 8.6015140683 ], [ 76.992339740199995, 8.601513757299999 ], [ 76.992333721700007, 8.601532605399999 ], [ 76.992333721700007, 8.601532605399999 ], [ 76.992333721700007, 8.601532605399999 ], [ 76.992301685599998, 8.601632932499999 ], [ 76.992227444600005, 8.6018945461 ], [ 76.992225676900006, 8.601901395200001 ], [ 76.992224488, 8.601904964699999 ], [ 76.992216759399994, 8.6019321991 ], [ 76.992216759399994, 8.6019321991 ], [ 76.992119548399998, 8.602335633299999 ], [ 76.992086552800004, 8.6024725676 ], [ 76.9920792068, 8.6025030543 ], [ 76.9920792068, 8.6025030545 ], [ 76.992119996900001, 8.603040306400001 ], [ 76.992131232600002, 8.6031023274 ], [ 76.992146041799998, 8.6031840735 ], [ 76.992147535699999, 8.6031923196 ], [ 76.992160225600003, 8.603262367799999 ], [ 76.992162477899996, 8.6032716756 ], [ 76.992174210200005, 8.603339562 ], [ 76.992196032500004, 8.6034600204 ], [ 76.992195517, 8.6034605323 ], [ 76.992195175199996, 8.603460871699999 ], [ 76.992195175600003, 8.6034608742 ], [ 76.992195176600006, 8.6034608797 ], [ 76.992184238899995, 8.6034717395 ], [ 76.992184202499999, 8.6034717675 ], [ 76.992170874199999, 8.603485002399999 ], [ 76.992169959500004, 8.6034859107 ], [ 76.992166685200004, 8.603489162 ], [ 76.992108718699996, 8.603546722200001 ], [ 76.992108681700003, 8.603546759 ], [ 76.992097552100006, 8.6035578105 ], [ 76.992069823700007, 8.6035759548 ], [ 76.991984827, 8.6035798215 ], [ 76.991968179699995, 8.6035842654 ], [ 76.991946079900003, 8.603586072300001 ], [ 76.991921278099994, 8.6035902272 ], [ 76.991964911, 8.6039921481 ], [ 76.9919649112, 8.6039921496 ], [ 76.991968265699995, 8.6040178289 ], [ 76.992007334299998, 8.604316906699999 ], [ 76.992017910900003, 8.604397872 ], [ 76.992022697400003, 8.6044379562 ], [ 76.992039741300005, 8.604580688 ], [ 76.992039741300005, 8.604580688 ], [ 76.992039741300005, 8.604580688 ], [ 76.992040295699994, 8.604585330900001 ], [ 76.992003943699999, 8.6046038265 ], [ 76.991997322700001, 8.6046080402 ], [ 76.991964348300002, 8.6046290252 ], [ 76.991931508799993, 8.6046499244 ], [ 76.991813208600007, 8.6047252111 ], [ 76.991800815, 8.6047332009 ], [ 76.991920181500006, 8.604977762700001 ], [ 76.991989820800001, 8.6051204414 ], [ 76.992029260099997, 8.6052087004 ], [ 76.992035102, 8.6052287289 ], [ 76.992035102, 8.6052287289 ], [ 76.992064492, 8.605329489900001 ], [ 76.9921142715, 8.605492286300001 ], [ 76.992150605899994, 8.6056111122 ], [ 76.992147395900005, 8.605613718200001 ], [ 76.992148882099997, 8.6056188133 ], [ 76.992151709599995, 8.6056285072 ], [ 76.992152002699996, 8.6056295122 ], [ 76.992152305700003, 8.605630550900001 ], [ 76.992094786, 8.605675125599999 ], [ 76.992059298, 8.605702627 ], [ 76.991844684699998, 8.6058621489 ], [ 76.991834460600003, 8.6058697485 ], [ 76.991826439500002, 8.605875710599999 ], [ 76.991805624, 8.605891182700001 ], [ 76.991791708899996, 8.6059019582 ], [ 76.991905140900002, 8.606119121600001 ], [ 76.991981796900006, 8.6062596916 ], [ 76.992148507500005, 8.606558938299999 ], [ 76.992274405100005, 8.606784924899999 ], [ 76.992283135600005, 8.606800596099999 ], [ 76.9922835518, 8.606801343200001 ], [ 76.992322212199994, 8.606817896100001 ], [ 76.992323550600005, 8.6068184691 ], [ 76.992418394400005, 8.6068207799 ], [ 76.992583116700004, 8.6068257188 ], [ 76.992583116800006, 8.6068257188 ], [ 76.992591597800001, 8.6068259549 ], [ 76.992615657800002, 8.6068266248 ], [ 76.992639429899995, 8.606827707400001 ], [ 76.992642246299994, 8.606830988700001 ], [ 76.992647142699994, 8.6068366931 ], [ 76.992650884599996, 8.606842152700001 ], [ 76.992650884599996, 8.606842152700001 ], [ 76.992651904699997, 8.606842241 ], [ 76.992651904699997, 8.606842241 ], [ 76.992653038900002, 8.606843998 ], [ 76.992653065499994, 8.6068439475 ], [ 76.992653181099996, 8.606843728099999 ], [ 76.9927000088, 8.606898284 ], [ 76.9927000088, 8.606898284 ], [ 76.9927000088, 8.606898284 ], [ 76.992715715100005, 8.6069165824 ], [ 76.992737867900004, 8.6069423913 ], [ 76.992737915800006, 8.6069644769 ], [ 76.992737939700007, 8.606975519700001 ], [ 76.992737969900006, 8.606989499599999 ], [ 76.992738030500007, 8.607017469900001 ], [ 76.992738071600002, 8.6070364588 ], [ 76.9927450964, 8.6070938911 ], [ 76.9927450964, 8.6070938911 ], [ 76.9927450964, 8.6070938911 ], [ 76.9927493693, 8.6071288248 ], [ 76.992750547499995, 8.6071384576 ], [ 76.992750733799994, 8.6071399807 ], [ 76.992750944400001, 8.6071417026 ], [ 76.992752193100003, 8.607151911300001 ], [ 76.992753356099996, 8.607161419400001 ], [ 76.992751457, 8.6071771914 ], [ 76.992748462400002, 8.607202061500001 ], [ 76.992740062500005, 8.607257473 ], [ 76.992724570099995, 8.607359671699999 ], [ 76.992724966799997, 8.607361237199999 ], [ 76.992726086700003, 8.607365657100001 ], [ 76.9927302217, 8.607381976199999 ], [ 76.992733205799993, 8.6073937529 ], [ 76.992740885100005, 8.60742406 ], [ 76.992797674299993, 8.607648204 ], [ 76.992805190599995, 8.607646236100001 ], [ 76.992807539599994, 8.6076454379 ], [ 76.992811747900006, 8.6076439879 ], [ 76.992822982700005, 8.6076399148 ], [ 76.992823524599999, 8.607639731 ], [ 76.992823705700005, 8.607639667400001 ], [ 76.992827748799996, 8.607638296899999 ], [ 76.992828027300007, 8.607638201 ], [ 76.992829973100001, 8.6076375311 ], [ 76.992832331399995, 8.6076367179 ], [ 76.992840861700003, 8.607635279 ], [ 76.992912298099995, 8.6076250125 ], [ 76.993020244, 8.6076042931 ], [ 76.993020566699997, 8.607604183499999 ], [ 76.993027850800004, 8.6076016183 ], [ 76.993286616399999, 8.607510488699999 ], [ 76.993368340900005, 8.6074817078 ], [ 76.993375338199996, 8.6074783765 ], [ 76.993393071400007, 8.607469934 ], [ 76.993397212100007, 8.607467962699999 ], [ 76.993547104100003, 8.6073966017 ], [ 76.9936655825, 8.6073411887 ], [ 76.993665737800001, 8.607341116100001 ], [ 76.9936811213, 8.6073257771 ], [ 76.993696482, 8.6073109469 ], [ 76.993742509599997, 8.6072665088 ], [ 76.993821447299993, 8.607190297 ], [ 76.9938411989, 8.607186838500001 ], [ 76.993851955300002, 8.607184954899999 ], [ 76.993851955300002, 8.607184954899999 ], [ 76.993851955300002, 8.607184954899999 ], [ 76.993855783499995, 8.607184284600001 ], [ 76.993867436299993, 8.607182244200001 ], [ 76.994045731400007, 8.6071510237 ], [ 76.994093585100003, 8.6071474594 ], [ 76.994208794599999, 8.607138878 ], [ 76.994357389200005, 8.6071278099 ], [ 76.994452347099994, 8.607120736900001 ], [ 76.994452348500005, 8.607120736700001 ], [ 76.994452387400003, 8.6071207335 ], [ 76.994665626699998, 8.6071028844 ], [ 76.994882059399998, 8.6070797255 ], [ 76.994959644299996, 8.6070715203 ], [ 76.995171798599998, 8.607051759899999 ], [ 76.995183361900004, 8.607050682900001 ], [ 76.995198620099998, 8.6070492617 ], [ 76.995301811399997, 8.607039650200001 ], [ 76.995304053300003, 8.6070394414 ], [ 76.995307886099994, 8.6070390844 ], [ 76.995307886099994, 8.6070390844 ], [ 76.995569015499996, 8.607550891500001 ], [ 76.995580044600004, 8.607572508300001 ], [ 76.99558414, 8.6075805351 ], [ 76.995598350600005, 8.6075917382 ], [ 76.995621162600003, 8.607609722299999 ], [ 76.995632125699998, 8.6076183652 ], [ 76.995657772100003, 8.6076385838 ], [ 76.995678170399998, 8.607654665 ], [ 76.995741272499998, 8.6077044122 ], [ 76.995758475599999, 8.607712788200001 ], [ 76.995793508099993, 8.6077298451 ], [ 76.995817517199995, 8.607741534900001 ], [ 76.996006785500001, 8.607833687499999 ], [ 76.996048138500001, 8.607853821799999 ], [ 76.996133491799995, 8.6078953793 ], [ 76.996239072899996, 8.607946785499999 ], [ 76.99644059, 8.6080449019 ], [ 76.99644059, 8.6080449019 ], [ 76.996453474199996, 8.6080508764 ], [ 76.996456074700006, 8.6080520823 ], [ 76.996590616, 8.608151247 ], [ 76.996590647800005, 8.6081512703 ], [ 76.996590650300007, 8.608151272200001 ], [ 76.996741919300007, 8.608262766 ], [ 76.996882875699995, 8.6083666589 ], [ 76.996894457099998, 8.608375195100001 ], [ 76.996988942599998, 8.6084448362 ], [ 76.997085446699998, 8.608515965200001 ], [ 76.997087073299994, 8.6085171641 ], [ 76.997150034900002, 8.608563570299999 ], [ 76.997170317200002, 8.608580290800001 ], [ 76.9971733406, 8.608582783399999 ], [ 76.997174482600002, 8.608583724800001 ], [ 76.997174482600002, 8.608583724800001 ], [ 76.997174482600002, 8.608583724800001 ], [ 76.997191840400006, 8.6085980344 ], [ 76.997207265100002, 8.6086107503 ], [ 76.997213836399993, 8.608616167699999 ], [ 76.997298756899994, 8.608686175400001 ], [ 76.997493958299998, 8.6088470974 ], [ 76.9978242838, 8.6091468044 ], [ 76.9979545785, 8.609258865599999 ], [ 76.997954963799998, 8.6092591923 ], [ 76.998023228, 8.609319197 ], [ 76.998170091600002, 8.609446459799999 ], [ 76.998170498299999, 8.6094450702 ], [ 76.998170652100001, 8.609445387199999 ], [ 76.998200638, 8.6093889298 ], [ 76.998225167399994, 8.6092582674 ], [ 76.998227341900005, 8.609250837299999 ], [ 76.998227341900005, 8.609250837299999 ], [ 76.998247703800004, 8.6091438641 ], [ 76.998238111800006, 8.6091138319 ], [ 76.998202923600005, 8.609003658 ], [ 76.998161119900004, 8.6088727713 ], [ 76.998149557199994, 8.6088010008 ], [ 76.998149295399998, 8.6087993757 ], [ 76.998149295399998, 8.6087993757 ], [ 76.998148853100005, 8.608796630200001 ], [ 76.998148692599997, 8.6087956339 ], [ 76.998148524200005, 8.6087957607 ], [ 76.998148318199995, 8.6087959159 ], [ 76.9981481473, 8.6087953109 ], [ 76.998148094900003, 8.6087951254 ], [ 76.998148086300006, 8.6087950411 ], [ 76.998147210200003, 8.608786432700001 ], [ 76.998146453700002, 8.6087790001 ], [ 76.998145708500005, 8.6087771115 ], [ 76.998136203399994, 8.6087530232 ], [ 76.998123755699993, 8.608708951800001 ], [ 76.998123755699993, 8.608708951800001 ], [ 76.998123755699993, 8.608708951700001 ], [ 76.998118913200003, 8.6086842348 ], [ 76.998113599500002, 8.6086571122 ], [ 76.998113599500002, 8.6086571122 ], [ 76.9981200239, 8.608617686400001 ], [ 76.998118891100006, 8.608610655 ], [ 76.998117565100003, 8.608602424400001 ], [ 76.998117565100003, 8.608602424400001 ], [ 76.998127952299996, 8.6085819079 ], [ 76.998129286199998, 8.608563500700001 ], [ 76.9981296327, 8.608558718699999 ], [ 76.998133856500004, 8.608532797900001 ], [ 76.998140740899998, 8.608490549200001 ], [ 76.9981450959, 8.608470179499999 ], [ 76.998154055200004, 8.6084282739 ], [ 76.998249064299998, 8.608342689 ], [ 76.998249064299998, 8.608342688900001 ], [ 76.998249064399999, 8.608342688900001 ], [ 76.998282802, 8.6083122977 ], [ 76.998293554, 8.6083038211 ], [ 76.998294641300006, 8.6083019764 ], [ 76.998295072900007, 8.6083012439 ], [ 76.998297366800003, 8.608297351899999 ], [ 76.998297496700005, 8.608297131500001 ], [ 76.998298740099997, 8.6082950218 ], [ 76.998313561800003, 8.608269873599999 ], [ 76.998455128700002, 8.6081591811 ], [ 76.998482911300002, 8.6081374576 ], [ 76.998482911300002, 8.6081374576 ], [ 76.998491100199999, 8.608131054699999 ], [ 76.998553612400002, 8.6080821757 ], [ 76.998618628299994, 8.6080313391 ], [ 76.998651172099997, 8.6080058928 ], [ 76.998674266799995, 8.607987834799999 ], [ 76.9986987769, 8.6079686701 ], [ 76.998698780200002, 8.6079686675 ], [ 76.998698785200006, 8.607968663599999 ], [ 76.998744981399994, 8.6079325423 ], [ 76.998745404800005, 8.6079322112 ], [ 76.998745405, 8.6079322111 ], [ 76.998833140900004, 8.6078426639 ], [ 76.9989185238, 8.607755518399999 ], [ 76.998957298199997, 8.607715943600001 ], [ 76.998957303300003, 8.6077159349 ], [ 76.998996822300001, 8.607649180799999 ], [ 76.998996835499995, 8.607649158499999 ], [ 76.998997189099995, 8.6076493597 ], [ 76.999031259, 8.607643464600001 ], [ 76.999041998600006, 8.6075945775 ] ] ] ] } },
{ "type": "Feature", "properties": { "gml_parent": null, "gml_pare_1": "featureMembers", "gml_id": "Thiruvanathapuram_Editor.fid-f261c36_1929f979d78_-7ed5", "geom": null, "District": "Thiruvanathapuram", "LSGD": "Nedumangad", "Ward_Name": "PULIPPARA", "Ward_No": 14, "Lsgd_Type": "Municipality", "Created_Da": "2024/10/18 12:47:49.607", "Surveyor": "Jeevan", "Mob_No": null, "Remarks": null, "_distLsgd": "Thiruvanathapuram_Nedumangad", "OBJECTID": 439, "_result": "Thiruvanathapuram_Nedumangad", "_ulid": "01JBBD70X170A88TT77VY8PM1H", "_distLsgd2": "Thiruvanathapuram_Nedumangad" }, "geometry": { "type": "MultiPolygon", "coordinates": [ [ [ [ 77.014484931499993, 8.622142441199999 ], [ 77.014435132800003, 8.621932376 ], [ 77.014425852499997, 8.621893229 ], [ 77.014422560400007, 8.6218793421 ], [ 77.014420407800003, 8.6218702617 ], [ 77.0144198948, 8.6218680978 ], [ 77.014428439100001, 8.6218566972 ], [ 77.0144996999, 8.621761615700001 ], [ 77.014876037, 8.621259477300001 ], [ 77.015128149899994, 8.6207888685 ], [ 77.015150196700006, 8.6207477146 ], [ 77.015418994399994, 8.620237896200001 ], [ 77.015421516, 8.620233113599999 ], [ 77.015420775600006, 8.620232269900001 ], [ 77.015420775600006, 8.620232269900001 ], [ 77.015445705700003, 8.620225961699999 ], [ 77.015431739899995, 8.620213855399999 ], [ 77.015375453, 8.620165063 ], [ 77.015329966400003, 8.6201287835 ], [ 77.015318414600003, 8.6201156191 ], [ 77.014945057600002, 8.6197919731 ], [ 77.014933659799993, 8.619704412300001 ], [ 77.0150123337, 8.6193728607 ], [ 77.015038558499995, 8.619262342700001 ], [ 77.015032385699996, 8.619250776199999 ], [ 77.015014475300006, 8.619217215800001 ], [ 77.015009923700006, 8.6192152301 ], [ 77.015009923700006, 8.6192152301 ], [ 77.015009667300006, 8.6192082068 ], [ 77.015003713200002, 8.61919705 ], [ 77.014913228799998, 8.6191650297 ], [ 77.014868646099998, 8.619095939 ], [ 77.014806190900003, 8.618846421100001 ], [ 77.014729152300006, 8.6188130242 ], [ 77.014714955800002, 8.618807590099999 ], [ 77.014693363399999, 8.618798812 ], [ 77.014691920900006, 8.618800226799999 ], [ 77.014683976100002, 8.6187949958 ], [ 77.014648618199999, 8.618780621499999 ], [ 77.014595921400002, 8.618759198499999 ], [ 77.014573901700004, 8.618716192300001 ], [ 77.014572055900004, 8.618712587299999 ], [ 77.014571909400004, 8.618710526499999 ], [ 77.014558480100007, 8.618521644499999 ], [ 77.014557802300004, 8.618461401599999 ], [ 77.014557003, 8.6184567943 ], [ 77.014553880099996, 8.6182998557 ], [ 77.014528177700001, 8.618290631 ], [ 77.014515220500002, 8.6182859806 ], [ 77.014090598899998, 8.6181335823 ], [ 77.013974317600002, 8.618091848500001 ], [ 77.013797093299999, 8.6180256347 ], [ 77.013791576700001, 8.6180253757 ], [ 77.013589929099993, 8.6179495594 ], [ 77.0134686727, 8.6179072534 ], [ 77.013439451400004, 8.617918705499999 ], [ 77.013377333799994, 8.6179450828 ], [ 77.013326414299996, 8.617969173100001 ], [ 77.013326414299996, 8.617969173100001 ], [ 77.013307347199998, 8.618002648699999 ], [ 77.013305748899995, 8.6180025737 ], [ 77.013296611900003, 8.6180173413 ], [ 77.013256265, 8.618082552400001 ], [ 77.013257559300001, 8.618285911399999 ], [ 77.013246391600006, 8.618386343699999 ], [ 77.013239511400002, 8.618448219 ], [ 77.013227749500004, 8.6184721386 ], [ 77.0132280009, 8.6184741807 ], [ 77.013227053400001, 8.6184735544 ], [ 77.013215224600003, 8.6184976101 ], [ 77.013098759900004, 8.6185469797 ], [ 77.013076353200006, 8.6185604681 ], [ 77.013032821899998, 8.6185882047 ], [ 77.012952580199993, 8.618639331700001 ], [ 77.012916977, 8.6186620167 ], [ 77.012881965099993, 8.6186759079 ], [ 77.012797273700002, 8.6187095097 ], [ 77.012709303199998, 8.618712500799999 ], [ 77.012707430299997, 8.6187132203 ], [ 77.0126763504, 8.6187136212 ], [ 77.012670779199993, 8.618713810599999 ], [ 77.012605066299997, 8.618716044799999 ], [ 77.012529085500006, 8.6186533655 ], [ 77.012509279, 8.6186370263 ], [ 77.012398279699994, 8.618619088799999 ], [ 77.012367249799993, 8.618603677599999 ], [ 77.012325724700005, 8.6185830538 ], [ 77.012314612899999, 8.618582502100001 ], [ 77.012158225899995, 8.6186123954 ], [ 77.011919401300005, 8.6186311856 ], [ 77.0119172351, 8.618631709300001 ], [ 77.011895766199999, 8.618633045099999 ], [ 77.011895766199999, 8.618633045099999 ], [ 77.011894592199994, 8.618637183800001 ], [ 77.011893875400006, 8.618637357 ], [ 77.011893963, 8.618633187 ], [ 77.011889667899993, 8.6186335249 ], [ 77.011870783800006, 8.618589029800001 ], [ 77.011895703299999, 8.618375066600001 ], [ 77.011889922500004, 8.618258706400001 ], [ 77.011901388300004, 8.618185954099999 ], [ 77.011903665, 8.6181715081 ], [ 77.011903769200003, 8.6181665493 ], [ 77.011907414099994, 8.6181477201 ], [ 77.011912543799994, 8.618115171299999 ], [ 77.011891556799995, 8.6180825482 ], [ 77.011877262900001, 8.618060876 ], [ 77.011835698, 8.617960435500001 ], [ 77.011793501100001, 8.6179138031 ], [ 77.011763051299994, 8.617881459 ], [ 77.011757720299997, 8.617880657100001 ], [ 77.011756407899995, 8.617878620400001 ], [ 77.011750095300002, 8.617875982099999 ], [ 77.011742657799999, 8.6178728735 ], [ 77.0117362421, 8.617871211100001 ], [ 77.0117362421, 8.617871211100001 ], [ 77.011709143399997, 8.617858866100001 ], [ 77.011665611599994, 8.617840672 ], [ 77.011576426800005, 8.6178185646 ], [ 77.011547874399994, 8.6178214817 ], [ 77.011547556500005, 8.6178223178 ], [ 77.011545332099999, 8.6178217414 ], [ 77.011532865800007, 8.617823015100001 ], [ 77.011529959800001, 8.617824001400001 ], [ 77.011523832, 8.617823938100001 ], [ 77.0115009923, 8.6178262716 ], [ 77.011453220899995, 8.6178383184 ], [ 77.011384076300004, 8.6178564155 ], [ 77.011384076300004, 8.6178564155 ], [ 77.011352770499997, 8.617872077399999 ], [ 77.011279761200001, 8.6179088824 ], [ 77.011279805900003, 8.6179089471 ], [ 77.011277573699999, 8.617910437300001 ], [ 77.011273392199996, 8.617912093099999 ], [ 77.011262043800002, 8.6179178141 ], [ 77.011151138900004, 8.6179524381 ], [ 77.011084044900002, 8.6179507199 ], [ 77.011058445499998, 8.6179329673 ], [ 77.011056274500007, 8.6179314618 ], [ 77.011014648200003, 8.617902595 ], [ 77.011009432099996, 8.617898977799999 ], [ 77.011012411500005, 8.6178934882 ], [ 77.0110139027, 8.6178907406 ], [ 77.011015184200005, 8.6178883794 ], [ 77.011074625099994, 8.617778858399999 ], [ 77.010884742800002, 8.6176743324 ], [ 77.010591458500002, 8.6175836904 ], [ 77.010591395299997, 8.6175836709 ], [ 77.010464945, 8.617395225899999 ], [ 77.0104103866, 8.617316605599999 ], [ 77.010403555, 8.6173037382 ], [ 77.010288475799996, 8.6171322387 ], [ 77.010294134899993, 8.617115624 ], [ 77.0102949905, 8.617113112 ], [ 77.010295115600002, 8.617112967300001 ], [ 77.010299547900004, 8.617107839299999 ], [ 77.010298871800003, 8.6171065657 ], [ 77.010327037300002, 8.6170760354 ], [ 77.010394439199999, 8.6169980546 ], [ 77.010396263100006, 8.616995944499999 ], [ 77.010410821500002, 8.6169791012 ], [ 77.010506182399993, 8.6168955812 ], [ 77.010551614799994, 8.616855790100001 ], [ 77.010603113599998, 8.616814959299999 ], [ 77.010734963600001, 8.616710422400001 ], [ 77.010743685, 8.6167030556 ], [ 77.010743992299993, 8.6167032639 ], [ 77.010745450200005, 8.6167021081 ], [ 77.010905801700005, 8.6165931682 ], [ 77.010905801800007, 8.616593168 ], [ 77.011002486099997, 8.616475616500001 ], [ 77.011008210699998, 8.6164705621 ], [ 77.011009020499998, 8.6164695693 ], [ 77.011057870399995, 8.616409676 ], [ 77.011058811400005, 8.6164083414 ], [ 77.011063664900007, 8.6164025715 ], [ 77.011073349100002, 8.616390698 ], [ 77.011154001700007, 8.616292813599999 ], [ 77.011154002500007, 8.616292812599999 ], [ 77.0112154137, 8.6162174376 ], [ 77.011300987, 8.6161074191 ], [ 77.01135376, 8.6160395708 ], [ 77.011379816, 8.6160114415 ], [ 77.011379816, 8.6160114415 ], [ 77.011453000800003, 8.615932433599999 ], [ 77.011503859399994, 8.6158775282 ], [ 77.011507811900003, 8.615873261300001 ], [ 77.011545787599999, 8.615846142700001 ], [ 77.011545787900005, 8.615846142500001 ], [ 77.011657865199993, 8.615766107600001 ], [ 77.011728559, 8.6157156248 ], [ 77.011846810500003, 8.6156470788 ], [ 77.011846813, 8.6156470773 ], [ 77.011846813700004, 8.6156470769 ], [ 77.011937354, 8.615594594099999 ], [ 77.01199403, 8.615551502300001 ], [ 77.012013144099996, 8.615536065500001 ], [ 77.012064695800007, 8.615468591400001 ], [ 77.012069403599995, 8.615402079600001 ], [ 77.0120779935, 8.615157315199999 ], [ 77.012086340400003, 8.614868506700001 ], [ 77.012085963700002, 8.6148653489 ], [ 77.012083934900005, 8.614853370900001 ], [ 77.012080926799996, 8.6148356113 ], [ 77.012054554399995, 8.614679907899999 ], [ 77.012054136200007, 8.614677439 ], [ 77.012032982, 8.6145525444 ], [ 77.012016545099996, 8.6145276322 ], [ 77.0120165429, 8.614527623400001 ], [ 77.012016515599996, 8.6145275875 ], [ 77.011974783699998, 8.6144726908 ], [ 77.011871296500004, 8.614385432700001 ], [ 77.011844870399997, 8.614363150799999 ], [ 77.011698016599993, 8.614237109099999 ], [ 77.011667854300001, 8.6142112214 ], [ 77.011587099500005, 8.614131797500001 ], [ 77.011537349799994, 8.614050008 ], [ 77.011537286, 8.6140499452 ], [ 77.011537303200001, 8.6140499313 ], [ 77.011535925399997, 8.614047666199999 ], [ 77.011526548199996, 8.6140342742 ], [ 77.011489877200006, 8.6139983121 ], [ 77.011480227600003, 8.613990450199999 ], [ 77.0114655637, 8.6139794605 ], [ 77.011461932, 8.6139767387 ], [ 77.011441475300003, 8.6139614077 ], [ 77.011406416900002, 8.6139351335 ], [ 77.011296457499995, 8.613868266 ], [ 77.011285218699996, 8.613862896 ], [ 77.011201361399998, 8.613822828 ], [ 77.011147299300006, 8.6137989552 ], [ 77.011109686699996, 8.6137840929 ], [ 77.011053295699995, 8.613754649200001 ], [ 77.011052512899994, 8.6137542405 ], [ 77.011018716899997, 8.6137191924 ], [ 77.011018692899995, 8.6137188331 ], [ 77.011018604, 8.613718740099999 ], [ 77.011010426799999, 8.613681961599999 ], [ 77.011009511599994, 8.6136778458 ], [ 77.011009986100007, 8.613636941699999 ], [ 77.011012697300004, 8.613629097 ], [ 77.011012310400005, 8.613623306899999 ], [ 77.011029378, 8.6135808313 ], [ 77.011034733499997, 8.613565335200001 ], [ 77.011036658600005, 8.6135627124 ], [ 77.011036658600005, 8.6135627124 ], [ 77.011036658600005, 8.6135627124 ], [ 77.011055195300003, 8.6135374572 ], [ 77.011054277300005, 8.613537382900001 ], [ 77.010961610600006, 8.6135298866 ], [ 77.010957102899994, 8.6135295219 ], [ 77.010581622900006, 8.613511941 ], [ 77.010581629900003, 8.6135120909 ], [ 77.010580098700004, 8.6135118696 ], [ 77.010258737599997, 8.6134968223 ], [ 77.009940297900002, 8.6133586518 ], [ 77.009767919599994, 8.613283857 ], [ 77.009648494800004, 8.6132235421 ], [ 77.009575039799998, 8.6131864439 ], [ 77.009565109600004, 8.613186239899999 ], [ 77.009474217700003, 8.6131355241 ], [ 77.009474217700003, 8.613135524 ], [ 77.009425146500007, 8.613183364599999 ], [ 77.009423345800002, 8.6131833277 ], [ 77.009359176199993, 8.613251461600001 ], [ 77.009142776700003, 8.6133943758 ], [ 77.009034576700003, 8.613465832899999 ], [ 77.009025234800006, 8.6134704143 ], [ 77.008983778599998, 8.6134907449 ], [ 77.008978141100002, 8.6134962365 ], [ 77.008785514, 8.613587976 ], [ 77.008643016299999, 8.6136578583 ], [ 77.0080189193, 8.613981601700001 ], [ 77.007947572600003, 8.614018787099999 ], [ 77.007938072399995, 8.614035135 ], [ 77.007873550100001, 8.614146165299999 ], [ 77.007872958600004, 8.614147276600001 ], [ 77.007872913, 8.614147261599999 ], [ 77.007745418400006, 8.614366654499999 ], [ 77.007705895100003, 8.614434666299999 ], [ 77.007452047300006, 8.6145171123 ], [ 77.006373397700003, 8.6147167574 ], [ 77.0063732829, 8.614722219700001 ], [ 77.006372218600006, 8.614772869099999 ], [ 77.006384357900004, 8.614810816 ], [ 77.006389245799994, 8.6148260952 ], [ 77.006388488100001, 8.6150361758 ], [ 77.006386426399999, 8.615071647600001 ], [ 77.006366620199998, 8.6154124005 ], [ 77.006351709599997, 8.6157728381 ], [ 77.006350683400001, 8.615797645400001 ], [ 77.006345826300006, 8.6160287761 ], [ 77.006345520400004, 8.6160433343 ], [ 77.0063369481, 8.6164512577 ], [ 77.006333705100005, 8.6166055773 ], [ 77.006407601, 8.6168368003 ], [ 77.006495464500006, 8.617111727699999 ], [ 77.006503516699993, 8.6171323188 ], [ 77.006508636899994, 8.617145412199999 ], [ 77.0065759294, 8.617317493 ], [ 77.006683609199996, 8.6175928521 ], [ 77.006743334, 8.617703131200001 ], [ 77.006765206300003, 8.617743517299999 ], [ 77.006797880099995, 8.617803848099999 ], [ 77.0068791506, 8.617953910100001 ], [ 77.006880293400002, 8.617956020299999 ], [ 77.006907650299993, 8.618006533399999 ], [ 77.007284704400007, 8.618482645 ], [ 77.007392245299997, 8.6186184382 ], [ 77.007444599500005, 8.618684546300001 ], [ 77.007470247900002, 8.6187169328 ], [ 77.007732194200003, 8.619079255700001 ], [ 77.007939321699993, 8.6193657525 ], [ 77.007957499200003, 8.61941497 ], [ 77.008053502, 8.6196749059 ], [ 77.008055386500004, 8.6196848828 ], [ 77.008118520500005, 8.6200191359 ], [ 77.008208637699994, 8.6204962457 ], [ 77.008219252100005, 8.6205236189 ], [ 77.0082654104, 8.620642655699999 ], [ 77.008272378399994, 8.620660625099999 ], [ 77.008298581, 8.6207281985 ], [ 77.008324202899999, 8.6207667367 ], [ 77.008326461600006, 8.620770134100001 ], [ 77.008535068100002, 8.6210839014 ], [ 77.008553044199999, 8.621110939399999 ], [ 77.008574318599997, 8.6211429384 ], [ 77.008894568800002, 8.6214904131 ], [ 77.0090870099, 8.6217670829 ], [ 77.009204972800006, 8.622306416200001 ], [ 77.009300752900003, 8.622729210899999 ], [ 77.009323293799994, 8.6228287113 ], [ 77.009370872800005, 8.623025703 ], [ 77.009471401400006, 8.623164125900001 ], [ 77.009618925599995, 8.623289639599999 ], [ 77.009785237399996, 8.623431137600001 ], [ 77.009810136799999, 8.623452322 ], [ 77.010601788, 8.624337863099999 ], [ 77.011180543600005, 8.625099716399999 ], [ 77.011305488299996, 8.6253068185 ], [ 77.012739314200005, 8.6247567554 ], [ 77.013744690799996, 8.6244337297 ], [ 77.013972559899997, 8.6243603787 ], [ 77.014108929700001, 8.624317749799999 ], [ 77.014156253, 8.624243285 ], [ 77.014164111, 8.6242319703 ], [ 77.014189817399995, 8.62418778 ], [ 77.014185790100001, 8.6242033874 ], [ 77.014191598500005, 8.624187082100001 ], [ 77.014222984699998, 8.6240731579 ], [ 77.014192073100006, 8.6238639193 ], [ 77.014181082099995, 8.6238127629 ], [ 77.014178404899994, 8.623800302299999 ], [ 77.014178404899994, 8.623800302299999 ], [ 77.014171634299998, 8.6237518124 ], [ 77.014159116100004, 8.6236831505 ], [ 77.014093116300003, 8.623164583 ], [ 77.014085568499993, 8.623105278700001 ], [ 77.014101469799996, 8.623081900800001 ], [ 77.014174137500007, 8.6229750652 ], [ 77.014190613799997, 8.6229454097 ], [ 77.014216797800003, 8.6229123462 ], [ 77.014228227900006, 8.6228955417 ], [ 77.014540701100003, 8.622344850699999 ], [ 77.014540466699998, 8.6223440042 ], [ 77.014526212199996, 8.6222925374 ], [ 77.014486657199996, 8.6221497205 ], [ 77.014484931499993, 8.622142441199999 ] ] ] ] } }
]
}
